#pragma once
#include <cstdint>

namespace hitsound {
    constexpr std::uint64_t g_bell_wav_size = 151500;
    constexpr unsigned char g_bell_wav_data[] = {
        0x52, 0x49, 0x46, 0x46, 0xC4, 0x4F, 0x02, 0x00, 0x57, 0x41, 0x56, 0x45, 0x66, 0x6D, 0x74, 0x20,
        0x10, 0x00, 0x00, 0x00, 0x01, 0x00, 0x01, 0x00, 0x44, 0xAC, 0x00, 0x00, 0x88, 0x58, 0x01, 0x00,
        0x02, 0x00, 0x10, 0x00, 0x4C, 0x49, 0x53, 0x54, 0x1A, 0x00, 0x00, 0x00, 0x49, 0x4E, 0x46, 0x4F,
        0x49, 0x53, 0x46, 0x54, 0x0E, 0x00, 0x00, 0x00, 0x4C, 0x61, 0x76, 0x66, 0x36, 0x32, 0x2E, 0x31,
        0x32, 0x2E, 0x31, 0x30, 0x31, 0x00, 0x64, 0x61, 0x74, 0x61, 0x7E, 0x4F, 0x02, 0x00, 0x18, 0xFF,
        0x4D, 0xFE, 0x87, 0xFB, 0x3B, 0x03, 0xF6, 0x05, 0x5E, 0xFD, 0x10, 0xFD, 0x51, 0x05, 0xD5, 0x06,
        0x25, 0xFF, 0x0D, 0xFC, 0x7B, 0x00, 0xE6, 0xFF, 0xD3, 0x00, 0x8E, 0x05, 0xB3, 0x00, 0x36, 0xFC,
        0xA3, 0xFE, 0x7A, 0x02, 0x1D, 0x06, 0xC5, 0xFA, 0x0A, 0xF3, 0x6A, 0x05, 0x2B, 0x07, 0x46, 0xF8,
        0x55, 0x00, 0x72, 0x04, 0x5D, 0xFE, 0xA4, 0x03, 0x25, 0x01, 0x70, 0xFF, 0xFF, 0x06, 0x72, 0xFF,
        0x1D, 0xF5, 0x07, 0xF2, 0x22, 0xF3, 0x19, 0x04, 0x6E, 0x0F, 0x7D, 0x08, 0x13, 0x00, 0x1B, 0xF5,
        0x0C, 0xF7, 0x81, 0x07, 0xCE, 0x06, 0x8A, 0xFE, 0xB6, 0xFC, 0x96, 0xFD, 0xD2, 0x07, 0x32, 0x0A,
        0x61, 0x06, 0x39, 0x0D, 0x2A, 0x05, 0x05, 0xF9, 0xA7, 0xFE, 0xC4, 0xF7, 0x85, 0xF3, 0xF6, 0x07,
        0xC3, 0x10, 0x35, 0x0D, 0x5C, 0x0E, 0x3F, 0x05, 0xA6, 0xF1, 0x57, 0xE3, 0x1A, 0xE7, 0x33, 0xF9,
        0x15, 0x0E, 0xA2, 0x22, 0x27, 0x1C, 0x06, 0xF5, 0x5C, 0xDB, 0xCF, 0xDE, 0xA2, 0xF2, 0x61, 0xFE,
        0xB4, 0xEA, 0x48, 0xDE, 0x00, 0xE5, 0x37, 0xE4, 0xF1, 0x00, 0xBE, 0x28, 0x1C, 0x22, 0xE2, 0x15,
        0x9F, 0x0A, 0xA7, 0xED, 0x6D, 0xE9, 0xE6, 0xEB, 0xCB, 0xE6, 0x5B, 0xFB, 0xF9, 0x0A, 0x9E, 0x12,
        0xB7, 0x26, 0x8C, 0x25, 0x63, 0x1A, 0x58, 0x18, 0x76, 0x1D, 0x6E, 0x37, 0x9B, 0x32, 0xE1, 0x06,
        0x7A, 0xFE, 0x0D, 0x02, 0xD4, 0xF9, 0x09, 0x02, 0x13, 0x00, 0x04, 0xFA, 0xC7, 0xF4, 0x6E, 0xDF,
        0x72, 0xF5, 0x90, 0x1E, 0xD3, 0x12, 0x1F, 0x05, 0x1D, 0xEB, 0x42, 0xAD, 0x04, 0xAE, 0x03, 0xE3,
        0x17, 0xF7, 0xC8, 0xF0, 0x45, 0xD8, 0xA5, 0xC9, 0x7C, 0xE2, 0x06, 0xF1, 0xA4, 0xEC, 0xB0, 0xFB,
        0xF5, 0x0F, 0xB7, 0x13, 0x9F, 0x09, 0xB1, 0xFA, 0xB9, 0xED, 0x75, 0xED, 0x57, 0x01, 0x89, 0x0F,
        0x7C, 0x16, 0xC4, 0x28, 0x0D, 0x2B, 0x95, 0x29, 0x6B, 0x34, 0x82, 0x28, 0x77, 0x35, 0xBA, 0x5C,
        0xBC, 0x36, 0xB7, 0xF6, 0xBC, 0xEE, 0x5A, 0xF6, 0x03, 0x0F, 0x87, 0x23, 0x33, 0x09, 0x41, 0xF4,
        0x19, 0xF1, 0x03, 0xF8, 0xED, 0x15, 0x34, 0x0F, 0x02, 0xEB, 0x60, 0xE1, 0x3E, 0xD2, 0x7F, 0xC7,
        0x7B, 0xD5, 0xA4, 0xD8, 0xE8, 0xD7, 0x84, 0xCD, 0x84, 0xBE, 0xD0, 0xCC, 0x2D, 0xCF, 0xD5, 0xCF,
        0x10, 0xF2, 0xE2, 0xF5, 0x05, 0xF3, 0x44, 0x0E, 0xC6, 0x05, 0xC9, 0xFD, 0xE9, 0x0B, 0x93, 0xF5,
        0x1F, 0xF9, 0x7B, 0x20, 0x54, 0x1C, 0xFF, 0x13, 0x47, 0x18, 0x9D, 0x10, 0x7A, 0x2F, 0xCC, 0x62,
        0x52, 0x69, 0xB4, 0x4B, 0xD5, 0x22, 0x58, 0x11, 0xAA, 0x27, 0x3C, 0x2E, 0x23, 0x0C, 0xB6, 0xF8,
        0x5B, 0x04, 0xDC, 0xFD, 0x89, 0xF4, 0xCF, 0x0F, 0x40, 0x13, 0x64, 0xF3, 0x4B, 0xED, 0x2F, 0xDC,
        0x56, 0xBE, 0xA7, 0xCC, 0x0E, 0xD6, 0x08, 0xCF, 0xBE, 0xD6, 0x59, 0xC5, 0xBA, 0xBE, 0x51, 0xDA,
        0xAC, 0xCE, 0xC1, 0xBD, 0x73, 0xD3, 0x25, 0xE6, 0xA6, 0xFC, 0x48, 0x05, 0x1A, 0xEC, 0x88, 0xEB,
        0x21, 0x00, 0x01, 0x0E, 0x38, 0x21, 0x38, 0x1C, 0xE8, 0x00, 0x4E, 0xFB, 0xA5, 0x11, 0xB8, 0x37,
        0x19, 0x4A, 0xC9, 0x46, 0x3A, 0x4C, 0x90, 0x3A, 0xE7, 0x24, 0xB9, 0x3F, 0x91, 0x49, 0xDC, 0x2A,
        0xF6, 0x15, 0x70, 0xFD, 0x30, 0xF2, 0xF4, 0x06, 0x75, 0x0B, 0x78, 0x0A, 0x08, 0x12, 0xE6, 0xFE,
        0x7D, 0xEA, 0xA3, 0xE8, 0x81, 0xDC, 0xF8, 0xCF, 0x64, 0xCD, 0x63, 0xC6, 0x70, 0xC4, 0x87, 0xC9,
        0x43, 0xC0, 0xA6, 0xB3, 0xEF, 0xBD, 0xDA, 0xCD, 0x47, 0xDE, 0x86, 0xFD, 0x97, 0xF7, 0x94, 0xC8,
        0x1A, 0xCE, 0x6A, 0xFB, 0x45, 0x0F, 0x98, 0x1B, 0x6D, 0x13, 0x32, 0xF5, 0xB6, 0xF7, 0xDE, 0x08,
        0xD9, 0x19, 0x34, 0x3D, 0xFA, 0x43, 0x64, 0x2E, 0x77, 0x30, 0x5F, 0x3E, 0x9C, 0x4F, 0x80, 0x5A,
        0x60, 0x41, 0x26, 0x25, 0x3F, 0x1C, 0x04, 0x0F, 0x1B, 0x0E, 0x70, 0x1D, 0x57, 0x18, 0xC4, 0xFF,
        0x7E, 0xF2, 0x38, 0xF8, 0x87, 0xF7, 0xFB, 0xE6, 0xFB, 0xE1, 0x2B, 0xE5, 0x93, 0xDE, 0xF0, 0xDD,
        0x97, 0xD8, 0x83, 0xBD, 0x05, 0xAC, 0x28, 0xAF, 0xD0, 0xBB, 0x3B, 0xD9, 0x4E, 0xEA, 0xE8, 0xCE,
        0xD7, 0xB2, 0xF7, 0xBF, 0x57, 0xE1, 0x7D, 0xFE, 0x77, 0x0A, 0xB8, 0xFF, 0xD4, 0xF4, 0xFC, 0xF7,
        0x6A, 0x06, 0xD4, 0x23, 0x89, 0x30, 0x0A, 0x18, 0xFB, 0x12, 0xD4, 0x2B, 0x06, 0x32, 0xF5, 0x3B,
        0x6C, 0x54, 0xF4, 0x4D, 0x74, 0x3B, 0xED, 0x35, 0x08, 0x2C, 0x05, 0x32, 0xEB, 0x3B, 0x88, 0x1B,
        0x8A, 0xFC, 0xD6, 0x07, 0xA0, 0x10, 0x99, 0x03, 0x14, 0xF5, 0x57, 0xEE, 0x02, 0xF4, 0xFB, 0xF7,
        0xDB, 0xED, 0xA2, 0xDF, 0x74, 0xC7, 0x8A, 0xA9, 0x49, 0xAA, 0x5C, 0xC6, 0xA0, 0xD3, 0x72, 0xCB,
        0x37, 0xC1, 0x67, 0xBA, 0x0E, 0xBF, 0x27, 0xD9, 0x1F, 0xF0, 0xBB, 0xE9, 0x13, 0xDE, 0x59, 0xE1,
        0xE8, 0xE6, 0x9A, 0xF6, 0x19, 0x0D, 0x8C, 0x0B, 0xF1, 0x06, 0xDE, 0x19, 0x92, 0x24, 0x63, 0x26,
        0x75, 0x36, 0x30, 0x3A, 0x8C, 0x2D, 0x5A, 0x30, 0x13, 0x3E, 0x3A, 0x4D, 0xA0, 0x57, 0x6A, 0x48,
        0xFB, 0x31, 0x1D, 0x2B, 0x90, 0x1F, 0x8C, 0x13, 0x64, 0x0C, 0xBD, 0xF0, 0x82, 0xE1, 0x9D, 0xFF,
        0x26, 0x15, 0x46, 0x0E, 0x79, 0x04, 0x3E, 0xE5, 0x15, 0xC3, 0x53, 0xCA, 0x66, 0xD4, 0x36, 0xC5,
        0x74, 0xBB, 0xF7, 0xB2, 0x1C, 0xAA, 0xCE, 0xB7, 0xC0, 0xC7, 0xBC, 0xCD, 0xE8, 0xDB, 0x77, 0xE1,
        0xB5, 0xD7, 0x6F, 0xD8, 0x66, 0xDE, 0x75, 0xE1, 0x59, 0xEB, 0x9D, 0xF4, 0xA6, 0x05, 0x48, 0x27,
        0x29, 0x31, 0x0B, 0x1C, 0x32, 0x16, 0xA9, 0x1D, 0x0E, 0x22, 0xE1, 0x39, 0xE2, 0x52, 0xAA, 0x47,
        0xDD, 0x34, 0x65, 0x38, 0xCC, 0x43, 0x5A, 0x4D, 0x7D, 0x46, 0x04, 0x23, 0x43, 0x03, 0x67, 0xFE,
        0x5F, 0x04, 0x7D, 0x10, 0x96, 0x19, 0x84, 0x0A, 0x11, 0xF5, 0x4F, 0xEF, 0xC6, 0xEC, 0x9A, 0xE8,
        0xD1, 0xDF, 0xC1, 0xC8, 0xDC, 0xB5, 0x12, 0xAF, 0x47, 0xA5, 0xCD, 0xAC, 0xA5, 0xCA, 0xA6, 0xD2,
        0x30, 0xCB, 0x20, 0xD7, 0x3D, 0xDC, 0x98, 0xCB, 0x64, 0xC3, 0x34, 0xC8, 0x10, 0xDA, 0x96, 0xFD,
        0x8E, 0x12, 0xBB, 0x0C, 0xAF, 0x05, 0x0D, 0xFF, 0xE8, 0x01, 0xB8, 0x21, 0xB5, 0x3C, 0xC5, 0x37,
        0x85, 0x2C, 0xA5, 0x27, 0x38, 0x30, 0x20, 0x4F, 0xE0, 0x60, 0xA1, 0x52, 0xD9, 0x3F, 0x09, 0x28,
        0x0A, 0x11, 0xB8, 0x1A, 0x32, 0x28, 0x1F, 0x18, 0xEE, 0x0C, 0x6F, 0x0D, 0x1D, 0x04, 0x6A, 0x03,
        0x7F, 0x07, 0xC2, 0xF8, 0x71, 0xE8, 0xA2, 0xD7, 0x23, 0xBC, 0xA0, 0xB4, 0x0A, 0xBF, 0xB6, 0xBA,
        0x7B, 0xB9, 0x58, 0xC6, 0x5F, 0xCB, 0x41, 0xCE, 0x93, 0xCC, 0x85, 0xBA, 0x9B, 0xB8, 0x01, 0xD0,
        0x3F, 0xDF, 0xF5, 0xE8, 0x34, 0xF0, 0x4F, 0xE5, 0xA0, 0xE6, 0x4E, 0x05, 0xE2, 0x18, 0xB0, 0x19,
        0x5A, 0x1A, 0xEF, 0x14, 0xA0, 0x17, 0xD3, 0x2E, 0x9B, 0x3F, 0x5E, 0x48, 0xF0, 0x53, 0x92, 0x4A,
        0xD2, 0x34, 0x7F, 0x35, 0x55, 0x3C, 0x81, 0x34, 0x3D, 0x28, 0xED, 0x16, 0x2C, 0x0A, 0x40, 0x13,
        0x1C, 0x1C, 0xB7, 0x16, 0xBF, 0x13, 0x9C, 0x09, 0x4C, 0xF1, 0xD0, 0xE2, 0xBB, 0xDA, 0x21, 0xCB,
        0x3A, 0xC4, 0x21, 0xC5, 0xA1, 0xC0, 0x80, 0xC2, 0xAC, 0xC6, 0x1E, 0xBE, 0xAB, 0xB8, 0x57, 0xBC,
        0xAC, 0xBE, 0x1B, 0xCB, 0x24, 0xDB, 0xCD, 0xD5, 0xD9, 0xCE, 0x03, 0xDE, 0xC0, 0xF0, 0xC7, 0xFC,
        0x96, 0x03, 0x01, 0x00, 0x57, 0x03, 0x0B, 0x15, 0x1B, 0x1C, 0xD7, 0x1D, 0xE6, 0x2B, 0xCA, 0x33,
        0x7B, 0x34, 0xA6, 0x3E, 0x18, 0x45, 0xEC, 0x44, 0x2A, 0x47, 0x0D, 0x3C, 0x63, 0x28, 0x60, 0x23,
        0xA3, 0x23, 0x0C, 0x22, 0xA7, 0x23, 0x2C, 0x1A, 0x7F, 0x0A, 0x50, 0x0B, 0x3A, 0x0E, 0x0C, 0x00,
        0xE7, 0xEC, 0xD7, 0xDD, 0x13, 0xD4, 0xA3, 0xD2, 0xB2, 0xCE, 0xD6, 0xC2, 0xC0, 0xBC, 0x24, 0xBC,
        0xB1, 0xB9, 0x7A, 0xBF, 0xC0, 0xCA, 0x01, 0xCC, 0xD8, 0xC9, 0x03, 0xCB, 0x19, 0xCB, 0x67, 0xD2,
        0xC4, 0xDF, 0x63, 0xE5, 0x3D, 0xEB, 0x61, 0xF7, 0xC8, 0xFD, 0x5D, 0x02, 0x20, 0x0D, 0x9D, 0x14,
        0xC6, 0x18, 0x77, 0x23, 0x00, 0x2F, 0x89, 0x33, 0x91, 0x36, 0xDE, 0x39, 0x8B, 0x3A, 0x94, 0x3D,
        0x46, 0x41, 0x15, 0x3E, 0x91, 0x37, 0x81, 0x2B, 0x4A, 0x19, 0x05, 0x15, 0x86, 0x1D, 0xC1, 0x1B,
        0x86, 0x11, 0x5F, 0x04, 0x65, 0xF6, 0x14, 0xF7, 0xE3, 0xFB, 0xB5, 0xEF, 0x8F, 0xDF, 0xE5, 0xD0,
        0xD7, 0xBD, 0x24, 0xB7, 0xE5, 0xBD, 0x17, 0xC1, 0x40, 0xC5, 0xD8, 0xCB, 0x2E, 0xC9, 0xED, 0xC3,
        0x91, 0xC7, 0xB3, 0xCE, 0x6F, 0xD4, 0x7F, 0xD9, 0xA9, 0xDA, 0xFB, 0xDC, 0xF7, 0xE9, 0xA5, 0xF8,
        0x95, 0x00, 0x5B, 0x09, 0xC1, 0x12, 0xA4, 0x1A, 0x81, 0x22, 0x3A, 0x21, 0x41, 0x1E, 0xB7, 0x2B,
        0xC5, 0x3B, 0xBC, 0x40, 0x8A, 0x41, 0x73, 0x39, 0xBB, 0x2B, 0x21, 0x2B, 0x7A, 0x32, 0xC3, 0x31,
        0x70, 0x29, 0xAF, 0x1C, 0xA5, 0x0D, 0xAE, 0x05, 0x3E, 0x09, 0x8A, 0x0E, 0x87, 0x0E, 0x8D, 0x07,
        0x5A, 0xF1, 0x74, 0xD5, 0x3C, 0xCB, 0x87, 0xCB, 0x2F, 0xC9, 0x9C, 0xC8, 0xA6, 0xC3, 0xEC, 0xBD,
        0x26, 0xC4, 0x14, 0xC9, 0x33, 0xCA, 0xF6, 0xD0, 0x7A, 0xD0, 0x82, 0xCE, 0xB5, 0xD8, 0x0C, 0xDD,
        0x00, 0xDD, 0x17, 0xE9, 0x12, 0xF3, 0xD0, 0xF7, 0x4A, 0x03, 0xA1, 0x09, 0x2A, 0x08, 0xA9, 0x0F,
        0xB3, 0x1C, 0xD9, 0x25, 0x09, 0x30, 0x7D, 0x36, 0xE5, 0x31, 0x68, 0x2F, 0xD3, 0x35, 0x67, 0x3B,
        0x27, 0x3D, 0x4B, 0x35, 0x5A, 0x22, 0xD3, 0x17, 0xDD, 0x17, 0x32, 0x17, 0xAE, 0x1D, 0xB0, 0x22,
        0x51, 0x15, 0x85, 0x03, 0x80, 0xF4, 0xA1, 0xE5, 0x70, 0xE2, 0xF7, 0xE2, 0x26, 0xD9, 0x3E, 0xD0,
        0x39, 0xCC, 0x6C, 0xC7, 0x7C, 0xC6, 0x33, 0xC8, 0x6D, 0xC6, 0x1D, 0xC6, 0x8D, 0xCE, 0x7A, 0xD8,
        0xC2, 0xD7, 0xC3, 0xD2, 0x20, 0xD4, 0x72, 0xDA, 0xA2, 0xE5, 0xE6, 0xEF, 0xCD, 0xF2, 0x5A, 0xF8,
        0xBD, 0x00, 0xEC, 0x05, 0x1B, 0x10, 0x45, 0x1A, 0xA1, 0x1E, 0x53, 0x27, 0x1C, 0x2D, 0x2F, 0x2D,
        0x4A, 0x36, 0xDD, 0x3C, 0xEB, 0x35, 0xBB, 0x2F, 0x88, 0x28, 0x22, 0x1D, 0x86, 0x1D, 0xF4, 0x26,
        0x14, 0x28, 0xFE, 0x1F, 0x33, 0x14, 0xE3, 0x08, 0x42, 0x04, 0x06, 0x02, 0xCB, 0xF9, 0x00, 0xF2,
        0xC0, 0xEC, 0x73, 0xE0, 0x92, 0xD3, 0x6D, 0xCC, 0x1D, 0xC3, 0x2C, 0xC0, 0x9E, 0xC9, 0x62, 0xD1,
        0xED, 0xD5, 0x04, 0xD5, 0xE7, 0xCA, 0x49, 0xCC, 0xC7, 0xD8, 0xDE, 0xDA, 0x7B, 0xDD, 0xD4, 0xE6,
        0x0B, 0xE8, 0x46, 0xE7, 0xE3, 0xEC, 0x39, 0xF7, 0xAC, 0x08, 0xC7, 0x17, 0xA5, 0x1A, 0x10, 0x18,
        0x9C, 0x17, 0x33, 0x1E, 0xA8, 0x2A, 0x62, 0x32, 0x91, 0x30, 0x96, 0x2A, 0x1D, 0x2A, 0x05, 0x31,
        0x60, 0x34, 0x23, 0x2F, 0xCF, 0x24, 0x2B, 0x1A, 0xDE, 0x14, 0xA2, 0x0E, 0x3A, 0x05, 0x0B, 0x08,
        0x58, 0x11, 0x4F, 0x0D, 0x2C, 0x00, 0xA1, 0xF0, 0xFB, 0xDE, 0x31, 0xD3, 0xB7, 0xCD, 0x1E, 0xCB,
        0x49, 0xCE, 0x7A, 0xD2, 0xD8, 0xD1, 0x19, 0xD1, 0x19, 0xD3, 0x70, 0xD5, 0x78, 0xDA, 0xFB, 0xE1,
        0xE0, 0xDF, 0x96, 0xD2, 0x75, 0xCB, 0x4B, 0xD2, 0x9E, 0xE3, 0x52, 0xF8, 0x9B, 0x02, 0x17, 0x05,
        0x78, 0x09, 0x6B, 0x09, 0x4F, 0x0D, 0xFC, 0x1C, 0x32, 0x23, 0x60, 0x1F, 0x6B, 0x21, 0xBA, 0x23,
        0x27, 0x29, 0x86, 0x34, 0x44, 0x37, 0xE7, 0x33, 0x96, 0x2E, 0xE7, 0x1F, 0xF1, 0x11, 0x6D, 0x0D,
        0x01, 0x0E, 0xF5, 0x13, 0x4F, 0x18, 0x95, 0x13, 0xFF, 0x0B, 0x5C, 0x03, 0xF8, 0xF6, 0x31, 0xEA,
        0x4C, 0xE0, 0x6E, 0xD9, 0x47, 0xD4, 0x99, 0xD0, 0xE3, 0xCD, 0x0A, 0xCD, 0x0A, 0xD5, 0x3E, 0xE3,
        0xE4, 0xE8, 0x4A, 0xE1, 0x8D, 0xD1, 0x25, 0xC5, 0x41, 0xC9, 0xDF, 0xD6, 0x8C, 0xE0, 0x68, 0xE8,
        0xF4, 0xEF, 0x27, 0xF5, 0xAF, 0xFA, 0x45, 0x02, 0x92, 0x0B, 0xB2, 0x11, 0xAE, 0x10, 0x43, 0x0E,
        0x7F, 0x10, 0x44, 0x1A, 0xE9, 0x28, 0x83, 0x32, 0x8C, 0x34, 0xE9, 0x2F, 0x63, 0x25, 0xB0, 0x1E,
        0xCB, 0x1B, 0x9D, 0x17, 0xA3, 0x19, 0x53, 0x1D, 0x93, 0x1B, 0x9E, 0x1B, 0xF4, 0x16, 0xC4, 0x0A,
        0x41, 0x04, 0xD4, 0xFD, 0x9F, 0xF2, 0xAB, 0xEA, 0x7A, 0xE0, 0x2D, 0xD5, 0x91, 0xD2, 0xDD, 0xD5,
        0xBE, 0xDF, 0x8C, 0xEA, 0xDB, 0xE4, 0x6A, 0xD5, 0xE5, 0xCE, 0x08, 0xD1, 0xAD, 0xD4, 0x82, 0xD6,
        0xB6, 0xD7, 0xFD, 0xDB, 0x3D, 0xE2, 0xBA, 0xE8, 0x04, 0xF1, 0x79, 0xFA, 0x0C, 0x00, 0x92, 0xFF,
        0x38, 0xFF, 0xEA, 0x01, 0x13, 0x07, 0x1E, 0x14, 0xB5, 0x23, 0x8C, 0x28, 0x65, 0x26, 0xEE, 0x25,
        0xB4, 0x27, 0x81, 0x27, 0x84, 0x1E, 0x75, 0x15, 0xE3, 0x19, 0x50, 0x22, 0x92, 0x23, 0xFC, 0x1E,
        0xE8, 0x17, 0x23, 0x15, 0x54, 0x14, 0x14, 0x0D, 0x31, 0x02, 0x8D, 0xF4, 0x65, 0xE7, 0xAA, 0xE4,
        0x4D, 0xE7, 0x2D, 0xE9, 0x4B, 0xEB, 0x9F, 0xE7, 0xB6, 0xE0, 0x82, 0xDB, 0x65, 0xD4, 0xF8, 0xD2,
        0x94, 0xD8, 0x8B, 0xD8, 0x14, 0xD5, 0x22, 0xD4, 0x53, 0xD7, 0x4D, 0xE2, 0xE6, 0xEA, 0xD6, 0xEA,
        0x50, 0xED, 0x9E, 0xF2, 0x5F, 0xF6, 0x12, 0xFD, 0xE0, 0x04, 0x36, 0x0A, 0x59, 0x0F, 0x6B, 0x16,
        0xEC, 0x1E, 0x9D, 0x22, 0x19, 0x1E, 0x2C, 0x19, 0x17, 0x1B, 0x6B, 0x21, 0xC9, 0x24, 0x9E, 0x23,
        0x06, 0x21, 0x4F, 0x1C, 0x44, 0x19, 0x53, 0x1C, 0xE1, 0x1D, 0x3C, 0x19, 0x2A, 0x10, 0x46, 0x04,
        0xCA, 0xFC, 0x56, 0xF9, 0x64, 0xF4, 0xE4, 0xF2, 0xC0, 0xF0, 0x41, 0xE7, 0x53, 0xE0, 0x3A, 0xDF,
        0xE3, 0xDF, 0x10, 0xE1, 0x86, 0xDC, 0x51, 0xD6, 0x1B, 0xD6, 0xF7, 0xD6, 0x84, 0xDA, 0x9A, 0xDF,
        0xA7, 0xDD, 0x8A, 0xDD, 0x44, 0xE4, 0x07, 0xE9, 0x0D, 0xED, 0xCC, 0xF0, 0x95, 0xF4, 0x3D, 0xFF,
        0x9B, 0x0A, 0x4C, 0x0F, 0x88, 0x0F, 0x59, 0x0B, 0x6F, 0x0A, 0x90, 0x13, 0x24, 0x1E, 0x39, 0x25,
        0x45, 0x28, 0x73, 0x24, 0x9E, 0x1E, 0x69, 0x1C, 0xB4, 0x1D, 0xB9, 0x20, 0x22, 0x21, 0xE9, 0x1B,
        0xE0, 0x12, 0x2F, 0x0C, 0x5D, 0x0C, 0xF0, 0x0D, 0xEC, 0x0A, 0xFF, 0x02, 0x14, 0xF7, 0xF3, 0xED,
        0xB4, 0xEA, 0x66, 0xE7, 0x29, 0xE4, 0x1A, 0xE2, 0x9B, 0xE0, 0xC3, 0xE2, 0x59, 0xE3, 0xC3, 0xDE,
        0xF5, 0xDA, 0x42, 0xD7, 0xD1, 0xD5, 0x10, 0xDA, 0x7A, 0xDB, 0x5F, 0xDB, 0x81, 0xE0, 0xB8, 0xE6,
        0x90, 0xEF, 0xCF, 0xFA, 0x68, 0x00, 0x27, 0x00, 0xB5, 0xFB, 0xEB, 0xFA, 0x26, 0x07, 0x7C, 0x14,
        0x74, 0x1A, 0x65, 0x1E, 0x10, 0x1C, 0xE5, 0x16, 0xCF, 0x19, 0x3F, 0x20, 0x46, 0x25, 0x2F, 0x26,
        0x3D, 0x1F, 0x1B, 0x18, 0xEA, 0x14, 0x75, 0x13, 0x89, 0x17, 0xEE, 0x1B, 0x4A, 0x17, 0xE5, 0x0D,
        0x15, 0x06, 0x55, 0x00, 0x9E, 0xF9, 0x26, 0xEF, 0xB4, 0xE6, 0x18, 0xE7, 0x88, 0xEB, 0x2F, 0xEA,
        0x74, 0xE3, 0xDC, 0xDF, 0x31, 0xDF, 0x34, 0xDE, 0xF5, 0xDE, 0xD9, 0xDB, 0xB1, 0xD3, 0xEC, 0xD2,
        0xB6, 0xDA, 0x5D, 0xE4, 0x2C, 0xED, 0x6E, 0xF0, 0xF8, 0xF0, 0xB9, 0xF1, 0x54, 0xEF, 0x3F, 0xF3,
        0x3D, 0x01, 0xC1, 0x0B, 0x26, 0x0F, 0xE9, 0x0C, 0x7F, 0x09, 0x99, 0x11, 0x28, 0x1F, 0xA8, 0x23,
        0xF4, 0x21, 0xB8, 0x1D, 0x51, 0x19, 0xD3, 0x18, 0x0D, 0x1A, 0x11, 0x1D, 0x93, 0x1F, 0x7A, 0x1D,
        0x8B, 0x1C, 0xFE, 0x19, 0xFD, 0x0E, 0xDD, 0x04, 0xE9, 0xFF, 0xD5, 0xFB, 0x6E, 0xF9, 0x25, 0xF6,
        0xAC, 0xF1, 0x82, 0xEE, 0xFF, 0xE8, 0xCC, 0xE4, 0x72, 0xE7, 0x60, 0xE9, 0x52, 0xE4, 0x16, 0xDB,
        0xAA, 0xD4, 0xB4, 0xD6, 0xD5, 0xDC, 0x1E, 0xE1, 0xC4, 0xE4, 0xEB, 0xE6, 0x06, 0xE5, 0xD1, 0xE4,
        0x3D, 0xEE, 0xAB, 0xFA, 0x1B, 0xFE, 0x39, 0xFD, 0x05, 0xFE, 0xCE, 0xFD, 0x22, 0x03, 0xB8, 0x0F,
        0x44, 0x18, 0xCB, 0x1A, 0x53, 0x19, 0x69, 0x16, 0x32, 0x18, 0x7C, 0x18, 0xDC, 0x14, 0x82, 0x17,
        0xFA, 0x1C, 0x0A, 0x20, 0xED, 0x21, 0x9B, 0x1C, 0xDA, 0x14, 0x78, 0x12, 0x95, 0x0D, 0xFD, 0x06,
        0x8E, 0x03, 0x0C, 0xFD, 0x18, 0xF5, 0xAE, 0xF0, 0x0E, 0xEF, 0xB8, 0xF0, 0xB8, 0xF1, 0xAE, 0xEE,
        0xF1, 0xE8, 0xA8, 0xE0, 0x60, 0xDC, 0xB3, 0xDF, 0x1B, 0xE2, 0xFC, 0xE0, 0x9D, 0xDE, 0x1D, 0xDC,
        0xAF, 0xDF, 0x0D, 0xE9, 0x74, 0xF0, 0xC2, 0xF3, 0x11, 0xF4, 0x2D, 0xF4, 0x25, 0xF6, 0xCB, 0xF8,
        0xF6, 0xFD, 0xF8, 0x04, 0x25, 0x09, 0xEA, 0x0C, 0xF7, 0x12, 0x01, 0x17, 0x00, 0x17, 0xA4, 0x16,
        0xEB, 0x17, 0x32, 0x18, 0xBB, 0x18, 0x60, 0x1B, 0xDC, 0x19, 0xF6, 0x15, 0xFD, 0x17, 0x5C, 0x1A,
        0x16, 0x19, 0x12, 0x17, 0xA9, 0x0F, 0x44, 0x04, 0xF9, 0xFA, 0xED, 0xF3, 0x32, 0xF3, 0xAD, 0xF5,
        0x47, 0xF3, 0xA3, 0xF1, 0xE1, 0xF0, 0xA6, 0xEC, 0x1D, 0xEC, 0x04, 0xEC, 0x50, 0xE5, 0xD1, 0xDE,
        0x35, 0xDA, 0xCB, 0xD8, 0xEB, 0xDF, 0x25, 0xE7, 0xB0, 0xE8, 0x00, 0xEC, 0x0D, 0xF2, 0x5F, 0xF5,
        0x36, 0xF4, 0xB5, 0xF2, 0x23, 0xF5, 0x74, 0xF8, 0x8F, 0xFC, 0x12, 0x05, 0x3A, 0x0C, 0x2A, 0x0E,
        0xA8, 0x10, 0xC4, 0x15, 0x8C, 0x19, 0x56, 0x19, 0x10, 0x18, 0x23, 0x18, 0x62, 0x15, 0x50, 0x11,
        0x05, 0x13, 0xEC, 0x18, 0x04, 0x1E, 0x2D, 0x1E, 0x7E, 0x16, 0x30, 0x0D, 0x25, 0x08, 0x8F, 0x03,
        0x9B, 0xFC, 0x5C, 0xF6, 0xFB, 0xF3, 0x8A, 0xF3, 0x5A, 0xF3, 0x8C, 0xF6, 0x8B, 0xF8, 0xF3, 0xF2,
        0xB0, 0xEC, 0x75, 0xE8, 0x84, 0xE1, 0x6F, 0xDB, 0x73, 0xD9, 0x5F, 0xDC, 0x80, 0xE4, 0x1E, 0xEB,
        0x5C, 0xEF, 0x0A, 0xF4, 0x9C, 0xF3, 0x65, 0xF0, 0xA6, 0xF0, 0x6D, 0xF2, 0x8E, 0xF7, 0x6C, 0xFD,
        0xCD, 0xFD, 0x82, 0x01, 0x58, 0x0B, 0xDA, 0x10, 0xFE, 0x13, 0x97, 0x18, 0xA7, 0x17, 0x81, 0x10,
        0x8A, 0x0B, 0x2C, 0x0E, 0xFA, 0x14, 0xA0, 0x19, 0x4E, 0x1C, 0xC1, 0x1D, 0x26, 0x1B, 0x05, 0x16,
        0x92, 0x11, 0x23, 0x0C, 0xCD, 0x03, 0x71, 0xFC, 0x7E, 0xFA, 0xB1, 0xFA, 0xE6, 0xF9, 0x1B, 0xFA,
        0xF9, 0xF9, 0xD3, 0xF8, 0x33, 0xF7, 0x31, 0xF0, 0x5F, 0xE6, 0x50, 0xE2, 0xAA, 0xE1, 0x8F, 0xE1,
        0xEB, 0xE4, 0xFB, 0xE9, 0x31, 0xED, 0x73, 0xED, 0x1F, 0xED, 0x84, 0xEF, 0x9D, 0xF1, 0x0C, 0xF2,
        0x09, 0xF3, 0xA9, 0xF1, 0xDA, 0xF0, 0x12, 0xF8, 0x44, 0x03, 0x90, 0x0C, 0xA9, 0x12, 0x1B, 0x13,
        0x47, 0x0F, 0x38, 0x0B, 0x63, 0x0A, 0x4E, 0x0E, 0x31, 0x12, 0xEF, 0x14, 0x82, 0x19, 0x2D, 0x1B,
        0xA5, 0x19, 0xA5, 0x19, 0xCB, 0x15, 0x2B, 0x0D, 0xEF, 0x07, 0x14, 0x05, 0xE3, 0x00, 0x36, 0xFE,
        0x8E, 0xFE, 0xC0, 0x00, 0xED, 0x02, 0x63, 0x02, 0x48, 0xFD, 0x52, 0xF4, 0x93, 0xEC, 0xBF, 0xE9,
        0x91, 0xE8, 0xF7, 0xE6, 0x0D, 0xE8, 0xFC, 0xEA, 0x97, 0xEA, 0x80, 0xE8, 0x0E, 0xEB, 0x01, 0xF0,
        0xAF, 0xF1, 0xA3, 0xF0, 0xFC, 0xEC, 0xAC, 0xE9, 0xD7, 0xEE, 0xCB, 0xF9, 0xEF, 0x01, 0xF6, 0x06,
        0xA7, 0x08, 0xFA, 0x06, 0x88, 0x06, 0xD4, 0x07, 0x27, 0x09, 0x3E, 0x0B, 0xFC, 0x0E, 0x74, 0x14,
        0xA4, 0x16, 0xED, 0x13, 0xEA, 0x14, 0x95, 0x18, 0x13, 0x16, 0xD6, 0x11, 0xA2, 0x10, 0x5E, 0x0D,
        0xB3, 0x07, 0xFC, 0x03, 0xCD, 0x03, 0x5E, 0x05, 0x22, 0x05, 0xAB, 0x02, 0x59, 0xFE, 0xE3, 0xF7,
        0x5E, 0xF3, 0x5F, 0xF2, 0x53, 0xF1, 0xE9, 0xEF, 0x50, 0xED, 0x99, 0xE8, 0xAC, 0xE7, 0x7F, 0xEC,
        0x43, 0xF0, 0x67, 0xF0, 0x24, 0xEF, 0xF4, 0xEB, 0x10, 0xE8, 0xE7, 0xE9, 0x1C, 0xF3, 0x44, 0xFB,
        0xC4, 0xFC, 0x78, 0xFC, 0x29, 0xFE, 0xF9, 0xFE, 0x82, 0xFE, 0xEF, 0x00, 0xC8, 0x06, 0x53, 0x0C,
        0xFF, 0x0F, 0x89, 0x11, 0xDC, 0x10, 0x3F, 0x11, 0x57, 0x13, 0x41, 0x13, 0x83, 0x12, 0x69, 0x13,
        0xD4, 0x11, 0xDC, 0x0D, 0x56, 0x0C, 0x91, 0x0C, 0xF2, 0x0B, 0x09, 0x0B, 0x61, 0x09, 0x69, 0x03,
        0xCF, 0xF9, 0x28, 0xF6, 0x6A, 0xFB, 0x5A, 0xFE, 0x80, 0xFA, 0x6E, 0xF6, 0x78, 0xF3, 0xE4, 0xF0,
        0x7A, 0xF0, 0x36, 0xF0, 0x0A, 0xEE, 0xC5, 0xEA, 0x2E, 0xE7, 0xB2, 0xE5, 0xD4, 0xE8, 0x18, 0xF0,
        0x8A, 0xF7, 0xDE, 0xF9, 0xFD, 0xF7, 0x78, 0xF6, 0xE6, 0xF4, 0xE0, 0xF4, 0x24, 0xFA, 0x28, 0x00,
        0xBF, 0x03, 0x5E, 0x09, 0xCF, 0x0E, 0xE8, 0x0D, 0x9B, 0x0A, 0x7B, 0x0B, 0xA5, 0x0E, 0xEF, 0x0F,
        0x8F, 0x0F, 0x97, 0x0E, 0x63, 0x0D, 0x30, 0x0E, 0xF6, 0x11, 0x74, 0x15, 0xFF, 0x15, 0x83, 0x13,
        0x3B, 0x0D, 0xF0, 0x03, 0xE1, 0xFD, 0x4B, 0xFF, 0x24, 0x02, 0x47, 0x00, 0xF7, 0xFC, 0xD2, 0xFA,
        0xF1, 0xF8, 0x7D, 0xF9, 0x19, 0xFA, 0x47, 0xF4, 0x78, 0xEB, 0xC0, 0xE6, 0x85, 0xE5, 0x96, 0xE6,
        0x50, 0xEB, 0xF4, 0xF1, 0x9E, 0xF6, 0xC9, 0xF7, 0x60, 0xF6, 0xF8, 0xF2, 0xB8, 0xEF, 0xE1, 0xF0,
        0x13, 0xF5, 0xDC, 0xF7, 0xBE, 0xFB, 0xD7, 0x02, 0xB0, 0x07, 0xE7, 0x07, 0x73, 0x08, 0xCD, 0x0B,
        0x3E, 0x0E, 0x54, 0x0D, 0xFB, 0x0A, 0xBA, 0x08, 0x0D, 0x09, 0x7D, 0x0F, 0xD8, 0x17, 0xD9, 0x1A,
        0x1B, 0x19, 0x7A, 0x14, 0x1A, 0x0D, 0xA0, 0x07, 0x60, 0x06, 0xDB, 0x04, 0xC5, 0x01, 0x82, 0x00,
        0xE2, 0x00, 0x98, 0x00, 0x3C, 0x01, 0x39, 0x03, 0xDA, 0x00, 0x15, 0xF8, 0xBD, 0xEF, 0x4A, 0xEC,
        0xCF, 0xEA, 0xC8, 0xE9, 0xF0, 0xEB, 0x6B, 0xF0, 0x90, 0xF2, 0x6A, 0xF2, 0x15, 0xF2, 0x6D, 0xF0,
        0x1C, 0xEF, 0x4D, 0xF0, 0x76, 0xF1, 0xD3, 0xF3, 0x55, 0xF9, 0x88, 0xFC, 0xCF, 0xFC, 0xA3, 0x00,
        0x39, 0x07, 0x3D, 0x0B, 0x03, 0x0C, 0xB3, 0x0A, 0x82, 0x07, 0xAD, 0x04, 0x70, 0x07, 0xA6, 0x0F,
        0xBF, 0x14, 0x28, 0x14, 0x22, 0x14, 0xFA, 0x14, 0xBC, 0x12, 0x41, 0x0F, 0xFC, 0x0C, 0x59, 0x0A,
        0xAC, 0x06, 0x91, 0x03, 0x3F, 0x02, 0xA3, 0x03, 0x29, 0x07, 0xD6, 0x07, 0xCB, 0x02, 0x60, 0xFD,
        0x66, 0xFA, 0x8E, 0xF5, 0xAA, 0xEF, 0x96, 0xED, 0xC0, 0xED, 0xC2, 0xED, 0xBD, 0xEF, 0x44, 0xF2,
        0x64, 0xF0, 0x93, 0xEC, 0xC8, 0xED, 0x7F, 0xF2, 0x9D, 0xF4, 0x77, 0xF4, 0xAF, 0xF4, 0x18, 0xF5,
        0x75, 0xF6, 0x75, 0xFA, 0x73, 0x00, 0x7A, 0x05, 0x26, 0x07, 0xAE, 0x05, 0x4A, 0x03, 0x39, 0x04,
        0xF1, 0x09, 0x0A, 0x0E, 0xB7, 0x0D, 0xA8, 0x0E, 0x9F, 0x10, 0x80, 0x10, 0x4B, 0x12, 0x84, 0x15,
        0x5B, 0x14, 0x81, 0x10, 0xE3, 0x0D, 0x2C, 0x0B, 0x3C, 0x07, 0x50, 0x04, 0x43, 0x04, 0xDA, 0x04,
        0x8D, 0x03, 0xF8, 0x01, 0x46, 0x00, 0x70, 0xFC, 0x55, 0xF8, 0xDD, 0xF5, 0xD0, 0xF3, 0x60, 0xF2,
        0x17, 0xF1, 0x53, 0xED, 0x62, 0xE9, 0x9C, 0xEB, 0x2E, 0xF3, 0x86, 0xF8, 0xEA, 0xF8, 0x42, 0xF6,
        0x3E, 0xF1, 0x74, 0xED, 0xB5, 0xEF, 0x4A, 0xF5, 0x2C, 0xF9, 0xDE, 0xFB, 0xCB, 0xFE, 0x24, 0x01,
        0x97, 0x03, 0xE7, 0x07, 0x32, 0x0C, 0xCC, 0x0C, 0xA4, 0x0A, 0xE3, 0x08, 0xA4, 0x08, 0x77, 0x0B,
        0xF9, 0x10, 0x75, 0x14, 0x5B, 0x14, 0xCB, 0x13, 0x5C, 0x13, 0x61, 0x10, 0xEA, 0x0A, 0x11, 0x07,
        0x1F, 0x06, 0x56, 0x05, 0xBB, 0x04, 0x57, 0x04, 0x40, 0x02, 0x90, 0x01, 0x16, 0x04, 0xE6, 0x03,
        0xAE, 0xFE, 0x40, 0xF7, 0x61, 0xEE, 0x1B, 0xE7, 0x9F, 0xE6, 0x94, 0xEC, 0xBB, 0xF3, 0xA4, 0xF7,
        0xD5, 0xF7, 0xA4, 0xF5, 0x5A, 0xF2, 0x83, 0xF1, 0x2D, 0xF4, 0xD2, 0xF4, 0xE2, 0xF1, 0x85, 0xF1,
        0x34, 0xF6, 0xDB, 0xFC, 0xCC, 0x03, 0xA6, 0x09, 0x47, 0x0B, 0x8F, 0x08, 0xDD, 0x04, 0x4F, 0x02,
        0x50, 0x02, 0xDA, 0x05, 0x24, 0x0A, 0x4B, 0x0D, 0xD0, 0x11, 0xE3, 0x16, 0xD5, 0x17, 0xA7, 0x14,
        0x27, 0x11, 0x2E, 0x0E, 0x29, 0x0A, 0x14, 0x06, 0x1D, 0x04, 0x5C, 0x03, 0x1F, 0x04, 0xC8, 0x08,
        0x07, 0x0D, 0xE1, 0x09, 0x05, 0x01, 0x1E, 0xF8, 0x59, 0xF1, 0xA1, 0xED, 0xF2, 0xED, 0x74, 0xF1,
        0x1B, 0xF5, 0x70, 0xF6, 0xE5, 0xF5, 0x72, 0xF5, 0x14, 0xF7, 0x4E, 0xF9, 0x57, 0xF6, 0xBC, 0xEE,
        0x00, 0xEB, 0x75, 0xED, 0x0A, 0xF2, 0xC9, 0xF7, 0x04, 0xFE, 0x00, 0x02, 0x99, 0x03, 0xB3, 0x04,
        0x49, 0x05, 0xCD, 0x03, 0x8C, 0x01, 0x58, 0x02, 0x0A, 0x06, 0xCE, 0x09, 0x23, 0x0E, 0x74, 0x13,
        0xC1, 0x16, 0x29, 0x16, 0xD4, 0x12, 0xA2, 0x0E, 0xF0, 0x0A, 0x98, 0x07, 0x1B, 0x04, 0x4F, 0x03,
        0x4B, 0x08, 0x8F, 0x0E, 0xFF, 0x0E, 0x9B, 0x0A, 0xA6, 0x05, 0x1A, 0x00, 0x7E, 0xFA, 0x6B, 0xF7,
        0x7D, 0xF6, 0x4C, 0xF5, 0xD5, 0xF3, 0x5A, 0xF4, 0xE1, 0xF6, 0x78, 0xF8, 0x39, 0xF8, 0x8F, 0xF6,
        0x5D, 0xF2, 0xA1, 0xED, 0xA7, 0xEC, 0x0F, 0xEF, 0xEE, 0xF1, 0x7B, 0xF4, 0x50, 0xF7, 0x77, 0xFB,
        0xA0, 0x00, 0xA0, 0x03, 0x3B, 0x02, 0x40, 0xFF, 0x22, 0xFF, 0x9D, 0x01, 0x16, 0x04, 0x6B, 0x07,
        0x08, 0x0C, 0xD6, 0x0E, 0x3C, 0x0F, 0x9D, 0x0F, 0x28, 0x10, 0x8C, 0x0F, 0x9B, 0x0D, 0x59, 0x0B,
        0x33, 0x0A, 0xF5, 0x0A, 0x4A, 0x0D, 0x09, 0x0F, 0x8D, 0x0D, 0x94, 0x09, 0xF3, 0x05, 0x69, 0x03,
        0x99, 0x01, 0xEF, 0xFF, 0xF5, 0xFC, 0x58, 0xF9, 0xE3, 0xF7, 0x11, 0xF8, 0x55, 0xF7, 0x74, 0xF6,
        0x66, 0xF6, 0x49, 0xF5, 0x6E, 0xF3, 0x12, 0xF3, 0xE6, 0xF2, 0x5D, 0xF1, 0xA4, 0xF0, 0x7D, 0xF2,
        0x0A, 0xF6, 0x6A, 0xF9, 0xE4, 0xFA, 0x49, 0xFA, 0xFB, 0xF8, 0x42, 0xF9, 0xAD, 0xFC, 0x43, 0x01,
        0x98, 0x04, 0x58, 0x07, 0x19, 0x09, 0xC6, 0x08, 0x4A, 0x09, 0x48, 0x0C, 0x62, 0x0E, 0xF1, 0x0D,
        0xFD, 0x0C, 0x2A, 0x0D, 0x15, 0x0F, 0xF7, 0x11, 0xF2, 0x12, 0x53, 0x10, 0xCF, 0x0B, 0xD0, 0x07,
        0x51, 0x05, 0x5F, 0x04, 0x07, 0x04, 0x34, 0x03, 0x62, 0x02, 0x22, 0x02, 0x2B, 0x01, 0x5D, 0xFE,
        0x08, 0xFB, 0x0D, 0xF9, 0x8D, 0xF7, 0xE3, 0xF4, 0xBD, 0xF2, 0xDE, 0xF2, 0x23, 0xF3, 0x9A, 0xF2,
        0xD3, 0xF3, 0xA9, 0xF6, 0x9A, 0xF7, 0x9A, 0xF5, 0x89, 0xF2, 0x6D, 0xF0, 0x55, 0xF1, 0x3D, 0xF6,
        0x07, 0xFD, 0x9F, 0x02, 0xAE, 0x05, 0x20, 0x06, 0x84, 0x05, 0x3A, 0x06, 0xAA, 0x07, 0x76, 0x07,
        0x3C, 0x06, 0x7F, 0x06, 0x0D, 0x09, 0x05, 0x0D, 0x44, 0x11, 0xA3, 0x14, 0xED, 0x14, 0x05, 0x11,
        0x6A, 0x0C, 0x4C, 0x0A, 0x8E, 0x08, 0x0D, 0x06, 0x86, 0x05, 0x20, 0x07, 0x39, 0x08, 0x00, 0x08,
        0xC8, 0x06, 0x9E, 0x04, 0x60, 0x01, 0x94, 0xFC, 0x46, 0xF7, 0xD0, 0xF3, 0xFD, 0xF1, 0x79, 0xF0,
        0xFD, 0xF0, 0x14, 0xF5, 0xE3, 0xF9, 0xA5, 0xFB, 0xCF, 0xF9, 0xE3, 0xF5, 0x21, 0xF1, 0x8C, 0xED,
        0x86, 0xEE, 0x16, 0xF4, 0x41, 0xF9, 0xF5, 0xFB, 0x3B, 0xFF, 0x5C, 0x03, 0x8D, 0x05, 0xB2, 0x05,
        0xCE, 0x04, 0xA9, 0x02, 0x67, 0x00, 0xAE, 0x00, 0xA9, 0x04, 0x10, 0x0B, 0x60, 0x11, 0x52, 0x15,
        0x46, 0x16, 0x45, 0x15, 0x88, 0x12, 0x73, 0x0D, 0x31, 0x08, 0xE0, 0x05, 0xED, 0x05, 0xA7, 0x06,
        0x41, 0x08, 0x2A, 0x0A, 0x8E, 0x0A, 0xDB, 0x08, 0x0D, 0x06, 0xAE, 0x02, 0xE2, 0xFD, 0xD8, 0xF7,
        0x11, 0xF3, 0x60, 0xF1, 0x03, 0xF3, 0x9D, 0xF7, 0x5A, 0xFC, 0x5E, 0xFD, 0x1E, 0xFA, 0xC5, 0xF4,
        0x37, 0xF0, 0x1F, 0xEF, 0x9C, 0xF0, 0x6C, 0xF1, 0x26, 0xF2, 0x7E, 0xF5, 0x52, 0xFA, 0x6B, 0xFE,
        0x0E, 0x02, 0xBE, 0x04, 0xAF, 0x04, 0x61, 0x02, 0x52, 0x00, 0x51, 0x00, 0x96, 0x02, 0x9C, 0x06,
        0xBD, 0x0B, 0x4B, 0x10, 0x89, 0x12, 0xD6, 0x12, 0x8D, 0x11, 0x6D, 0x0E, 0x61, 0x0B, 0x1C, 0x0A,
        0x74, 0x09, 0xD6, 0x08, 0x07, 0x09, 0xAE, 0x09, 0x90, 0x0A, 0x2C, 0x0C, 0x1D, 0x0D, 0x6E, 0x0A,
        0x95, 0x03, 0xA8, 0xFB, 0x18, 0xF6, 0x9D, 0xF4, 0x01, 0xF7, 0x67, 0xFA, 0x85, 0xFB, 0xD0, 0xF9,
        0xCA, 0xF6, 0xA9, 0xF4, 0xA2, 0xF4, 0xBA, 0xF4, 0xEC, 0xF2, 0xE3, 0xF0, 0xF8, 0xF0, 0x11, 0xF3,
        0xFE, 0xF5, 0xCE, 0xF9, 0xB9, 0xFE, 0x02, 0x02, 0x0A, 0x01, 0xAD, 0xFE, 0x92, 0xFE, 0xCC, 0xFF,
        0x65, 0x01, 0x5E, 0x04, 0xEB, 0x07, 0x9D, 0x0A, 0xDF, 0x0C, 0x98, 0x0E, 0xF7, 0x0E, 0xE1, 0x0E,
        0x4E, 0x0F, 0x42, 0x0F, 0x98, 0x0D, 0x7F, 0x0A, 0xE6, 0x07, 0xBE, 0x08, 0xCE, 0x0C, 0x9B, 0x0F,
        0xFF, 0x0D, 0x59, 0x09, 0xB8, 0x04, 0x36, 0x01, 0x2F, 0xFE, 0x7F, 0xFC, 0xCB, 0xFC, 0xEF, 0xFB,
        0x45, 0xF8, 0x92, 0xF5, 0x74, 0xF6, 0x06, 0xF9, 0x7E, 0xFA, 0x4E, 0xF9, 0x05, 0xF6, 0xDA, 0xF2,
        0x22, 0xF1, 0x10, 0xF1, 0xB8, 0xF2, 0x69, 0xF5, 0xF0, 0xF7, 0x4D, 0xFA, 0x0B, 0xFD, 0xFC, 0xFE,
        0x53, 0xFF, 0x44, 0x00, 0x97, 0x02, 0x85, 0x03, 0xD7, 0x02, 0xD7, 0x03, 0x28, 0x07, 0x1C, 0x0A,
        0xF5, 0x0B, 0xE3, 0x0E, 0x6D, 0x12, 0x4B, 0x12, 0x08, 0x0E, 0x5F, 0x0A, 0xBD, 0x09, 0xE1, 0x0A,
        0x26, 0x0C, 0xFD, 0x0B, 0x5D, 0x0A, 0x1A, 0x09, 0xEB, 0x08, 0xEC, 0x08, 0x36, 0x08, 0xD6, 0x05,
        0x93, 0x01, 0x0F, 0xFD, 0xC1, 0xF9, 0xA1, 0xF7, 0x39, 0xF7, 0xF0, 0xF8, 0x53, 0xFA, 0x56, 0xF9,
        0x91, 0xF7, 0xBF, 0xF6, 0x05, 0xF6, 0xD4, 0xF3, 0xC3, 0xF0, 0xC7, 0xEF, 0x0A, 0xF2, 0x8C, 0xF5,
        0x08, 0xF9, 0x45, 0xFC, 0x11, 0xFF, 0xE5, 0x01, 0xCF, 0x03, 0x48, 0x03, 0xC1, 0x01, 0xCA, 0x00,
        0x42, 0x00, 0x9C, 0x01, 0x08, 0x06, 0x2F, 0x0B, 0x6C, 0x0E, 0xBF, 0x0F, 0xD2, 0x0F, 0xD9, 0x0E,
        0xD7, 0x0D, 0x7F, 0x0D, 0x72, 0x0C, 0x38, 0x0A, 0x0E, 0x09, 0x45, 0x0A, 0x5A, 0x0C, 0x42, 0x0D,
        0x83, 0x0C, 0x8E, 0x0A, 0xEF, 0x06, 0xB6, 0x01, 0xDB, 0xFC, 0x9D, 0xF9, 0x02, 0xF8, 0x36, 0xF8,
        0x6C, 0xF9, 0xB0, 0xFA, 0xF1, 0xFB, 0xBF, 0xFB, 0xB5, 0xF8, 0x9E, 0xF4, 0x0A, 0xF2, 0x91, 0xF1,
        0xA1, 0xF2, 0xF9, 0xF3, 0xCC, 0xF4, 0xB1, 0xF6, 0x3D, 0xFB, 0x06, 0x00, 0xBC, 0x01, 0xD0, 0x00,
        0x0B, 0xFF, 0x56, 0xFD, 0x29, 0xFD, 0x7F, 0xFF, 0x71, 0x03, 0x68, 0x07, 0x65, 0x0A, 0xC1, 0x0C,
        0x9A, 0x0E, 0x42, 0x0F, 0x8C, 0x0F, 0x92, 0x0F, 0x13, 0x0D, 0x3F, 0x09, 0x20, 0x08, 0xCE, 0x09,
        0xFB, 0x0B, 0xA9, 0x0D, 0x06, 0x0E, 0xA9, 0x0C, 0xE1, 0x09, 0xBC, 0x05, 0xFC, 0x00, 0x64, 0xFD,
        0xF9, 0xFB, 0x68, 0xFC, 0xA7, 0xFD, 0x58, 0xFE, 0x61, 0xFD, 0x28, 0xFB, 0x3D, 0xF9, 0x24, 0xF8,
        0xD1, 0xF6, 0x71, 0xF4, 0xE0, 0xF1, 0xE7, 0xF0, 0x22, 0xF2, 0x46, 0xF5, 0xEF, 0xF9, 0xF1, 0xFD,
        0xC8, 0xFE, 0x3E, 0xFD, 0xC3, 0xFB, 0xB8, 0xFB, 0x9D, 0xFD, 0x5F, 0x00, 0x47, 0x02, 0x97, 0x03,
        0x6D, 0x05, 0xE1, 0x07, 0xB8, 0x0A, 0x4F, 0x0D, 0xF6, 0x0D, 0x14, 0x0C, 0x03, 0x0A, 0xE8, 0x09,
        0xCB, 0x0A, 0xA2, 0x0B, 0x1A, 0x0D, 0xB1, 0x0E, 0x7F, 0x0E, 0x33, 0x0C, 0x92, 0x09, 0xA6, 0x07,
        0x7B, 0x05, 0x52, 0x03, 0xD7, 0x02, 0xBD, 0x02, 0xB0, 0x00, 0xCA, 0xFD, 0xD5, 0xFB, 0xE3, 0xFA,
        0xB5, 0xFA, 0x61, 0xFA, 0xD6, 0xF8, 0x5E, 0xF6, 0x0A, 0xF4, 0x94, 0xF3, 0x01, 0xF6, 0x2F, 0xF9,
        0x4C, 0xFA, 0x8A, 0xF9, 0xB0, 0xF8, 0x6C, 0xF8, 0xF7, 0xF8, 0xEE, 0xFA, 0xDE, 0xFD, 0xBC, 0xFF,
        0xB0, 0xFF, 0xAB, 0xFF, 0x9A, 0x01, 0x7F, 0x04, 0x57, 0x06, 0x24, 0x07, 0xBC, 0x07, 0x6C, 0x08,
        0xE7, 0x09, 0x32, 0x0C, 0xF5, 0x0D, 0xE3, 0x0E, 0x75, 0x0F, 0x18, 0x0F, 0x68, 0x0D, 0xC3, 0x0A,
        0xD0, 0x07, 0xE8, 0x05, 0xF0, 0x05, 0xEF, 0x06, 0x2C, 0x07, 0x1E, 0x06, 0x8C, 0x04, 0xB6, 0x02,
        0x51, 0x00, 0x38, 0xFE, 0xFE, 0xFC, 0x4A, 0xFB, 0x99, 0xF8, 0xD3, 0xF6, 0xA1, 0xF7, 0x11, 0xFA,
        0xD6, 0xFB, 0xBB, 0xFB, 0xB5, 0xF9, 0x59, 0xF6, 0xAC, 0xF3, 0xAF, 0xF3, 0xEE, 0xF5, 0xAE, 0xF8,
        0x0A, 0xFB, 0x42, 0xFD, 0xE0, 0xFF, 0x39, 0x02, 0x26, 0x03, 0xEC, 0x02, 0x4D, 0x02, 0x98, 0x01,
        0xC4, 0x01, 0xC0, 0x03, 0xC3, 0x06, 0x8C, 0x09, 0x46, 0x0C, 0x30, 0x0F, 0xB1, 0x10, 0x34, 0x0F,
        0xA0, 0x0B, 0x04, 0x08, 0x7D, 0x05, 0xA6, 0x04, 0x17, 0x06, 0xFB, 0x08, 0x12, 0x0B, 0x4A, 0x0B,
        0x33, 0x0A, 0x1F, 0x08, 0x5A, 0x05, 0x67, 0x02, 0xCA, 0xFE, 0x69, 0xFA, 0x4E, 0xF7, 0x91, 0xF7,
        0xBD, 0xFA, 0x0A, 0xFE, 0xFF, 0xFE, 0x8D, 0xFD, 0xE6, 0xFA, 0xEE, 0xF7, 0x70, 0xF5, 0xF1, 0xF3,
        0xBA, 0xF3, 0x3B, 0xF5, 0x58, 0xF8, 0x4A, 0xFC, 0x10, 0x00, 0x77, 0x02, 0xFB, 0x02, 0x06, 0x02,
        0xFF, 0xFF, 0xB2, 0xFD, 0x93, 0xFC, 0x6F, 0xFD, 0x23, 0x00, 0x7D, 0x04, 0x1F, 0x0A, 0x98, 0x0F,
        0x65, 0x12, 0xEA, 0x10, 0x50, 0x0C, 0x6C, 0x07, 0x75, 0x04, 0x1C, 0x04, 0xAD, 0x05, 0xE6, 0x07,
        0x03, 0x0A, 0xB4, 0x0B, 0xA8, 0x0C, 0x8F, 0x0C, 0xBA, 0x0A, 0x32, 0x06, 0xD0, 0xFF, 0xB0, 0xFA,
        0xF0, 0xF8, 0xF3, 0xF9, 0x59, 0xFC, 0x2E, 0xFF, 0x4B, 0x01, 0x83, 0x01, 0xCC, 0xFF, 0xFC, 0xFC,
        0x4F, 0xF9, 0x04, 0xF5, 0x2C, 0xF2, 0xBB, 0xF2, 0xC3, 0xF5, 0x4E, 0xF9, 0xDC, 0xFC, 0x27, 0x00,
        0xC6, 0x01, 0xE2, 0x00, 0xD4, 0xFE, 0x34, 0xFD, 0xC5, 0xFB, 0x98, 0xFA, 0xEB, 0xFB, 0x13, 0x01,
        0xCB, 0x07, 0x9E, 0x0C, 0x51, 0x0E, 0xA1, 0x0D, 0x5B, 0x0B, 0x81, 0x08, 0x9A, 0x06, 0xDA, 0x05,
        0x2C, 0x05, 0xF3, 0x04, 0xBD, 0x06, 0x46, 0x0A, 0x5C, 0x0D, 0x4C, 0x0E, 0xF1, 0x0C, 0xC7, 0x09,
        0x46, 0x05, 0xC7, 0x00, 0x32, 0xFE, 0xC8, 0xFD, 0x3D, 0xFE, 0x24, 0xFF, 0xD2, 0x00, 0x80, 0x02,
        0x56, 0x02, 0x56, 0xFF, 0xCB, 0xFA, 0x19, 0xF7, 0x23, 0xF5, 0x89, 0xF4, 0x69, 0xF5, 0xBB, 0xF7,
        0x71, 0xFA, 0xCC, 0xFC, 0xDB, 0xFE, 0x51, 0x00, 0x1F, 0x00, 0xCD, 0xFD, 0xEA, 0xFA, 0xF1, 0xF9,
        0xA9, 0xFB, 0x28, 0xFF, 0x55, 0x03, 0xA3, 0x06, 0xAA, 0x07, 0x49, 0x07, 0x89, 0x07, 0x5A, 0x08,
        0xFA, 0x07, 0x4B, 0x06, 0x70, 0x05, 0xA3, 0x06, 0xA0, 0x08, 0x3E, 0x0A, 0xE0, 0x0B, 0x44, 0x0D,
        0x13, 0x0D, 0x0D, 0x0B, 0x30, 0x08, 0x32, 0x05, 0x6B, 0x02, 0x85, 0x00, 0x1F, 0x00, 0xEE, 0x00,
        0xFF, 0x01, 0x84, 0x02, 0xDB, 0x01, 0xBE, 0xFF, 0x30, 0xFD, 0xC3, 0xFB, 0x80, 0xFB, 0xDD, 0xFA,
        0x19, 0xF9, 0x9C, 0xF7, 0x25, 0xF8, 0x7B, 0xFA, 0xEA, 0xFC, 0xFF, 0xFD, 0x54, 0xFD, 0xCE, 0xFB,
        0xF7, 0xFA, 0x60, 0xFB, 0x7D, 0xFC, 0xC4, 0xFD, 0xF7, 0xFE, 0xFD, 0xFF, 0x18, 0x01, 0xFC, 0x02,
        0xC1, 0x05, 0x1E, 0x08, 0xD0, 0x08, 0x4B, 0x08, 0xB3, 0x07, 0x5B, 0x07, 0x4D, 0x07, 0xD2, 0x07,
        0xC9, 0x08, 0xB6, 0x09, 0x54, 0x0A, 0x59, 0x0A, 0x70, 0x09, 0xCE, 0x07, 0x2F, 0x06, 0x44, 0x05,
        0x1B, 0x05, 0xEE, 0x04, 0xF8, 0x03, 0x62, 0x02, 0x06, 0x01, 0x9E, 0x00, 0x09, 0x01, 0x3D, 0x01,
        0x34, 0x00, 0xA9, 0xFD, 0x86, 0xFA, 0xA1, 0xF8, 0xB0, 0xF8, 0x4D, 0xF9, 0x26, 0xF9, 0xB1, 0xF8,
        0x37, 0xF9, 0x26, 0xFB, 0x86, 0xFD, 0x39, 0xFF, 0xE7, 0xFF, 0x4C, 0xFF, 0x76, 0xFD, 0xE3, 0xFB,
        0x5D, 0xFC, 0xD7, 0xFE, 0xAD, 0x01, 0xDA, 0x03, 0xB8, 0x05, 0x4D, 0x07, 0xF8, 0x07, 0x11, 0x08,
        0x3D, 0x08, 0xE6, 0x07, 0xE3, 0x06, 0x9D, 0x06, 0x94, 0x07, 0x63, 0x08, 0x8A, 0x08, 0x64, 0x09,
        0x32, 0x0B, 0xFA, 0x0B, 0x4C, 0x0A, 0x15, 0x07, 0xF6, 0x03, 0xA3, 0x01, 0x86, 0x00, 0x03, 0x01,
        0x49, 0x02, 0x97, 0x02, 0x61, 0x01, 0xB8, 0xFF, 0x94, 0xFE, 0x96, 0xFD, 0xDE, 0xFB, 0xB8, 0xF9,
        0x36, 0xF8, 0xD5, 0xF7, 0xD0, 0xF8, 0x55, 0xFB, 0x2E, 0xFE, 0x5F, 0xFF, 0x96, 0xFE, 0x47, 0xFD,
        0x82, 0xFC, 0x13, 0xFC, 0xD7, 0xFB, 0x4A, 0xFC, 0x96, 0xFD, 0x6E, 0xFF, 0xAD, 0x01, 0x4E, 0x04,
        0xF3, 0x06, 0xA4, 0x08, 0xB4, 0x08, 0xEB, 0x07, 0x66, 0x07, 0xEF, 0x06, 0x19, 0x06, 0xC3, 0x05,
        0xF8, 0x06, 0x20, 0x09, 0xA1, 0x0A, 0xDF, 0x0A, 0x07, 0x0A, 0xFB, 0x07, 0x7F, 0x05, 0x46, 0x04,
        0x3A, 0x04, 0xB7, 0x03, 0xAB, 0x02, 0x53, 0x02, 0xBF, 0x02, 0xE8, 0x02, 0x43, 0x02, 0xE4, 0x00,
        0xDC, 0xFE, 0x51, 0xFC, 0x0C, 0xFA, 0x34, 0xF9, 0x02, 0xFA, 0x5F, 0xFB, 0x48, 0xFC, 0xA6, 0xFC,
        0xBF, 0xFC, 0xCD, 0xFC, 0xD4, 0xFC, 0x98, 0xFC, 0x22, 0xFC, 0xF7, 0xFB, 0xDC, 0xFC, 0x10, 0xFF,
        0x69, 0x01, 0xA5, 0x02, 0x50, 0x03, 0x66, 0x04, 0x8D, 0x05, 0x1A, 0x06, 0xED, 0x05, 0x3C, 0x05,
        0xCA, 0x04, 0x4E, 0x05, 0x5E, 0x06, 0x34, 0x07, 0xE1, 0x07, 0x88, 0x08, 0xA4, 0x08, 0x27, 0x08,
        0xF7, 0x07, 0x5E, 0x08, 0x5E, 0x08, 0x3C, 0x07, 0x81, 0x05, 0x0C, 0x04, 0x10, 0x03, 0x58, 0x02,
        0x83, 0x01, 0x2D, 0x00, 0xB5, 0xFE, 0x00, 0xFE, 0xF1, 0xFD, 0xB9, 0xFD, 0x3A, 0xFD, 0xC4, 0xFC,
        0x7F, 0xFC, 0x82, 0xFC, 0x85, 0xFC, 0x4A, 0xFC, 0x48, 0xFC, 0xE5, 0xFC, 0xBB, 0xFD, 0x6B, 0xFE,
        0xFB, 0xFE, 0x15, 0xFF, 0x58, 0xFE, 0x7C, 0xFD, 0xDA, 0xFD, 0xBF, 0xFF, 0x13, 0x02, 0x9C, 0x03,
        0x49, 0x04, 0xE0, 0x04, 0xCC, 0x05, 0xBC, 0x06, 0x3F, 0x07, 0x3B, 0x07, 0xD6, 0x06, 0x1E, 0x06,
        0x87, 0x05, 0x16, 0x06, 0xBE, 0x07, 0x06, 0x09, 0x50, 0x09, 0x09, 0x09, 0x05, 0x08, 0x2E, 0x06,
        0x50, 0x04, 0x9B, 0x02, 0x94, 0x00, 0x05, 0xFF, 0x5B, 0xFF, 0x20, 0x01, 0x6A, 0x02, 0x90, 0x02,
        0x5E, 0x02, 0xD6, 0x01, 0xFB, 0xFF, 0xD2, 0xFC, 0xE6, 0xF9, 0x9D, 0xF8, 0x28, 0xF9, 0xFC, 0xFA,
        0x70, 0xFD, 0xB4, 0xFF, 0xB2, 0x00, 0xC4, 0xFF, 0xE2, 0xFD, 0xB9, 0xFC, 0xA7, 0xFC, 0x21, 0xFD,
        0x0F, 0xFE, 0x72, 0xFF, 0x3A, 0x01, 0xD3, 0x03, 0x15, 0x07, 0x42, 0x09, 0xCA, 0x08, 0x49, 0x06,
        0x8D, 0x03, 0xA8, 0x01, 0xF9, 0x00, 0xF6, 0x01, 0xB4, 0x04, 0x42, 0x08, 0x1B, 0x0B, 0x39, 0x0C,
        0xAB, 0x0B, 0xF4, 0x09, 0x12, 0x07, 0x39, 0x03, 0x19, 0x00, 0x67, 0xFF, 0xA1, 0x00, 0x30, 0x02,
        0xC9, 0x03, 0x86, 0x05, 0x41, 0x06, 0xF3, 0x04, 0xED, 0x01, 0xE4, 0xFD, 0xD3, 0xF9, 0x90, 0xF7,
        0x44, 0xF8, 0xDE, 0xFA, 0x99, 0xFD, 0xE2, 0xFF, 0x9C, 0x01, 0x1B, 0x02, 0x04, 0x01, 0x07, 0xFF,
        0xF8, 0xFC, 0x1C, 0xFB, 0xBB, 0xF9, 0xD1, 0xF9, 0x72, 0xFC, 0x2D, 0x01, 0xAD, 0x05, 0xDC, 0x07,
        0x9F, 0x07, 0xE1, 0x05, 0x42, 0x03, 0x9E, 0x00, 0x46, 0xFF, 0xE9, 0xFF, 0x74, 0x02, 0x94, 0x06,
        0x17, 0x0B, 0xF7, 0x0D, 0x23, 0x0E, 0x13, 0x0C, 0x80, 0x08, 0x2F, 0x04, 0x79, 0x00, 0x88, 0xFE,
        0x8A, 0xFE, 0x4D, 0x00, 0x7A, 0x03, 0xDA, 0x06, 0xCC, 0x08, 0x70, 0x08, 0xB1, 0x05, 0x3C, 0x01,
        0xE2, 0xFC, 0x76, 0xFA, 0x1B, 0xFA, 0x01, 0xFB, 0xCE, 0xFC, 0x20, 0xFF, 0x0D, 0x01, 0x04, 0x02,
        0xE4, 0x01, 0x3C, 0x00, 0xF0, 0xFC, 0x4D, 0xF9, 0x36, 0xF7, 0xBE, 0xF7, 0xD0, 0xFA, 0x49, 0xFF,
        0x80, 0x03, 0x5E, 0x06, 0x8E, 0x07, 0xBB, 0x06, 0xFC, 0x03, 0xAC, 0x00, 0x9C, 0xFE, 0x9F, 0xFE,
        0x95, 0x00, 0xD3, 0x03, 0x2E, 0x07, 0xA1, 0x09, 0xE5, 0x0A, 0xE3, 0x0A, 0x6A, 0x09, 0xD8, 0x06,
        0xFE, 0x03, 0x83, 0x01, 0x34, 0x00, 0x00, 0x01, 0xCA, 0x03, 0x24, 0x07, 0x73, 0x09, 0x9A, 0x09,
        0x58, 0x07, 0xE7, 0x03, 0xE9, 0x00, 0x7E, 0xFE, 0x1A, 0xFC, 0x93, 0xFA, 0x1A, 0xFB, 0x2A, 0xFD,
        0x89, 0xFF, 0xA8, 0x01, 0xAF, 0x02, 0x72, 0x01, 0x51, 0xFE, 0x36, 0xFB, 0x70, 0xF9, 0x3F, 0xF9,
        0xB8, 0xFA, 0x90, 0xFD, 0xAF, 0x00, 0xEF, 0x02, 0xC7, 0x03, 0x2B, 0x03, 0x8B, 0x01, 0xBB, 0xFF,
        0x9C, 0xFE, 0xC6, 0xFE, 0x1F, 0x00, 0xD9, 0x01, 0x89, 0x03, 0xB0, 0x05, 0x40, 0x08, 0xDB, 0x09,
        0xA4, 0x09, 0x35, 0x08, 0x3B, 0x06, 0x22, 0x04, 0x0D, 0x03, 0xDE, 0x03, 0x9F, 0x05, 0xBB, 0x06,
        0xE4, 0x06, 0x9C, 0x06, 0x12, 0x06, 0x3E, 0x05, 0xF4, 0x03, 0xEB, 0x01, 0x85, 0xFF, 0xE6, 0xFD,
        0xCF, 0xFD, 0x19, 0xFF, 0xF7, 0x00, 0x24, 0x02, 0xB4, 0x01, 0x2C, 0x00, 0x9D, 0xFE, 0x2F, 0xFD,
        0xDC, 0xFB, 0x59, 0xFB, 0xD5, 0xFB, 0x70, 0xFC, 0xE4, 0xFC, 0xBA, 0xFD, 0xB5, 0xFE, 0x24, 0xFF,
        0x5F, 0xFF, 0xFF, 0xFF, 0x91, 0x00, 0x96, 0x00, 0x8A, 0x00, 0x0F, 0x01, 0x36, 0x02, 0xD2, 0x03,
        0x92, 0x05, 0xD8, 0x06, 0x15, 0x07, 0x48, 0x06, 0x2B, 0x05, 0xC9, 0x04, 0x50, 0x05, 0xBE, 0x05,
        0x72, 0x05, 0x1C, 0x05, 0x6B, 0x05, 0x23, 0x06, 0xE5, 0x06, 0x41, 0x07, 0x70, 0x06, 0x87, 0x04,
        0xF9, 0x02, 0x94, 0x02, 0x7D, 0x02, 0xF8, 0x01, 0x35, 0x01, 0x30, 0x00, 0xDF, 0xFE, 0xF5, 0xFD,
        0xE5, 0xFD, 0x0E, 0xFE, 0xE8, 0xFD, 0xA2, 0xFD, 0x56, 0xFD, 0x00, 0xFD, 0xDD, 0xFC, 0xE5, 0xFC,
        0xC6, 0xFC, 0xCD, 0xFC, 0x9A, 0xFD, 0xF4, 0xFE, 0x1F, 0x00, 0xCD, 0x00, 0xFD, 0x00, 0xD2, 0x00,
        0xC7, 0x00, 0x21, 0x01, 0x76, 0x01, 0x9E, 0x01, 0x2B, 0x02, 0x85, 0x03, 0x6C, 0x05, 0x50, 0x07,
        0x64, 0x08, 0x26, 0x08, 0x42, 0x07, 0xCC, 0x06, 0xC0, 0x06, 0x75, 0x06, 0xD8, 0x05, 0x3C, 0x05,
        0xCE, 0x04, 0xDF, 0x04, 0x81, 0x05, 0xEE, 0x05, 0x57, 0x05, 0xCE, 0x03, 0xD1, 0x01, 0xE4, 0xFF,
        0xC4, 0xFE, 0xB6, 0xFE, 0x02, 0xFF, 0x14, 0xFF, 0x34, 0xFF, 0x96, 0xFF, 0xD1, 0xFF, 0x6F, 0xFF,
        0x10, 0xFE, 0xCA, 0xFB, 0xE7, 0xF9, 0xD0, 0xF9, 0x14, 0xFB, 0x4C, 0xFC, 0x4C, 0xFD, 0x93, 0xFE,
        0xC6, 0xFF, 0x76, 0x00, 0x00, 0x01, 0x7A, 0x01, 0x66, 0x01, 0xFB, 0x00, 0x19, 0x01, 0x0A, 0x02,
        0x7C, 0x03, 0x2D, 0x05, 0xD3, 0x06, 0x02, 0x08, 0x8B, 0x08, 0x71, 0x08, 0xAC, 0x07, 0x4B, 0x06,
        0xB6, 0x04, 0xB9, 0x03, 0x22, 0x04, 0xB1, 0x05, 0xF1, 0x06, 0x05, 0x07, 0x9F, 0x06, 0x4B, 0x06,
        0x78, 0x05, 0xF4, 0x03, 0x61, 0x02, 0xD4, 0x00, 0x1B, 0xFF, 0x13, 0xFE, 0x91, 0xFE, 0xAD, 0xFF,
        0xDC, 0xFF, 0xC4, 0xFE, 0xFC, 0xFC, 0x57, 0xFB, 0xA7, 0xFA, 0x03, 0xFB, 0x85, 0xFB, 0x97, 0xFB,
        0xB6, 0xFB, 0x8D, 0xFC, 0x22, 0xFE, 0xED, 0xFF, 0x1D, 0x01, 0x45, 0x01, 0xE1, 0x00, 0x8D, 0x00,
        0x46, 0x00, 0x3C, 0x00, 0x14, 0x01, 0xA1, 0x02, 0xF8, 0x03, 0x06, 0x05, 0x54, 0x06, 0x7F, 0x07,
        0xC0, 0x07, 0x61, 0x07, 0x28, 0x07, 0x27, 0x07, 0xFE, 0x06, 0x8E, 0x06, 0xFF, 0x05, 0xB5, 0x05,
        0x0E, 0x06, 0xC2, 0x06, 0xF4, 0x06, 0xF8, 0x05, 0xE5, 0x03, 0xAB, 0x01, 0x6A, 0x00, 0x36, 0x00,
        0xF9, 0xFF, 0x16, 0xFF, 0x14, 0xFE, 0x78, 0xFD, 0x59, 0xFD, 0xEF, 0xFD, 0xE8, 0xFE, 0xE8, 0xFE,
        0x5B, 0xFD, 0x8A, 0xFB, 0xC5, 0xFA, 0xFC, 0xFA, 0xC9, 0xFB, 0x06, 0xFD, 0x31, 0xFE, 0xDF, 0xFE,
        0x70, 0xFF, 0x35, 0x00, 0xC6, 0x00, 0xE8, 0x00, 0xE7, 0x00, 0x03, 0x01, 0x76, 0x01, 0x9D, 0x02,
        0x5E, 0x04, 0x1F, 0x06, 0x93, 0x07, 0xBC, 0x08, 0x4A, 0x09, 0xD1, 0x08, 0x62, 0x07, 0x8C, 0x05,
        0x30, 0x04, 0x01, 0x04, 0xC2, 0x04, 0x80, 0x05, 0xC5, 0x05, 0xE2, 0x05, 0x1D, 0x06, 0x53, 0x06,
        0x15, 0x06, 0xB3, 0x04, 0x01, 0x02, 0x03, 0xFF, 0x0A, 0xFD, 0x89, 0xFC, 0x49, 0xFD, 0xCB, 0xFE,
        0xF3, 0xFF, 0xC4, 0xFF, 0x96, 0xFE, 0x60, 0xFD, 0x40, 0xFC, 0xE8, 0xFA, 0xAA, 0xF9, 0x36, 0xF9,
        0x09, 0xFA, 0x4C, 0xFC, 0x66, 0xFF, 0xFE, 0x01, 0x25, 0x03, 0xF0, 0x02, 0xDB, 0x01, 0x71, 0x00,
        0x63, 0xFF, 0x1C, 0xFF, 0xAE, 0xFF, 0x62, 0x01, 0x47, 0x04, 0x4E, 0x07, 0x2E, 0x09, 0xAD, 0x09,
        0x1D, 0x09, 0xA0, 0x07, 0xB4, 0x05, 0x39, 0x04, 0x78, 0x03, 0x4B, 0x03, 0x1E, 0x04, 0x5A, 0x06,
        0x21, 0x09, 0xBB, 0x0A, 0x11, 0x0A, 0x3E, 0x07, 0x35, 0x03, 0x3A, 0xFF, 0x76, 0xFC, 0x88, 0xFB,
        0x32, 0xFC, 0x8C, 0xFD, 0x00, 0xFF, 0x9D, 0x00, 0xFC, 0x01, 0xD8, 0x01, 0xB2, 0xFF, 0xB4, 0xFC,
        0x35, 0xFA, 0xC6, 0xF8, 0xE9, 0xF8, 0xD7, 0xFA, 0x87, 0xFD, 0xB2, 0xFF, 0x45, 0x01, 0x69, 0x02,
        0x58, 0x02, 0x94, 0x00, 0x1E, 0xFE, 0x6E, 0xFC, 0x4D, 0xFC, 0xF8, 0xFD, 0x37, 0x01, 0x20, 0x05,
        0x82, 0x08, 0x95, 0x0A, 0x12, 0x0B, 0x0E, 0x0A, 0xC0, 0x07, 0x98, 0x04, 0xB5, 0x01, 0xA7, 0x00,
        0x08, 0x02, 0xE8, 0x04, 0xF0, 0x07, 0x24, 0x0A, 0x95, 0x0A, 0xC6, 0x08, 0x83, 0x05, 0x1D, 0x02,
        0x2F, 0xFF, 0x08, 0xFD, 0x70, 0xFC, 0xE0, 0xFD, 0x9B, 0x00, 0x29, 0x03, 0x57, 0x04, 0xA3, 0x03,
        0x47, 0x01, 0x15, 0xFE, 0x0E, 0xFB, 0xFB, 0xF8, 0x2D, 0xF8, 0xA1, 0xF8, 0x73, 0xFA, 0x98, 0xFD,
        0xF2, 0x00, 0xC6, 0x02, 0x79, 0x02, 0xD4, 0x00, 0xB3, 0xFE, 0xC2, 0xFC, 0x0F, 0xFC, 0x45, 0xFD,
        0xC1, 0xFF, 0x9A, 0x02, 0x91, 0x05, 0x36, 0x08, 0x75, 0x09, 0xB7, 0x08, 0x6F, 0x06, 0x82, 0x03,
        0x09, 0x01, 0x37, 0x00, 0x83, 0x01, 0x32, 0x04, 0x1B, 0x07, 0x5A, 0x09, 0x65, 0x0A, 0x01, 0x0A,
        0x35, 0x08, 0x49, 0x05, 0xFE, 0x01, 0x88, 0xFF, 0xAF, 0xFE, 0x47, 0xFF, 0x99, 0x00, 0xF3, 0x01,
        0xC7, 0x02, 0xCB, 0x02, 0xF6, 0x01, 0x3F, 0x00, 0xB9, 0xFD, 0x0B, 0xFB, 0x4D, 0xF9, 0x4D, 0xF9,
        0x19, 0xFB, 0xEA, 0xFD, 0x72, 0x00, 0xB0, 0x01, 0x7D, 0x01, 0x33, 0x00, 0x59, 0xFE, 0xBD, 0xFC,
        0x0D, 0xFC, 0x40, 0xFC, 0x30, 0xFD, 0x2E, 0xFF, 0x2C, 0x02, 0x02, 0x05, 0x73, 0x06, 0x46, 0x06,
        0x0A, 0x05, 0x8A, 0x03, 0x94, 0x02, 0x99, 0x02, 0x70, 0x03, 0xD7, 0x04, 0xA2, 0x06, 0x55, 0x08,
        0x28, 0x09, 0xA5, 0x08, 0xF7, 0x06, 0xCC, 0x04, 0x04, 0x03, 0x0E, 0x02, 0xB5, 0x01, 0xB6, 0x01,
        0x19, 0x02, 0xAE, 0x02, 0x09, 0x03, 0x0D, 0x03, 0xBC, 0x02, 0xB4, 0x01, 0xBF, 0xFF, 0xA4, 0xFD,
        0x7D, 0xFC, 0x8C, 0xFC, 0x40, 0xFD, 0xF8, 0xFD, 0x56, 0xFE, 0x3B, 0xFE, 0xBE, 0xFD, 0x2A, 0xFD,
        0xBC, 0xFC, 0x72, 0xFC, 0x43, 0xFC, 0x90, 0xFC, 0xD7, 0xFD, 0xCC, 0xFF, 0x80, 0x01, 0x80, 0x02,
        0x0D, 0x03, 0x33, 0x03, 0xD9, 0x02, 0x7D, 0x02, 0xAC, 0x02, 0x2D, 0x03, 0xAE, 0x03, 0x83, 0x04,
        0xC0, 0x05, 0x93, 0x06, 0x64, 0x06, 0xAC, 0x05, 0x1D, 0x05, 0xE0, 0x04, 0xEB, 0x04, 0x38, 0x05,
        0x83, 0x05, 0x73, 0x05, 0x0F, 0x05, 0xB9, 0x04, 0x8E, 0x04, 0x16, 0x04, 0xC6, 0x02, 0xD4, 0x00,
        0x19, 0xFF, 0x27, 0xFE, 0x01, 0xFE, 0x77, 0xFE, 0x17, 0xFF, 0x20, 0xFF, 0x46, 0xFE, 0x35, 0xFD,
        0x96, 0xFC, 0x46, 0xFC, 0x05, 0xFC, 0x2F, 0xFC, 0x14, 0xFD, 0x5C, 0xFE, 0x7C, 0xFF, 0x2F, 0x00,
        0x5A, 0x00, 0xF9, 0xFF, 0x4E, 0xFF, 0xDA, 0xFE, 0xF1, 0xFE, 0x86, 0xFF, 0x80, 0x00, 0x12, 0x02,
        0x41, 0x04, 0x3A, 0x06, 0xF9, 0x06, 0x7C, 0x06, 0x8F, 0x05, 0xC0, 0x04, 0x5A, 0x04, 0xBC, 0x04,
        0xBC, 0x05, 0x81, 0x06, 0x9D, 0x06, 0x8F, 0x06, 0xA5, 0x06, 0x63, 0x06, 0x52, 0x05, 0x8A, 0x03,
        0x6B, 0x01, 0x9A, 0xFF, 0xF7, 0xFE, 0xC4, 0xFF, 0x23, 0x01, 0xED, 0x01, 0xBA, 0x01, 0xE0, 0x00,
        0xC4, 0xFF, 0x75, 0xFE, 0xEE, 0xFC, 0x8D, 0xFB, 0xE9, 0xFA, 0x2F, 0xFB, 0x0C, 0xFC, 0x2C, 0xFD,
        0x4C, 0xFE, 0x15, 0xFF, 0x3F, 0xFF, 0xCD, 0xFE, 0xE8, 0xFD, 0xEA, 0xFC, 0x80, 0xFC, 0x4A, 0xFD,
        0x57, 0xFF, 0x23, 0x02, 0xE2, 0x04, 0xB7, 0x06, 0x1D, 0x07, 0x57, 0x06, 0x2C, 0x05, 0x49, 0x04,
        0xE5, 0x03, 0xCA, 0x03, 0xB8, 0x03, 0xF5, 0x03, 0x18, 0x05, 0xFE, 0x06, 0x89, 0x08, 0xB6, 0x08,
        0x70, 0x07, 0x41, 0x05, 0x00, 0x03, 0x8A, 0x01, 0x34, 0x01, 0x98, 0x01, 0x26, 0x02, 0x8D, 0x02,
        0x8D, 0x02, 0xFB, 0x01, 0xD9, 0x00, 0x36, 0xFF, 0x34, 0xFD, 0x4D, 0xFB, 0x24, 0xFA, 0xFA, 0xF9,
        0xBB, 0xFA, 0x38, 0xFC, 0xF8, 0xFD, 0x45, 0xFF, 0xBA, 0xFF, 0x5B, 0xFF, 0x46, 0xFE, 0xDE, 0xFC,
        0x07, 0xFC, 0x7B, 0xFC, 0x12, 0xFE, 0x0E, 0x00, 0xCC, 0x01, 0x01, 0x03, 0xB7, 0x03, 0x2D, 0x04,
        0x9B, 0x04, 0xE3, 0x04, 0xA6, 0x04, 0xD1, 0x03, 0x22, 0x03, 0x9B, 0x03, 0x4E, 0x05, 0x41, 0x07,
        0x94, 0x08, 0x09, 0x09, 0x92, 0x08, 0x3E, 0x07, 0xA0, 0x05, 0x48, 0x04, 0x14, 0x03, 0xD8, 0x01,
        0x10, 0x01, 0x1A, 0x01, 0x84, 0x01, 0xBC, 0x01, 0xA4, 0x01, 0x18, 0x01, 0xF0, 0xFF, 0x7E, 0xFE,
        0x54, 0xFD, 0x9B, 0xFC, 0x31, 0xFC, 0x21, 0xFC, 0x9F, 0xFC, 0x89, 0xFD, 0x3C, 0xFE, 0x1E, 0xFE,
        0x54, 0xFD, 0x99, 0xFC, 0x5A, 0xFC, 0x76, 0xFC, 0xCB, 0xFC, 0x61, 0xFD, 0x30, 0xFE, 0x53, 0xFF,
        0x2A, 0x01, 0x9C, 0x03, 0x9C, 0x05, 0x3D, 0x06, 0xB0, 0x05, 0xC1, 0x04, 0x01, 0x04, 0xC7, 0x03,
        0x2E, 0x04, 0xE8, 0x04, 0x8C, 0x05, 0x0F, 0x06, 0xAA, 0x06, 0x4F, 0x07, 0x7A, 0x07, 0xC5, 0x06,
        0x79, 0x05, 0x34, 0x04, 0x23, 0x03, 0x2B, 0x02, 0x8E, 0x01, 0x95, 0x01, 0xF3, 0x01, 0x31, 0x02,
        0x42, 0x02, 0xF8, 0x01, 0xBD, 0x00, 0x8F, 0xFE, 0x69, 0xFC, 0x16, 0xFB, 0x87, 0xFA, 0x8D, 0xFA,
        0x26, 0xFB, 0x0C, 0xFC, 0xFE, 0xFC, 0x15, 0xFE, 0x25, 0xFF, 0x6B, 0xFF, 0x7F, 0xFE, 0x08, 0xFD,
        0x39, 0xFC, 0xD7, 0xFC, 0xB7, 0xFE, 0x0F, 0x01, 0x2B, 0x03, 0xAF, 0x04, 0x64, 0x05, 0x41, 0x05,
        0x85, 0x04, 0x85, 0x03, 0x82, 0x02, 0xE6, 0x01, 0x48, 0x02, 0xD3, 0x03, 0x0B, 0x06, 0x3D, 0x08,
        0xCB, 0x09, 0x2A, 0x0A, 0x3C, 0x09, 0x77, 0x07, 0x4D, 0x05, 0xF4, 0x02, 0xE6, 0x00, 0xED, 0xFF,
        0x66, 0x00, 0xD6, 0x01, 0x31, 0x03, 0x74, 0x03, 0x6B, 0x02, 0xAE, 0x00, 0xC8, 0xFE, 0xD4, 0xFC,
        0x08, 0xFB, 0xED, 0xF9, 0xF7, 0xF9, 0x45, 0xFB, 0x85, 0xFD, 0xC7, 0xFF, 0xE2, 0x00, 0x56, 0x00,
        0x98, 0xFE, 0x7E, 0xFC, 0xE3, 0xFA, 0x7C, 0xFA, 0x65, 0xFB, 0x18, 0xFD, 0x3D, 0xFF, 0xC5, 0x01,
        0x39, 0x04, 0xC3, 0x05, 0xED, 0x05, 0xD9, 0x04, 0x21, 0x03, 0xCA, 0x01, 0xA2, 0x01, 0xA8, 0x02,
        0x68, 0x04, 0x98, 0x06, 0xDC, 0x08, 0x76, 0x0A, 0x98, 0x0A, 0xF4, 0x08, 0xF4, 0x05, 0xA6, 0x02,
        0x45, 0x00, 0x97, 0xFF, 0x88, 0x00, 0x53, 0x02, 0x06, 0x04, 0x05, 0x05, 0x27, 0x05, 0x54, 0x04,
        0x52, 0x02, 0x59, 0xFF, 0x5B, 0xFC, 0x55, 0xFA, 0xC8, 0xF9, 0xD8, 0xFA, 0x0C, 0xFD, 0x1C, 0xFF,
        0xF5, 0xFF, 0x9A, 0xFF, 0x7F, 0xFE, 0xE9, 0xFC, 0x40, 0xFB, 0x34, 0xFA, 0x39, 0xFA, 0x7A, 0xFB,
        0xF1, 0xFD, 0x19, 0x01, 0xE2, 0x03, 0x57, 0x05, 0x46, 0x05, 0x24, 0x04, 0x90, 0x02, 0x15, 0x01,
        0x1E, 0x00, 0x24, 0x00, 0x99, 0x01, 0x4B, 0x04, 0x3C, 0x07, 0x5C, 0x09, 0x0B, 0x0A, 0xFD, 0x08,
        0x8F, 0x06, 0x09, 0x04, 0x8C, 0x02, 0x22, 0x02, 0x63, 0x02, 0x2A, 0x03, 0x49, 0x04, 0x4A, 0x05,
        0xBA, 0x05, 0x2F, 0x05, 0x50, 0x03, 0x4B, 0x00, 0x1E, 0xFD, 0xFE, 0xFA, 0x7E, 0xFA, 0x5B, 0xFB,
        0xF6, 0xFC, 0xC2, 0xFE, 0x3A, 0x00, 0xC6, 0x00, 0x14, 0x00, 0x82, 0xFE, 0xC1, 0xFC, 0x42, 0xFB,
        0x78, 0xFA, 0x0B, 0xFB, 0xFA, 0xFC, 0x37, 0xFF, 0xE1, 0x00, 0xFA, 0x01, 0x83, 0x02, 0x3A, 0x02,
        0x48, 0x01, 0x31, 0x00, 0x6B, 0xFF, 0x99, 0xFF, 0x64, 0x01, 0x6C, 0x04, 0x46, 0x07, 0xBF, 0x08,
        0xBA, 0x08, 0xC3, 0x07, 0x64, 0x06, 0xFD, 0x04, 0xD2, 0x03, 0x0E, 0x03, 0xC9, 0x02, 0x04, 0x03,
        0xB5, 0x03, 0xAF, 0x04, 0x63, 0x05, 0xFD, 0x04, 0x47, 0x03, 0x11, 0x01, 0x50, 0xFF, 0x67, 0xFE,
        0x5E, 0xFE, 0xFB, 0xFE, 0xB0, 0xFF, 0x25, 0x00, 0x55, 0x00, 0x01, 0x00, 0xD1, 0xFE, 0x1B, 0xFD,
        0xB3, 0xFB, 0x1A, 0xFB, 0x42, 0xFB, 0xDC, 0xFB, 0xAD, 0xFC, 0xAD, 0xFD, 0xDE, 0xFE, 0xFB, 0xFF,
        0x9C, 0x00, 0x99, 0x00, 0x23, 0x00, 0x9E, 0xFF, 0xA9, 0xFF, 0xD9, 0x00, 0xE5, 0x02, 0xBA, 0x04,
        0x9D, 0x05, 0x9E, 0x05, 0x04, 0x05, 0x38, 0x04, 0xC0, 0x03, 0xA0, 0x03, 0x6E, 0x03, 0x51, 0x03,
        0xE4, 0x03, 0x22, 0x05, 0x55, 0x06, 0xE0, 0x06, 0x75, 0x06, 0x1A, 0x05, 0x52, 0x03, 0xDA, 0x01,
        0x10, 0x01, 0xD3, 0x00, 0xE2, 0x00, 0x14, 0x01, 0x3E, 0x01, 0x1C, 0x01, 0x6C, 0x00, 0x1C, 0xFF,
        0x81, 0xFD, 0x35, 0xFC, 0x9B, 0xFB, 0xBE, 0xFB, 0x82, 0xFC, 0x94, 0xFD, 0x98, 0xFE, 0x79, 0xFF,
        0x1F, 0x00, 0x0D, 0x00, 0x0E, 0xFF, 0xB5, 0xFD, 0xC3, 0xFC, 0xB9, 0xFC, 0xF4, 0xFD, 0x39, 0x00,
        0x6F, 0x02, 0xA4, 0x03, 0xDA, 0x03, 0x8B, 0x03, 0x01, 0x03, 0x76, 0x02, 0x23, 0x02, 0x24, 0x02,
        0xAC, 0x02, 0x0C, 0x04, 0x14, 0x06, 0xD7, 0x07, 0x74, 0x08, 0xBC, 0x07, 0x0C, 0x06, 0x04, 0x04,
        0x4D, 0x02, 0x34, 0x01, 0xBB, 0x00, 0xF4, 0x00, 0xC6, 0x01, 0xC0, 0x02, 0x73, 0x03, 0x84, 0x03,
        0x85, 0x02, 0x8D, 0x00, 0x7F, 0xFE, 0x28, 0xFD, 0xA8, 0xFC, 0xD6, 0xFC, 0x90, 0xFD, 0x93, 0xFE,
        0x84, 0xFF, 0x11, 0x00, 0xDD, 0xFF, 0xA0, 0xFE, 0xA3, 0xFC, 0xDC, 0xFA, 0x3E, 0xFA, 0x1F, 0xFB,
        0x2A, 0xFD, 0xAB, 0xFF, 0xF2, 0x01, 0x9E, 0x03, 0x6C, 0x04, 0x2B, 0x04, 0x1B, 0x03, 0xC4, 0x01,
        0x80, 0x00, 0xDA, 0xFF, 0xA9, 0x00, 0xE2, 0x02, 0x47, 0x05, 0xD6, 0x06, 0x80, 0x07, 0x59, 0x07,
        0x58, 0x06, 0xCE, 0x04, 0x32, 0x03, 0xCA, 0x01, 0x02, 0x01, 0x7C, 0x01, 0x35, 0x03, 0x29, 0x05,
        0x39, 0x06, 0xF9, 0x05, 0x88, 0x04, 0x3B, 0x02, 0xA5, 0xFF, 0x76, 0xFD, 0x30, 0xFC, 0xEB, 0xFB,
        0x6F, 0xFC, 0x98, 0xFD, 0x43, 0xFF, 0xAB, 0x00, 0xB1, 0x00, 0x31, 0xFF, 0x2D, 0xFD, 0x8F, 0xFB,
        0xC8, 0xFA, 0x25, 0xFB, 0x8C, 0xFC, 0x65, 0xFE, 0x40, 0x00, 0xEF, 0x01, 0xF5, 0x02, 0xBF, 0x02,
        0x75, 0x01, 0xF1, 0xFF, 0xF7, 0xFE, 0xD5, 0xFE, 0x97, 0xFF, 0x17, 0x01, 0x0A, 0x03, 0x1F, 0x05,
        0xF2, 0x06, 0x14, 0x08, 0x3C, 0x08, 0x4B, 0x07, 0x5C, 0x05, 0x3E, 0x03, 0x2A, 0x02, 0x7A, 0x02,
        0x70, 0x03, 0x5B, 0x04, 0xED, 0x04, 0xE3, 0x04, 0x3A, 0x04, 0x44, 0x03, 0x09, 0x02, 0x54, 0x00,
        0x77, 0xFE, 0x4C, 0xFD, 0x62, 0xFD, 0x81, 0xFE, 0xE8, 0xFF, 0xCC, 0x00, 0xBD, 0x00, 0xD3, 0xFF,
        0x74, 0xFE, 0x04, 0xFD, 0xD4, 0xFB, 0x1B, 0xFB, 0xFB, 0xFA, 0x93, 0xFB, 0xED, 0xFC, 0x8E, 0xFE,
        0xC0, 0xFF, 0x61, 0x00, 0xB7, 0x00, 0xBF, 0x00, 0x6C, 0x00, 0x1E, 0x00, 0x20, 0x00, 0x85, 0x00,
        0x94, 0x01, 0x71, 0x03, 0x88, 0x05, 0xF1, 0x06, 0x26, 0x07, 0x3A, 0x06, 0xCD, 0x04, 0xBD, 0x03,
        0x63, 0x03, 0x58, 0x03, 0x3E, 0x03, 0x45, 0x03, 0xBB, 0x03, 0x8A, 0x04, 0x56, 0x05, 0x9E, 0x05,
        0xEB, 0x04, 0x54, 0x03, 0x95, 0x01, 0x49, 0x00, 0x82, 0xFF, 0x27, 0xFF, 0x03, 0xFF, 0xCE, 0xFE,
        0x89, 0xFE, 0x65, 0xFE, 0x47, 0xFE, 0xEB, 0xFD, 0x42, 0xFD, 0x6B, 0xFC, 0xBC, 0xFB, 0x9E, 0xFB,
        0x11, 0xFC, 0xBE, 0xFC, 0xA7, 0xFD, 0x0E, 0xFF, 0xA0, 0x00, 0x90, 0x01, 0x87, 0x01, 0xD7, 0x00,
        0xF9, 0xFF, 0x67, 0xFF, 0x9F, 0xFF, 0xAB, 0x00, 0x01, 0x02, 0x34, 0x03, 0x45, 0x04, 0x46, 0x05,
        0x2A, 0x06, 0xB9, 0x06, 0x85, 0x06, 0x64, 0x05, 0xEC, 0x03, 0xF5, 0x02, 0xFE, 0x02, 0xF8, 0x03,
        0x2C, 0x05, 0xAD, 0x05, 0x5E, 0x05, 0xC4, 0x04, 0xED, 0x03, 0x7A, 0x02, 0x99, 0x00, 0xF0, 0xFE,
        0xCF, 0xFD, 0x3D, 0xFD, 0x6A, 0xFD, 0x53, 0xFE, 0x5E, 0xFF, 0xEB, 0xFF, 0xDB, 0xFF, 0x39, 0xFF,
        0x08, 0xFE, 0x8B, 0xFC, 0x46, 0xFB, 0xB3, 0xFA, 0x26, 0xFB, 0x8B, 0xFC, 0x53, 0xFE, 0xD3, 0xFF,
        0x97, 0x00, 0x84, 0x00, 0x16, 0x00, 0xED, 0xFF, 0xF2, 0xFF, 0xC0, 0xFF, 0xBA, 0xFF, 0xAB, 0x00,
        0x9D, 0x02, 0xF2, 0x04, 0x03, 0x07, 0x24, 0x08, 0xCA, 0x07, 0x30, 0x06, 0x57, 0x04, 0x0C, 0x03,
        0x69, 0x02, 0x4F, 0x02, 0xC1, 0x02, 0xAF, 0x03, 0xD8, 0x04, 0xD1, 0x05, 0x13, 0x06, 0x4C, 0x05,
        0x98, 0x03, 0x5D, 0x01, 0x46, 0xFF, 0x19, 0xFE, 0xFB, 0xFD, 0x78, 0xFE, 0x51, 0xFF, 0x5C, 0x00,
        0xE3, 0x00, 0x39, 0x00, 0x8F, 0xFE, 0x88, 0xFC, 0xAA, 0xFA, 0x9A, 0xF9, 0xEE, 0xF9, 0x6F, 0xFB,
        0x3C, 0xFD, 0xCA, 0xFE, 0x1D, 0x00, 0x27, 0x01, 0x95, 0x01, 0x2D, 0x01, 0x15, 0x00, 0xDE, 0xFE,
        0x5C, 0xFE, 0x1C, 0xFF, 0xF2, 0x00, 0x35, 0x03, 0x16, 0x05, 0xF4, 0x05, 0xD6, 0x05, 0x38, 0x05,
        0x58, 0x04, 0x52, 0x03, 0x93, 0x02, 0x7B, 0x02, 0x08, 0x03, 0x2F, 0x04, 0xC4, 0x05, 0x15, 0x07,
        0x54, 0x07, 0x59, 0x06, 0x87, 0x04, 0x56, 0x02, 0x40, 0x00, 0xB6, 0xFE, 0xF4, 0xFD, 0x13, 0xFE,
        0x03, 0xFF, 0x3F, 0x00, 0xDE, 0x00, 0x6E, 0x00, 0x36, 0xFF, 0xB3, 0xFD, 0x63, 0xFC, 0xBF, 0xFB,
        0xD8, 0xFB, 0x51, 0xFC, 0x17, 0xFD, 0x4D, 0xFE, 0xA3, 0xFF, 0x88, 0x00, 0xAC, 0x00, 0xF9, 0xFF,
        0xAB, 0xFE, 0x82, 0xFD, 0x4A, 0xFD, 0x32, 0xFE, 0xDD, 0xFF, 0xC3, 0x01, 0x65, 0x03, 0x8E, 0x04,
        0x3E, 0x05, 0x61, 0x05, 0xD4, 0x04, 0xDC, 0x03, 0x1E, 0x03, 0xFF, 0x02, 0x7F, 0x03, 0x76, 0x04,
        0x87, 0x05, 0x15, 0x06, 0xD1, 0x05, 0xEE, 0x04, 0xA2, 0x03, 0x11, 0x02, 0x9F, 0x00, 0xB6, 0xFF,
        0x8E, 0xFF, 0x30, 0x00, 0x3E, 0x01, 0xF0, 0x01, 0xC4, 0x01, 0xD9, 0x00, 0x90, 0xFF, 0x5C, 0xFE,
        0x99, 0xFD, 0x32, 0xFD, 0xD8, 0xFC, 0xAC, 0xFC, 0x11, 0xFD, 0xDB, 0xFD, 0x6C, 0xFE, 0x8B, 0xFE,
        0x5F, 0xFE, 0xEE, 0xFD, 0x69, 0xFD, 0x77, 0xFD, 0x6D, 0xFE, 0xD5, 0xFF, 0x2D, 0x01, 0x53, 0x02,
        0x2D, 0x03, 0x91, 0x03, 0x79, 0x03, 0xF7, 0x02, 0x44, 0x02, 0xD3, 0x01, 0xFB, 0x01, 0xC5, 0x02,
        0xEE, 0x03, 0xED, 0x04, 0x53, 0x05, 0x44, 0x05, 0x05, 0x05, 0x6A, 0x04, 0x53, 0x03, 0x3A, 0x02,
        0xB8, 0x01, 0xDB, 0x01, 0x6D, 0x02, 0x3C, 0x03, 0xBD, 0x03, 0x39, 0x03, 0xB8, 0x01, 0xFD, 0xFF,
        0x97, 0xFE, 0x9D, 0xFD, 0x1B, 0xFD, 0x10, 0xFD, 0x64, 0xFD, 0x15, 0xFE, 0x00, 0xFF, 0xB3, 0xFF,
        0xCE, 0xFF, 0x38, 0xFF, 0x16, 0xFE, 0xF2, 0xFC, 0x81, 0xFC, 0xF3, 0xFC, 0xF9, 0xFD, 0x59, 0xFF,
        0xDB, 0x00, 0xFC, 0x01, 0x50, 0x02, 0xE2, 0x01, 0xED, 0x00, 0xBF, 0xFF, 0x07, 0xFF, 0x83, 0xFF,
        0x1F, 0x01, 0x10, 0x03, 0xC2, 0x04, 0x0B, 0x06, 0xBE, 0x06, 0x9F, 0x06, 0x9C, 0x05, 0xE5, 0x03,
        0x0D, 0x02, 0xD6, 0x00, 0xAE, 0x00, 0x8E, 0x01, 0x19, 0x03, 0x79, 0x04, 0xC8, 0x04, 0xE6, 0x03,
        0x5D, 0x02, 0xAF, 0x00, 0x36, 0xFF, 0x46, 0xFE, 0xF2, 0xFD, 0x29, 0xFE, 0x05, 0xFF, 0x71, 0x00,
        0xAF, 0x01, 0xDE, 0x01, 0xD9, 0x00, 0x1D, 0xFF, 0x29, 0xFD, 0x82, 0xFB, 0xB8, 0xFA, 0x14, 0xFB,
        0x7D, 0xFC, 0xA0, 0xFE, 0xCB, 0x00, 0x28, 0x02, 0x5D, 0x02, 0x96, 0x01, 0x31, 0x00, 0xDC, 0xFE,
        0x64, 0xFE, 0x04, 0xFF, 0x5D, 0x00, 0x11, 0x02, 0xE6, 0x03, 0x81, 0x05, 0x6A, 0x06, 0x31, 0x06,
        0xA7, 0x04, 0x42, 0x02, 0x1C, 0x00, 0x33, 0xFF, 0xCE, 0xFF, 0x8E, 0x01, 0xB3, 0x03, 0x67, 0x05,
        0x2A, 0x06, 0xFE, 0x05, 0xFE, 0x04, 0x38, 0x03, 0x11, 0x01, 0x2C, 0xFF, 0xFB, 0xFD, 0xD0, 0xFD,
        0xDC, 0xFE, 0x9A, 0x00, 0xE3, 0x01, 0x0C, 0x02, 0x2D, 0x01, 0x89, 0xFF, 0x6F, 0xFD, 0x7F, 0xFB,
        0x74, 0xFA, 0xC8, 0xFA, 0x7A, 0xFC, 0xF3, 0xFE, 0x43, 0x01, 0xA5, 0x02, 0xCB, 0x02, 0xCE, 0x01,
        0x23, 0x00, 0x75, 0xFE, 0x3E, 0xFD, 0xB9, 0xFC, 0x34, 0xFD, 0xE5, 0xFE, 0x5F, 0x01, 0xC7, 0x03,
        0x66, 0x05, 0xB6, 0x05, 0x8A, 0x04, 0x96, 0x02, 0x1B, 0x01, 0xB5, 0x00, 0x27, 0x01, 0x23, 0x02,
        0x82, 0x03, 0xFE, 0x04, 0x25, 0x06, 0x83, 0x06, 0xC6, 0x05, 0x05, 0x04, 0xBC, 0x01, 0x95, 0xFF,
        0x41, 0xFE, 0x2E, 0xFE, 0x25, 0xFF, 0x7B, 0x00, 0xB6, 0x01, 0x8D, 0x02, 0x98, 0x02, 0x90, 0x01,
        0xCF, 0xFF, 0xFA, 0xFD, 0x86, 0xFC, 0xE6, 0xFB, 0x71, 0xFC, 0xC6, 0xFD, 0x07, 0xFF, 0xD1, 0xFF,
        0x3A, 0x00, 0x25, 0x00, 0x61, 0xFF, 0x1E, 0xFE, 0xE4, 0xFC, 0x45, 0xFC, 0xAD, 0xFC, 0x2A, 0xFE,
        0x5F, 0x00, 0xA3, 0x02, 0x31, 0x04, 0x9D, 0x04, 0x29, 0x04, 0x63, 0x03, 0x85, 0x02, 0x9A, 0x01,
        0xF4, 0x00, 0xF8, 0x00, 0xB5, 0x01, 0xF7, 0x02, 0x64, 0x04, 0x5C, 0x05, 0x53, 0x05, 0x7C, 0x04,
        0x6E, 0x03, 0x66, 0x02, 0x73, 0x01, 0xE2, 0x00, 0xF1, 0x00, 0x7D, 0x01, 0x32, 0x02, 0xB1, 0x02,
        0x9A, 0x02, 0xC3, 0x01, 0x57, 0x00, 0xB2, 0xFE, 0x59, 0xFD, 0xB5, 0xFC, 0xAF, 0xFC, 0xED, 0xFC,
        0x5D, 0xFD, 0x1A, 0xFE, 0xF7, 0xFE, 0x8F, 0xFF, 0x9F, 0xFF, 0x1E, 0xFF, 0x4D, 0xFE, 0xBA, 0xFD,
        0xCF, 0xFD, 0x67, 0xFE, 0x21, 0xFF, 0xE3, 0xFF, 0xB3, 0x00, 0x6F, 0x01, 0xF7, 0x01, 0x3D, 0x02,
        0x29, 0x02, 0xD1, 0x01, 0x85, 0x01, 0x80, 0x01, 0xDD, 0x01, 0xA7, 0x02, 0xAD, 0x03, 0x8D, 0x04,
        0x25, 0x05, 0x83, 0x05, 0x7B, 0x05, 0xCB, 0x04, 0x94, 0x03, 0x4A, 0x02, 0x55, 0x01, 0xE3, 0x00,
        0xDE, 0x00, 0xEF, 0x00, 0xD8, 0x00, 0xAD, 0x00, 0x94, 0x00, 0x7C, 0x00, 0x3B, 0x00, 0xB3, 0xFF,
        0xE1, 0xFE, 0x0B, 0xFE, 0xA1, 0xFD, 0xC0, 0xFD, 0x1E, 0xFE, 0x77, 0xFE, 0xA3, 0xFE, 0x7E, 0xFE,
        0x2C, 0xFE, 0xF9, 0xFD, 0xE0, 0xFD, 0xA5, 0xFD, 0x62, 0xFD, 0x7F, 0xFD, 0x30, 0xFE, 0x57, 0xFF,
        0xAE, 0x00, 0xEC, 0x01, 0xD8, 0x02, 0x5E, 0x03, 0x7E, 0x03, 0x44, 0x03, 0xDD, 0x02, 0x82, 0x02,
        0x5F, 0x02, 0x99, 0x02, 0x41, 0x03, 0x06, 0x04, 0x72, 0x04, 0x6B, 0x04, 0x26, 0x04, 0xB0, 0x03,
        0x0A, 0x03, 0x60, 0x02, 0xBF, 0x01, 0x21, 0x01, 0xCF, 0x00, 0x23, 0x01, 0xEA, 0x01, 0x75, 0x02,
        0x49, 0x02, 0x68, 0x01, 0x1B, 0x00, 0xBA, 0xFE, 0x8B, 0xFD, 0xB7, 0xFC, 0x4A, 0xFC, 0x40, 0xFC,
        0x94, 0xFC, 0x44, 0xFD, 0x26, 0xFE, 0xC6, 0xFE, 0xC7, 0xFE, 0x54, 0xFE, 0xE9, 0xFD, 0xC9, 0xFD,
        0x0A, 0xFE, 0xC6, 0xFE, 0xD9, 0xFF, 0xE5, 0x00, 0xBD, 0x01, 0x65, 0x02, 0xA7, 0x02, 0x50, 0x02,
        0xA4, 0x01, 0x2B, 0x01, 0x2D, 0x01, 0xA9, 0x01, 0x7B, 0x02, 0x6B, 0x03, 0x42, 0x04, 0xE5, 0x04,
        0x4A, 0x05, 0x5A, 0x05, 0xF5, 0x04, 0x0B, 0x04, 0xD4, 0x02, 0xD5, 0x01, 0x7D, 0x01, 0xAD, 0x01,
        0xEE, 0x01, 0xF2, 0x01, 0xA4, 0x01, 0xF9, 0x00, 0x0D, 0x00, 0x1A, 0xFF, 0x31, 0xFE, 0x5F, 0xFD,
        0xE6, 0xFC, 0x0A, 0xFD, 0xB0, 0xFD, 0x79, 0xFE, 0x0E, 0xFF, 0x38, 0xFF, 0xF3, 0xFE, 0x6D, 0xFE,
        0xE4, 0xFD, 0x81, 0xFD, 0x59, 0xFD, 0x7E, 0xFD, 0x02, 0xFE, 0xF1, 0xFE, 0x1C, 0x00, 0x09, 0x01,
        0x5E, 0x01, 0x46, 0x01, 0x35, 0x01, 0x67, 0x01, 0xE2, 0x01, 0x90, 0x02, 0x41, 0x03, 0xCF, 0x03,
        0x4D, 0x04, 0xC9, 0x04, 0x07, 0x05, 0xBE, 0x04, 0xF3, 0x03, 0xEA, 0x02, 0xFF, 0x01, 0x8D, 0x01,
        0xAC, 0x01, 0x12, 0x02, 0x5F, 0x02, 0x68, 0x02, 0x2A, 0x02, 0xAD, 0x01, 0x07, 0x01, 0x4B, 0x00,
        0x92, 0xFF, 0x0A, 0xFF, 0xD9, 0xFE, 0xDE, 0xFE, 0xCF, 0xFE, 0x85, 0xFE, 0x0D, 0xFE, 0x8D, 0xFD,
        0x29, 0xFD, 0xF3, 0xFC, 0xDF, 0xFC, 0xF1, 0xFC, 0x4D, 0xFD, 0x08, 0xFE, 0x08, 0xFF, 0x03, 0x00,
        0x99, 0x00, 0x99, 0x00, 0x49, 0x00, 0x30, 0x00, 0x89, 0x00, 0x2F, 0x01, 0xE1, 0x01, 0x6C, 0x02,
        0xBF, 0x02, 0xF7, 0x02, 0x39, 0x03, 0x68, 0x03, 0x44, 0x03, 0xD1, 0x02, 0x59, 0x02, 0x32, 0x02,
        0x8C, 0x02, 0x5A, 0x03, 0x3A, 0x04, 0xB5, 0x04, 0x8E, 0x04, 0xD4, 0x03, 0xB9, 0x02, 0x79, 0x01,
        0x4A, 0x00, 0x61, 0xFF, 0xF3, 0xFE, 0x11, 0xFF, 0x71, 0xFF, 0xA8, 0xFF, 0x8B, 0xFF, 0x2D, 0xFF,
        0x97, 0xFE, 0xD7, 0xFD, 0x21, 0xFD, 0xAD, 0xFC, 0xA6, 0xFC, 0x35, 0xFD, 0x5C, 0xFE, 0xBE, 0xFF,
        0xBE, 0x00, 0xEB, 0x00, 0x3C, 0x00, 0x10, 0xFF, 0x00, 0xFE, 0x8E, 0xFD, 0xD9, 0xFD, 0xB3, 0xFE,
        0xDB, 0xFF, 0x34, 0x01, 0xB3, 0x02, 0x0F, 0x04, 0xB9, 0x04, 0x5D, 0x04, 0x44, 0x03, 0x16, 0x02,
        0x59, 0x01, 0x61, 0x01, 0x43, 0x02, 0xA1, 0x03, 0xD3, 0x04, 0x61, 0x05, 0x2A, 0x05, 0x2C, 0x04,
        0x8B, 0x02, 0xB6, 0x00, 0x38, 0xFF, 0x74, 0xFE, 0x98, 0xFE, 0x8F, 0xFF, 0xE2, 0x00, 0xF0, 0x01,
        0x52, 0x02, 0xF5, 0x01, 0xEB, 0x00, 0x55, 0xFF, 0x88, 0xFD, 0x20, 0xFC, 0xB9, 0xFB, 0x7C, 0xFC,
        0xF3, 0xFD, 0x6D, 0xFF, 0x60, 0x00, 0x81, 0x00, 0xCD, 0xFF, 0xA4, 0xFE, 0x8A, 0xFD, 0xD6, 0xFC,
        0xBC, 0xFC, 0x75, 0xFD, 0x17, 0xFF, 0x56, 0x01, 0x90, 0x03, 0x0E, 0x05, 0x46, 0x05, 0x2E, 0x04,
        0x58, 0x02, 0x9B, 0x00, 0x92, 0xFF, 0x75, 0xFF, 0x3D, 0x00, 0xBA, 0x01, 0x8E, 0x03, 0x1D, 0x05,
        0xC3, 0x05, 0x33, 0x05, 0xAB, 0x03, 0xB7, 0x01, 0xFC, 0xFF, 0x18, 0xFF, 0x52, 0xFF, 0x63, 0x00,
        0xBB, 0x01, 0xE5, 0x02, 0x7F, 0x03, 0x26, 0x03, 0xB8, 0x01, 0x88, 0xFF, 0x3A, 0xFD, 0x81, 0xFB,
        0xF8, 0xFA, 0xCA, 0xFB, 0x89, 0xFD, 0x73, 0xFF, 0xF0, 0x00, 0xAC, 0x01, 0x7E, 0x01, 0x6A, 0x00,
        0xC3, 0xFE, 0x25, 0xFD, 0x3E, 0xFC, 0x7E, 0xFC, 0xE6, 0xFD, 0x06, 0x00, 0x23, 0x02, 0x81, 0x03,
        0xC0, 0x03, 0xFD, 0x02, 0x9B, 0x01, 0x0A, 0x00, 0xD1, 0xFE, 0x7D, 0xFE, 0x57, 0xFF, 0x3C, 0x01,
        0xA0, 0x03, 0xB1, 0x05, 0x9F, 0x06, 0x23, 0x06, 0x97, 0x04, 0xA2, 0x02, 0xD3, 0x00, 0x8E, 0xFF,
        0x0D, 0xFF, 0x5E, 0xFF, 0x64, 0x00, 0xC8, 0x01, 0xF7, 0x02, 0x5A, 0x03, 0xAB, 0x02, 0x18, 0x01,
        0x2B, 0xFF, 0x9B, 0xFD, 0xEE, 0xFC, 0x38, 0xFD, 0x33, 0xFE, 0x81, 0xFF, 0xBA, 0x00, 0x6D, 0x01,
        0x47, 0x01, 0x37, 0x00, 0x85, 0xFE, 0xCA, 0xFC, 0xB5, 0xFB, 0xAB, 0xFB, 0xA1, 0xFC, 0x45, 0xFE,
        0x2D, 0x00, 0xDE, 0x01, 0xEA, 0x02, 0x0D, 0x03, 0x4A, 0x02, 0xF3, 0x00, 0xAC, 0xFF, 0x1D, 0xFF,
        0x90, 0xFF, 0xD2, 0x00, 0x5E, 0x02, 0x9D, 0x03, 0x33, 0x04, 0x1C, 0x04, 0x8E, 0x03, 0xB2, 0x02,
        0xA4, 0x01, 0x9A, 0x00, 0xF7, 0xFF, 0x1E, 0x00, 0x21, 0x01, 0x8D, 0x02, 0xB3, 0x03, 0x1B, 0x04,
        0xA4, 0x03, 0x75, 0x02, 0xF1, 0x00, 0x8D, 0xFF, 0x94, 0xFE, 0x1A, 0xFE, 0x2B, 0xFE, 0xBD, 0xFE,
        0x7D, 0xFF, 0x01, 0x00, 0x0A, 0x00, 0x8E, 0xFF, 0xAE, 0xFE, 0xC1, 0xFD, 0x35, 0xFD, 0x39, 0xFD,
        0xBA, 0xFD, 0x9F, 0xFE, 0xCE, 0xFF, 0xF7, 0x00, 0xA1, 0x01, 0x7E, 0x01, 0xB1, 0x00, 0xB5, 0xFF,
        0x05, 0xFF, 0xD9, 0xFE, 0x2B, 0xFF, 0xD2, 0xFF, 0x97, 0x00, 0x5E, 0x01, 0x30, 0x02, 0x08, 0x03,
        0x9B, 0x03, 0x9B, 0x03, 0x12, 0x03, 0x5A, 0x02, 0xD5, 0x01, 0xC3, 0x01, 0x25, 0x02, 0xA8, 0x02,
        0xE5, 0x02, 0xC3, 0x02, 0x62, 0x02, 0xDA, 0x01, 0x29, 0x01, 0x5F, 0x00, 0xAD, 0xFF, 0x47, 0xFF,
        0x3E, 0xFF, 0x7A, 0xFF, 0xCF, 0xFF, 0x1B, 0x00, 0x3B, 0x00, 0x1A, 0x00, 0xC8, 0xFF, 0x61, 0xFF,
        0xE4, 0xFE, 0x5F, 0xFE, 0x10, 0xFE, 0x23, 0xFE, 0x71, 0xFE, 0xB5, 0xFE, 0xD3, 0xFE, 0xCD, 0xFE,
        0xC3, 0xFE, 0xED, 0xFE, 0x64, 0xFF, 0xEA, 0xFF, 0x36, 0x00, 0x50, 0x00, 0x86, 0x00, 0x0B, 0x01,
        0xCD, 0x01, 0x85, 0x02, 0xEE, 0x02, 0xF4, 0x02, 0xB5, 0x02, 0x6A, 0x02, 0x40, 0x02, 0x37, 0x02,
        0x22, 0x02, 0xE8, 0x01, 0xAA, 0x01, 0x9A, 0x01, 0xB8, 0x01, 0xE5, 0x01, 0x0A, 0x02, 0x1A, 0x02,
        0x0E, 0x02, 0xEA, 0x01, 0xA4, 0x01, 0x24, 0x01, 0x73, 0x00, 0xCB, 0xFF, 0x53, 0xFF, 0x02, 0xFF,
        0xC3, 0xFE, 0x8D, 0xFE, 0x62, 0xFE, 0x51, 0xFE, 0x63, 0xFE, 0x7B, 0xFE, 0x6D, 0xFE, 0x34, 0xFE,
        0xFC, 0xFD, 0x02, 0xFE, 0x76, 0xFE, 0x43, 0xFF, 0x08, 0x00, 0x63, 0x00, 0x57, 0x00, 0x34, 0x00,
        0x35, 0x00, 0x5F, 0x00, 0x90, 0x00, 0xAC, 0x00, 0xC0, 0x00, 0xF8, 0x00, 0x6D, 0x01, 0x09, 0x02,
        0x9E, 0x02, 0xFF, 0x02, 0x13, 0x03, 0xF3, 0x02, 0xD3, 0x02, 0xC0, 0x02, 0xA4, 0x02, 0x80, 0x02,
        0x6D, 0x02, 0x6B, 0x02, 0x61, 0x02, 0x32, 0x02, 0xC3, 0x01, 0x15, 0x01, 0x5A, 0x00, 0xC8, 0xFF,
        0x68, 0xFF, 0x1E, 0xFF, 0xE1, 0xFE, 0xC7, 0xFE, 0xE9, 0xFE, 0x3C, 0xFF, 0x86, 0xFF, 0x87, 0xFF,
        0x34, 0xFF, 0xB7, 0xFE, 0x47, 0xFE, 0x18, 0xFE, 0x37, 0xFE, 0x65, 0xFE, 0x66, 0xFE, 0x5A, 0xFE,
        0x8A, 0xFE, 0xFB, 0xFE, 0x77, 0xFF, 0xDE, 0xFF, 0x2B, 0x00, 0x66, 0x00, 0xB4, 0x00, 0x3E, 0x01,
        0xEB, 0x01, 0x74, 0x02, 0xBB, 0x02, 0xD7, 0x02, 0xE5, 0x02, 0xE2, 0x02, 0xC0, 0x02, 0x7A, 0x02,
        0x29, 0x02, 0xEC, 0x01, 0xD5, 0x01, 0xE5, 0x01, 0xFF, 0x01, 0xF2, 0x01, 0xB2, 0x01, 0x79, 0x01,
        0x73, 0x01, 0x75, 0x01, 0x3F, 0x01, 0xDA, 0x00, 0x6B, 0x00, 0x02, 0x00, 0xA7, 0xFF, 0x62, 0xFF,
        0x14, 0xFF, 0xA3, 0xFE, 0x2F, 0xFE, 0xF5, 0xFD, 0xFF, 0xFD, 0x22, 0xFE, 0x2E, 0xFE, 0x18, 0xFE,
        0x02, 0xFE, 0x1A, 0xFE, 0x74, 0xFE, 0xFD, 0xFE, 0x97, 0xFF, 0x26, 0x00, 0xA1, 0x00, 0x17, 0x01,
        0x7A, 0x01, 0x91, 0x01, 0x46, 0x01, 0xDD, 0x00, 0xA9, 0x00, 0xC0, 0x00, 0x15, 0x01, 0x96, 0x01,
        0x19, 0x02, 0x7B, 0x02, 0xCA, 0x02, 0x1A, 0x03, 0x42, 0x03, 0x0B, 0x03, 0x81, 0x02, 0xEC, 0x01,
        0x9E, 0x01, 0xB6, 0x01, 0x0A, 0x02, 0x46, 0x02, 0x2A, 0x02, 0xA6, 0x01, 0xD6, 0x00, 0xEB, 0xFF,
        0x09, 0xFF, 0x3D, 0xFE, 0xA0, 0xFD, 0x70, 0xFD, 0xD0, 0xFD, 0x94, 0xFE, 0x65, 0xFF, 0xF9, 0xFF,
        0x19, 0x00, 0xBD, 0xFF, 0x18, 0xFF, 0x69, 0xFE, 0xD5, 0xFD, 0x89, 0xFD, 0xBF, 0xFD, 0x81, 0xFE,
        0x96, 0xFF, 0xA2, 0x00, 0x49, 0x01, 0x53, 0x01, 0xDE, 0x00, 0x46, 0x00, 0xDA, 0xFF, 0xC3, 0xFF,
        0x14, 0x00, 0xD2, 0x00, 0xF2, 0x01, 0x55, 0x03, 0xA0, 0x04, 0x48, 0x05, 0xED, 0x04, 0xAE, 0x03,
        0x0C, 0x02, 0xA0, 0x00, 0xDE, 0xFF, 0xE7, 0xFF, 0x83, 0x00, 0x5C, 0x01, 0x2B, 0x02, 0xAF, 0x02,
        0xAD, 0x02, 0x0B, 0x02, 0xD7, 0x00, 0x58, 0xFF, 0x15, 0xFE, 0x91, 0xFD, 0xE9, 0xFD, 0xD5, 0xFE,
        0xED, 0xFF, 0xC9, 0x00, 0x09, 0x01, 0x81, 0x00, 0x50, 0xFF, 0xCA, 0xFD, 0x69, 0xFC, 0xB4, 0xFB,
        0xFD, 0xFB, 0x30, 0xFD, 0xE8, 0xFE, 0x9E, 0x00, 0xDD, 0x01, 0x69, 0x02, 0x42, 0x02, 0x84, 0x01,
        0x66, 0x00, 0x52, 0xFF, 0xC4, 0xFE, 0x16, 0xFF, 0x5A, 0x00, 0x31, 0x02, 0xD8, 0x03, 0x98, 0x04,
        0x46, 0x04, 0x2E, 0x03, 0xBC, 0x01, 0x65, 0x00, 0x99, 0xFF, 0x91, 0xFF, 0x42, 0x00, 0x86, 0x01,
        0x0B, 0x03, 0x44, 0x04, 0x9C, 0x04, 0xD6, 0x03, 0x23, 0x02, 0x0D, 0x00, 0x37, 0xFE, 0x20, 0xFD,
        0x00, 0xFD, 0xC3, 0xFD, 0x0F, 0xFF, 0x60, 0x00, 0x3B, 0x01, 0x47, 0x01, 0x68, 0x00, 0xE3, 0xFE,
        0x66, 0xFD, 0x90, 0xFC, 0x96, 0xFC, 0x69, 0xFD, 0xDA, 0xFE, 0x8C, 0x00, 0xF5, 0x01, 0xA6, 0x02,
        0x66, 0x02, 0x32, 0x01, 0x5E, 0xFF, 0xAA, 0xFD, 0xDE, 0xFC, 0x5A, 0xFD, 0xF5, 0xFE, 0x20, 0x01,
        0x24, 0x03, 0x74, 0x04, 0xD1, 0x04, 0x44, 0x04, 0x09, 0x03, 0x84, 0x01, 0x28, 0x00, 0x70, 0xFF,
        0xB7, 0xFF, 0xE4, 0x00, 0x61, 0x02, 0x82, 0x03, 0xE2, 0x03, 0x58, 0x03, 0xF8, 0x01, 0x2F, 0x00,
        0x94, 0xFE, 0x94, 0xFD, 0x69, 0xFD, 0x2A, 0xFE, 0xA1, 0xFF, 0x3B, 0x01, 0x51, 0x02, 0x7E, 0x02,
        0xB9, 0x01, 0x4B, 0x00, 0xAB, 0xFE, 0x4B, 0xFD, 0x81, 0xFC, 0x83, 0xFC, 0x52, 0xFD, 0xB6, 0xFE,
        0x3E, 0x00, 0x58, 0x01, 0x87, 0x01, 0xC0, 0x00, 0x7E, 0xFF, 0x62, 0xFE, 0xDF, 0xFD, 0x30, 0xFE,
        0x4F, 0xFF, 0xE3, 0x00, 0x72, 0x02, 0xA3, 0x03, 0x2C, 0x04, 0xD2, 0x03, 0xA6, 0x02, 0x15, 0x01,
        0xB4, 0xFF, 0xFD, 0xFE, 0x28, 0xFF, 0x0F, 0x00, 0x4C, 0x01, 0x78, 0x02, 0x43, 0x03, 0x77, 0x03,
        0x02, 0x03, 0x02, 0x02, 0xC2, 0x00, 0xB5, 0xFF, 0x46, 0xFF, 0x90, 0xFF, 0x4C, 0x00, 0x0F, 0x01,
        0x82, 0x01, 0x6A, 0x01, 0xBB, 0x00, 0xAB, 0xFF, 0x86, 0xFE, 0x86, 0xFD, 0xF1, 0xFC, 0x09, 0xFD,
        0xDC, 0xFD, 0x23, 0xFF, 0x66, 0x00, 0x2A, 0x01, 0x30, 0x01, 0x9C, 0x00, 0xC7, 0xFF, 0x01, 0xFF,
        0x84, 0xFE, 0x7B, 0xFE, 0xED, 0xFE, 0xB4, 0xFF, 0x9B, 0x00, 0x61, 0x01, 0xBF, 0x01, 0x94, 0x01,
        0x0A, 0x01, 0x70, 0x00, 0x0E, 0x00, 0x0F, 0x00, 0x78, 0x00, 0x26, 0x01, 0xF6, 0x01, 0xC1, 0x02,
        0x4D, 0x03, 0x5C, 0x03, 0xD9, 0x02, 0xEC, 0x01, 0xE8, 0x00, 0x2C, 0x00, 0xEA, 0xFF, 0x07, 0x00,
        0x4A, 0x00, 0x92, 0x00, 0xC6, 0x00, 0xC7, 0x00, 0x94, 0x00, 0x3C, 0x00, 0xC3, 0xFF, 0x3C, 0xFF,
        0xE9, 0xFE, 0x04, 0xFF, 0x7A, 0xFF, 0x02, 0x00, 0x54, 0x00, 0x49, 0x00, 0xE3, 0xFF, 0x47, 0xFF,
        0xA6, 0xFE, 0x2E, 0xFE, 0x00, 0xFE, 0x2B, 0xFE, 0xA7, 0xFE, 0x5E, 0xFF, 0x23, 0x00, 0xB4, 0x00,
        0xF1, 0x00, 0xFA, 0x00, 0xF0, 0x00, 0xD7, 0x00, 0xC1, 0x00, 0xCC, 0x00, 0xF9, 0x00, 0x34, 0x01,
        0x7C, 0x01, 0xC5, 0x01, 0xD9, 0x01, 0x93, 0x01, 0x18, 0x01, 0xB3, 0x00, 0x95, 0x00, 0xC4, 0x00,
        0x21, 0x01, 0x80, 0x01, 0xBF, 0x01, 0xD1, 0x01, 0xB3, 0x01, 0x70, 0x01, 0x0B, 0x01, 0x7F, 0x00,
        0xEA, 0xFF, 0x89, 0xFF, 0x77, 0xFF, 0x93, 0xFF, 0xB7, 0xFF, 0xC5, 0xFF, 0x98, 0xFF, 0x27, 0xFF,
        0xA7, 0xFE, 0x55, 0xFE, 0x3B, 0xFE, 0x50, 0xFE, 0xA9, 0xFE, 0x4B, 0xFF, 0xFF, 0xFF, 0x7F, 0x00,
        0xAE, 0x00, 0x93, 0x00, 0x44, 0x00, 0xDC, 0xFF, 0x79, 0xFF, 0x43, 0xFF, 0x55, 0xFF, 0xA9, 0xFF,
        0x2F, 0x00, 0xD7, 0x00, 0x74, 0x01, 0xC7, 0x01, 0xBB, 0x01, 0x7D, 0x01, 0x45, 0x01, 0x37, 0x01,
        0x68, 0x01, 0xCC, 0x01, 0x2D, 0x02, 0x61, 0x02, 0x6F, 0x02, 0x55, 0x02, 0xF2, 0x01, 0x3E, 0x01,
        0x65, 0x00, 0x9F, 0xFF, 0x1E, 0xFF, 0x00, 0xFF, 0x46, 0xFF, 0xCF, 0xFF, 0x5D, 0x00, 0xB3, 0x00,
        0xB2, 0x00, 0x67, 0x00, 0xE7, 0xFF, 0x44, 0xFF, 0xAB, 0xFE, 0x5A, 0xFE, 0x6A, 0xFE, 0xB6, 0xFE,
        0x14, 0xFF, 0x64, 0xFF, 0x8A, 0xFF, 0x79, 0xFF, 0x42, 0xFF, 0xFE, 0xFE, 0xBD, 0xFE, 0x9E, 0xFE,
        0xCD, 0xFE, 0x5D, 0xFF, 0x36, 0x00, 0x29, 0x01, 0xF5, 0x01, 0x62, 0x02, 0x65, 0x02, 0x1E, 0x02,
        0xB2, 0x01, 0x49, 0x01, 0x01, 0x01, 0xE2, 0x00, 0xEC, 0x00, 0x2A, 0x01, 0x86, 0x01, 0xCC, 0x01,
        0xD6, 0x01, 0xA7, 0x01, 0x51, 0x01, 0xE8, 0x00, 0x90, 0x00, 0x67, 0x00, 0x72, 0x00, 0xA3, 0x00,
        0xE8, 0x00, 0x1A, 0x01, 0x0D, 0x01, 0xB2, 0x00, 0x0B, 0x00, 0x36, 0xFF, 0x70, 0xFE, 0xEB, 0xFD,
        0xA7, 0xFD, 0xA3, 0xFD, 0xEA, 0xFD, 0x6E, 0xFE, 0x0E, 0xFF, 0xAB, 0xFF, 0x1E, 0x00, 0x3A, 0x00,
        0xFC, 0xFF, 0x99, 0xFF, 0x58, 0xFF, 0x5C, 0xFF, 0xA3, 0xFF, 0x16, 0x00, 0x91, 0x00, 0xF6, 0x00,
        0x3C, 0x01, 0x5B, 0x01, 0x4D, 0x01, 0x12, 0x01, 0xBA, 0x00, 0x70, 0x00, 0x6E, 0x00, 0xC7, 0x00,
        0x5E, 0x01, 0x10, 0x02, 0xB9, 0x02, 0x1D, 0x03, 0x02, 0x03, 0x6B, 0x02, 0x96, 0x01, 0xBD, 0x00,
        0x00, 0x00, 0x8C, 0xFF, 0x7C, 0xFF, 0xAF, 0xFF, 0xF0, 0xFF, 0x26, 0x00, 0x3F, 0x00, 0x29, 0x00,
        0xD7, 0xFF, 0x45, 0xFF, 0x91, 0xFE, 0x02, 0xFE, 0xDE, 0xFD, 0x41, 0xFE, 0x11, 0xFF, 0xF5, 0xFF,
        0x86, 0x00, 0x94, 0x00, 0x35, 0x00, 0x95, 0xFF, 0xDB, 0xFE, 0x41, 0xFE, 0x00, 0xFE, 0x25, 0xFE,
        0xB0, 0xFE, 0xAE, 0xFF, 0xFF, 0x00, 0x30, 0x02, 0xD6, 0x02, 0xD5, 0x02, 0x50, 0x02, 0x86, 0x01,
        0xC0, 0x00, 0x4D, 0x00, 0x60, 0x00, 0xEB, 0x00, 0xAC, 0x01, 0x58, 0x02, 0xB8, 0x02, 0xAD, 0x02,
        0x28, 0x02, 0x3D, 0x01, 0x33, 0x00, 0x59, 0xFF, 0xE4, 0xFE, 0xFC, 0xFE, 0xAB, 0xFF, 0xB0, 0x00,
        0xA4, 0x01, 0x26, 0x02, 0xED, 0x01, 0xE4, 0x00, 0x5A, 0xFF, 0xE6, 0xFD, 0x07, 0xFD, 0xD9, 0xFC,
        0x3F, 0xFD, 0x11, 0xFE, 0x13, 0xFF, 0xF7, 0xFF, 0x7F, 0x00, 0x82, 0x00, 0xFB, 0xFF, 0x1B, 0xFF,
        0x3C, 0xFE, 0xCD, 0xFD, 0x29, 0xFE, 0x53, 0xFF, 0xDA, 0x00, 0x39, 0x02, 0x0E, 0x03, 0x1C, 0x03,
        0x68, 0x02, 0x40, 0x01, 0x07, 0x00, 0x1A, 0xFF, 0xC3, 0xFE, 0x2E, 0xFF, 0x45, 0x00, 0xAE, 0x01,
        0xFD, 0x02, 0xD1, 0x03, 0xE0, 0x03, 0x20, 0x03, 0xD4, 0x01, 0x6B, 0x00, 0x59, 0xFF, 0xF6, 0xFE,
        0x53, 0xFF, 0x36, 0x00, 0x35, 0x01, 0xD2, 0x01, 0xB2, 0x01, 0xD4, 0x00, 0x83, 0xFF, 0x27, 0xFE,
        0x1A, 0xFD, 0x9F, 0xFC, 0xE6, 0xFC, 0xEA, 0xFD, 0x65, 0xFF, 0xE2, 0x00, 0xE2, 0x01, 0x01, 0x02,
        0x35, 0x01, 0xD6, 0xFF, 0x63, 0xFE, 0x63, 0xFD, 0x35, 0xFD, 0xDE, 0xFD, 0x15, 0xFF, 0x7D, 0x00,
        0xB3, 0x01, 0x59, 0x02, 0x3F, 0x02, 0x79, 0x01, 0x56, 0x00, 0x4C, 0xFF, 0xDB, 0xFE, 0x48, 0xFF,
        0x74, 0x00, 0xF9, 0x01, 0x60, 0x03, 0x37, 0x04, 0x2D, 0x04, 0x3D, 0x03, 0xB0, 0x01, 0xF7, 0xFF,
        0x96, 0xFE, 0xF6, 0xFD, 0x38, 0xFE, 0x34, 0xFF, 0x87, 0x00, 0xA8, 0x01, 0x2A, 0x02, 0xEE, 0x01,
        0x10, 0x01, 0xCB, 0xFF, 0x87, 0xFE, 0xBF, 0xFD, 0xB5, 0xFD, 0x5E, 0xFE, 0x76, 0xFF, 0x95, 0x00,
        0x43, 0x01, 0x36, 0x01, 0x74, 0x00, 0x45, 0xFF, 0x08, 0xFE, 0x22, 0xFD, 0xE9, 0xFC, 0x7F, 0xFD,
        0xC7, 0xFE, 0x67, 0x00, 0xE8, 0x01, 0xD1, 0x02, 0xE2, 0x02, 0x2C, 0x02, 0x05, 0x01, 0xEE, 0xFF,
        0x48, 0xFF, 0x35, 0xFF, 0xB1, 0xFF, 0xA1, 0x00, 0xB6, 0x01, 0x85, 0x02, 0xC4, 0x02, 0x60, 0x02,
        0x6F, 0x01, 0x3F, 0x00, 0x48, 0xFF, 0xF2, 0xFE, 0x53, 0xFF, 0x3A, 0x00, 0x50, 0x01, 0x2E, 0x02,
        0x7C, 0x02, 0x1F, 0x02, 0x34, 0x01, 0xFA, 0xFF, 0xCB, 0xFE, 0xF9, 0xFD, 0xB6, 0xFD, 0x10, 0xFE,
        0xD9, 0xFE, 0xB5, 0xFF, 0x5A, 0x00, 0x9C, 0x00, 0x5F, 0x00, 0xB2, 0xFF, 0xDF, 0xFE, 0x49, 0xFE,
        0x37, 0xFE, 0xBB, 0xFE, 0xAF, 0xFF, 0xC0, 0x00, 0x7F, 0x01, 0xA5, 0x01, 0x3F, 0x01, 0x82, 0x00,
        0xAA, 0xFF, 0xF9, 0xFE, 0xA9, 0xFE, 0xD7, 0xFE, 0x84, 0xFF, 0x8C, 0x00, 0xA5, 0x01, 0x73, 0x02,
        0xB0, 0x02, 0x50, 0x02, 0x87, 0x01, 0xAF, 0x00, 0x1F, 0x00, 0xFF, 0xFF, 0x46, 0x00, 0xC6, 0x00,
        0x3D, 0x01, 0x6F, 0x01, 0x4D, 0x01, 0xDF, 0x00, 0x30, 0x00, 0x6B, 0xFF, 0xDB, 0xFE, 0xB2, 0xFE,
        0xF6, 0xFE, 0x94, 0xFF, 0x5B, 0x00, 0x09, 0x01, 0x5D, 0x01, 0x31, 0x01, 0x8B, 0x00, 0x9B, 0xFF,
        0xB9, 0xFE, 0x3A, 0xFE, 0x3E, 0xFE, 0xB1, 0xFE, 0x5B, 0xFF, 0xF3, 0xFF, 0x44, 0x00, 0x4C, 0x00,
        0x14, 0x00, 0xAF, 0xFF, 0x49, 0xFF, 0x10, 0xFF, 0x26, 0xFF, 0xA4, 0xFF, 0x7E, 0x00, 0x6F, 0x01,
        0x1A, 0x02, 0x42, 0x02, 0xD7, 0x01, 0x04, 0x01, 0x1C, 0x00, 0x75, 0xFF, 0x3D, 0xFF, 0x6F, 0xFF,
        0xED, 0xFF, 0x8F, 0x00, 0x21, 0x01, 0x79, 0x01, 0x80, 0x01, 0x31, 0x01, 0xA9, 0x00, 0x28, 0x00,
        0xE4, 0xFF, 0xF3, 0xFF, 0x4D, 0x00, 0xCF, 0x00, 0x43, 0x01, 0x68, 0x01, 0x11, 0x01, 0x47, 0x00,
        0x3F, 0xFF, 0x4D, 0xFE, 0xC7, 0xFD, 0xD3, 0xFD, 0x60, 0xFE, 0x3D, 0xFF, 0x23, 0x00, 0xCB, 0x00,
        0x1A, 0x01, 0x07, 0x01, 0x91, 0x00, 0xDD, 0xFF, 0x2F, 0xFF, 0xC6, 0xFE, 0xCE, 0xFE, 0x51, 0xFF,
        0x1A, 0x00, 0xD0, 0x00, 0x23, 0x01, 0xF6, 0x00, 0x6D, 0x00, 0xC2, 0xFF, 0x34, 0xFF, 0x04, 0xFF,
        0x46, 0xFF, 0xE8, 0xFF, 0xCB, 0x00, 0xBC, 0x01, 0x6F, 0x02, 0xAB, 0x02, 0x5A, 0x02, 0x90, 0x01,
        0x99, 0x00, 0xC2, 0xFF, 0x40, 0xFF, 0x31, 0xFF, 0x9B, 0xFF, 0x4A, 0x00, 0xED, 0x00, 0x40, 0x01,
        0x22, 0x01, 0x91, 0x00, 0xBB, 0xFF, 0xF9, 0xFE, 0x90, 0xFE, 0x9B, 0xFE, 0x13, 0xFF, 0xD8, 0xFF,
        0xA9, 0x00, 0x39, 0x01, 0x57, 0x01, 0xEE, 0x00, 0x0B, 0x00, 0xE4, 0xFE, 0xDB, 0xFD, 0x4D, 0xFD,
        0x6D, 0xFD, 0x26, 0xFE, 0x30, 0xFF, 0x37, 0x00, 0xFB, 0x00, 0x54, 0x01, 0x33, 0x01, 0xBC, 0x00,
        0x2A, 0x00, 0xB3, 0xFF, 0x83, 0xFF, 0xC3, 0xFF, 0x65, 0x00, 0x24, 0x01, 0xBA, 0x01, 0xF9, 0x01,
        0xC4, 0x01, 0x2A, 0x01, 0x61, 0x00, 0xAD, 0xFF, 0x45, 0xFF, 0x4E, 0xFF, 0xD4, 0xFF, 0xB0, 0x00,
        0x99, 0x01, 0x3A, 0x02, 0x59, 0x02, 0xF1, 0x01, 0x26, 0x01, 0x31, 0x00, 0x51, 0xFF, 0xBD, 0xFE,
        0x91, 0xFE, 0xC6, 0xFE, 0x3B, 0xFF, 0xC5, 0xFF, 0x2D, 0x00, 0x3A, 0x00, 0xDC, 0xFF, 0x3E, 0xFF,
        0x9D, 0xFE, 0x29, 0xFE, 0x15, 0xFE, 0x72, 0xFE, 0x20, 0xFF, 0xF2, 0xFF, 0xB1, 0x00, 0x1D, 0x01,
        0x11, 0x01, 0x98, 0x00, 0xE1, 0xFF, 0x2B, 0xFF, 0xB8, 0xFE, 0xA7, 0xFE, 0xFD, 0xFE, 0xA9, 0xFF,
        0x7F, 0x00, 0x4A, 0x01, 0xDE, 0x01, 0x15, 0x02, 0xE5, 0x01, 0x65, 0x01, 0xCB, 0x00, 0x62, 0x00,
        0x5A, 0x00, 0xA3, 0x00, 0x14, 0x01, 0x7B, 0x01, 0xA5, 0x01, 0x7A, 0x01, 0x08, 0x01, 0x5E, 0x00,
        0x95, 0xFF, 0xE5, 0xFE, 0x83, 0xFE, 0x88, 0xFE, 0xF6, 0xFE, 0xB1, 0xFF, 0x79, 0x00, 0x02, 0x01,
        0x1E, 0x01, 0xC0, 0x00, 0xFA, 0xFF, 0x0B, 0xFF, 0x3E, 0xFE, 0xC9, 0xFD, 0xC5, 0xFD, 0x2B, 0xFE,
        0xCF, 0xFE, 0x79, 0xFF, 0x02, 0x00, 0x4D, 0x00, 0x4B, 0x00, 0x09, 0x00, 0xA8, 0xFF, 0x51, 0xFF,
        0x37, 0xFF, 0x88, 0xFF, 0x48, 0x00, 0x40, 0x01, 0x1B, 0x02, 0x96, 0x02, 0x83, 0x02, 0xE7, 0x01,
        0x06, 0x01, 0x2E, 0x00, 0x8D, 0xFF, 0x42, 0xFF, 0x64, 0xFF, 0xE8, 0xFF, 0xAE, 0x00, 0x7E, 0x01,
        0x0C, 0x02, 0x20, 0x02, 0xAE, 0x01, 0xD4, 0x00, 0xDD, 0xFF, 0x1F, 0xFF, 0xD1, 0xFE, 0xFA, 0xFE,
        0x7A, 0xFF, 0x0F, 0x00, 0x6F, 0x00, 0x62, 0x00, 0xE3, 0xFF, 0x1A, 0xFF, 0x3A, 0xFE, 0x79, 0xFD,
        0x17, 0xFD, 0x40, 0xFD, 0xF0, 0xFD, 0x02, 0xFF, 0x3C, 0x00, 0x48, 0x01, 0xCE, 0x01, 0xA4, 0x01,
        0xE5, 0x00, 0xE1, 0xFF, 0xFD, 0xFE, 0x94, 0xFE, 0xC9, 0xFE, 0x7C, 0xFF, 0x69, 0x00, 0x46, 0x01,
        0xD8, 0x01, 0x06, 0x02, 0xCA, 0x01, 0x2E, 0x01, 0x71, 0x00, 0xE7, 0xFF, 0xC7, 0xFF, 0x2B, 0x00,
        0x06, 0x01, 0x0C, 0x02, 0xCB, 0x02, 0xF3, 0x02, 0x6B, 0x02, 0x53, 0x01, 0xF5, 0xFF, 0xAF, 0xFE,
        0xDD, 0xFD, 0xB1, 0xFD, 0x19, 0xFE, 0xE5, 0xFE, 0xD0, 0xFF, 0x84, 0x00, 0xC3, 0x00, 0x7B, 0x00,
        0xBF, 0xFF, 0xCC, 0xFE, 0xFC, 0xFD, 0x98, 0xFD, 0xCE, 0xFD, 0x98, 0xFE, 0xAB, 0xFF, 0x9B, 0x00,
        0x17, 0x01, 0xF5, 0x00, 0x3C, 0x00, 0x39, 0xFF, 0x55, 0xFE, 0xE1, 0xFD, 0x01, 0xFE, 0xBA, 0xFE,
        0xEF, 0xFF, 0x55, 0x01, 0x86, 0x02, 0x29, 0x03, 0x15, 0x03, 0x54, 0x02, 0x2F, 0x01, 0x1B, 0x00,
        0x76, 0xFF, 0x70, 0xFF, 0x02, 0x00, 0xE4, 0x00, 0xB3, 0x01, 0x22, 0x02, 0xFF, 0x01, 0x4C, 0x01,
        0x45, 0x00, 0x40, 0xFF, 0x85, 0xFE, 0x51, 0xFE, 0xBA, 0xFE, 0x97, 0xFF, 0x92, 0x00, 0x55, 0x01,
        0x98, 0x01, 0x2F, 0x01, 0x29, 0x00, 0xD4, 0xFE, 0x9C, 0xFD, 0xE0, 0xFC, 0xDE, 0xFC, 0x91, 0xFD,
        0xB2, 0xFE, 0xDD, 0xFF, 0xB5, 0x00, 0x00, 0x01, 0xB9, 0x00, 0x12, 0x00, 0x53, 0xFF, 0xCA, 0xFE,
        0xB7, 0xFE, 0x30, 0xFF, 0x1C, 0x00, 0x33, 0x01, 0x15, 0x02, 0x73, 0x02, 0x2B, 0x02, 0x58, 0x01,
        0x48, 0x00, 0x5C, 0xFF, 0xDF, 0xFE, 0xFF, 0xFE, 0xB4, 0xFF, 0xBC, 0x00, 0xC1, 0x01, 0x76, 0x02,
        0x9B, 0x02, 0x24, 0x02, 0x40, 0x01, 0x37, 0x00, 0x54, 0xFF, 0xDA, 0xFE, 0xE0, 0xFE, 0x4C, 0xFF,
        0xE4, 0xFF, 0x61, 0x00, 0x86, 0x00, 0x2F, 0x00, 0x6C, 0xFF, 0x82, 0xFE, 0xC6, 0xFD, 0x7C, 0xFD,
        0xC7, 0xFD, 0x94, 0xFE, 0x9F, 0xFF, 0x98, 0x00, 0x32, 0x01, 0x3F, 0x01, 0xC7, 0x00, 0xFA, 0xFF,
        0x18, 0xFF, 0x70, 0xFE, 0x45, 0xFE, 0xA4, 0xFE, 0x66, 0xFF, 0x50, 0x00, 0x17, 0x01, 0x76, 0x01,
        0x59, 0x01, 0xE3, 0x00, 0x53, 0x00, 0xEA, 0xFF, 0xDB, 0xFF, 0x3D, 0x00, 0xF8, 0x00, 0xC7, 0x01,
        0x5A, 0x02, 0x7B, 0x02, 0x13, 0x02, 0x3A, 0x01, 0x2F, 0x00, 0x3B, 0xFF, 0xA0, 0xFE, 0x7F, 0xFE,
        0xD5, 0xFE, 0x7F, 0xFF, 0x42, 0x00, 0xD1, 0x00, 0xEE, 0x00, 0x94, 0x00, 0xEB, 0xFF, 0x2E, 0xFF,
        0xA5, 0xFE, 0x8B, 0xFE, 0xE6, 0xFE, 0x81, 0xFF, 0x1B, 0x00, 0x7A, 0x00, 0x73, 0x00, 0xFA, 0xFF,
        0x35, 0xFF, 0x67, 0xFE, 0xD2, 0xFD, 0xAF, 0xFD, 0x17, 0xFE, 0xF9, 0xFE, 0x1C, 0x00, 0x2C, 0x01,
        0xDA, 0x01, 0xFD, 0x01, 0x9A, 0x01, 0xDB, 0x00, 0x0B, 0x00, 0x80, 0xFF, 0x6F, 0xFF, 0xD0, 0xFF,
        0x76, 0x00, 0x1F, 0x01, 0x86, 0x01, 0x7B, 0x01, 0x06, 0x01, 0x55, 0x00, 0x9F, 0xFF, 0x19, 0xFF,
        0xF9, 0xFE, 0x59, 0xFF, 0x1F, 0x00, 0x0D, 0x01, 0xCF, 0x01, 0x18, 0x02, 0xC3, 0x01, 0xDF, 0x00,
        0xB2, 0xFF, 0xA0, 0xFE, 0xFC, 0xFD, 0xEC, 0xFD, 0x65, 0xFE, 0x2D, 0xFF, 0xF5, 0xFF, 0x76, 0x00,
        0x87, 0x00, 0x25, 0x00, 0x79, 0xFF, 0xC1, 0xFE, 0x48, 0xFE, 0x51, 0xFE, 0xE5, 0xFE, 0xD4, 0xFF,
        0xD8, 0x00, 0x9B, 0x01, 0xD1, 0x01, 0x5F, 0x01, 0x6E, 0x00, 0x50, 0xFF, 0x67, 0xFE, 0x07, 0xFE,
        0x4D, 0xFE, 0x1E, 0xFF, 0x35, 0x00, 0x3F, 0x01, 0xF1, 0x01, 0x1D, 0x02, 0xC1, 0x01, 0x00, 0x01,
        0x1C, 0x00, 0x6A, 0xFF, 0x30, 0xFF, 0x7F, 0xFF, 0x35, 0x00, 0x07, 0x01, 0x94, 0x01, 0x99, 0x01,
        0x0A, 0x01, 0x10, 0x00, 0xF8, 0xFE, 0x23, 0xFE, 0xD7, 0xFD, 0x29, 0xFE, 0xFF, 0xFE, 0x16, 0x00,
        0x1A, 0x01, 0xB9, 0x01, 0xBC, 0x01, 0x1E, 0x01, 0x0C, 0x00, 0xDC, 0xFE, 0xF5, 0xFD, 0xA2, 0xFD,
        0xF3, 0xFD, 0xC5, 0xFE, 0xD0, 0xFF, 0xB1, 0x00, 0x1A, 0x01, 0xEE, 0x00, 0x43, 0x00, 0x65, 0xFF,
        0xAE, 0xFE, 0x64, 0xFE, 0xAB, 0xFE, 0x79, 0xFF, 0x90, 0x00, 0x9D, 0x01, 0x4B, 0x02, 0x5E, 0x02,
        0xCA, 0x01, 0xB9, 0x00, 0x85, 0xFF, 0x97, 0xFE, 0x3B, 0xFE, 0x84, 0xFE, 0x59, 0xFF, 0x71, 0x00,
        0x67, 0x01, 0xEC, 0x01, 0xE2, 0x01, 0x51, 0x01, 0x6D, 0x00, 0x8C, 0xFF, 0xFB, 0xFE, 0xE8, 0xFE,
        0x54, 0xFF, 0x0B, 0x00, 0xC7, 0x00, 0x39, 0x01, 0x28, 0x01, 0x87, 0x00, 0x87, 0xFF, 0x75, 0xFE,
        0xA2, 0xFD, 0x51, 0xFD, 0xA1, 0xFD, 0x80, 0xFE, 0xA6, 0xFF, 0xB8, 0x00, 0x69, 0x01, 0x8A, 0x01,
        0x15, 0x01, 0x3B, 0x00, 0x4E, 0xFF, 0x9A, 0xFE, 0x4F, 0xFE, 0x7F, 0xFE, 0x18, 0xFF, 0xE1, 0xFF,
        0x90, 0x00, 0xEC, 0x00, 0xE0, 0x00, 0x78, 0x00, 0xDD, 0xFF, 0x55, 0xFF, 0x21, 0xFF, 0x61, 0xFF,
        0x08, 0x00, 0xE8, 0x00, 0xBB, 0x01, 0x3F, 0x02, 0x42, 0x02, 0xBE, 0x01, 0xE2, 0x00, 0xEC, 0xFF,
        0x1A, 0xFF, 0xA2, 0xFE, 0xA2, 0xFE, 0x09, 0xFF, 0xAD, 0xFF, 0x57, 0x00, 0xD1, 0x00, 0xEE, 0x00,
        0x9D, 0x00, 0xFE, 0xFF, 0x52, 0xFF, 0xDA, 0xFE, 0xBA, 0xFE, 0xFE, 0xFE, 0x87, 0xFF, 0x19, 0x00,
        0x7A, 0x00, 0x82, 0x00, 0x2E, 0x00, 0x92, 0xFF, 0xD3, 0xFE, 0x26, 0xFE, 0xC5, 0xFD, 0xD4, 0xFD,
        0x52, 0xFE, 0x29, 0xFF, 0x26, 0x00, 0xFF, 0x00, 0x77, 0x01, 0x7B, 0x01, 0x1F, 0x01, 0x90, 0x00,
        0x06, 0x00, 0xB1, 0xFF, 0xA8, 0xFF, 0xE3, 0xFF, 0x3E, 0x00, 0x9B, 0x00, 0xDE, 0x00, 0xEC, 0x00,
        0xBF, 0x00, 0x60, 0x00, 0xEA, 0xFF, 0x84, 0xFF, 0x58, 0xFF, 0x81, 0xFF, 0x00, 0x00, 0xAC, 0x00,
        0x40, 0x01, 0x83, 0x01, 0x5B, 0x01, 0xCE, 0x00, 0x03, 0x00, 0x2C, 0xFF, 0x7A, 0xFE, 0x0D, 0xFE,
        0xF8, 0xFD, 0x38, 0xFE, 0xBE, 0xFE, 0x5E, 0xFF, 0xE5, 0xFF, 0x28, 0x00, 0x13, 0x00, 0xB3, 0xFF,
        0x39, 0xFF, 0xE0, 0xFE, 0xD1, 0xFE, 0x1A, 0xFF, 0xA1, 0xFF, 0x36, 0x00, 0xAF, 0x00, 0xE7, 0x00,
        0xD0, 0x00, 0x74, 0x00, 0xF0, 0xFF, 0x6A, 0xFF, 0x10, 0xFF, 0x01, 0xFF, 0x51, 0xFF, 0xFC, 0xFF,
        0xD7, 0x00, 0x9F, 0x01, 0x18, 0x02, 0x19, 0x02, 0xA9, 0x01, 0xF5, 0x00, 0x3D, 0x00, 0xB8, 0xFF,
        0x84, 0xFF, 0x98, 0xFF, 0xD8, 0xFF, 0x28, 0x00, 0x5F, 0x00, 0x5B, 0x00, 0x10, 0x00, 0x8B, 0xFF,
        0xEE, 0xFE, 0x6B, 0xFE, 0x31, 0xFE, 0x62, 0xFE, 0xF3, 0xFE, 0xAE, 0xFF, 0x53, 0x00, 0xAC, 0x00,
        0x96, 0x00, 0x16, 0x00, 0x59, 0xFF, 0x9A, 0xFE, 0x0D, 0xFE, 0xD6, 0xFD, 0x05, 0xFE, 0x92, 0xFE,
        0x5A, 0xFF, 0x1F, 0x00, 0xB0, 0x00, 0xF2, 0x00, 0xDA, 0x00, 0x7D, 0x00, 0x11, 0x00, 0xD1, 0xFF,
        0xE4, 0xFF, 0x4B, 0x00, 0xE3, 0x00, 0x76, 0x01, 0xCB, 0x01, 0xB8, 0x01, 0x41, 0x01, 0x8B, 0x00,
        0xC6, 0xFF, 0x24, 0xFF, 0xD9, 0xFE, 0x00, 0xFF, 0x8F, 0xFF, 0x51, 0x00, 0x03, 0x01, 0x6B, 0x01,
        0x63, 0x01, 0xE4, 0x00, 0x1C, 0x00, 0x4E, 0xFF, 0xB2, 0xFE, 0x69, 0xFE, 0x7F, 0xFE, 0xDF, 0xFE,
        0x55, 0xFF, 0xA9, 0xFF, 0xB2, 0xFF, 0x6D, 0xFF, 0xEE, 0xFE, 0x5B, 0xFE, 0xF4, 0xFD, 0xEE, 0xFD,
        0x57, 0xFE, 0x18, 0xFF, 0x05, 0x00, 0xE0, 0x00, 0x6B, 0x01, 0x7E, 0x01, 0x1A, 0x01, 0x6D, 0x00,
        0xB0, 0xFF, 0x1D, 0xFF, 0xE9, 0xFE, 0x27, 0xFF, 0xBA, 0xFF, 0x6C, 0x00, 0x04, 0x01, 0x55, 0x01,
        0x47, 0x01, 0xE5, 0x00, 0x60, 0x00, 0xF7, 0xFF, 0xD7, 0xFF, 0x06, 0x00, 0x75, 0x00, 0xFA, 0x00,
        0x56, 0x01, 0x5D, 0x01, 0x01, 0x01, 0x50, 0x00, 0x6F, 0xFF, 0x91, 0xFE, 0xF0, 0xFD, 0xBE, 0xFD,
        0x01, 0xFE, 0x9C, 0xFE, 0x58, 0xFF, 0xF4, 0xFF, 0x3A, 0x00, 0x1F, 0x00, 0xBD, 0xFF, 0x45, 0xFF,
        0xE6, 0xFE, 0xC3, 0xFE, 0xE8, 0xFE, 0x4E, 0xFF, 0xD0, 0xFF, 0x3C, 0x00, 0x6D, 0x00, 0x4E, 0x00,
        0xE3, 0xFF, 0x51, 0xFF, 0xD5, 0xFE, 0xA9, 0xFE, 0xEF, 0xFE, 0xA0, 0xFF, 0x8D, 0x00, 0x71, 0x01,
        0x04, 0x02, 0x1B, 0x02, 0xBD, 0x01, 0x18, 0x01, 0x65, 0x00, 0xDF, 0xFF, 0xA5, 0xFF, 0xB9, 0xFF,
        0x08, 0x00, 0x67, 0x00, 0xA6, 0x00, 0xA4, 0x00, 0x4E, 0x00, 0xB1, 0xFF, 0x02, 0xFF, 0x7E, 0xFE,
        0x5C, 0xFE, 0xB1, 0xFE, 0x60, 0xFF, 0x27, 0x00, 0xB9, 0x00, 0xDE, 0x00, 0x87, 0x00, 0xD5, 0xFF,
        0xFC, 0xFE, 0x38, 0xFE, 0xBF, 0xFD, 0xB3, 0xFD, 0x18, 0xFE, 0xD2, 0xFE, 0xA3, 0xFF, 0x49, 0x00,
        0x94, 0x00, 0x6F, 0x00, 0xF1, 0xFF, 0x5E, 0xFF, 0x02, 0xFF, 0x12, 0xFF, 0x98, 0xFF, 0x69, 0x00,
        0x40, 0x01, 0xD3, 0x01, 0xEB, 0x01, 0x81, 0x01, 0xBD, 0x00, 0xD7, 0xFF, 0x14, 0xFF, 0xAF, 0xFE,
        0xC9, 0xFE, 0x5D, 0xFF, 0x3C, 0x00, 0x21, 0x01, 0xBD, 0x01, 0xD6, 0x01, 0x5C, 0x01, 0x7C, 0x00,
        0x8C, 0xFF, 0xDC, 0xFE, 0x9F, 0xFE, 0xDD, 0xFE, 0x6F, 0xFF, 0x0D, 0x00, 0x71, 0x00, 0x70, 0x00,
        0x04, 0x00, 0x46, 0xFF, 0x66, 0xFE, 0xAF, 0xFD, 0x6D, 0xFD, 0xC2, 0xFD, 0x9D, 0xFE, 0xC7, 0xFF,
        0xE1, 0x00, 0x8D, 0x01, 0x92, 0x01, 0xF2, 0x00, 0xF0, 0xFF, 0xE9, 0xFE, 0x34, 0xFE, 0x0E, 0xFE,
        0x83, 0xFE, 0x5E, 0xFF, 0x50, 0x00, 0x10, 0x01, 0x64, 0x01, 0x32, 0x01, 0x92, 0x00, 0xC4, 0xFF,
        0x21, 0xFF, 0xEB, 0xFE, 0x3E, 0xFF, 0x0E, 0x00, 0x18, 0x01, 0xF5, 0x01, 0x4A, 0x02, 0xF1, 0x01,
        0x03, 0x01, 0xC3, 0xFF, 0x93, 0xFE, 0xCD, 0xFD, 0xA9, 0xFD, 0x27, 0xFE, 0x0F, 0xFF, 0x1A, 0x00,
        0xF3, 0x00, 0x4E, 0x01, 0x0B, 0x01, 0x46, 0x00, 0x49, 0xFF, 0x6E, 0xFE, 0x06, 0xFE, 0x3B, 0xFE,
        0xFC, 0xFE, 0xFA, 0xFF, 0xD1, 0x00, 0x34, 0x01, 0xFB, 0x00, 0x2C, 0x00, 0x0C, 0xFF, 0x00, 0xFE,
        0x66, 0xFD, 0x74, 0xFD, 0x2D, 0xFE, 0x62, 0xFF, 0xC2, 0x00, 0xE0, 0x01, 0x65, 0x02, 0x33, 0x02,
        0x66, 0x01, 0x44, 0x00, 0x32, 0xFF, 0x8E, 0xFE, 0x88, 0xFE, 0x17, 0xFF, 0xF9, 0xFF, 0xD7, 0x00,
        0x5F, 0x01, 0x59, 0x01, 0xC2, 0x00, 0xD3, 0xFF, 0xE1, 0xFE, 0x3F, 0xFE, 0x2D, 0xFE, 0xBE, 0xFE,
        0xC8, 0xFF, 0xF2, 0x00, 0xD6, 0x01, 0x23, 0x02, 0xB9, 0x01, 0xAE, 0x00, 0x53, 0xFF, 0x17, 0xFE,
        0x59, 0xFD, 0x46, 0xFD, 0xDA, 0xFD, 0xDD, 0xFE, 0xF4, 0xFF, 0xC1, 0x00, 0x03, 0x01, 0xAF, 0x00,
        0xF1, 0xFF, 0x15, 0xFF, 0x70, 0xFE, 0x46, 0xFE, 0xAA, 0xFE, 0x7B, 0xFF, 0x74, 0x00, 0x3F, 0x01,
        0x93, 0x01, 0x50, 0x01, 0x87, 0x00, 0x78, 0xFF, 0x7E, 0xFE, 0xE9, 0xFD, 0xEA, 0xFD, 0x84, 0xFE,
        0x89, 0xFF, 0xA7, 0x00, 0x89, 0x01, 0xED, 0x01, 0xBC, 0x01, 0x14, 0x01, 0x34, 0x00, 0x6F, 0xFF,
        0x07, 0xFF, 0x16, 0xFF, 0x89, 0xFF, 0x2E, 0x00, 0xBF, 0x00, 0xFF, 0x00, 0xCC, 0x00, 0x2E, 0x00,
        0x55, 0xFF, 0x8B, 0xFE, 0x12, 0xFE, 0x16, 0xFE, 0x9F, 0xFE, 0x83, 0xFF, 0x79, 0x00, 0x32, 0x01,
        0x72, 0x01, 0x26, 0x01, 0x67, 0x00, 0x6C, 0xFF, 0x82, 0xFE, 0xEF, 0xFD, 0xD5, 0xFD, 0x31, 0xFE,
        0xDF, 0xFE, 0xA1, 0xFF, 0x37, 0x00, 0x73, 0x00, 0x49, 0x00, 0xD5, 0xFF, 0x4A, 0xFF, 0xE6, 0xFE,
        0xD8, 0xFE, 0x34, 0xFF, 0xDB, 0xFF, 0x96, 0x00, 0x29, 0x01, 0x5F, 0x01, 0x24, 0x01, 0x8C, 0x00,
        0xCC, 0xFF, 0x1E, 0xFF, 0xB4, 0xFE, 0xA8, 0xFE, 0x00, 0xFF, 0xA6, 0xFF, 0x62, 0x00, 0xFC, 0x00,
        0x47, 0x01, 0x33, 0x01, 0xC9, 0x00, 0x31, 0x00, 0xA1, 0xFF, 0x49, 0xFF, 0x3B, 0xFF, 0x6C, 0xFF,
        0xBF, 0xFF, 0x0D, 0x00, 0x2D, 0x00, 0x0B, 0x00, 0xAD, 0xFF, 0x2A, 0xFF, 0xA6, 0xFE, 0x48, 0xFE,
        0x32, 0xFE, 0x6F, 0xFE, 0xF3, 0xFE, 0x9B, 0xFF, 0x3E, 0x00, 0xAC, 0x00, 0xC1, 0x00, 0x79, 0x00,
        0xF5, 0xFF, 0x62, 0xFF, 0xEC, 0xFE, 0xB1, 0xFE, 0xBE, 0xFE, 0x07, 0xFF, 0x6E, 0xFF, 0xD3, 0xFF,
        0x25, 0x00, 0x55, 0x00, 0x59, 0x00, 0x3A, 0x00, 0x11, 0x00, 0xFA, 0xFF, 0x08, 0x00, 0x41, 0x00,
        0x95, 0x00, 0xE3, 0x00, 0x09, 0x01, 0xF3, 0x00, 0xA3, 0x00, 0x28, 0x00, 0x9C, 0xFF, 0x22, 0xFF,
        0xD8, 0xFE, 0xC8, 0xFE, 0xED, 0xFE, 0x3B, 0xFF, 0x9E, 0xFF, 0xFA, 0xFF, 0x30, 0x00, 0x30, 0x00,
        0xFF, 0xFF, 0xAD, 0xFF, 0x4F, 0xFF, 0x07, 0xFF, 0xED, 0xFE, 0xFF, 0xFE, 0x28, 0xFF, 0x49, 0xFF,
        0x51, 0xFF, 0x3F, 0xFF, 0x19, 0xFF, 0xEE, 0xFE, 0xD0, 0xFE, 0xCB, 0xFE, 0xE7, 0xFE, 0x2E, 0xFF,
        0x9E, 0xFF, 0x24, 0x00, 0xA7, 0x00, 0x07, 0x01, 0x2D, 0x01, 0x10, 0x01, 0xBD, 0x00, 0x55, 0x00,
        0xF9, 0xFF, 0xBD, 0xFF, 0xA8, 0xFF, 0xB9, 0xFF, 0xE5, 0xFF, 0x18, 0x00, 0x3D, 0x00, 0x4A, 0x00,
        0x3E, 0x00, 0x22, 0x00, 0xFE, 0xFF, 0xE3, 0xFF, 0xE3, 0xFF, 0x03, 0x00, 0x35, 0x00, 0x60, 0x00,
        0x63, 0x00, 0x29, 0x00, 0xB7, 0xFF, 0x21, 0xFF, 0x8C, 0xFE, 0x1D, 0xFE, 0xEC, 0xFD, 0x00, 0xFE,
        0x4C, 0xFE, 0xB7, 0xFE, 0x28, 0xFF, 0x89, 0xFF, 0xC7, 0xFF, 0xD6, 0xFF, 0xBB, 0xFF, 0x8B, 0xFF,
        0x63, 0xFF, 0x5D, 0xFF, 0x80, 0xFF, 0xC1, 0xFF, 0x08, 0x00, 0x37, 0x00, 0x3C, 0x00, 0x17, 0x00,
        0xD6, 0xFF, 0x94, 0xFF, 0x6C, 0xFF, 0x71, 0xFF, 0xAB, 0xFF, 0x16, 0x00, 0x9A, 0x00, 0x13, 0x01,
        0x5F, 0x01, 0x6C, 0x01, 0x37, 0x01, 0xCD, 0x00, 0x4A, 0x00, 0xD0, 0xFF, 0x81, 0xFF, 0x66, 0xFF,
        0x74, 0xFF, 0x91, 0xFF, 0x9F, 0xFF, 0x8B, 0xFF, 0x55, 0xFF, 0x0D, 0xFF, 0xCA, 0xFE, 0xA1, 0xFE,
        0xA5, 0xFE, 0xDB, 0xFE, 0x38, 0xFF, 0xA2, 0xFF, 0xF6, 0xFF, 0x1C, 0x00, 0x00, 0x00, 0xA5, 0xFF,
        0x24, 0xFF, 0xAA, 0xFE, 0x5D, 0xFE, 0x57, 0xFE, 0x98, 0xFE, 0x10, 0xFF, 0x9D, 0xFF, 0x14, 0x00,
        0x5C, 0x00, 0x6F, 0x00, 0x5A, 0x00, 0x34, 0x00, 0x1B, 0x00, 0x27, 0x00, 0x5E, 0x00, 0xB1, 0x00,
        0x01, 0x01, 0x2D, 0x01, 0x19, 0x01, 0xBF, 0x00, 0x32, 0x00, 0x99, 0xFF, 0x1E, 0xFF, 0xE1, 0xFE,
        0xF8, 0xFE, 0x5D, 0xFF, 0xEA, 0xFF, 0x68, 0x00, 0xA9, 0x00, 0x96, 0x00, 0x36, 0x00, 0xA7, 0xFF,
        0x17, 0xFF, 0xB2, 0xFE, 0x90, 0xFE, 0xAF, 0xFE, 0xFC, 0xFE, 0x52, 0xFF, 0x89, 0xFF, 0x7E, 0xFF,
        0x2F, 0xFF, 0xB6, 0xFE, 0x3E, 0xFE, 0xF8, 0xFD, 0x0D, 0xFE, 0x88, 0xFE, 0x51, 0xFF, 0x35, 0x00,
        0xF8, 0x00, 0x64, 0x01, 0x5B, 0x01, 0xE6, 0x00, 0x33, 0x00, 0x85, 0xFF, 0x13, 0xFF, 0xFF, 0xFE,
        0x4C, 0xFF, 0xE0, 0xFF, 0x86, 0x00, 0x04, 0x01, 0x2F, 0x01, 0xFB, 0x00, 0x7C, 0x00, 0xE2, 0xFF,
        0x6D, 0xFF, 0x53, 0xFF, 0xA0, 0xFF, 0x3A, 0x00, 0xE6, 0x00, 0x5B, 0x01, 0x61, 0x01, 0xE4, 0x00,
        0x01, 0x00, 0xF2, 0xFE, 0xFB, 0xFD, 0x5E, 0xFD, 0x45, 0xFD, 0xB6, 0xFD, 0x89, 0xFE, 0x79, 0xFF,
        0x39, 0x00, 0x8D, 0x00, 0x5E, 0x00, 0xC3, 0xFF, 0x02, 0xFF, 0x66, 0xFE, 0x2E, 0xFE, 0x70, 0xFE,
        0x17, 0xFF, 0xE8, 0xFF, 0x96, 0x00, 0xE0, 0x00, 0xA9, 0x00, 0x06, 0x00, 0x31, 0xFF, 0x78, 0xFE,
        0x22, 0xFE, 0x55, 0xFE, 0x0E, 0xFF, 0x25, 0x00, 0x4C, 0x01, 0x2A, 0x02, 0x76, 0x02, 0x18, 0x02,
        0x36, 0x01, 0x20, 0x00, 0x35, 0xFF, 0xBC, 0xFE, 0xD0, 0xFE, 0x57, 0xFF, 0x0D, 0x00, 0xA6, 0x00,
        0xE4, 0x00, 0xA6, 0x00, 0xFA, 0xFF, 0x11, 0xFF, 0x3B, 0xFE, 0xC6, 0xFD, 0xE3, 0xFD, 0x91, 0xFE,
        0x9A, 0xFF, 0xA5, 0x00, 0x57, 0x01, 0x6E, 0x01, 0xD9, 0x00, 0xC4, 0xFF, 0x85, 0xFE, 0x83, 0xFD,
        0x0D, 0xFD, 0x45, 0xFD, 0x12, 0xFE, 0x2F, 0xFF, 0x41, 0x00, 0xF6, 0x00, 0x1D, 0x01, 0xB8, 0x00,
        0xF9, 0xFF, 0x30, 0xFF, 0xB2, 0xFE, 0xB9, 0xFE, 0x4F, 0xFF, 0x46, 0x00, 0x48, 0x01, 0xF1, 0x01,
        0xFE, 0x01, 0x63, 0x01, 0x51, 0x00, 0x20, 0xFF, 0x2C, 0xFE, 0xC2, 0xFD, 0x03, 0xFE, 0xD8, 0xFE,
        0xFD, 0xFF, 0x16, 0x01, 0xC9, 0x01, 0xDB, 0x01, 0x45, 0x01, 0x3B, 0x00, 0x18, 0xFF, 0x3C, 0xFE,
        0xEA, 0xFD, 0x32, 0xFE, 0xEF, 0xFE, 0xD0, 0xFF, 0x7C, 0x00, 0xAE, 0x00, 0x4C, 0x00, 0x75, 0xFF,
        0x72, 0xFE, 0xA2, 0xFD, 0x54, 0xFD, 0xA9, 0xFD, 0x8D, 0xFE, 0xC2, 0xFF, 0xEF, 0x00, 0xB3, 0x01,
        0xD3, 0x01, 0x49, 0x01, 0x48, 0x00, 0x26, 0xFF, 0x42, 0xFE, 0xE6, 0xFD, 0x2B, 0xFE, 0xF0, 0xFE,
        0xEB, 0xFF, 0xC9, 0x00, 0x44, 0x01, 0x39, 0x01, 0xB6, 0x00, 0xF1, 0xFF, 0x3C, 0xFF, 0xDB, 0xFE,
        0xF6, 0xFE, 0x88, 0xFF, 0x5E, 0x00, 0x26, 0x01, 0x93, 0x01, 0x76, 0x01, 0xD1, 0x00, 0xCE, 0xFF,
        0xB9, 0xFE, 0xE7, 0xFD, 0x94, 0xFD, 0xD5, 0xFD, 0x90, 0xFE, 0x8B, 0xFF, 0x73, 0x00, 0xFC, 0x00,
        0xFC, 0x00, 0x7C, 0x00, 0xB4, 0xFF, 0xEB, 0xFE, 0x67, 0xFE, 0x52, 0xFE, 0xAB, 0xFE, 0x4A, 0xFF,
        0xEE, 0xFF, 0x5A, 0x00, 0x65, 0x00, 0x07, 0x00, 0x5F, 0xFF, 0xAA, 0xFE, 0x2B, 0xFE, 0x12, 0xFE,
        0x72, 0xFE, 0x37, 0xFF, 0x2C, 0x00, 0x07, 0x01, 0x85, 0x01, 0x83, 0x01, 0x07, 0x01, 0x3E, 0x00,
        0x6D, 0xFF, 0xD9, 0xFE, 0xA7, 0xFE, 0xDA, 0xFE, 0x55, 0xFF, 0xE7, 0xFF, 0x5B, 0x00, 0x89, 0x00,
        0x62, 0x00, 0xFA, 0xFF, 0x79, 0xFF, 0x13, 0xFF, 0xF6, 0xFE, 0x35, 0xFF, 0xC0, 0xFF, 0x67, 0x00,
        0xEA, 0x00, 0x17, 0x01, 0xD9, 0x00, 0x3D, 0x00, 0x6F, 0xFF, 0xAB, 0xFE, 0x25, 0xFE, 0xF9, 0xFD,
        0x2E, 0xFE, 0xAE, 0xFE, 0x52, 0xFF, 0xE9, 0xFF, 0x4A, 0x00, 0x5B, 0x00, 0x1F, 0x00, 0xB9, 0xFF,
        0x58, 0xFF, 0x23, 0xFF, 0x2D, 0xFF, 0x6E, 0xFF, 0xC8, 0xFF, 0x13, 0x00, 0x2F, 0x00, 0x0A, 0x00,
        0xB1, 0xFF, 0x41, 0xFF, 0xDD, 0xFE, 0xA5, 0xFE, 0xAB, 0xFE, 0xF4, 0xFE, 0x74, 0xFF, 0x0C, 0x00,
        0x97, 0x00, 0xF0, 0x00, 0xFF, 0x00, 0xC6, 0x00, 0x5D, 0x00, 0xEA, 0xFF, 0x94, 0xFF, 0x6F, 0xFF,
        0x74, 0xFF, 0x8E, 0xFF, 0xA5, 0xFF, 0xAE, 0xFF, 0xA1, 0xFF, 0x7E, 0xFF, 0x4F, 0xFF, 0x27, 0xFF,
        0x16, 0xFF, 0x28, 0xFF, 0x63, 0xFF, 0xB8, 0xFF, 0x14, 0x00, 0x56, 0x00, 0x65, 0x00, 0x38, 0x00,
        0xDB, 0xFF, 0x67, 0xFF, 0xFD, 0xFE, 0xB4, 0xFE, 0x96, 0xFE, 0xA1, 0xFE, 0xCC, 0xFE, 0x09, 0xFF,
        0x47, 0xFF, 0x78, 0xFF, 0x9A, 0xFF, 0xAF, 0xFF, 0xBC, 0xFF, 0xCA, 0xFF, 0xE5, 0xFF, 0x10, 0x00,
        0x42, 0x00, 0x65, 0x00, 0x69, 0x00, 0x4A, 0x00, 0x0A, 0x00, 0xB8, 0xFF, 0x6E, 0xFF, 0x41, 0xFF,
        0x3A, 0xFF, 0x55, 0xFF, 0x84, 0xFF, 0xBE, 0xFF, 0xFC, 0xFF, 0x33, 0x00, 0x56, 0x00, 0x5B, 0x00,
        0x40, 0x00, 0x11, 0x00, 0xE0, 0xFF, 0xBD, 0xFF, 0xA7, 0xFF, 0x95, 0xFF, 0x80, 0xFF, 0x62, 0xFF,
        0x36, 0xFF, 0x01, 0xFF, 0xD1, 0xFE, 0xB0, 0xFE, 0xA2, 0xFE, 0xAB, 0xFE, 0xD1, 0xFE, 0x13, 0xFF,
        0x63, 0xFF, 0xAF, 0xFF, 0xE9, 0xFF, 0x04, 0x00, 0xFD, 0xFF, 0xD6, 0xFF, 0x9A, 0xFF, 0x5F, 0xFF,
        0x39, 0xFF, 0x2D, 0xFF, 0x3A, 0xFF, 0x58, 0xFF, 0x7C, 0xFF, 0x9F, 0xFF, 0xC2, 0xFF, 0xE0, 0xFF,
        0xFA, 0xFF, 0x0F, 0x00, 0x27, 0x00, 0x47, 0x00, 0x6B, 0x00, 0x90, 0x00, 0xAD, 0x00, 0xB2, 0x00,
        0x90, 0x00, 0x48, 0x00, 0xE9, 0xFF, 0x89, 0xFF, 0x38, 0xFF, 0x01, 0xFF, 0xEC, 0xFE, 0xFD, 0xFE,
        0x2C, 0xFF, 0x6A, 0xFF, 0xA5, 0xFF, 0xCD, 0xFF, 0xD5, 0xFF, 0xBB, 0xFF, 0x8C, 0xFF, 0x5C, 0xFF,
        0x38, 0xFF, 0x25, 0xFF, 0x21, 0xFF, 0x23, 0xFF, 0x21, 0xFF, 0x19, 0xFF, 0x08, 0xFF, 0xF0, 0xFE,
        0xD5, 0xFE, 0xC5, 0xFE, 0xD0, 0xFE, 0xFC, 0xFE, 0x48, 0xFF, 0xAE, 0xFF, 0x1C, 0x00, 0x7C, 0x00,
        0xB9, 0x00, 0xC0, 0x00, 0x96, 0x00, 0x4F, 0x00, 0xFF, 0xFF, 0xBE, 0xFF, 0x9D, 0xFF, 0x9E, 0xFF,
        0xBA, 0xFF, 0xDD, 0xFF, 0xF9, 0xFF, 0x05, 0x00, 0xF8, 0xFF, 0xD4, 0xFF, 0xA6, 0xFF, 0x83, 0xFF,
        0x80, 0xFF, 0xA9, 0xFF, 0xF4, 0xFF, 0x42, 0x00, 0x70, 0x00, 0x62, 0x00, 0x12, 0x00, 0x8E, 0xFF,
        0xF2, 0xFE, 0x63, 0xFE, 0x01, 0xFE, 0xE0, 0xFD, 0x0A, 0xFE, 0x72, 0xFE, 0xFC, 0xFE, 0x85, 0xFF,
        0xE1, 0xFF, 0xF9, 0xFF, 0xD5, 0xFF, 0x91, 0xFF, 0x55, 0xFF, 0x3F, 0xFF, 0x5D, 0xFF, 0xA8, 0xFF,
        0x06, 0x00, 0x52, 0x00, 0x6F, 0x00, 0x50, 0x00, 0xFC, 0xFF, 0x8B, 0xFF, 0x20, 0xFF, 0xE0, 0xFE,
        0xEA, 0xFE, 0x46, 0xFF, 0xE4, 0xFF, 0x9D, 0x00, 0x3C, 0x01, 0x8D, 0x01, 0x73, 0x01, 0xF5, 0x00,
        0x3D, 0x00, 0x84, 0xFF, 0x01, 0xFF, 0xD2, 0xFE, 0xF1, 0xFE, 0x3E, 0xFF, 0x93, 0xFF, 0xC9, 0xFF,
        0xC7, 0xFF, 0x83, 0xFF, 0x09, 0xFF, 0x7D, 0xFE, 0x14, 0xFE, 0xFC, 0xFD, 0x4B, 0xFE, 0xF3, 0xFE,
        0xC1, 0xFF, 0x6D, 0x00, 0xBC, 0x00, 0x94, 0x00, 0x09, 0x00, 0x45, 0xFF, 0x84, 0xFE, 0x01, 0xFE,
        0xE3, 0xFD, 0x31, 0xFE, 0xD8, 0xFE, 0xA8, 0xFF, 0x63, 0x00, 0xD4, 0x00, 0xDD, 0x00, 0x8B, 0x00,
        0x08, 0x00, 0x90, 0xFF, 0x5D, 0xFF, 0x8D, 0xFF, 0x15, 0x00, 0xC4, 0x00, 0x51, 0x01, 0x7F, 0x01,
        0x36, 0x01, 0x83, 0x00, 0x9A, 0xFF, 0xC2, 0xFE, 0x35, 0xFE, 0x15, 0xFE, 0x6C, 0xFE, 0x20, 0xFF,
        0x00, 0x00, 0xBF, 0x00, 0x18, 0x01, 0xEB, 0x00, 0x43, 0x00, 0x59, 0xFF, 0x82, 0xFE, 0x05, 0xFE,
        0x01, 0xFE, 0x69, 0xFE, 0x09, 0xFF, 0xA3, 0xFF, 0xFF, 0xFF, 0xFB, 0xFF, 0x97, 0xFF, 0xF3, 0xFE,
        0x4B, 0xFE, 0xE1, 0xFD, 0xE6, 0xFD, 0x6A, 0xFE, 0x57, 0xFF, 0x66, 0x00, 0x43, 0x01, 0xAD, 0x01,
        0x83, 0x01, 0xD2, 0x00, 0xDB, 0xFF, 0xF4, 0xFE, 0x69, 0xFE, 0x61, 0xFE, 0xD9, 0xFE, 0xA1, 0xFF,
        0x74, 0x00, 0x07, 0x01, 0x30, 0x01, 0xE5, 0x00, 0x42, 0x00, 0x82, 0xFF, 0xE8, 0xFE, 0xB1, 0xFE,
        0xF8, 0xFE, 0xA4, 0xFF, 0x71, 0x00, 0x0F, 0x01, 0x36, 0x01, 0xCA, 0x00, 0xE6, 0xFF, 0xCF, 0xFE,
        0xD8, 0xFD, 0x48, 0xFD, 0x42, 0xFD, 0xCA, 0xFD, 0xB5, 0xFE, 0xBB, 0xFF, 0x91, 0x00, 0xF4, 0x00,
        0xC9, 0x00, 0x28, 0x00, 0x54, 0xFF, 0x9F, 0xFE, 0x4C, 0xFE, 0x74, 0xFE, 0x05, 0xFF, 0xC8, 0xFF,
        0x71, 0x00, 0xC6, 0x00, 0xA5, 0x00, 0x1A, 0x00, 0x5B, 0xFF, 0xAB, 0xFE, 0x4D, 0xFE, 0x6F, 0xFE,
        0x0F, 0xFF, 0x02, 0x00, 0xFF, 0x00, 0xB9, 0x01, 0xF4, 0x01, 0x9E, 0x01, 0xCF, 0x00, 0xCB, 0xFF,
        0xE3, 0xFE, 0x59, 0xFE, 0x50, 0xFE, 0xB9, 0xFE, 0x5B, 0xFF, 0xF6, 0xFF, 0x4F, 0x00, 0x46, 0x00,
        0xE3, 0xFF, 0x4B, 0xFF, 0xB2, 0xFE, 0x54, 0xFE, 0x59, 0xFE, 0xC9, 0xFE, 0x84, 0xFF, 0x48, 0x00,
        0xCF, 0x00, 0xE1, 0x00, 0x71, 0x00, 0xA5, 0xFF, 0xBE, 0xFE, 0xFF, 0xFD, 0xA3, 0xFD, 0xC1, 0xFD,
        0x4E, 0xFE, 0x21, 0xFF, 0xFB, 0xFF, 0x99, 0x00, 0xD3, 0x00, 0xA1, 0x00, 0x29, 0x00, 0xA5, 0xFF,
        0x4E, 0xFF, 0x49, 0xFF, 0x97, 0xFF, 0x16, 0x00, 0x97, 0x00, 0xE4, 0x00, 0xD7, 0x00, 0x6C, 0x00,
        0xBF, 0xFF, 0x04, 0xFF, 0x79, 0xFE, 0x4C, 0xFE, 0x8D, 0xFE, 0x27, 0xFF, 0xEB, 0xFF, 0xA2, 0x00,
        0x14, 0x01, 0x1D, 0x01, 0xBD, 0x00, 0x15, 0x00, 0x5C, 0xFF, 0xD1, 0xFE, 0x9C, 0xFE, 0xBF, 0xFE,
        0x1D, 0xFF, 0x85, 0xFF, 0xC8, 0xFF, 0xCD, 0xFF, 0x8F, 0xFF, 0x26, 0xFF, 0xB4, 0xFE, 0x63, 0xFE,
        0x5C, 0xFE, 0xAE, 0xFE, 0x49, 0xFF, 0x05, 0x00, 0xA5, 0x00, 0xF2, 0x00, 0xD7, 0x00, 0x60, 0x00,
        0xB7, 0xFF, 0x12, 0xFF, 0xA2, 0xFE, 0x81, 0xFE, 0xB0, 0xFE, 0x1B, 0xFF, 0x9A, 0xFF, 0x05, 0x00,
        0x37, 0x00, 0x2B, 0x00, 0xF0, 0xFF, 0xA3, 0xFF, 0x6E, 0xFF, 0x6C, 0xFF, 0xA1, 0xFF, 0x01, 0x00,
        0x68, 0x00, 0xAD, 0x00, 0xB1, 0x00, 0x66, 0x00, 0xDE, 0xFF, 0x3F, 0xFF, 0xB8, 0xFE, 0x70, 0xFE,
        0x78, 0xFE, 0xC4, 0xFE, 0x3D, 0xFF, 0xC2, 0xFF, 0x2C, 0x00, 0x60, 0x00, 0x52, 0x00, 0x0B, 0x00,
        0xA8, 0xFF, 0x52, 0xFF, 0x2B, 0xFF, 0x3C, 0xFF, 0x74, 0xFF, 0xB3, 0xFF, 0xD6, 0xFF, 0xC7, 0xFF,
        0x89, 0xFF, 0x32, 0xFF, 0xDB, 0xFE, 0xA3, 0xFE, 0xA2, 0xFE, 0xDC, 0xFE, 0x4B, 0xFF, 0xD4, 0xFF,
        0x52, 0x00, 0xA0, 0x00, 0xA9, 0x00, 0x6C, 0x00, 0x01, 0x00, 0x8C, 0xFF, 0x36, 0xFF, 0x16, 0xFF,
        0x2C, 0xFF, 0x68, 0xFF, 0xB0, 0xFF, 0xE0, 0xFF, 0xE8, 0xFF, 0xC8, 0xFF, 0x8F, 0xFF, 0x58, 0xFF,
        0x3E, 0xFF, 0x51, 0xFF, 0x91, 0xFF, 0xEE, 0xFF, 0x51, 0x00, 0x99, 0x00, 0xAA, 0x00, 0x74, 0x00,
        0xFD, 0xFF, 0x60, 0xFF, 0xCF, 0xFE, 0x74, 0xFE, 0x63, 0xFE, 0x97, 0xFE, 0xF7, 0xFE, 0x5E, 0xFF,
        0xB0, 0xFF, 0xDC, 0xFF, 0xDE, 0xFF, 0xBD, 0xFF, 0x86, 0xFF, 0x56, 0xFF, 0x44, 0xFF, 0x58, 0xFF,
        0x8E, 0xFF, 0xD1, 0xFF, 0xFF, 0xFF, 0xFF, 0xFF, 0xCD, 0xFF, 0x73, 0xFF, 0x0D, 0xFF, 0xBD, 0xFE,
        0x9E, 0xFE, 0xBF, 0xFE, 0x1E, 0xFF, 0xA4, 0xFF, 0x30, 0x00, 0x9E, 0x00, 0xD7, 0x00, 0xD2, 0x00,
        0x94, 0x00, 0x36, 0x00, 0xD8, 0xFF, 0x8F, 0xFF, 0x6C, 0xFF, 0x77, 0xFF, 0x9E, 0xFF, 0xC9, 0xFF,
        0xDD, 0xFF, 0xCA, 0xFF, 0x92, 0xFF, 0x48, 0xFF, 0x08, 0xFF, 0xED, 0xFE, 0x02, 0xFF, 0x42, 0xFF,
        0x9F, 0xFF, 0xFF, 0xFF, 0x48, 0x00, 0x60, 0x00, 0x36, 0x00, 0xD1, 0xFF, 0x4C, 0xFF, 0xC9, 0xFE,
        0x6B, 0xFE, 0x49, 0xFE, 0x63, 0xFE, 0xA8, 0xFE, 0x00, 0xFF, 0x55, 0xFF, 0x94, 0xFF, 0xAF, 0xFF,
        0xA9, 0xFF, 0x94, 0xFF, 0x87, 0xFF, 0x93, 0xFF, 0xC0, 0xFF, 0x04, 0x00, 0x4B, 0x00, 0x7A, 0x00,
        0x7F, 0x00, 0x54, 0x00, 0x01, 0x00, 0x97, 0xFF, 0x33, 0xFF, 0xF0, 0xFE, 0xE5, 0xFE, 0x18, 0xFF,
        0x7A, 0xFF, 0xF2, 0xFF, 0x62, 0x00, 0xAB, 0x00, 0xBB, 0x00, 0x92, 0x00, 0x3E, 0x00, 0xD9, 0xFF,
        0x7B, 0xFF, 0x3F, 0xFF, 0x2F, 0xFF, 0x41, 0xFF, 0x60, 0xFF, 0x77, 0xFF, 0x6E, 0xFF, 0x40, 0xFF,
        0xFB, 0xFE, 0xB0, 0xFE, 0x78, 0xFE, 0x6D, 0xFE, 0x97, 0xFE, 0xF7, 0xFE, 0x7C, 0xFF, 0x03, 0x00,
        0x66, 0x00, 0x86, 0x00, 0x5A, 0x00, 0xF3, 0xFF, 0x71, 0xFF, 0xFE, 0xFE, 0xBE, 0xFE, 0xBB, 0xFE,
        0xF2, 0xFE, 0x55, 0xFF, 0xC6, 0xFF, 0x24, 0x00, 0x56, 0x00, 0x50, 0x00, 0x1E, 0x00, 0xDD, 0xFF,
        0xAE, 0xFF, 0xAC, 0xFF, 0xDD, 0xFF, 0x31, 0x00, 0x8C, 0x00, 0xC6, 0x00, 0xC2, 0x00, 0x7B, 0x00,
        0xF5, 0xFF, 0x4B, 0xFF, 0xAE, 0xFE, 0x46, 0xFE, 0x2B, 0xFE, 0x67, 0xFE, 0xE5, 0xFE, 0x7F, 0xFF,
        0x06, 0x00, 0x53, 0x00, 0x4E, 0x00, 0xFB, 0xFF, 0x7A, 0xFF, 0xF7, 0xFE, 0x9D, 0xFE, 0x88, 0xFE,
        0xB9, 0xFE, 0x15, 0xFF, 0x76, 0xFF, 0xB9, 0xFF, 0xC8, 0xFF, 0x9F, 0xFF, 0x4E, 0xFF, 0xF4, 0xFE,
        0xB5, 0xFE, 0xB2, 0xFE, 0x02, 0xFF, 0x9D, 0xFF, 0x5B, 0x00, 0x05, 0x01, 0x67, 0x01, 0x62, 0x01,
        0xF9, 0x00, 0x52, 0x00, 0xA2, 0xFF, 0x1B, 0xFF, 0xDF, 0xFE, 0xF9, 0xFE, 0x5A, 0xFF, 0xDD, 0xFF,
        0x51, 0x00, 0x8A, 0x00, 0x72, 0x00, 0x13, 0x00, 0x91, 0xFF, 0x18, 0xFF, 0xD8, 0xFE, 0xEB, 0xFE,
        0x45, 0xFF, 0xC7, 0xFF, 0x3E, 0x00, 0x72, 0x00, 0x44, 0x00, 0xBA, 0xFF, 0xF5, 0xFE, 0x33, 0xFE,
        0xAB, 0xFD, 0x83, 0xFD, 0xC9, 0xFD, 0x67, 0xFE, 0x30, 0xFF, 0xF2, 0xFF, 0x78, 0x00, 0x9E, 0x00,
        0x62, 0x00, 0xE5, 0xFF, 0x5E, 0xFF, 0x07, 0xFF, 0x01, 0xFF, 0x4E, 0xFF, 0xCF, 0xFF, 0x4F, 0x00,
        0x9E, 0x00, 0x9F, 0x00, 0x50, 0x00, 0xCD, 0xFF, 0x3D, 0xFF, 0xD1, 0xFE, 0xBC, 0xFE, 0x0F, 0xFF,
        0xB6, 0xFF, 0x86, 0x00, 0x3D, 0x01, 0x9B, 0x01, 0x7E, 0x01, 0xEC, 0x00, 0x12, 0x00, 0x30, 0xFF,
        0x83, 0xFE, 0x38, 0xFE, 0x5A, 0xFE, 0xCB, 0xFE, 0x59, 0xFF, 0xCB, 0xFF, 0xF5, 0xFF, 0xC8, 0xFF,
        0x59, 0xFF, 0xCF, 0xFE, 0x61, 0xFE, 0x3F, 0xFE, 0x7D, 0xFE, 0x12, 0xFF, 0xD5, 0xFF, 0x86, 0x00,
        0xE3, 0x00, 0xCA, 0x00, 0x43, 0x00, 0x78, 0xFF, 0xA8, 0xFE, 0x1B, 0xFE, 0xFA, 0xFD, 0x4C, 0xFE,
        0xF8, 0xFE, 0xCC, 0xFF, 0x8B, 0x00, 0xFF, 0x00, 0x0D, 0x01, 0xBA, 0x00, 0x30, 0x00, 0xAD, 0xFF,
        0x65, 0xFF, 0x71, 0xFF, 0xCC, 0xFF, 0x4D, 0x00, 0xB8, 0x00, 0xDC, 0x00, 0xA2, 0x00, 0x11, 0x00,
        0x4D, 0xFF, 0x8F, 0xFE, 0x10, 0xFE, 0xFB, 0xFD, 0x57, 0xFE, 0x05, 0xFF, 0xD1, 0xFF, 0x7B, 0x00,
        0xCC, 0x00, 0xB1, 0x00, 0x36, 0x00, 0x87, 0xFF, 0xDD, 0xFE, 0x6B, 0xFE, 0x50, 0xFE, 0x8F, 0xFE,
        0x07, 0xFF, 0x82, 0xFF, 0xD5, 0xFF, 0xE1, 0xFF, 0xA6, 0xFF, 0x40, 0xFF, 0xDB, 0xFE, 0xA8, 0xFE,
        0xC2, 0xFE, 0x30, 0xFF, 0xDE, 0xFF, 0x9C, 0x00, 0x2D, 0x01, 0x5F, 0x01, 0x24, 0x01, 0x8F, 0x00,
        0xD4, 0xFF, 0x2B, 0xFF, 0xC7, 0xFE, 0xC4, 0xFE, 0x13, 0xFF, 0x91, 0xFF, 0x16, 0x00, 0x72, 0x00,
        0x83, 0x00, 0x46, 0x00, 0xD4, 0xFF, 0x5C, 0xFF, 0x11, 0xFF, 0x0C, 0xFF, 0x51, 0xFF, 0xC6, 0xFF,
        0x39, 0x00, 0x76, 0x00, 0x63, 0x00, 0xFC, 0xFF, 0x59, 0xFF, 0xA4, 0xFE, 0x16, 0xFE, 0xDC, 0xFD,
        0x06, 0xFE, 0x87, 0xFE, 0x39, 0xFF, 0xE6, 0xFF, 0x5B, 0x00, 0x7C, 0x00, 0x49, 0x00, 0xDE, 0xFF,
        0x68, 0xFF, 0x16, 0xFF, 0x08, 0xFF, 0x42, 0xFF, 0xA8, 0xFF, 0x0E, 0x00, 0x4B, 0x00, 0x47, 0x00,
        0x00, 0x00, 0x8E, 0xFF, 0x1C, 0xFF, 0xD5, 0xFE, 0xD4, 0xFE, 0x21, 0xFF, 0xB2, 0xFF, 0x5F, 0x00,
        0xEE, 0x00, 0x2F, 0x01, 0x0F, 0x01, 0x97, 0x00, 0xEC, 0xFF, 0x49, 0xFF, 0xDA, 0xFE, 0xB5, 0xFE,
        0xDA, 0xFE, 0x2F, 0xFF, 0x8D, 0xFF, 0xD5, 0xFF, 0xE9, 0xFF, 0xC1, 0xFF, 0x6F, 0xFF, 0x16, 0xFF,
        0xDA, 0xFE, 0xDE, 0xFE, 0x29, 0xFF, 0xA6, 0xFF, 0x2A, 0x00, 0x86, 0x00, 0x9B, 0x00, 0x59, 0x00,
        0xCF, 0xFF, 0x2B, 0xFF, 0xA0, 0xFE, 0x55, 0xFE, 0x5F, 0xFE, 0xB9, 0xFE, 0x45, 0xFF, 0xD8, 0xFF,
        0x44, 0x00, 0x70, 0x00, 0x5B, 0x00, 0x13, 0x00, 0xB8, 0xFF, 0x77, 0xFF, 0x6C, 0xFF, 0x9F, 0xFF,
        0xF9, 0xFF, 0x4E, 0x00, 0x78, 0x00, 0x5D, 0x00, 0xF9, 0xFF, 0x6A, 0xFF, 0xDF, 0xFE, 0x7E, 0xFE,
        0x64, 0xFE, 0x9D, 0xFE, 0x1A, 0xFF, 0xBC, 0xFF, 0x57, 0x00, 0xBB, 0x00, 0xCC, 0x00, 0x87, 0x00,
        0x03, 0x00, 0x73, 0xFF, 0x08, 0xFF, 0xE0, 0xFE, 0xFB, 0xFE, 0x47, 0xFF, 0x9D, 0xFF, 0xD6, 0xFF,
        0xD8, 0xFF, 0xA3, 0xFF, 0x49, 0xFF, 0xEC, 0xFE, 0xB2, 0xFE, 0xB8, 0xFE, 0x07, 0xFF, 0x92, 0xFF,
        0x34, 0x00, 0xBA, 0x00, 0xFF, 0x00, 0xEC, 0x00, 0x7C, 0x00, 0xD2, 0xFF, 0x27, 0xFF, 0xAD, 0xFE,
        0x82, 0xFE, 0xAD, 0xFE, 0x14, 0xFF, 0x8E, 0xFF, 0xF4, 0xFF, 0x26, 0x00, 0x1E, 0x00, 0xE7, 0xFF,
        0x9B, 0xFF, 0x57, 0xFF, 0x3F, 0xFF, 0x67, 0xFF, 0xC7, 0xFF, 0x3E, 0x00, 0x9B, 0x00, 0xBA, 0x00,
        0x87, 0x00, 0x05, 0x00, 0x5F, 0xFF, 0xC6, 0xFE, 0x5F, 0xFE, 0x46, 0xFE, 0x82, 0xFE, 0x01, 0xFF,
        0x9E, 0xFF, 0x2C, 0x00, 0x85, 0x00, 0x91, 0x00, 0x54, 0x00, 0xE9, 0xFF, 0x7A, 0xFF, 0x2E, 0xFF,
        0x1C, 0xFF, 0x41, 0xFF, 0x86, 0xFF, 0xCD, 0xFF, 0xF1, 0xFF, 0xD9, 0xFF, 0x8D, 0xFF, 0x26, 0xFF,
        0xC3, 0xFE, 0x86, 0xFE, 0x8E, 0xFE, 0xDD, 0xFE, 0x61, 0xFF, 0xFB, 0xFF, 0x7F, 0x00, 0xCD, 0x00,
        0xCD, 0x00, 0x7A, 0x00, 0xF5, 0xFF, 0x6C, 0xFF, 0x07, 0xFF, 0xE1, 0xFE, 0x00, 0xFF, 0x4C, 0xFF,
        0xA6, 0xFF, 0xEF, 0xFF, 0x0F, 0x00, 0x04, 0x00, 0xD4, 0xFF, 0x92, 0xFF, 0x5E, 0xFF, 0x53, 0xFF,
        0x7D, 0xFF, 0xD6, 0xFF, 0x42, 0x00, 0x99, 0x00, 0xB7, 0x00, 0x8C, 0x00, 0x20, 0x00, 0x90, 0xFF,
        0xFC, 0xFE, 0x8D, 0xFE, 0x5E, 0xFE, 0x78, 0xFE, 0xCE, 0xFE, 0x46, 0xFF, 0xBF, 0xFF, 0x15, 0x00,
        0x30, 0x00, 0x0F, 0x00, 0xC8, 0xFF, 0x75, 0xFF, 0x33, 0xFF, 0x1E, 0xFF, 0x3B, 0xFF, 0x78, 0xFF,
        0xBB, 0xFF, 0xE6, 0xFF, 0xE1, 0xFF, 0xAD, 0xFF, 0x5C, 0xFF, 0x04, 0xFF, 0xC8, 0xFE, 0xC0, 0xFE,
        0xF1, 0xFE, 0x5A, 0xFF, 0xE9, 0xFF, 0x7A, 0x00, 0xE2, 0x00, 0x04, 0x01, 0xD7, 0x00, 0x68, 0x00,
        0xDC, 0xFF, 0x62, 0xFF, 0x1A, 0xFF, 0x0A, 0xFF, 0x2C, 0xFF, 0x6E, 0xFF, 0xB6, 0xFF, 0xEA, 0xFF,
        0xF9, 0xFF, 0xDB, 0xFF, 0x9C, 0xFF, 0x51, 0xFF, 0x1B, 0xFF, 0x14, 0xFF, 0x47, 0xFF, 0xA4, 0xFF,
        0x08, 0x00, 0x4C, 0x00, 0x58, 0x00, 0x22, 0x00, 0xB1, 0xFF, 0x22, 0xFF, 0xA2, 0xFE, 0x4E, 0xFE,
        0x39, 0xFE, 0x6E, 0xFE, 0xDC, 0xFE, 0x65, 0xFF, 0xE8, 0xFF, 0x46, 0x00, 0x67, 0x00, 0x4E, 0x00,
        0x0E, 0x00, 0xC4, 0xFF, 0x93, 0xFF, 0x92, 0xFF, 0xBD, 0xFF, 0xFF, 0xFF, 0x39, 0x00, 0x50, 0x00,
        0x37, 0x00, 0xF3, 0xFF, 0x97, 0xFF, 0x39, 0xFF, 0xF4, 0xFE, 0xE2, 0xFE, 0x11, 0xFF, 0x7C, 0xFF,
        0x0A, 0x00, 0x91, 0x00, 0xE2, 0x00, 0xE1, 0x00, 0x8D, 0x00, 0x01, 0x00, 0x66, 0xFF, 0xE8, 0xFE,
        0xA0, 0xFE, 0x97, 0xFE, 0xC2, 0xFE, 0x0A, 0xFF, 0x52, 0xFF, 0x7C, 0xFF, 0x78, 0xFF, 0x4C, 0xFF,
        0x0D, 0xFF, 0xD4, 0xFE, 0xC5, 0xFE, 0xF3, 0xFE, 0x59, 0xFF, 0xDE, 0xFF, 0x59, 0x00, 0xA3, 0x00,
        0xA4, 0x00, 0x55, 0x00, 0xCF, 0xFF, 0x42, 0xFF, 0xD8, 0xFE, 0xAB, 0xFE, 0xC9, 0xFE, 0x25, 0xFF,
        0xA5, 0xFF, 0x29, 0x00, 0x8B, 0x00, 0xB4, 0x00, 0x9D, 0x00, 0x54, 0x00, 0xF8, 0xFF, 0xB6, 0xFF,
        0xAB, 0xFF, 0xD8, 0xFF, 0x23, 0x00, 0x68, 0x00, 0x82, 0x00, 0x59, 0x00, 0xF1, 0xFF, 0x64, 0xFF,
        0xD2, 0xFE, 0x5D, 0xFE, 0x2D, 0xFE, 0x4F, 0xFE, 0xBB, 0xFE, 0x56, 0xFF, 0xF3, 0xFF, 0x5D, 0x00,
        0x79, 0x00, 0x43, 0x00, 0xCD, 0xFF, 0x44, 0xFF, 0xD6, 0xFE, 0xA0, 0xFE, 0xB0, 0xFE, 0xF8, 0xFE,
        0x59, 0xFF, 0xAE, 0xFF, 0xD7, 0xFF, 0xC9, 0xFF, 0x91, 0xFF, 0x44, 0xFF, 0x09, 0xFF, 0x01, 0xFF,
        0x3B, 0xFF, 0xB4, 0xFF, 0x51, 0x00, 0xE1, 0x00, 0x38, 0x01, 0x37, 0x01, 0xDA, 0x00, 0x3C, 0x00,
        0x8E, 0xFF, 0x08, 0xFF, 0xCB, 0xFE, 0xDC, 0xFE, 0x2F, 0xFF, 0xA5, 0xFF, 0x10, 0x00, 0x4C, 0x00,
        0x49, 0x00, 0x06, 0x00, 0x9E, 0xFF, 0x3D, 0xFF, 0x05, 0xFF, 0x0E, 0xFF, 0x56, 0xFF, 0xB9, 0xFF,
        0x0B, 0x00, 0x2E, 0x00, 0x0C, 0x00, 0xA6, 0xFF, 0x1A, 0xFF, 0x92, 0xFE, 0x34, 0xFE, 0x23, 0xFE,
        0x65, 0xFE, 0xEB, 0xFE, 0x90, 0xFF, 0x24, 0x00, 0x80, 0x00, 0x94, 0x00, 0x63, 0x00, 0x09, 0x00,
        0xAC, 0xFF, 0x71, 0xFF, 0x6D, 0xFF, 0x9D, 0xFF, 0xED, 0xFF, 0x3A, 0x00, 0x5E, 0x00, 0x47, 0x00,
        0xFC, 0xFF, 0x96, 0xFF, 0x3A, 0xFF, 0x09, 0xFF, 0x17, 0xFF, 0x6C, 0xFF, 0xF2, 0xFF, 0x7E, 0x00,
        0xE4, 0x00, 0xFF, 0x00, 0xBF, 0x00, 0x35, 0x00, 0x89, 0xFF, 0xEE, 0xFE, 0x8F, 0xFE, 0x7A, 0xFE,
        0xA8, 0xFE, 0x00, 0xFF, 0x5E, 0xFF, 0x9D, 0xFF, 0xA7, 0xFF, 0x7E, 0xFF, 0x31, 0xFF, 0xE5, 0xFE,
        0xC5, 0xFE, 0xE5, 0xFE, 0x44, 0xFF, 0xCB, 0xFF, 0x4B, 0x00, 0x96, 0x00, 0x96, 0x00, 0x44, 0x00,
        0xB9, 0xFF, 0x24, 0xFF, 0xB1, 0xFE, 0x83, 0xFE, 0xAE, 0xFE, 0x26, 0xFF, 0xC4, 0xFF, 0x58, 0x00,
        0xBC, 0x00, 0xD7, 0x00, 0xA6, 0x00, 0x46, 0x00, 0xE3, 0xFF, 0xA3, 0xFF, 0x9F, 0xFF, 0xD5, 0xFF,
        0x2E, 0x00, 0x7C, 0x00, 0x96, 0x00, 0x65, 0x00, 0xEF, 0xFF, 0x54, 0xFF, 0xBD, 0xFE, 0x59, 0xFE,
        0x44, 0xFE, 0x86, 0xFE, 0x0C, 0xFF, 0xB4, 0xFF, 0x4A, 0x00, 0xA0, 0x00, 0x9E, 0x00, 0x42, 0x00,
        0xB5, 0xFF, 0x2A, 0xFF, 0xC7, 0xFE, 0xAD, 0xFE, 0xDE, 0xFE, 0x33, 0xFF, 0x8C, 0xFF, 0xCB, 0xFF,
        0xD1, 0xFF, 0x9F, 0xFF, 0x4A, 0xFF, 0xF3, 0xFE, 0xC8, 0xFE, 0xE5, 0xFE, 0x4E, 0xFF, 0xEE, 0xFF,
        0x97, 0x00, 0x17, 0x01, 0x44, 0x01, 0x0C, 0x01, 0x82, 0x00, 0xD0, 0xFF, 0x29, 0xFF, 0xC0, 0xFE,
        0xB0, 0xFE, 0xF5, 0xFE, 0x6F, 0xFF, 0xEE, 0xFF, 0x45, 0x00, 0x5C, 0x00, 0x2D, 0x00, 0xCC, 0xFF,
        0x63, 0xFF, 0x1C, 0xFF, 0x15, 0xFF, 0x58, 0xFF, 0xCF, 0xFF, 0x4C, 0x00, 0x9D, 0x00, 0x9B, 0x00,
        0x3B, 0x00, 0x99, 0xFF, 0xE4, 0xFE, 0x51, 0xFE, 0x0F, 0xFE, 0x30, 0xFE, 0xA7, 0xFE, 0x53, 0xFF,
        0x03, 0x00, 0x84, 0x00, 0xB5, 0x00, 0x8A, 0x00, 0x1C, 0x00, 0x9D, 0xFF, 0x3D, 0xFF, 0x1F, 0xFF,
        0x50, 0xFF, 0xB9, 0xFF, 0x2B, 0x00, 0x77, 0x00, 0x7E, 0x00, 0x39, 0x00, 0xB9, 0xFF, 0x26, 0xFF,
        0xB6, 0xFE, 0x8F, 0xFE, 0xC7, 0xFE, 0x51, 0xFF, 0x03, 0x00, 0xAF, 0x00, 0x1D, 0x01, 0x27, 0x01,
        0xCD, 0x00, 0x2B, 0x00, 0x70, 0xFF, 0xD5, 0xFE, 0x87, 0xFE, 0x99, 0xFE, 0xF6, 0xFE, 0x72, 0xFF,
        0xE0, 0xFF, 0x18, 0x00, 0x07, 0x00, 0xBB, 0xFF, 0x50, 0xFF, 0xF0, 0xFE, 0xC4, 0xFE, 0xE4, 0xFE,
        0x4F, 0xFF, 0xE8, 0xFF, 0x79, 0x00, 0xD0, 0x00, 0xC9, 0x00, 0x63, 0x00, 0xC1, 0xFF, 0x10, 0xFF,
        0x86, 0xFE, 0x51, 0xFE, 0x79, 0xFE, 0xEF, 0xFE, 0x92, 0xFF, 0x30, 0x00, 0x99, 0x00, 0xB1, 0x00,
        0x7B, 0x00, 0x11, 0x00, 0x9F, 0xFF, 0x52, 0xFF, 0x45, 0xFF, 0x7C, 0xFF, 0xDE, 0xFF, 0x40, 0x00,
        0x79, 0x00, 0x6D, 0x00, 0x18, 0x00, 0x93, 0xFF, 0x06, 0xFF, 0x9F, 0xFE, 0x85, 0xFE, 0xBD, 0xFE,
        0x3B, 0xFF, 0xE1, 0xFF, 0x79, 0x00, 0xD8, 0x00, 0xE8, 0x00, 0xA1, 0x00, 0x1D, 0x00, 0x86, 0xFF,
        0x0B, 0xFF, 0xD2, 0xFE, 0xE2, 0xFE, 0x28, 0xFF, 0x86, 0xFF, 0xD1, 0xFF, 0xED, 0xFF, 0xD4, 0xFF,
        0x90, 0xFF, 0x3F, 0xFF, 0x00, 0xFF, 0xED, 0xFE, 0x1B, 0xFF, 0x85, 0xFF, 0x08, 0x00, 0x80, 0x00,
        0xC4, 0x00, 0xB8, 0x00, 0x5D, 0x00, 0xCC, 0xFF, 0x31, 0xFF, 0xB8, 0xFE, 0x7F, 0xFE, 0x91, 0xFE,
        0xE9, 0xFE, 0x66, 0xFF, 0xE1, 0xFF, 0x37, 0x00, 0x55, 0x00, 0x39, 0x00, 0xF6, 0xFF, 0xAF, 0xFF,
        0x81, 0xFF, 0x80, 0xFF, 0xAE, 0xFF, 0xFC, 0xFF, 0x4B, 0x00, 0x77, 0x00, 0x66, 0x00, 0x19, 0x00,
        0xA1, 0xFF, 0x21, 0xFF, 0xBF, 0xFE, 0x97, 0xFE, 0xB7, 0xFE, 0x16, 0xFF, 0x9A, 0xFF, 0x25, 0x00,
        0x8F, 0x00, 0xBA, 0x00, 0xA0, 0x00, 0x48, 0x00, 0xD3, 0xFF, 0x6B, 0xFF, 0x26, 0xFF, 0x15, 0xFF,
        0x34, 0xFF, 0x67, 0xFF, 0x96, 0xFF, 0xAE, 0xFF, 0xA0, 0xFF, 0x75, 0xFF, 0x3B, 0xFF, 0x05, 0xFF,
        0xF1, 0xFE, 0x0E, 0xFF, 0x5E, 0xFF, 0xCF, 0xFF, 0x42, 0x00, 0x99, 0x00, 0xB7, 0x00, 0x91, 0x00,
        0x36, 0x00, 0xBF, 0xFF, 0x4C, 0xFF, 0xFC, 0xFE, 0xDF, 0xFE, 0xFA, 0xFE, 0x42, 0xFF, 0x98, 0xFF,
        0xE5, 0xFF, 0x18, 0x00, 0x20, 0x00, 0x06, 0x00, 0xDC, 0xFF, 0xB3, 0xFF, 0xA0, 0xFF, 0xAE, 0xFF,
        0xD9, 0xFF, 0x0F, 0x00, 0x38, 0x00, 0x3A, 0x00, 0x0B, 0x00, 0xB6, 0xFF, 0x4B, 0xFF, 0xE6, 0xFE,
        0xA3, 0xFE, 0x91, 0xFE, 0xB4, 0xFE, 0x06, 0xFF, 0x76, 0xFF, 0xE3, 0xFF, 0x32, 0x00, 0x4C, 0x00,
        0x31, 0x00, 0xF2, 0xFF, 0xA9, 0xFF, 0x70, 0xFF, 0x57, 0xFF, 0x60, 0xFF, 0x82, 0xFF, 0xA8, 0xFF,
        0xC6, 0xFF, 0xCD, 0xFF, 0xB6, 0xFF, 0x8C, 0xFF, 0x61, 0xFF, 0x44, 0xFF, 0x4F, 0xFF, 0x86, 0xFF,
        0xDE, 0xFF, 0x49, 0x00, 0xA6, 0x00, 0xD6, 0x00, 0xCE, 0x00, 0x89, 0x00, 0x19, 0x00, 0xA2, 0xFF,
        0x3F, 0xFF, 0x06, 0xFF, 0x04, 0xFF, 0x29, 0xFF, 0x67, 0xFF, 0xA6, 0xFF, 0xCF, 0xFF, 0xD8, 0xFF,
        0xBE, 0xFF, 0x8D, 0xFF, 0x5A, 0xFF, 0x3C, 0xFF, 0x44, 0xFF, 0x73, 0xFF, 0xB6, 0xFF, 0xF2, 0xFF,
        0x0B, 0x00, 0xF1, 0xFF, 0xAB, 0xFF, 0x49, 0xFF, 0xE6, 0xFE, 0xA2, 0xFE, 0x8F, 0xFE, 0xB3, 0xFE,
        0x0B, 0xFF, 0x86, 0xFF, 0x01, 0x00, 0x5D, 0x00, 0x87, 0x00, 0x78, 0x00, 0x3E, 0x00, 0xF9, 0xFF,
        0xC1, 0xFF, 0xAB, 0xFF, 0xBB, 0xFF, 0xE2, 0xFF, 0x0E, 0x00, 0x2C, 0x00, 0x24, 0x00, 0xF5, 0xFF,
        0xAD, 0xFF, 0x5E, 0xFF, 0x27, 0xFF, 0x1C, 0xFF, 0x47, 0xFF, 0xA1, 0xFF, 0x0F, 0x00, 0x73, 0x00,
        0xAC, 0x00, 0xA4, 0x00, 0x58, 0x00, 0xDD, 0xFF, 0x56, 0xFF, 0xEC, 0xFE, 0xB3, 0xFE, 0xB2, 0xFE,
        0xE2, 0xFE, 0x24, 0xFF, 0x62, 0xFF, 0x8D, 0xFF, 0x94, 0xFF, 0x7C, 0xFF, 0x57, 0xFF, 0x37, 0xFF,
        0x3B, 0xFF, 0x6E, 0xFF, 0xC2, 0xFF, 0x26, 0x00, 0x76, 0x00, 0x92, 0x00, 0x70, 0x00, 0x1A, 0x00,
        0xA7, 0xFF, 0x39, 0xFF, 0xEF, 0xFE, 0xE0, 0xFE, 0x10, 0xFF, 0x6F, 0xFF, 0xE4, 0xFF, 0x4A, 0x00,
        0x87, 0x00, 0x8C, 0x00, 0x5E, 0x00, 0x15, 0x00, 0xD1, 0xFF, 0xAA, 0xFF, 0xAE, 0xFF, 0xD5, 0xFF,
        0x08, 0x00, 0x29, 0x00, 0x20, 0x00, 0xE2, 0xFF, 0x78, 0xFF, 0xFF, 0xFE, 0x97, 0xFE, 0x60, 0xFE,
        0x70, 0xFE, 0xC5, 0xFE, 0x46, 0xFF, 0xD6, 0xFF, 0x48, 0x00, 0x7C, 0x00, 0x6A, 0x00, 0x17, 0x00,
        0xA5, 0xFF, 0x41, 0xFF, 0x09, 0xFF, 0x0B, 0xFF, 0x44, 0xFF, 0x93, 0xFF, 0xD9, 0xFF, 0xFD, 0xFF,
        0xF2, 0xFF, 0xBE, 0xFF, 0x75, 0xFF, 0x35, 0xFF, 0x23, 0xFF, 0x52, 0xFF, 0xC1, 0xFF, 0x57, 0x00,
        0xE5, 0x00, 0x3D, 0x01, 0x3F, 0x01, 0xE5, 0x00, 0x50, 0x00, 0xA6, 0xFF, 0x13, 0xFF, 0xC3, 0xFE,
        0xC4, 0xFE, 0x0B, 0xFF, 0x7B, 0xFF, 0xE6, 0xFF, 0x28, 0x00, 0x2C, 0x00, 0xEE, 0xFF, 0x8B, 0xFF,
        0x2D, 0xFF, 0xF6, 0xFE, 0xFE, 0xFE, 0x47, 0xFF, 0xB8, 0xFF, 0x24, 0x00, 0x5E, 0x00, 0x4C, 0x00,
        0xED, 0xFF, 0x5B, 0xFF, 0xC5, 0xFE, 0x58, 0xFE, 0x37, 0xFE, 0x6F, 0xFE, 0xF0, 0xFE, 0x9A, 0xFF,
        0x3E, 0x00, 0xAC, 0x00, 0xC9, 0x00, 0x95, 0x00, 0x29, 0x00, 0xB3, 0xFF, 0x64, 0xFF, 0x5B, 0xFF,
        0x94, 0xFF, 0xF6, 0xFF, 0x5A, 0x00, 0x92, 0x00, 0x87, 0x00, 0x39, 0x00, 0xBA, 0xFF, 0x35, 0xFF,
        0xD6, 0xFE, 0xBD, 0xFE, 0xFF, 0xFE, 0x8D, 0xFF, 0x36, 0x00, 0xCA, 0x00, 0x13, 0x01, 0xF4, 0x00,
        0x7B, 0x00, 0xC8, 0xFF, 0x14, 0xFF, 0x98, 0xFE, 0x70, 0xFE, 0xA0, 0xFE, 0x0E, 0xFF, 0x8E, 0xFF,
        0xF2, 0xFF, 0x17, 0x00, 0xF3, 0xFF, 0x9A, 0xFF, 0x2D, 0xFF, 0xDF, 0xFE, 0xD4, 0xFE, 0x1A, 0xFF,
        0xA4, 0xFF, 0x48, 0x00, 0xCC, 0x00, 0x02, 0x01, 0xD1, 0x00, 0x44, 0x00, 0x8B, 0xFF, 0xE2, 0xFE,
        0x7D, 0xFE, 0x7A, 0xFE, 0xD6, 0xFE, 0x75, 0xFF, 0x27, 0x00, 0xB7, 0x00, 0xF9, 0x00, 0xDB, 0x00,
        0x6E, 0x00, 0xDA, 0xFF, 0x56, 0xFF, 0x16, 0xFF, 0x2C, 0xFF, 0x8A, 0xFF, 0x05, 0x00, 0x69, 0x00,
        0x89, 0x00, 0x53, 0x00, 0xD0, 0xFF, 0x27, 0xFF, 0x8F, 0xFE, 0x34, 0xFE, 0x38, 0xFE, 0xA0, 0xFE,
        0x51, 0xFF, 0x16, 0x00, 0xB5, 0x00, 0x00, 0x01, 0xE1, 0x00, 0x62, 0x00, 0xB6, 0xFF, 0x15, 0xFF,
        0xB0, 0xFE, 0xAA, 0xFE, 0xF8, 0xFE, 0x77, 0xFF, 0xF8, 0xFF, 0x47, 0x00, 0x4F, 0x00, 0x15, 0x00,
        0xAA, 0xFF, 0x3D, 0xFF, 0xFC, 0xFE, 0x06, 0xFF, 0x65, 0xFF, 0x03, 0x00, 0xAE, 0x00, 0x2F, 0x01,
        0x54, 0x01, 0x08, 0x01, 0x64, 0x00, 0x98, 0xFF, 0xE2, 0xFE, 0x76, 0xFE, 0x6A, 0xFE, 0xBA, 0xFE,
        0x43, 0xFF, 0xD6, 0xFF, 0x4A, 0x00, 0x79, 0x00, 0x57, 0x00, 0xFA, 0xFF, 0x86, 0xFF, 0x2B, 0xFF,
        0x11, 0xFF, 0x40, 0xFF, 0xA6, 0xFF, 0x1B, 0x00, 0x6E, 0x00, 0x7A, 0x00, 0x35, 0x00, 0xB0, 0xFF,
        0x11, 0xFF, 0x8D, 0xFE, 0x4C, 0xFE, 0x63, 0xFE, 0xD0, 0xFE, 0x73, 0xFF, 0x1E, 0x00, 0xA7, 0x00,
        0xE4, 0x00, 0xC9, 0x00, 0x67, 0x00, 0xE4, 0xFF, 0x6F, 0xFF, 0x34, 0xFF, 0x3B, 0xFF, 0x7C, 0xFF,
        0xD7, 0xFF, 0x1F, 0x00, 0x35, 0x00, 0x10, 0x00, 0xBA, 0xFF, 0x51, 0xFF, 0xF6, 0xFE, 0xCD, 0xFE,
        0xEB, 0xFE, 0x4E, 0xFF, 0xE0, 0xFF, 0x79, 0x00, 0xE3, 0x00, 0xFF, 0x00, 0xC3, 0x00, 0x3E, 0x00,
        0x9E, 0xFF, 0x12, 0xFF, 0xBE, 0xFE, 0xB6, 0xFE, 0xF3, 0xFE, 0x55, 0xFF, 0xBE, 0xFF, 0x0A, 0x00,
        0x23, 0x00, 0x06, 0x00, 0xC5, 0xFF, 0x7D, 0xFF, 0x4F, 0xFF, 0x53, 0xFF, 0x90, 0xFF, 0xF5, 0xFF,
        0x5D, 0x00, 0x9E, 0x00, 0x9D, 0x00, 0x57, 0x00, 0xDB, 0xFF, 0x4D, 0xFF, 0xD9, 0xFE, 0x9C, 0xFE,
        0xA6, 0xFE, 0xF3, 0xFE, 0x69, 0xFF, 0xE6, 0xFF, 0x49, 0x00, 0x77, 0x00, 0x69, 0x00, 0x2A, 0x00,
        0xD2, 0xFF, 0x82, 0xFF, 0x59, 0xFF, 0x63, 0xFF, 0x92, 0xFF, 0xCD, 0xFF, 0xF9, 0xFF, 0x00, 0x00,
        0xDC, 0xFF, 0x9A, 0xFF, 0x4D, 0xFF, 0x0D, 0xFF, 0xF1, 0xFE, 0x06, 0xFF, 0x51, 0xFF, 0xC0, 0xFF,
        0x35, 0x00, 0x90, 0x00, 0xB5, 0x00, 0x9A, 0x00, 0x4C, 0x00, 0xE0, 0xFF, 0x7A, 0xFF, 0x35, 0xFF,
        0x20, 0xFF, 0x37, 0xFF, 0x67, 0xFF, 0x9C, 0xFF, 0xC7, 0xFF, 0xD7, 0xFF, 0xC9, 0xFF, 0xAC, 0xFF,
        0x89, 0xFF, 0x75, 0xFF, 0x81, 0xFF, 0xAA, 0xFF, 0xEC, 0xFF, 0x31, 0x00, 0x5A, 0x00, 0x58, 0x00,
        0x26, 0x00, 0xCC, 0xFF, 0x66, 0xFF, 0x12, 0xFF, 0xE2, 0xFE, 0xE2, 0xFE, 0x0E, 0xFF, 0x59, 0xFF,
        0xB1, 0xFF, 0x00, 0x00, 0x34, 0x00, 0x43, 0x00, 0x2E, 0x00, 0x03, 0x00, 0xDB, 0xFF, 0xC6, 0xFF,
        0xCA, 0xFF, 0xE1, 0xFF, 0xFD, 0xFF, 0x0A, 0x00, 0xFC, 0xFF, 0xD1, 0xFF, 0x91, 0xFF, 0x4F, 0xFF,
        0x1B, 0xFF, 0x07, 0xFF, 0x1C, 0xFF, 0x56, 0xFF, 0xAB, 0xFF, 0x07, 0x00, 0x4F, 0x00, 0x72, 0x00,
        0x63, 0x00, 0x27, 0x00, 0xD7, 0xFF, 0x85, 0xFF, 0x43, 0xFF, 0x25, 0xFF, 0x28, 0xFF, 0x3E, 0xFF,
        0x5D, 0xFF, 0x75, 0xFF, 0x7F, 0xFF, 0x7B, 0xFF, 0x6C, 0xFF, 0x5E, 0xFF, 0x60, 0xFF, 0x7A, 0xFF,
        0xB0, 0xFF, 0xFB, 0xFF, 0x4A, 0x00, 0x85, 0x00, 0x94, 0x00, 0x6F, 0x00, 0x21, 0x00, 0xC2, 0xFF,
        0x69, 0xFF, 0x2A, 0xFF, 0x14, 0xFF, 0x2B, 0xFF, 0x64, 0xFF, 0xB2, 0xFF, 0xFD, 0xFF, 0x31, 0x00,
        0x44, 0x00, 0x37, 0x00, 0x12, 0x00, 0xEA, 0xFF, 0xD2, 0xFF, 0xD1, 0xFF, 0xE4, 0xFF, 0xFD, 0xFF,
        0x0A, 0x00, 0xFB, 0xFF, 0xCB, 0xFF, 0x81, 0xFF, 0x2E, 0xFF, 0xE4, 0xFE, 0xB9, 0xFE, 0xBA, 0xFE,
        0xEA, 0xFE, 0x3F, 0xFF, 0xA5, 0xFF, 0x01, 0x00, 0x3D, 0x00, 0x4B, 0x00, 0x2B, 0x00, 0xED, 0xFF,
        0xA8, 0xFF, 0x74, 0xFF, 0x60, 0xFF, 0x6D, 0xFF, 0x8C, 0xFF, 0xAE, 0xFF, 0xC2, 0xFF, 0xBE, 0xFF,
        0xA6, 0xFF, 0x83, 0xFF, 0x63, 0xFF, 0x5D, 0xFF, 0x79, 0xFF, 0xB9, 0xFF, 0x16, 0x00, 0x76, 0x00,
        0xBB, 0x00, 0xD0, 0x00, 0xA8, 0x00, 0x49, 0x00, 0xD3, 0xFF, 0x66, 0xFF, 0x1C, 0xFF, 0x00, 0xFF,
        0x10, 0xFF, 0x43, 0xFF, 0x87, 0xFF, 0xBF, 0xFF, 0xD9, 0xFF, 0xCF, 0xFF, 0xA8, 0xFF, 0x79, 0xFF,
        0x58, 0xFF, 0x57, 0xFF, 0x80, 0xFF, 0xC5, 0xFF, 0x0B, 0x00, 0x38, 0x00, 0x38, 0x00, 0x01, 0x00,
        0xA1, 0xFF, 0x33, 0xFF, 0xD8, 0xFE, 0xAE, 0xFE, 0xC1, 0xFE, 0x0F, 0xFF, 0x87, 0xFF, 0x07, 0x00,
        0x70, 0x00, 0xA6, 0x00, 0x9E, 0x00, 0x60, 0x00, 0x09, 0x00, 0xB9, 0xFF, 0x8F, 0xFF, 0x9C, 0xFF,
        0xD2, 0xFF, 0x13, 0x00, 0x43, 0x00, 0x48, 0x00, 0x1B, 0x00, 0xC7, 0xFF, 0x5E, 0xFF, 0x01, 0xFF,
        0xD1, 0xFE, 0xE3, 0xFE, 0x39, 0xFF, 0xBC, 0xFF, 0x41, 0x00, 0xA0, 0x00, 0xB8, 0x00, 0x7D, 0x00,
        0x02, 0x00, 0x6B, 0xFF, 0xE4, 0xFE, 0x99, 0xFE, 0x97, 0xFE, 0xD2, 0xFE, 0x33, 0xFF, 0x97, 0xFF,
        0xDE, 0xFF, 0xF2, 0xFF, 0xD1, 0xFF, 0x8C, 0xFF, 0x45, 0xFF, 0x23, 0xFF, 0x3D, 0xFF, 0x95, 0xFF,
        0x14, 0x00, 0x92, 0x00, 0xE2, 0x00, 0xE6, 0x00, 0x99, 0x00, 0x13, 0x00, 0x79, 0xFF, 0xFA, 0xFE,
        0xC0, 0xFE, 0xD8, 0xFE, 0x39, 0xFF, 0xC7, 0xFF, 0x54, 0x00, 0xB9, 0x00, 0xD9, 0x00, 0xA9, 0x00,
        0x3F, 0x00, 0xC5, 0xFF, 0x66, 0xFF, 0x41, 0xFF, 0x5F, 0xFF, 0xAE, 0xFF, 0x07, 0x00, 0x3E, 0x00,
        0x33, 0x00, 0xE5, 0xFF, 0x67, 0xFF, 0xDC, 0xFE, 0x70, 0xFE, 0x48, 0xFE, 0x75, 0xFE, 0xF3, 0xFE,
        0xA0, 0xFF, 0x48, 0x00, 0xBA, 0x00, 0xD7, 0x00, 0x95, 0x00, 0x11, 0x00, 0x7B, 0xFF, 0x04, 0xFF,
        0xD3, 0xFE, 0xF2, 0xFE, 0x50, 0xFF, 0xC7, 0xFF, 0x29, 0x00, 0x55, 0x00, 0x3D, 0x00, 0xEB, 0xFF,
        0x81, 0xFF, 0x2E, 0xFF, 0x14, 0xFF, 0x4A, 0xFF, 0xC9, 0xFF, 0x6C, 0x00, 0xFF, 0x00, 0x50, 0x01,
        0x38, 0x01, 0xB9, 0x00, 0xFB, 0xFF, 0x34, 0xFF, 0x9E, 0xFE, 0x5D, 0xFE, 0x7C, 0xFE, 0xEB, 0xFE,
        0x81, 0xFF, 0x0B, 0x00, 0x5D, 0x00, 0x5F, 0x00, 0x14, 0x00, 0xA1, 0xFF, 0x31, 0xFF, 0xF4, 0xFE,
        0x05, 0xFF, 0x5F, 0xFF, 0xDE, 0xFF, 0x56, 0x00, 0x98, 0x00, 0x82, 0x00, 0x1B, 0x00, 0x81, 0xFF,
        0xE3, 0xFE, 0x76, 0xFE, 0x5B, 0xFE, 0xA0, 0xFE, 0x38, 0xFF, 0xF9, 0xFF, 0xAA, 0x00, 0x17, 0x01,
        0x25, 0x01, 0xDA, 0x00, 0x55, 0x00, 0xC3, 0xFF, 0x59, 0xFF, 0x39, 0xFF, 0x67, 0xFF, 0xC6, 0xFF,
        0x2E, 0x00, 0x6D, 0x00, 0x68, 0x00, 0x1E, 0x00, 0x9F, 0xFF, 0x17, 0xFF, 0xB5, 0xFE, 0x9A, 0xFE,
        0xD7, 0xFE, 0x5E, 0xFF, 0x08, 0x00, 0x9E, 0x00, 0xED, 0x00, 0xD9, 0x00, 0x69, 0x00, 0xBE, 0xFF,
        0x0F, 0xFF, 0x93, 0xFE, 0x68, 0xFE, 0x91, 0xFE, 0xFC, 0xFE, 0x7F, 0xFF, 0xED, 0xFF, 0x27, 0x00,
        0x1D, 0x00, 0xDA, 0xFF, 0x80, 0xFF, 0x3A, 0xFF, 0x2B, 0xFF, 0x64, 0xFF, 0xD7, 0xFF, 0x5F, 0x00,
        0xCE, 0x00, 0xFA, 0x00, 0xD0, 0x00, 0x5A, 0x00, 0xB7, 0xFF, 0x1E, 0xFF, 0xC0, 0xFE, 0xB5, 0xFE,
        0xFE, 0xFE, 0x80, 0xFF, 0x13, 0x00, 0x8C, 0x00, 0xC8, 0x00, 0xB5, 0x00, 0x5F, 0x00, 0xE8, 0xFF,
        0x7A, 0xFF, 0x39, 0xFF, 0x3A, 0xFF, 0x75, 0xFF, 0xCE, 0xFF, 0x19, 0x00, 0x31, 0x00, 0x0A, 0x00,
        0xAD, 0xFF, 0x36, 0xFF, 0xCC, 0xFE, 0x92, 0xFE, 0x9D, 0xFE, 0xF3, 0xFE, 0x7B, 0xFF, 0x11, 0x00,
        0x8E, 0x00, 0xCB, 0x00, 0xB2, 0x00, 0x52, 0x00, 0xCC, 0xFF, 0x4D, 0xFF, 0x01, 0xFF, 0xF8, 0xFE,
        0x2E, 0xFF, 0x8B, 0xFF, 0xE8, 0xFF, 0x26, 0x00, 0x34, 0x00, 0x0D, 0x00, 0xC5, 0xFF, 0x78, 0xFF,
        0x48, 0xFF, 0x51, 0xFF, 0x98, 0xFF, 0x05, 0x00, 0x76, 0x00, 0xC3, 0x00, 0xCB, 0x00, 0x89, 0x00,
        0x0B, 0x00, 0x74, 0xFF, 0xEF, 0xFE, 0xA2, 0xFE, 0x9F, 0xFE, 0xDF, 0xFE, 0x4A, 0xFF, 0xBB, 0xFF,
        0x15, 0x00, 0x40, 0x00, 0x36, 0x00, 0x01, 0x00, 0xB9, 0xFF, 0x7D, 0xFF, 0x6A, 0xFF, 0x86, 0xFF,
        0xC4, 0xFF, 0x09, 0x00, 0x35, 0x00, 0x30, 0x00, 0xFB, 0xFF, 0xA4, 0xFF, 0x45, 0xFF, 0xFE, 0xFE,
        0xE3, 0xFE, 0x01, 0xFF, 0x57, 0xFF, 0xCE, 0xFF, 0x45, 0x00, 0x9C, 0x00, 0xBE, 0x00, 0xA4, 0x00,
        0x5A, 0x00, 0xF8, 0xFF, 0xA2, 0xFF, 0x71, 0xFF, 0x68, 0xFF, 0x80, 0xFF, 0xA8, 0xFF, 0xC7, 0xFF,
        0xCF, 0xFF, 0xB7, 0xFF, 0x85, 0xFF, 0x4D, 0xFF, 0x28, 0xFF, 0x22, 0xFF, 0x48, 0xFF, 0x93, 0xFF,
        0xF4, 0xFF, 0x4F, 0x00, 0x88, 0x00, 0x89, 0x00, 0x50, 0x00, 0xEC, 0xFF, 0x7A, 0xFF, 0x1C, 0xFF,
        0xE8, 0xFE, 0xE8, 0xFE, 0x17, 0xFF, 0x5F, 0xFF, 0xA9, 0xFF, 0xE0, 0xFF, 0xF5, 0xFF, 0xEA, 0xFF,
        0xCF, 0xFF, 0xB4, 0xFF, 0xAA, 0xFF, 0xBF, 0xFF, 0xF1, 0xFF, 0x32, 0x00, 0x67, 0x00, 0x78, 0x00,
        0x56, 0x00, 0x05, 0x00, 0x99, 0xFF, 0x33, 0xFF, 0xEE, 0xFE, 0xDB, 0xFE, 0xFC, 0xFE, 0x48, 0xFF,
        0xAA, 0xFF, 0x09, 0x00, 0x4D, 0x00, 0x64, 0x00, 0x4D, 0x00, 0x18, 0x00, 0xD8, 0xFF, 0xA3, 0xFF,
        0x8B, 0xFF, 0x93, 0xFF, 0xB1, 0xFF, 0xD2, 0xFF, 0xE1, 0xFF, 0xD4, 0xFF, 0xAB, 0xFF, 0x71, 0xFF,
        0x38, 0xFF, 0x16, 0xFF, 0x19, 0xFF, 0x47, 0xFF, 0x98, 0xFF, 0xFB, 0xFF, 0x5A, 0x00, 0x98, 0x00,
        0xA0, 0x00, 0x73, 0x00, 0x1F, 0x00, 0xBB, 0xFF, 0x66, 0xFF, 0x32, 0xFF, 0x29, 0xFF, 0x45, 0xFF,
        0x74, 0xFF, 0xA2, 0xFF, 0xC2, 0xFF, 0xCA, 0xFF, 0xBA, 0xFF, 0x9C, 0xFF, 0x7D, 0xFF, 0x74, 0xFF,
        0x8A, 0xFF, 0xBB, 0xFF, 0xFE, 0xFF, 0x3A, 0x00, 0x55, 0x00, 0x43, 0x00, 0x05, 0x00, 0xA7, 0xFF,
        0x45, 0xFF, 0xF9, 0xFE, 0xD7, 0xFE, 0xE9, 0xFE, 0x27, 0xFF, 0x81, 0xFF, 0xDE, 0xFF, 0x27, 0x00,
        0x4C, 0x00, 0x48, 0x00, 0x23, 0x00, 0xF0, 0xFF, 0xC4, 0xFF, 0xB1, 0xFF, 0xBE, 0xFF, 0xE3, 0xFF,
        0x08, 0x00, 0x18, 0x00, 0x07, 0x00, 0xD7, 0xFF, 0x93, 0xFF, 0x4F, 0xFF, 0x1E, 0xFF, 0x11, 0xFF,
        0x33, 0xFF, 0x7D, 0xFF, 0xDD, 0xFF, 0x3C, 0x00, 0x80, 0x00, 0x92, 0x00, 0x6B, 0x00, 0x15, 0x00,
        0xAC, 0xFF, 0x52, 0xFF, 0x1D, 0xFF, 0x14, 0xFF, 0x33, 0xFF, 0x66, 0xFF, 0x9A, 0xFF, 0xBC, 0xFF,
        0xBE, 0xFF, 0xA5, 0xFF, 0x7D, 0xFF, 0x57, 0xFF, 0x4B, 0xFF, 0x6A, 0xFF, 0xAE, 0xFF, 0x0C, 0x00,
        0x68, 0x00, 0xA1, 0x00, 0xA2, 0x00, 0x61, 0x00, 0xF1, 0xFF, 0x73, 0xFF, 0x0B, 0xFF, 0xD2, 0xFE,
        0xD9, 0xFE, 0x17, 0xFF, 0x7C, 0xFF, 0xEC, 0xFF, 0x42, 0x00, 0x6B, 0x00, 0x5F, 0x00, 0x24, 0x00,
        0xD5, 0xFF, 0x90, 0xFF, 0x71, 0xFF, 0x84, 0xFF, 0xBE, 0xFF, 0xFF, 0xFF, 0x28, 0x00, 0x22, 0x00,
        0xE7, 0xFF, 0x87, 0xFF, 0x1A, 0xFF, 0xBF, 0xFE, 0x96, 0xFE, 0xAD, 0xFE, 0x06, 0xFF, 0x8D, 0xFF,
        0x1E, 0x00, 0x90, 0x00, 0xC4, 0x00, 0xAC, 0x00, 0x53, 0x00, 0xDC, 0xFF, 0x71, 0xFF, 0x33, 0xFF,
        0x2E, 0xFF, 0x5B, 0xFF, 0xA5, 0xFF, 0xEE, 0xFF, 0x1C, 0x00, 0x1D, 0x00, 0xEF, 0xFF, 0xA4, 0xFF,
        0x5B, 0xFF, 0x34, 0xFF, 0x46, 0xFF, 0x95, 0xFF, 0x10, 0x00, 0x8F, 0x00, 0xE6, 0x00, 0xF6, 0x00,
        0xB5, 0x00, 0x30, 0x00, 0x8F, 0xFF, 0xFD, 0xFE, 0xA0, 0xFE, 0x91, 0xFE, 0xC7, 0xFE, 0x2D, 0xFF,
        0xA2, 0xFF, 0xFF, 0xFF, 0x27, 0x00, 0x11, 0x00, 0xC8, 0xFF, 0x72, 0xFF, 0x34, 0xFF, 0x27, 0xFF,
        0x59, 0xFF, 0xB9, 0xFF, 0x1F, 0x00, 0x67, 0x00, 0x70, 0x00, 0x30, 0x00, 0xBD, 0xFF, 0x36, 0xFF,
        0xC5, 0xFE, 0x8F, 0xFE, 0xA7, 0xFE, 0x0D, 0xFF, 0xA8, 0xFF, 0x4C, 0x00, 0xC9, 0x00, 0xFC, 0x00,
        0xDA, 0x00, 0x75, 0x00, 0xF5, 0xFF, 0x85, 0xFF, 0x4C, 0xFF, 0x59, 0xFF, 0x9D, 0xFF, 0xFA, 0xFF,
        0x43, 0x00, 0x59, 0x00, 0x2E, 0x00, 0xCD, 0xFF, 0x52, 0xFF, 0xE7, 0xFE, 0xB1, 0xFE, 0xC9, 0xFE,
        0x2E, 0xFF, 0xC5, 0xFF, 0x5F, 0x00, 0xCB, 0x00, 0xE3, 0x00, 0x9D, 0x00, 0x0F, 0x00, 0x66, 0xFF,
        0xD7, 0xFE, 0x8B, 0xFE, 0x94, 0xFE, 0xE5, 0xFE, 0x5F, 0xFF, 0xDA, 0xFF, 0x2E, 0x00, 0x42, 0x00,
        0x15, 0x00, 0xBC, 0xFF, 0x5E, 0xFF, 0x2A, 0xFF, 0x39, 0xFF, 0x8F, 0xFF, 0x13, 0x00, 0x96, 0x00,
        0xEA, 0x00, 0xEC, 0x00, 0x96, 0x00, 0x03, 0x00, 0x5E, 0xFF, 0xD4, 0xFE, 0x91, 0xFE, 0xA5, 0xFE,
        0x0B, 0xFF, 0xA5, 0xFF, 0x3E, 0x00, 0xA9, 0x00, 0xC8, 0x00, 0x94, 0x00, 0x21, 0x00, 0x9C, 0xFF,
        0x31, 0xFF, 0x06, 0xFF, 0x24, 0xFF, 0x75, 0xFF, 0xD6, 0xFF, 0x1B, 0x00, 0x26, 0x00, 0xF0, 0xFF,
        0x85, 0xFF, 0x09, 0xFF, 0xA9, 0xFE, 0x86, 0xFE, 0xB5, 0xFE, 0x2F, 0xFF, 0xD1, 0xFF, 0x6F, 0x00,
        0xDB, 0x00, 0xF1, 0x00, 0xAF, 0x00, 0x2E, 0x00, 0x9A, 0xFF, 0x27, 0xFF, 0xF6, 0xFE, 0x10, 0xFF,
        0x65, 0xFF, 0xD3, 0xFF, 0x30, 0x00, 0x5E, 0x00, 0x4E, 0x00, 0x0A, 0x00, 0xAE, 0xFF, 0x5E, 0xFF,
        0x3E, 0xFF, 0x64, 0xFF, 0xC6, 0xFF, 0x47, 0x00, 0xB7, 0x00, 0xEA, 0x00, 0xC9, 0x00, 0x58, 0x00,
        0xB5, 0xFF, 0x10, 0xFF, 0x96, 0xFE, 0x69, 0xFE, 0x8F, 0xFE, 0xF5, 0xFE, 0x7C, 0xFF, 0xF6, 0xFF,
        0x40, 0x00, 0x49, 0x00, 0x12, 0x00, 0xB7, 0xFF, 0x5F, 0xFF, 0x2E, 0xFF, 0x38, 0xFF, 0x7D, 0xFF,
        0xDC, 0xFF, 0x32, 0x00, 0x5A, 0x00, 0x3D, 0x00, 0xE4, 0xFF, 0x6B, 0xFF, 0xF7, 0xFE, 0xB4, 0xFE,
        0xB8, 0xFE, 0x05, 0xFF, 0x8F, 0xFF, 0x2E, 0x00, 0xB7, 0x00, 0x02, 0x01, 0xF9, 0x00, 0xA4, 0x00,
        0x25, 0x00, 0xA5, 0xFF, 0x4D, 0xFF, 0x35, 0xFF, 0x5A, 0xFF, 0xA6, 0xFF, 0xF4, 0xFF, 0x1E, 0x00,
        0x16, 0x00, 0xD9, 0xFF, 0x7B, 0xFF, 0x20, 0xFF, 0xE8, 0xFE, 0xEC, 0xFE, 0x34, 0xFF, 0xAD, 0xFF,
        0x34, 0x00, 0x9D, 0x00, 0xC4, 0x00, 0x9C, 0x00, 0x2E, 0x00, 0x9C, 0xFF, 0x15, 0xFF, 0xBF, 0xFE,
        0xAF, 0xFE, 0xE3, 0xFE, 0x41, 0xFF, 0xAA, 0xFF, 0xFD, 0xFF, 0x24, 0x00, 0x18, 0x00, 0xE7, 0xFF,
        0xAA, 0xFF, 0x83, 0xFF, 0x86, 0xFF, 0xB9, 0xFF, 0x11, 0x00, 0x6B, 0x00, 0xA5, 0x00, 0xA2, 0x00,
        0x5C, 0x00, 0xE6, 0xFF, 0x63, 0xFF, 0xF7, 0xFE, 0xC0, 0xFE, 0xCC, 0xFE, 0x14, 0xFF, 0x84, 0xFF,
        0xFB, 0xFF, 0x54, 0x00, 0x7A, 0x00, 0x63, 0x00, 0x1C, 0x00, 0xC2, 0xFF, 0x76, 0xFF, 0x51, 0xFF,
        0x5D, 0xFF, 0x8B, 0xFF, 0xC4, 0xFF, 0xEB, 0xFF, 0xEA, 0xFF, 0xC0, 0xFF, 0x76, 0xFF, 0x23, 0xFF,
        0xE7, 0xFE, 0xD9, 0xFE, 0x06, 0xFF, 0x67, 0xFF, 0xE4, 0xFF, 0x5C, 0x00, 0xAF, 0x00, 0xC2, 0x00,
        0x92, 0x00, 0x30, 0x00, 0xBC, 0xFF, 0x5D, 0xFF, 0x2F, 0xFF, 0x37, 0xFF, 0x6D, 0xFF, 0xB7, 0xFF,
        0xF6, 0xFF, 0x16, 0x00, 0x0A, 0x00, 0xDC, 0xFF, 0x9F, 0xFF, 0x6C, 0xFF, 0x5B, 0xFF, 0x79, 0xFF,
        0xC1, 0xFF, 0x21, 0x00, 0x77, 0x00, 0x9F, 0x00, 0x87, 0x00, 0x30, 0x00, 0xB1, 0xFF, 0x32, 0xFF,
        0xD1, 0xFE, 0xAA, 0xFE, 0xC4, 0xFE, 0x11, 0xFF, 0x7A, 0xFF, 0xDF, 0xFF, 0x24, 0x00, 0x3B, 0x00,
        0x23, 0x00, 0xE8, 0xFF, 0xA7, 0xFF, 0x7B, 0xFF, 0x76, 0xFF, 0x9A, 0xFF, 0xD5, 0xFF, 0x0C, 0x00,
        0x28, 0x00, 0x16, 0x00, 0xD9, 0xFF, 0x83, 0xFF, 0x2D, 0xFF, 0xF4, 0xFE, 0xED, 0xFE, 0x1B, 0xFF,
        0x76, 0xFF, 0xEA, 0xFF, 0x56, 0x00, 0x9F, 0x00, 0xAE, 0x00, 0x7F, 0x00, 0x25, 0x00, 0xBC, 0xFF,
        0x64, 0xFF, 0x35, 0xFF, 0x36, 0xFF, 0x5E, 0xFF, 0x95, 0xFF, 0xC2, 0xFF, 0xD4, 0xFF, 0xC7, 0xFF,
        0x9E, 0xFF, 0x6D, 0xFF, 0x47, 0xFF, 0x41, 0xFF, 0x67, 0xFF, 0xB5, 0xFF, 0x16, 0x00, 0x6D, 0x00,
        0x9A, 0x00, 0x8D, 0x00, 0x48, 0x00, 0xDB, 0xFF, 0x68, 0xFF, 0x0F, 0xFF, 0xE6, 0xFE, 0xF4, 0xFE,
        0x30, 0xFF, 0x84, 0xFF, 0xD9, 0xFF, 0x17, 0x00, 0x2F, 0x00, 0x21, 0x00, 0xF6, 0xFF, 0xC4, 0xFF,
        0xA5, 0xFF, 0xA4, 0xFF, 0xC6, 0xFF, 0xFC, 0xFF, 0x2D, 0x00, 0x3F, 0x00, 0x23, 0x00, 0xD8, 0xFF,
        0x73, 0xFF, 0x10, 0xFF, 0xCB, 0xFE, 0xB7, 0xFE, 0xDA, 0xFE, 0x2E, 0xFF, 0x9D, 0xFF, 0x0B, 0x00,
        0x5C, 0x00, 0x7C, 0x00, 0x62, 0x00, 0x1E, 0x00, 0xC7, 0xFF, 0x7A, 0xFF, 0x52, 0xFF, 0x54, 0xFF,
        0x79, 0xFF, 0xAA, 0xFF, 0xD0, 0xFF, 0xDD, 0xFF, 0xCB, 0xFF, 0x9E, 0xFF, 0x65, 0xFF, 0x37, 0xFF,
        0x28, 0xFF, 0x4A, 0xFF, 0x9A, 0xFF, 0x06, 0x00, 0x73, 0x00, 0xBC, 0x00, 0xC9, 0x00, 0x94, 0x00,
        0x29, 0x00, 0xA8, 0xFF, 0x37, 0xFF, 0xF0, 0xFE, 0xE2, 0xFE, 0x0B, 0xFF, 0x57, 0xFF, 0xAD, 0xFF,
        0xEF, 0xFF, 0x0A, 0x00, 0xFC, 0xFF, 0xCB, 0xFF, 0x8F, 0xFF, 0x66, 0xFF, 0x61, 0xFF, 0x8A, 0xFF,
        0xD6, 0xFF, 0x27, 0x00, 0x5C, 0x00, 0x5F, 0x00, 0x28, 0x00, 0xC4, 0xFF, 0x50, 0xFF, 0xED, 0xFE,
        0xB9, 0xFE, 0xC2, 0xFE, 0x07, 0xFF, 0x78, 0xFF, 0xF4, 0xFF, 0x5D, 0x00, 0x97, 0x00, 0x92, 0x00,
        0x53, 0x00, 0xF7, 0xFF, 0x9F, 0xFF, 0x69, 0xFF, 0x62, 0xFF, 0x86, 0xFF, 0xBF, 0xFF, 0xF0, 0xFF,
        0x03, 0x00, 0xEE, 0xFF, 0xB1, 0xFF, 0x5F, 0xFF, 0x14, 0xFF, 0xE8, 0xFE, 0xF0, 0xFE, 0x32, 0xFF,
        0xA0, 0xFF, 0x1A, 0x00, 0x7A, 0x00, 0xA0, 0x00, 0x7F, 0x00, 0x23, 0x00, 0xA5, 0xFF, 0x2F, 0xFF,
        0xE2, 0xFE, 0xCE, 0xFE, 0xF5, 0xFE, 0x46, 0xFF, 0xA1, 0xFF, 0xEB, 0xFF, 0x0F, 0x00, 0x04, 0x00,
        0xD4, 0xFF, 0x94, 0xFF, 0x65, 0xFF, 0x62, 0xFF, 0x94, 0xFF, 0xF0, 0xFF, 0x58, 0x00, 0xA2, 0x00,
        0xB4, 0x00, 0x81, 0x00, 0x13, 0x00, 0x8A, 0xFF, 0x11, 0xFF, 0xC8, 0xFE, 0xC3, 0xFE, 0x03, 0xFF,
        0x73, 0xFF, 0xF2, 0xFF, 0x5B, 0x00, 0x8D, 0x00, 0x7B, 0x00, 0x30, 0x00, 0xC9, 0xFF, 0x6B, 0xFF,
        0x36, 0xFF, 0x39, 0xFF, 0x6B, 0xFF, 0xB5, 0xFF, 0xF2, 0xFF, 0x04, 0x00, 0xE0, 0xFF, 0x8F, 0xFF,
        0x29, 0xFF, 0xCE, 0xFE, 0xA1, 0xFE, 0xB5, 0xFE, 0x0C, 0xFF, 0x93, 0xFF, 0x26, 0x00, 0x9B, 0x00,
        0xCD, 0x00, 0xAF, 0x00, 0x4F, 0x00, 0xC9, 0xFF, 0x4B, 0xFF, 0xFF, 0xFE, 0xF6, 0xFE, 0x29, 0xFF,
        0x82, 0xFF, 0xDF, 0xFF, 0x20, 0x00, 0x30, 0x00, 0x0D, 0x00, 0xC6, 0xFF, 0x75, 0xFF, 0x3F, 0xFF,
        0x42, 0xFF, 0x82, 0xFF, 0xEF, 0xFF, 0x64, 0x00, 0xB5, 0x00, 0xC2, 0x00, 0x7F, 0x00, 0xFC, 0xFF,
        0x60, 0xFF, 0xD6, 0xFE, 0x82, 0xFE, 0x7A, 0xFE, 0xBA, 0xFE, 0x2E, 0xFF, 0xB0, 0xFF, 0x18, 0x00,
        0x4A, 0x00, 0x3B, 0x00, 0xF9, 0xFF, 0xA5, 0xFF, 0x60, 0xFF, 0x49, 0xFF, 0x6C, 0xFF, 0xB8, 0xFF,
        0x0F, 0x00, 0x4D, 0x00, 0x52, 0x00, 0x1B, 0x00, 0xB6, 0xFF, 0x3D, 0xFF, 0xDE, 0xFE, 0xB9, 0xFE,
        0xD9, 0xFE, 0x3E, 0xFF, 0xCC, 0xFF, 0x5A, 0x00, 0xC3, 0x00, 0xE6, 0x00, 0xBC, 0x00, 0x56, 0x00,
        0xD6, 0xFF, 0x68, 0xFF, 0x2E, 0xFF, 0x30, 0xFF, 0x61, 0xFF, 0xA8, 0xFF, 0xDF, 0xFF, 0xEF, 0xFF,
        0xCD, 0xFF, 0x84, 0xFF, 0x2D, 0xFF, 0xE5, 0xFE, 0xCE, 0xFE, 0xF5, 0xFE, 0x55, 0xFF, 0xD8, 0xFF,
        0x54, 0x00, 0x9D, 0x00, 0x9D, 0x00, 0x51, 0x00, 0xD1, 0xFF, 0x45, 0xFF, 0xD8, 0xFE, 0xA7, 0xFE,
        0xBE, 0xFE, 0x10, 0xFF, 0x7F, 0xFF, 0xE7, 0xFF, 0x28, 0x00, 0x35, 0x00, 0x0E, 0x00, 0xCA, 0xFF,
        0x8B, 0xFF, 0x70, 0xFF, 0x8B, 0xFF, 0xDB, 0xFF, 0x42, 0x00, 0x9A, 0x00, 0xC2, 0x00, 0xA4, 0x00,
        0x40, 0x00, 0xB4, 0xFF, 0x29, 0xFF, 0xC6, 0xFE, 0xA8, 0xFE, 0xD6, 0xFE, 0x3F, 0xFF, 0xC2, 0xFF,
        0x3A, 0x00, 0x82, 0x00, 0x85, 0x00, 0x46, 0x00, 0xDE, 0xFF, 0x76, 0xFF, 0x30, 0xFF, 0x1F, 0xFF,
        0x47, 0xFF, 0x90, 0xFF, 0xD5, 0xFF, 0xFA, 0xFF, 0xEB, 0xFF, 0xA9, 0xFF, 0x4A, 0xFF, 0xF0, 0xFE,
        0xB9, 0xFE, 0xC0, 0xFE, 0x0A, 0xFF, 0x87, 0xFF, 0x19, 0x00, 0x91, 0x00, 0xCC, 0x00, 0xBA, 0x00,
        0x66, 0x00, 0xE9, 0xFF, 0x6E, 0xFF, 0x1C, 0xFF, 0x09, 0xFF, 0x33, 0xFF, 0x84, 0xFF, 0xDB, 0xFF,
        0x19, 0x00, 0x28, 0x00, 0x05, 0x00, 0xC1, 0xFF, 0x76, 0xFF, 0x43, 0xFF, 0x43, 0xFF, 0x7C, 0xFF,
        0xDC, 0xFF, 0x42, 0x00, 0x8A, 0x00, 0x95, 0x00, 0x58, 0x00, 0xDE, 0xFF, 0x52, 0xFF, 0xD9, 0xFE,
        0x91, 0xFE, 0x93, 0xFE, 0xD9, 0xFE, 0x46, 0xFF, 0xBB, 0xFF, 0x18, 0x00, 0x43, 0x00, 0x32, 0x00,
        0xF4, 0xFF, 0xA9, 0xFF, 0x70, 0xFF, 0x5F, 0xFF, 0x83, 0xFF, 0xCC, 0xFF, 0x19, 0x00, 0x4D, 0x00,
        0x50, 0x00, 0x18, 0x00, 0xB7, 0xFF, 0x49, 0xFF, 0xF5, 0xFE, 0xD7, 0xFE, 0xFA, 0xFE, 0x5D, 0xFF,
        0xE3, 0xFF, 0x64, 0x00, 0xBE, 0x00, 0xD6, 0x00, 0xA2, 0x00, 0x3A, 0x00, 0xBC, 0xFF, 0x4E, 0xFF,
        0x16, 0xFF, 0x16, 0xFF, 0x46, 0xFF, 0x90, 0xFF, 0xCB, 0xFF, 0xDE, 0xFF, 0xC7, 0xFF, 0x86, 0xFF,
        0x36, 0xFF, 0xFA, 0xFE, 0xE5, 0xFE, 0x0B, 0xFF, 0x68, 0xFF, 0xE1, 0xFF, 0x55, 0x00, 0x9A, 0x00,
        0x99, 0x00, 0x54, 0x00, 0xD9, 0xFF, 0x52, 0xFF, 0xEB, 0xFE, 0xBA, 0xFE, 0xCB, 0xFE, 0x18, 0xFF,
        0x82, 0xFF, 0xE9, 0xFF, 0x30, 0x00, 0x46, 0x00, 0x2D, 0x00, 0xF1, 0xFF, 0xB1, 0xFF, 0x8D, 0xFF,
        0x95, 0xFF, 0xC8, 0xFF, 0x18, 0x00, 0x60, 0x00, 0x82, 0x00, 0x6B, 0x00, 0x1B, 0x00, 0xA6, 0xFF,
        0x28, 0xFF, 0xCA, 0xFE, 0xA8, 0xFE, 0xC6, 0xFE, 0x1D, 0xFF, 0x96, 0xFF, 0x0D, 0x00, 0x61, 0x00,
        0x7C, 0x00, 0x59, 0x00, 0x09, 0x00, 0xA9, 0xFF, 0x5A, 0xFF, 0x38, 0xFF, 0x44, 0xFF, 0x72, 0xFF,
        0xAF, 0xFF, 0xD9, 0xFF, 0xDB, 0xFF, 0xB7, 0xFF, 0x78, 0xFF, 0x31, 0xFF, 0x01, 0xFF, 0xFD, 0xFE,
        0x2C, 0xFF, 0x8B, 0xFF, 0x06, 0x00, 0x77, 0x00, 0xBB, 0x00, 0xBF, 0x00, 0x80, 0x00, 0x12, 0x00,
        0x97, 0xFF, 0x34, 0xFF, 0x01, 0xFF, 0x07, 0xFF, 0x3B, 0xFF, 0x86, 0xFF, 0xCB, 0xFF, 0xF2, 0xFF,
        0xF2, 0xFF, 0xCE, 0xFF, 0x94, 0xFF, 0x60, 0xFF, 0x4B, 0xFF, 0x60, 0xFF, 0x9F, 0xFF, 0xF2, 0xFF,
        0x3C, 0x00, 0x60, 0x00, 0x4D, 0x00, 0x02, 0x00, 0x93, 0xFF, 0x20, 0xFF, 0xC9, 0xFE, 0xA7, 0xFE,
        0xC4, 0xFE, 0x14, 0xFF, 0x81, 0xFF, 0xED, 0xFF, 0x3D, 0x00, 0x60, 0x00, 0x4F, 0x00, 0x17, 0x00,
        0xD2, 0xFF, 0x98, 0xFF, 0x80, 0xFF, 0x94, 0xFF, 0xC4, 0xFF, 0xFA, 0xFF, 0x20, 0x00, 0x1C, 0x00,
        0xEE, 0xFF, 0xA4, 0xFF, 0x50, 0xFF, 0x10, 0xFF, 0xFC, 0xFE, 0x19, 0xFF, 0x67, 0xFF, 0xD5, 0xFF,
        0x41, 0x00, 0x8C, 0x00, 0x9F, 0x00, 0x71, 0x00, 0x12, 0x00, 0x9D, 0xFF, 0x34, 0xFF, 0xF6, 0xFE,
        0xEA, 0xFE, 0x0E, 0xFF, 0x50, 0xFF, 0x93, 0xFF, 0xC2, 0xFF, 0xCE, 0xFF, 0xB6, 0xFF, 0x8B, 0xFF,
        0x5B, 0xFF, 0x40, 0xFF, 0x52, 0xFF, 0x8B, 0xFF, 0xDD, 0xFF, 0x34, 0x00, 0x6C, 0x00, 0x71, 0x00,
        0x3E, 0x00, 0xDF, 0xFF, 0x73, 0xFF, 0x12, 0xFF, 0xD8, 0xFE, 0xDD, 0xFE, 0x14, 0xFF, 0x6B, 0xFF,
        0xD4, 0xFF, 0x2A, 0x00, 0x56, 0x00, 0x53, 0x00, 0x26, 0x00, 0xE3, 0xFF, 0xA7, 0xFF, 0x84, 0xFF,
        0x8B, 0xFF, 0xAE, 0xFF, 0xD7, 0xFF, 0xF8, 0xFF, 0xF9, 0xFF, 0xD0, 0xFF, 0x8B, 0xFF, 0x39, 0xFF,
        0xF2, 0xFE, 0xD5, 0xFE, 0xE6, 0xFE, 0x29, 0xFF, 0x94, 0xFF, 0x05, 0x00, 0x5F, 0x00, 0x8E, 0x00,
        0x7F, 0x00, 0x39, 0x00, 0xD7, 0xFF, 0x78, 0xFF, 0x35, 0xFF, 0x1E, 0xFF, 0x37, 0xFF, 0x6F, 0xFF,
        0xAA, 0xFF, 0xD5, 0xFF, 0xE1, 0xFF, 0xCA, 0xFF, 0x9C, 0xFF, 0x6C, 0xFF, 0x52, 0xFF, 0x5E, 0xFF,
        0x95, 0xFF, 0xED, 0xFF, 0x4C, 0x00, 0x8D, 0x00, 0x97, 0x00, 0x65, 0x00, 0xFE, 0xFF, 0x7E, 0xFF,
        0x0A, 0xFF, 0xBF, 0xFE, 0xAF, 0xFE, 0xD8, 0xFE, 0x2B, 0xFF, 0x8D, 0xFF, 0xE1, 0xFF, 0x0E, 0x00,
        0x0D, 0x00, 0xE3, 0xFF, 0xA5, 0xFF, 0x70, 0xFF, 0x5F, 0xFF, 0x77, 0xFF, 0xB0, 0xFF, 0xF5, 0xFF,
        0x28, 0x00, 0x30, 0x00, 0x05, 0x00, 0xB2, 0xFF, 0x4B, 0xFF, 0xF0, 0xFE, 0xC1, 0xFE, 0xCF, 0xFE,
        0x17, 0xFF, 0x8B, 0xFF, 0x0E, 0x00, 0x7B, 0x00, 0xB4, 0x00, 0xAE, 0x00, 0x6C, 0x00, 0x07, 0x00,
        0xA4, 0xFF, 0x60, 0xFF, 0x4B, 0xFF, 0x66, 0xFF, 0x9A, 0xFF, 0xCF, 0xFF, 0xED, 0xFF, 0xE1, 0xFF,
        0xAE, 0xFF, 0x68, 0xFF, 0x25, 0xFF, 0xFC, 0xFE, 0x07, 0xFF, 0x4B, 0xFF, 0xB2, 0xFF, 0x23, 0x00,
        0x7A, 0x00, 0x96, 0x00, 0x6D, 0x00, 0x0B, 0x00, 0x8D, 0xFF, 0x19, 0xFF, 0xCB, 0xFE, 0xBA, 0xFE,
        0xE7, 0xFE, 0x3A, 0xFF, 0x98, 0xFF, 0xEA, 0xFF, 0x10, 0x00, 0x02, 0x00, 0xD5, 0xFF, 0x99, 0xFF,
        0x6E, 0xFF, 0x6F, 0xFF, 0x9E, 0xFF, 0xEE, 0xFF, 0x41, 0x00, 0x75, 0x00, 0x76, 0x00, 0x3A, 0x00,
        0xD0, 0xFF, 0x58, 0xFF, 0xF1, 0xFE, 0xBA, 0xFE, 0xC8, 0xFE, 0x0E, 0xFF, 0x7C, 0xFF, 0xF3, 0xFF,
        0x49, 0x00, 0x6C, 0x00, 0x53, 0x00, 0x07, 0x00, 0xAA, 0xFF, 0x5D, 0xFF, 0x38, 0xFF, 0x47, 0xFF,
        0x7A, 0xFF, 0xB8, 0xFF, 0xE8, 0xFF, 0xEE, 0xFF, 0xC5, 0xFF, 0x7B, 0xFF, 0x26, 0xFF, 0xE7, 0xFE,
        0xD5, 0xFE, 0xFE, 0xFE, 0x62, 0xFF, 0xE3, 0xFF, 0x5E, 0x00, 0xB4, 0x00, 0xC4, 0x00, 0x88, 0x00,
        0x1C, 0x00, 0x9F, 0xFF, 0x37, 0xFF, 0x06, 0xFF, 0x11, 0xFF, 0x52, 0xFF, 0xAB, 0xFF, 0xF7, 0xFF,
        0x22, 0x00, 0x1C, 0x00, 0xE6, 0xFF, 0x9B, 0xFF, 0x59, 0xFF, 0x38, 0xFF, 0x4F, 0xFF, 0x9B, 0xFF,
        0x00, 0x00, 0x5D, 0x00, 0x89, 0x00, 0x71, 0x00, 0x16, 0x00, 0x8F, 0xFF, 0x04, 0xFF, 0x9C, 0xFE,
        0x76, 0xFE, 0x98, 0xFE, 0xF5, 0xFE, 0x73, 0xFF, 0xEA, 0xFF, 0x35, 0x00, 0x48, 0x00, 0x21, 0x00,
        0xD2, 0xFF, 0x80, 0xFF, 0x4E, 0xFF, 0x4F, 0xFF, 0x82, 0xFF, 0xD3, 0xFF, 0x1D, 0x00, 0x42, 0x00,
        0x30, 0x00, 0xE8, 0xFF, 0x7E, 0xFF, 0x17, 0xFF, 0xD7, 0xFE, 0xD4, 0xFE, 0x14, 0xFF, 0x8C, 0xFF,
        0x1B, 0x00, 0x92, 0x00, 0xD3, 0x00, 0xCE, 0x00, 0x81, 0x00, 0x07, 0x00, 0x8B, 0xFF, 0x31, 0xFF,
        0x0F, 0xFF, 0x25, 0xFF, 0x64, 0xFF, 0xAE, 0xFF, 0xDF, 0xFF, 0xE3, 0xFF, 0xBA, 0xFF, 0x71, 0xFF,
        0x23, 0xFF, 0xF6, 0xFE, 0xFF, 0xFE, 0x3E, 0xFF, 0xAC, 0xFF, 0x28, 0x00, 0x87, 0x00, 0xA9, 0x00,
        0x80, 0x00, 0x17, 0x00, 0x8D, 0xFF, 0x0C, 0xFF, 0xB8, 0xFE, 0xAC, 0xFE, 0xE4, 0xFE, 0x49, 0xFF,
        0xBE, 0xFF, 0x1B, 0x00, 0x45, 0x00, 0x39, 0x00, 0x00, 0x00, 0xB4, 0xFF, 0x7B, 0xFF, 0x70, 0xFF,
        0x9A, 0xFF, 0xEB, 0xFF, 0x47, 0x00, 0x86, 0x00, 0x89, 0x00, 0x47, 0x00, 0xD2, 0xFF, 0x47, 0xFF,
        0xCE, 0xFE, 0x8B, 0xFE, 0x93, 0xFE, 0xE2, 0xFE, 0x61, 0xFF, 0xEB, 0xFF, 0x56, 0x00, 0x86, 0x00,
        0x6E, 0x00, 0x1B, 0x00, 0xAE, 0xFF, 0x4D, 0xFF, 0x17, 0xFF, 0x1E, 0xFF, 0x57, 0xFF, 0xA4, 0xFF,
        0xE8, 0xFF, 0x04, 0x00, 0xE6, 0xFF, 0x9D, 0xFF, 0x41, 0xFF, 0xF3, 0xFE, 0xD5, 0xFE, 0xF7, 0xFE,
        0x58, 0xFF, 0xE2, 0xFF, 0x6C, 0x00, 0xD2, 0x00, 0xF5, 0x00, 0xC4, 0x00, 0x52, 0x00, 0xC8, 0xFF,
        0x4C, 0xFF, 0x01, 0xFF, 0xFC, 0xFE, 0x34, 0xFF, 0x8E, 0xFF, 0xE6, 0xFF, 0x20, 0x00, 0x29, 0x00,
        0xFE, 0xFF, 0xB3, 0xFF, 0x67, 0xFF, 0x36, 0xFF, 0x39, 0xFF, 0x75, 0xFF, 0xD2, 0xFF, 0x32, 0x00,
        0x71, 0x00, 0x6D, 0x00, 0x28, 0x00, 0xB1, 0xFF, 0x2A, 0xFF, 0xBB, 0xFE, 0x83, 0xFE, 0x91, 0xFE,
        0xE0, 0xFE, 0x57, 0xFF, 0xD2, 0xFF, 0x2F, 0x00, 0x57, 0x00, 0x44, 0x00, 0x05, 0x00, 0xB4, 0xFF,
        0x73, 0xFF, 0x5F, 0xFF, 0x7C, 0xFF, 0xBA, 0xFF, 0x03, 0x00, 0x35, 0x00, 0x39, 0x00, 0x09, 0x00,
        0xB4, 0xFF, 0x54, 0xFF, 0x09, 0xFF, 0xEF, 0xFE, 0x12, 0xFF, 0x6D, 0xFF, 0xE6, 0xFF, 0x5C, 0x00,
        0xAF, 0x00, 0xC0, 0x00, 0x89, 0x00, 0x22, 0x00, 0xA7, 0xFF, 0x3D, 0xFF, 0x03, 0xFF, 0x02, 0xFF,
        0x34, 0xFF, 0x7A, 0xFF, 0xB9, 0xFF, 0xDE, 0xFF, 0xD9, 0xFF, 0xAA, 0xFF, 0x6C, 0xFF, 0x38, 0xFF,
        0x24, 0xFF, 0x40, 0xFF, 0x8B, 0xFF, 0xF0, 0xFF, 0x50, 0x00, 0x88, 0x00, 0x83, 0x00, 0x43, 0x00,
        0xD7, 0xFF, 0x5E, 0xFF, 0xFD, 0xFE, 0xD0, 0xFE, 0xE0, 0xFE, 0x27, 0xFF, 0x8E, 0xFF, 0xF5, 0xFF,
        0x3E, 0x00, 0x5A, 0x00, 0x46, 0x00, 0x0D, 0x00, 0xC9, 0xFF, 0x96, 0xFF, 0x86, 0xFF, 0xA0, 0xFF,
        0xD5, 0xFF, 0x0E, 0x00, 0x2E, 0x00, 0x20, 0x00, 0xE4, 0xFF, 0x87, 0xFF, 0x21, 0xFF, 0xD4, 0xFE,
        0xB7, 0xFE, 0xD1, 0xFE, 0x22, 0xFF, 0x93, 0xFF, 0x05, 0x00, 0x5D, 0x00, 0x80, 0x00, 0x66, 0x00,
        0x1D, 0x00, 0xBC, 0xFF, 0x64, 0xFF, 0x2F, 0xFF, 0x27, 0xFF, 0x49, 0xFF, 0x80, 0xFF, 0xB2, 0xFF,
        0xCF, 0xFF, 0xCE, 0xFF, 0xAC, 0xFF, 0x7E, 0xFF, 0x59, 0xFF, 0x4F, 0xFF, 0x6D, 0xFF, 0xB3, 0xFF,
        0x0E, 0x00, 0x69, 0x00, 0xA7, 0x00, 0xAD, 0x00, 0x79, 0x00, 0x1A, 0x00, 0xA7, 0xFF, 0x40, 0xFF,
        0x01, 0xFF, 0xF5, 0xFE, 0x1C, 0xFF, 0x60, 0xFF, 0xAB, 0xFF, 0xE7, 0xFF, 0x04, 0x00, 0xFC, 0xFF,
        0xDA, 0xFF, 0xAF, 0xFF, 0x8D, 0xFF, 0x87, 0xFF, 0xA1, 0xFF, 0xD2, 0xFF, 0x04, 0x00, 0x21, 0x00,
        0x19, 0x00, 0xE7, 0xFF, 0x93, 0xFF, 0x39, 0xFF, 0xF3, 0xFE, 0xD1, 0xFE, 0xDF, 0xFE, 0x1E, 0xFF,
        0x7D, 0xFF, 0xE3, 0xFF, 0x36, 0x00, 0x64, 0x00, 0x64, 0x00, 0x39, 0x00, 0xF5, 0xFF, 0xB2, 0xFF,
        0x86, 0xFF, 0x7C, 0xFF, 0x93, 0xFF, 0xB7, 0xFF, 0xD6, 0xFF, 0xE0, 0xFF, 0xC8, 0xFF, 0x96, 0xFF,
        0x5C, 0xFF, 0x2E, 0xFF, 0x1E, 0xFF, 0x37, 0xFF, 0x78, 0xFF, 0xD4, 0xFF, 0x33, 0x00, 0x77, 0x00,
        0x8B, 0x00, 0x68, 0x00, 0x14, 0x00, 0xA9, 0xFF, 0x48, 0xFF, 0x09, 0xFF, 0xF9, 0xFE, 0x17, 0xFF,
        0x54, 0xFF, 0x9A, 0xFF, 0xD2, 0xFF, 0xEC, 0xFF, 0xE6, 0xFF, 0xC7, 0xFF, 0x9E, 0xFF, 0x84, 0xFF,
        0x87, 0xFF, 0xAB, 0xFF, 0xED, 0xFF, 0x31, 0x00, 0x5C, 0x00, 0x60, 0x00, 0x33, 0x00, 0xDE, 0xFF,
        0x79, 0xFF, 0x1F, 0xFF, 0xEA, 0xFE, 0xEA, 0xFE, 0x1B, 0xFF, 0x73, 0xFF, 0xD9, 0xFF, 0x2A, 0x00,
        0x56, 0x00, 0x53, 0x00, 0x23, 0x00, 0xDC, 0xFF, 0x98, 0xFF, 0x6C, 0xFF, 0x66, 0xFF, 0x81, 0xFF,
        0xAC, 0xFF, 0xD0, 0xFF, 0xDC, 0xFF, 0xC5, 0xFF, 0x90, 0xFF, 0x4C, 0xFF, 0x11, 0xFF, 0xF6, 0xFE,
        0x07, 0xFF, 0x47, 0xFF, 0xAB, 0xFF, 0x19, 0x00, 0x6D, 0x00, 0x91, 0x00, 0x7C, 0x00, 0x34, 0x00,
        0xCF, 0xFF, 0x6E, 0xFF, 0x2C, 0xFF, 0x1A, 0xFF, 0x35, 0xFF, 0x6F, 0xFF, 0xB2, 0xFF, 0xE5, 0xFF,
        0xF7, 0xFF, 0xE6, 0xFF, 0xBB, 0xFF, 0x8C, 0xFF, 0x73, 0xFF, 0x7F, 0xFF, 0xAE, 0xFF, 0xF8, 0xFF,
        0x42, 0x00, 0x70, 0x00, 0x6E, 0x00, 0x33, 0x00, 0xCF, 0xFF, 0x5D, 0xFF, 0xFB, 0xFE, 0xC4, 0xFE,
        0xC8, 0xFE, 0x04, 0xFF, 0x64, 0xFF, 0xC9, 0xFF, 0x16, 0x00, 0x3C, 0x00, 0x34, 0x00, 0x03, 0x00,
        0xC2, 0xFF, 0x8F, 0xFF, 0x7E, 0xFF, 0x93, 0xFF, 0xC4, 0xFF, 0xFD, 0xFF, 0x23, 0x00, 0x1D, 0x00,
        0xEA, 0xFF, 0x98, 0xFF, 0x3D, 0xFF, 0xF6, 0xFE, 0xDD, 0xFE, 0xFE, 0xFE, 0x55, 0xFF, 0xCD, 0xFF,
        0x45, 0x00, 0x9A, 0x00, 0xB3, 0x00, 0x88, 0x00, 0x2C, 0x00, 0xBC, 0xFF, 0x59, 0xFF, 0x20, 0xFF,
        0x1C, 0xFF, 0x43, 0xFF, 0x81, 0xFF, 0xBB, 0xFF, 0xD5, 0xFF, 0xC5, 0xFF, 0x92, 0xFF, 0x4D, 0xFF,
        0x14, 0xFF, 0x03, 0xFF, 0x29, 0xFF, 0x82, 0xFF, 0xF6, 0xFF, 0x62, 0x00, 0xA5, 0x00, 0xA4, 0x00,
        0x5D, 0x00, 0xE5, 0xFF, 0x60, 0xFF, 0xF4, 0xFE, 0xC3, 0xFE, 0xD5, 0xFE, 0x20, 0xFF, 0x8B, 0xFF,
        0xF4, 0xFF, 0x3A, 0x00, 0x4C, 0x00, 0x2E, 0x00, 0xEF, 0xFF, 0xAE, 0xFF, 0x87, 0xFF, 0x90, 0xFF,
        0xC8, 0xFF, 0x17, 0x00, 0x60, 0x00, 0x83, 0x00, 0x67, 0x00, 0x11, 0x00, 0x98, 0xFF, 0x1D, 0xFF,
        0xC3, 0xFE, 0xA5, 0xFE, 0xCC, 0xFE, 0x2D, 0xFF, 0xAB, 0xFF, 0x1F, 0x00, 0x6A, 0x00, 0x78, 0x00,
        0x46, 0x00, 0xEB, 0xFF, 0x88, 0xFF, 0x40, 0xFF, 0x2A, 0xFF, 0x47, 0xFF, 0x85, 0xFF, 0xC9, 0xFF,
        0xF3, 0xFF, 0xF0, 0xFF, 0xBF, 0xFF, 0x6F, 0xFF, 0x1D, 0xFF, 0xEB, 0xFE, 0xEE, 0xFE, 0x2F, 0xFF,
        0xA1, 0xFF, 0x26, 0x00, 0x9B, 0x00, 0xD9, 0x00, 0xC9, 0x00, 0x74, 0x00, 0xF8, 0xFF, 0x77, 0xFF,
        0x17, 0xFF, 0xF5, 0xFE, 0x17, 0xFF, 0x66, 0xFF, 0xC3, 0xFF, 0x0B, 0x00, 0x2B, 0x00, 0x16, 0x00,
        0xD3, 0xFF, 0x80, 0xFF, 0x42, 0xFF, 0x33, 0xFF, 0x5D, 0xFF, 0xB4, 0xFF, 0x1C, 0x00, 0x6E, 0x00,
        0x89, 0x00, 0x5B, 0x00, 0xF1, 0xFF, 0x69, 0xFF, 0xEA, 0xFE, 0x9A, 0xFE, 0x90, 0xFE, 0xD0, 0xFE,
        0x46, 0xFF, 0xCC, 0xFF, 0x3D, 0x00, 0x7A, 0x00, 0x73, 0x00, 0x34, 0x00, 0xDB, 0xFF, 0x88, 0xFF,
        0x5D, 0xFF, 0x6B, 0xFF, 0xA9, 0xFF, 0xFC, 0xFF, 0x42, 0x00, 0x5D, 0x00, 0x3F, 0x00, 0xEF, 0xFF,
        0x81, 0xFF, 0x1D, 0xFF, 0xE4, 0xFE, 0xEA, 0xFE, 0x33, 0xFF, 0xAC, 0xFF, 0x31, 0x00, 0x9D, 0x00,
        0xCC, 0x00, 0xAE, 0x00, 0x4D, 0x00, 0xCA, 0xFF, 0x4D, 0xFF, 0xF9, 0xFE, 0xE1, 0xFE, 0x06, 0xFF,
        0x53, 0xFF, 0xA5, 0xFF, 0xDD, 0xFF, 0xE9, 0xFF, 0xC5, 0xFF, 0x82, 0xFF, 0x3C, 0xFF, 0x11, 0xFF,
        0x19, 0xFF, 0x5C, 0xFF, 0xC6, 0xFF, 0x3A, 0x00, 0x92, 0x00, 0xAD, 0x00, 0x7F, 0x00, 0x16, 0x00,
        0x92, 0xFF, 0x1B, 0xFF, 0xD7, 0xFE, 0xD6, 0xFE, 0x16, 0xFF, 0x82, 0xFF, 0xF4, 0xFF, 0x4F, 0x00,
        0x7A, 0x00, 0x6C, 0x00, 0x30, 0x00, 0xE3, 0xFF, 0xA5, 0xFF, 0x8E, 0xFF, 0xA7, 0xFF, 0xE6, 0xFF,
        0x2E, 0x00, 0x5D, 0x00, 0x59, 0x00, 0x1F, 0x00, 0xB8, 0xFF, 0x40, 0xFF, 0xDF, 0xFE, 0xB0, 0xFE,
        0xC0, 0xFE, 0x0F, 0xFF, 0x87, 0xFF, 0x04, 0x00, 0x63, 0x00, 0x87, 0x00, 0x6B, 0x00, 0x1F, 0x00,
        0xBB, 0xFF, 0x60, 0xFF, 0x2D, 0xFF, 0x2F, 0xFF, 0x5D, 0xFF, 0x9F, 0xFF, 0xD7, 0xFF, 0xF2, 0xFF,
        0xE4, 0xFF, 0xAF, 0xFF, 0x6A, 0xFF, 0x34, 0xFF, 0x25, 0xFF, 0x48, 0xFF, 0x9B, 0xFF, 0x0C, 0x00,
        0x7D, 0x00, 0xC9, 0x00, 0xD6, 0x00, 0xA0, 0x00, 0x34, 0x00, 0xB2, 0xFF, 0x40, 0xFF, 0xFD, 0xFE,
        0xF5, 0xFE, 0x25, 0xFF, 0x76, 0xFF, 0xC9, 0xFF, 0x05, 0x00, 0x18, 0x00, 0x01, 0x00, 0xCC, 0xFF,
        0x8E, 0xFF, 0x64, 0xFF, 0x64, 0xFF, 0x90, 0xFF, 0xD8, 0xFF, 0x23, 0x00, 0x50, 0x00, 0x4A, 0x00,
        0x10, 0x00, 0xAE, 0xFF, 0x40, 0xFF, 0xE9, 0xFE, 0xC1, 0xFE, 0xD5, 0xFE, 0x1E, 0xFF, 0x8A, 0xFF,
        0xFD, 0xFF, 0x56, 0x00, 0x80, 0x00, 0x75, 0x00, 0x3F, 0x00, 0xF7, 0xFF, 0xB9, 0xFF, 0x99, 0xFF,
        0x9F, 0xFF, 0xC6, 0xFF, 0xF7, 0xFF, 0x18, 0x00, 0x1B, 0x00, 0xF8, 0xFF, 0xB9, 0xFF, 0x71, 0xFF,
        0x38, 0xFF, 0x22, 0xFF, 0x3D, 0xFF, 0x82, 0xFF, 0xE0, 0xFF, 0x3E, 0x00, 0x7E, 0x00, 0x8B, 0x00,
        0x62, 0x00, 0x0C, 0x00, 0xA4, 0xFF, 0x48, 0xFF, 0x11, 0xFF, 0x06, 0xFF, 0x23, 0xFF, 0x58, 0xFF,
        0x92, 0xFF, 0xBB, 0xFF, 0xC7, 0xFF, 0xB9, 0xFF, 0x9B, 0xFF, 0x7D, 0xFF, 0x72, 0xFF, 0x86, 0xFF,
        0xB8, 0xFF, 0xFF, 0xFF, 0x41, 0x00, 0x65, 0x00, 0x60, 0x00, 0x2D, 0x00, 0xD8, 0xFF, 0x7B, 0xFF,
        0x31, 0xFF, 0x0E, 0xFF, 0x1B, 0xFF, 0x54, 0xFF, 0xA7, 0xFF, 0xFE, 0xFF, 0x40, 0x00, 0x5C, 0x00,
        0x53, 0x00, 0x2A, 0x00, 0xEF, 0xFF, 0xBD, 0xFF, 0xA6, 0xFF, 0xAE, 0xFF, 0xCB, 0xFF, 0xED, 0xFF,
        0x01, 0x00, 0xF7, 0xFF, 0xC9, 0xFF, 0x86, 0xFF, 0x41, 0xFF, 0x0F, 0xFF, 0x01, 0xFF, 0x1E, 0xFF,
        0x61, 0xFF, 0xBF, 0xFF, 0x1D, 0x00, 0x60, 0x00, 0x79, 0x00, 0x60, 0x00, 0x1C, 0x00, 0xC6, 0xFF,
        0x78, 0xFF, 0x47, 0xFF, 0x40, 0xFF, 0x5C, 0xFF, 0x8A, 0xFF, 0xB7, 0xFF, 0xD4, 0xFF, 0xD7, 0xFF,
        0xC5, 0xFF, 0xA5, 0xFF, 0x88, 0xFF, 0x80, 0xFF, 0x99, 0xFF, 0xCE, 0xFF, 0x15, 0x00, 0x57, 0x00,
        0x7F, 0x00, 0x79, 0x00, 0x42, 0x00, 0xE7, 0xFF, 0x81, 0xFF, 0x29, 0xFF, 0xF6, 0xFE, 0xF3, 0xFE,
        0x1A, 0xFF, 0x61, 0xFF, 0xB2, 0xFF, 0xF3, 0xFF, 0x17, 0x00, 0x18, 0x00, 0xFB, 0xFF, 0xD1, 0xFF,
        0xAC, 0xFF, 0x9C, 0xFF, 0xAC, 0xFF, 0xD1, 0xFF, 0xF8, 0xFF, 0x0E, 0x00, 0x08, 0x00, 0xE0, 0xFF,
        0x9E, 0xFF, 0x56, 0xFF, 0x1C, 0xFF, 0x07, 0xFF, 0x20, 0xFF, 0x63, 0xFF, 0xC2, 0xFF, 0x26, 0x00,
        0x74, 0x00, 0x96, 0x00, 0x85, 0x00, 0x4C, 0x00, 0xFF, 0xFF, 0xB5, 0xFF, 0x85, 0xFF, 0x77, 0xFF,
        0x87, 0xFF, 0xAA, 0xFF, 0xCA, 0xFF, 0xD4, 0xFF, 0xC4, 0xFF, 0x9F, 0xFF, 0x6E, 0xFF, 0x47, 0xFF,
        0x3C, 0xFF, 0x59, 0xFF, 0x9C, 0xFF, 0xF4, 0xFF, 0x46, 0x00, 0x7B, 0x00, 0x7F, 0x00, 0x4C, 0x00,
        0xF1, 0xFF, 0x89, 0xFF, 0x2F, 0xFF, 0xFB, 0xFE, 0xF7, 0xFE, 0x21, 0xFF, 0x66, 0xFF, 0xB1, 0xFF,
        0xEB, 0xFF, 0x05, 0x00, 0xFD, 0xFF, 0xDB, 0xFF, 0xB4, 0xFF, 0x9D, 0xFF, 0xA6, 0xFF, 0xCF, 0xFF,
        0x09, 0x00, 0x42, 0x00, 0x61, 0x00, 0x53, 0x00, 0x18, 0x00, 0xBD, 0xFF, 0x59, 0xFF, 0x0A, 0xFF,
        0xE6, 0xFE, 0xF8, 0xFE, 0x3D, 0xFF, 0xA3, 0xFF, 0x0A, 0x00, 0x56, 0x00, 0x76, 0x00, 0x60, 0x00,
        0x22, 0x00, 0xD3, 0xFF, 0x8C, 0xFF, 0x67, 0xFF, 0x6E, 0xFF, 0x96, 0xFF, 0xC9, 0xFF, 0xF1, 0xFF,
        0xFA, 0xFF, 0xDC, 0xFF, 0x9F, 0xFF, 0x57, 0xFF, 0x20, 0xFF, 0x10, 0xFF, 0x33, 0xFF, 0x85, 0xFF,
        0xF3, 0xFF, 0x61, 0x00, 0xAC, 0x00, 0xBA, 0x00, 0x89, 0x00, 0x2A, 0x00, 0xB8, 0xFF, 0x57, 0xFF,
        0x21, 0xFF, 0x20, 0xFF, 0x50, 0xFF, 0x9B, 0xFF, 0xE0, 0xFF, 0x0B, 0x00, 0x10, 0x00, 0xED, 0xFF,
        0xB2, 0xFF, 0x79, 0xFF, 0x5D, 0xFF, 0x6D, 0xFF, 0xA8, 0xFF, 0xFB, 0xFF, 0x46, 0x00, 0x6E, 0x00,
        0x5F, 0x00, 0x16, 0x00, 0xA7, 0xFF, 0x35, 0xFF, 0xDD, 0xFE, 0xB9, 0xFE, 0xD3, 0xFE, 0x21, 0xFF,
        0x8D, 0xFF, 0xFA, 0xFF, 0x48, 0x00, 0x63, 0x00, 0x49, 0x00, 0x08, 0x00, 0xBD, 0xFF, 0x85, 0xFF,
        0x77, 0xFF, 0x96, 0xFF, 0xD3, 0xFF, 0x15, 0x00, 0x3A, 0x00, 0x34, 0x00, 0x01, 0x00, 0xAE, 0xFF,
        0x55, 0xFF, 0x17, 0xFF, 0x0A, 0xFF, 0x37, 0xFF, 0x97, 0xFF, 0x10, 0x00, 0x7F, 0x00, 0xC2, 0x00,
        0xC4, 0x00, 0x83, 0x00, 0x15, 0x00, 0x9C, 0xFF, 0x3C, 0xFF, 0x0F, 0xFF, 0x1D, 0xFF, 0x57, 0xFF,
        0xA2, 0xFF, 0xE0, 0xFF, 0xFB, 0xFF, 0xE7, 0xFF, 0xAE, 0xFF, 0x69, 0xFF, 0x33, 0xFF, 0x27, 0xFF,
        0x51, 0xFF, 0xA9, 0xFF, 0x19, 0x00, 0x7C, 0x00, 0xAC, 0x00, 0x96, 0x00, 0x41, 0x00, 0xC3, 0xFF,
        0x42, 0xFF, 0xE5, 0xFE, 0xC7, 0xFE, 0xEC, 0xFE, 0x48, 0xFF, 0xBB, 0xFF, 0x23, 0x00, 0x64, 0x00,
        0x70, 0x00, 0x46, 0x00, 0xFB, 0xFF, 0xB1, 0xFF, 0x86, 0xFF, 0x8A, 0xFF, 0xBB, 0xFF, 0x04, 0x00,
        0x44, 0x00, 0x5E, 0x00, 0x40, 0x00, 0xEB, 0xFF, 0x78, 0xFF, 0x0B, 0xFF, 0xC2, 0xFE, 0xB4, 0xFE,
        0xEB, 0xFE, 0x57, 0xFF, 0xDA, 0xFF, 0x50, 0x00, 0x96, 0x00, 0x9A, 0x00, 0x61, 0x00, 0xFF, 0xFF,
        0x95, 0xFF, 0x49, 0xFF, 0x30, 0xFF, 0x4B, 0xFF, 0x8B, 0xFF, 0xD4, 0xFF, 0x05, 0x00, 0x0D, 0x00,
        0xEA, 0xFF, 0xA7, 0xFF, 0x60, 0xFF, 0x34, 0xFF, 0x39, 0xFF, 0x76, 0xFF, 0xE0, 0xFF, 0x59, 0x00,
        0xBC, 0x00, 0xE8, 0x00, 0xCE, 0x00, 0x72, 0x00, 0xF1, 0xFF, 0x72, 0xFF, 0x17, 0xFF, 0xF8, 0xFE,
        0x16, 0xFF, 0x5F, 0xFF, 0xB8, 0xFF, 0x02, 0x00, 0x25, 0x00, 0x17, 0x00, 0xE3, 0xFF, 0x9F, 0xFF,
        0x68, 0xFF, 0x58, 0xFF, 0x79, 0xFF, 0xC1, 0xFF, 0x16, 0x00, 0x54, 0x00, 0x60, 0x00, 0x32, 0x00,
        0xD4, 0xFF, 0x60, 0xFF, 0xF8, 0xFE, 0xBD, 0xFE, 0xC0, 0xFE, 0x00, 0xFF, 0x6C, 0xFF, 0xE7, 0xFF,
        0x4E, 0x00, 0x87, 0x00, 0x85, 0x00, 0x4E, 0x00, 0xFE, 0xFF, 0xB4, 0xFF, 0x8B, 0xFF, 0x8E, 0xFF,
        0xBA, 0xFF, 0xF9, 0xFF, 0x2E, 0x00, 0x41, 0x00, 0x25, 0x00, 0xE2, 0xFF, 0x8D, 0xFF, 0x42, 0xFF,
        0x19, 0xFF, 0x28, 0xFF, 0x6E, 0xFF, 0xD7, 0xFF, 0x47, 0x00, 0x9B, 0x00, 0xB9, 0x00, 0x98, 0x00,
        0x41, 0x00, 0xCD, 0xFF, 0x5E, 0xFF, 0x17, 0xFF, 0x05, 0xFF, 0x26, 0xFF, 0x69, 0xFF, 0xB3, 0xFF,
        0xE9, 0xFF, 0xF9, 0xFF, 0xE3, 0xFF, 0xB1, 0xFF, 0x7E, 0xFF, 0x62, 0xFF, 0x6B, 0xFF, 0xA0, 0xFF,
        0xF4, 0xFF, 0x4B, 0x00, 0x89, 0x00, 0x94, 0x00, 0x65, 0x00, 0x08, 0x00, 0x98, 0xFF, 0x37, 0xFF,
        0x01, 0xFF, 0x05, 0xFF, 0x3F, 0xFF, 0x99, 0xFF, 0xFC, 0xFF, 0x4A, 0x00, 0x6F, 0x00, 0x64, 0x00,
        0x33, 0x00, 0xF0, 0xFF, 0xB5, 0xFF, 0x99, 0xFF, 0xA2, 0xFF, 0xC8, 0xFF, 0xF7, 0xFF, 0x14, 0x00,
        0x0E, 0x00, 0xE1, 0xFF, 0x98, 0xFF, 0x47, 0xFF, 0x08, 0xFF, 0xF1, 0xFE, 0x0B, 0xFF, 0x52, 0xFF,
        0xB6, 0xFF, 0x1B, 0x00, 0x67, 0x00, 0x85, 0x00, 0x6D, 0x00, 0x29, 0x00, 0xD6, 0xFF, 0x8C, 0xFF,
        0x5F, 0xFF, 0x5C, 0xFF, 0x7C, 0xFF, 0xAE, 0xFF, 0xDD, 0xFF, 0xF7, 0xFF, 0xF2, 0xFF, 0xD6, 0xFF,
        0xB0, 0xFF, 0x90, 0xFF, 0x87, 0xFF, 0xA5, 0xFF, 0xE5, 0xFF, 0x35, 0x00, 0x81, 0x00, 0xAD, 0x00,
        0xA7, 0x00, 0x6D, 0x00, 0x0D, 0x00, 0xA0, 0xFF, 0x44, 0xFF, 0x12, 0xFF, 0x10, 0xFF, 0x38, 0xFF,
        0x7D, 0xFF, 0xC6, 0xFF, 0xFC, 0xFF, 0x13, 0x00, 0x08, 0x00, 0xE4, 0xFF, 0xBA, 0xFF, 0x9D, 0xFF,
        0x9A, 0xFF, 0xB6, 0xFF, 0xE5, 0xFF, 0x13, 0x00, 0x29, 0x00, 0x1B, 0x00, 0xE7, 0xFF, 0x9A, 0xFF,
        0x4A, 0xFF, 0x0F, 0xFF, 0xFC, 0xFE, 0x1B, 0xFF, 0x63, 0xFF, 0xC4, 0xFF, 0x27, 0x00, 0x72, 0x00,
        0x91, 0x00, 0x81, 0x00, 0x4D, 0x00, 0x06, 0x00, 0xC8, 0xFF, 0xA5, 0xFF, 0xA0, 0xFF, 0xB5, 0xFF,
        0xD7, 0xFF, 0xF0, 0xFF, 0xF2, 0xFF, 0xDD, 0xFF, 0xB2, 0xFF, 0x7F, 0xFF, 0x59, 0xFF, 0x52, 0xFF,
        0x6E, 0xFF, 0xAD, 0xFF, 0x00, 0x00, 0x4E, 0x00, 0x7F, 0x00, 0x86, 0x00, 0x5D, 0x00, 0x0F, 0x00,
        0xB3, 0xFF, 0x61, 0xFF, 0x2E, 0xFF, 0x24, 0xFF, 0x41, 0xFF, 0x77, 0xFF, 0xB3, 0xFF, 0xE2, 0xFF,
        0xF8, 0xFF, 0xF5, 0xFF, 0xDF, 0xFF, 0xC4, 0xFF, 0xB9, 0xFF, 0xC7, 0xFF, 0xED, 0xFF, 0x23, 0x00,
        0x55, 0x00, 0x6D, 0x00, 0x61, 0x00, 0x2C, 0x00, 0xDB, 0xFF, 0x83, 0xFF, 0x3E, 0xFF, 0x1E, 0xFF,
        0x2A, 0xFF, 0x60, 0xFF, 0xB1, 0xFF, 0x04, 0x00, 0x43, 0x00, 0x5F, 0x00, 0x51, 0x00, 0x23, 0x00,
        0xE7, 0xFF, 0xB0, 0xFF, 0x92, 0xFF, 0x96, 0xFF, 0xB0, 0xFF, 0xCE, 0xFF, 0xE3, 0xFF, 0xE0, 0xFF,
        0xC0, 0xFF, 0x8D, 0xFF, 0x56, 0xFF, 0x2E, 0xFF, 0x28, 0xFF, 0x4B, 0xFF, 0x91, 0xFF, 0xED, 0xFF,
        0x49, 0x00, 0x88, 0x00, 0x96, 0x00, 0x74, 0x00, 0x2D, 0x00, 0xD5, 0xFF, 0x8A, 0xFF, 0x5E, 0xFF,
        0x5B, 0xFF, 0x7C, 0xFF, 0xB1, 0xFF, 0xE7, 0xFF, 0x0C, 0x00, 0x15, 0x00, 0x01, 0x00, 0xDC, 0xFF,
        0xB7, 0xFF, 0xA3, 0xFF, 0xB0, 0xFF, 0xDF, 0xFF, 0x22, 0x00, 0x5F, 0x00, 0x81, 0x00, 0x75, 0x00,
        0x3B, 0x00, 0xDF, 0xFF, 0x78, 0xFF, 0x23, 0xFF, 0xF7, 0xFE, 0xFD, 0xFE, 0x32, 0xFF, 0x86, 0xFF,
        0xE2, 0xFF, 0x2B, 0x00, 0x50, 0x00, 0x4B, 0x00, 0x1E, 0x00, 0xE2, 0xFF, 0xB1, 0xFF, 0x98, 0xFF,
        0xA2, 0xFF, 0xC9, 0xFF, 0xF7, 0xFF, 0x17, 0x00, 0x1A, 0x00, 0xF6, 0xFF, 0xB6, 0xFF, 0x70, 0xFF,
        0x37, 0xFF, 0x22, 0xFF, 0x3E, 0xFF, 0x86, 0xFF, 0xEE, 0xFF, 0x56, 0x00, 0x9F, 0x00, 0xBA, 0x00,
        0x9C, 0x00, 0x4E, 0x00, 0xEB, 0xFF, 0x91, 0xFF, 0x57, 0xFF, 0x4D, 0xFF, 0x68, 0xFF, 0x9A, 0xFF,
        0xCD, 0xFF, 0xEB, 0xFF, 0xEA, 0xFF, 0xCC, 0xFF, 0x9B, 0xFF, 0x70, 0xFF, 0x61, 0xFF, 0x77, 0xFF,
        0xB5, 0xFF, 0x0B, 0x00, 0x60, 0x00, 0x96, 0x00, 0x95, 0x00, 0x60, 0x00, 0x03, 0x00, 0x95, 0xFF,
        0x37, 0xFF, 0x05, 0xFF, 0x08, 0xFF, 0x3E, 0xFF, 0x95, 0xFF, 0xF3, 0xFF, 0x3C, 0x00, 0x5D, 0x00,
        0x53, 0x00, 0x26, 0x00, 0xED, 0xFF, 0xC5, 0xFF, 0xBF, 0xFF, 0xDB, 0xFF, 0x10, 0x00, 0x48, 0x00,
        0x66, 0x00, 0x58, 0x00, 0x1B, 0x00, 0xBD, 0xFF, 0x5A, 0xFF, 0x0C, 0xFF, 0xEA, 0xFE, 0x02, 0xFF,
        0x51, 0xFF, 0xBE, 0xFF, 0x2D, 0x00, 0x80, 0x00, 0x9C, 0x00, 0x7B, 0x00, 0x2C, 0x00, 0xCB, 0xFF,
        0x7A, 0xFF, 0x51, 0xFF, 0x55, 0xFF, 0x81, 0xFF, 0xBE, 0xFF, 0xF0, 0xFF, 0x02, 0x00, 0xED, 0xFF,
        0xB6, 0xFF, 0x73, 0xFF, 0x3F, 0xFF, 0x32, 0xFF, 0x59, 0xFF, 0xAE, 0xFF, 0x1F, 0x00, 0x88, 0x00,
        0xCD, 0x00, 0xD7, 0x00, 0x9C, 0x00, 0x32, 0x00, 0xBC, 0xFF, 0x57, 0xFF, 0x1F, 0xFF, 0x24, 0xFF,
        0x5B, 0xFF, 0xAC, 0xFF, 0xFF, 0xFF, 0x35, 0x00, 0x3E, 0x00, 0x1E, 0x00, 0xE3, 0xFF, 0xA6, 0xFF,
        0x86, 0xFF, 0x91, 0xFF, 0xC3, 0xFF, 0x0E, 0x00, 0x57, 0x00, 0x7B, 0x00, 0x6B, 0x00, 0x2A, 0x00,
        0xC3, 0xFF, 0x52, 0xFF, 0xFE, 0xFE, 0xDD, 0xFE, 0xF8, 0xFE, 0x49, 0xFF, 0xBB, 0xFF, 0x29, 0x00,
        0x77, 0x00, 0x92, 0x00, 0x75, 0x00, 0x2E, 0x00, 0xDD, 0xFF, 0xA0, 0xFF, 0x89, 0xFF, 0x9E, 0xFF,
        0xD0, 0xFF, 0x0B, 0x00, 0x33, 0x00, 0x31, 0x00, 0x06, 0x00, 0xC0, 0xFF, 0x71, 0xFF, 0x37, 0xFF,
        0x2A, 0xFF, 0x52, 0xFF, 0xAA, 0xFF, 0x18, 0x00, 0x7B, 0x00, 0xB5, 0x00, 0xAF, 0x00, 0x70, 0x00,
        0x09, 0x00, 0x96, 0xFF, 0x3F, 0xFF, 0x19, 0xFF, 0x25, 0xFF, 0x5F, 0xFF, 0xAA, 0xFF, 0xE7, 0xFF,
        0x0A, 0x00, 0x03, 0x00, 0xD5, 0xFF, 0x9E, 0xFF, 0x73, 0xFF, 0x69, 0xFF, 0x91, 0xFF, 0xE0, 0xFF,
        0x3A, 0x00, 0x88, 0x00, 0xAB, 0x00, 0x8F, 0x00, 0x3D, 0x00, 0xD0, 0xFF, 0x66, 0xFF, 0x1C, 0xFF,
        0x0B, 0xFF, 0x34, 0xFF, 0x87, 0xFF, 0xEF, 0xFF, 0x4E, 0x00, 0x84, 0x00, 0x87, 0x00, 0x5F, 0x00,
        0x1A, 0x00, 0xD5, 0xFF, 0xAB, 0xFF, 0xA9, 0xFF, 0xCF, 0xFF, 0x08, 0x00, 0x37, 0x00, 0x44, 0x00,
        0x27, 0x00, 0xE0, 0xFF, 0x83, 0xFF, 0x2E, 0xFF, 0xFC, 0xFE, 0xFE, 0xFE, 0x35, 0xFF, 0x96, 0xFF,
        0x08, 0x00, 0x6A, 0x00, 0x9E, 0x00, 0x97, 0x00, 0x5B, 0x00, 0xFF, 0xFF, 0xA0, 0xFF, 0x5C, 0xFF,
        0x49, 0xFF, 0x62, 0xFF, 0x98, 0xFF, 0xD7, 0xFF, 0x03, 0x00, 0x0B, 0x00, 0xF3, 0xFF, 0xC2, 0xFF,
        0x8E, 0xFF, 0x72, 0xFF, 0x7D, 0xFF, 0xB2, 0xFF, 0x0A, 0x00, 0x68, 0x00, 0xAE, 0x00, 0xC5, 0x00,
        0x9F, 0x00, 0x48, 0x00, 0xD8, 0xFF, 0x6E, 0xFF, 0x29, 0xFF, 0x16, 0xFF, 0x34, 0xFF, 0x7A, 0xFF,
        0xCB, 0xFF, 0x0E, 0x00, 0x32, 0x00, 0x2B, 0x00, 0x06, 0x00, 0xD8, 0xFF, 0xAF, 0xFF, 0xA3, 0xFF,
        0xBF, 0xFF, 0xF2, 0xFF, 0x2A, 0x00, 0x52, 0x00, 0x50, 0x00, 0x1F, 0x00, 0xD1, 0xFF, 0x79, 0xFF,
        0x2F, 0xFF, 0x0C, 0xFF, 0x1E, 0xFF, 0x5D, 0xFF, 0xBB, 0xFF, 0x22, 0x00, 0x75, 0x00, 0x9D, 0x00,
        0x93, 0x00, 0x60, 0x00, 0x1C, 0x00, 0xDA, 0xFF, 0xB2, 0xFF, 0xB2, 0xFF, 0xCC, 0xFF, 0xF1, 0xFF,
        0x12, 0x00, 0x18, 0x00, 0xFB, 0xFF, 0xC6, 0xFF, 0x88, 0xFF, 0x54, 0xFF, 0x42, 0xFF, 0x5C, 0xFF,
        0x9D, 0xFF, 0xF5, 0xFF, 0x4F, 0x00, 0x8F, 0x00, 0x9A, 0x00, 0x71, 0x00, 0x22, 0x00, 0xBE, 0xFF,
        0x65, 0xFF, 0x31, 0xFF, 0x29, 0xFF, 0x4B, 0xFF, 0x87, 0xFF, 0xC7, 0xFF, 0xF5, 0xFF, 0x03, 0x00,
        0xF5, 0xFF, 0xD5, 0xFF, 0xAF, 0xFF, 0x9E, 0xFF, 0xB3, 0xFF, 0xE7, 0xFF, 0x2C, 0x00, 0x70, 0x00,
        0x96, 0x00, 0x90, 0x00, 0x5B, 0x00, 0x02, 0x00, 0xA1, 0xFF, 0x54, 0xFF, 0x2F, 0xFF, 0x3E, 0xFF,
        0x76, 0xFF, 0xCA, 0xFF, 0x22, 0x00, 0x61, 0x00, 0x7A, 0x00, 0x6C, 0x00, 0x3F, 0x00, 0x02, 0x00,
        0xCF, 0xFF, 0xB6, 0xFF, 0xBA, 0xFF, 0xD6, 0xFF, 0xFC, 0xFF, 0x11, 0x00, 0x08, 0x00, 0xE4, 0xFF,
        0xAC, 0xFF, 0x6D, 0xFF, 0x3D, 0xFF, 0x2F, 0xFF, 0x4C, 0xFF, 0x8F, 0xFF, 0xE9, 0xFF, 0x40, 0x00,
        0x7E, 0x00, 0x93, 0x00, 0x79, 0x00, 0x38, 0x00, 0xE8, 0xFF, 0xA2, 0xFF, 0x77, 0xFF, 0x70, 0xFF,
        0x8C, 0xFF, 0xBB, 0xFF, 0xE7, 0xFF, 0x01, 0x00, 0x05, 0x00, 0xF2, 0xFF, 0xD1, 0xFF, 0xB4, 0xFF,
        0xAA, 0xFF, 0xBC, 0xFF, 0xED, 0xFF, 0x31, 0x00, 0x6F, 0x00, 0x8F, 0x00, 0x84, 0x00, 0x4D, 0x00,
        0xF5, 0xFF, 0x96, 0xFF, 0x4B, 0xFF, 0x21, 0xFF, 0x24, 0xFF, 0x53, 0xFF, 0x99, 0xFF, 0xE4, 0xFF,
        0x20, 0x00, 0x3B, 0x00, 0x36, 0x00, 0x17, 0x00, 0xEC, 0xFF, 0xCB, 0xFF, 0xC5, 0xFF, 0xD8, 0xFF,
        0x00, 0x00, 0x26, 0x00, 0x39, 0x00, 0x2F, 0x00, 0x00, 0x00, 0xBF, 0xFF, 0x80, 0xFF, 0x4F, 0xFF,
        0x41, 0xFF, 0x61, 0xFF, 0xA5, 0xFF, 0xFE, 0xFF, 0x5A, 0x00, 0x9E, 0x00, 0xB5, 0x00, 0x9D, 0x00,
        0x60, 0x00, 0x0F, 0x00, 0xC7, 0xFF, 0x9C, 0xFF, 0x90, 0xFF, 0xA2, 0xFF, 0xC5, 0xFF, 0xE3, 0xFF,
        0xF0, 0xFF, 0xE6, 0xFF, 0xC6, 0xFF, 0x9D, 0xFF, 0x7A, 0xFF, 0x6B, 0xFF, 0x83, 0xFF, 0xBC, 0xFF,
        0x07, 0x00, 0x55, 0x00, 0x89, 0x00, 0x8D, 0x00, 0x62, 0x00, 0x12, 0x00, 0xB1, 0xFF, 0x5D, 0xFF,
        0x2A, 0xFF, 0x23, 0xFF, 0x4A, 0xFF, 0x8B, 0xFF, 0xD5, 0xFF, 0x13, 0x00, 0x35, 0x00, 0x36, 0x00,
        0x1B, 0x00, 0xF6, 0xFF, 0xDC, 0xFF, 0xD9, 0xFF, 0xF3, 0xFF, 0x25, 0x00, 0x53, 0x00, 0x6A, 0x00,
        0x65, 0x00, 0x39, 0x00, 0xEA, 0xFF, 0x94, 0xFF, 0x50, 0xFF, 0x2B, 0xFF, 0x34, 0xFF, 0x6C, 0xFF,
        0xC2, 0xFF, 0x1D, 0x00, 0x68, 0x00, 0x8C, 0x00, 0x82, 0x00, 0x51, 0x00, 0x0E, 0x00, 0xCD, 0xFF,
        0xA0, 0xFF, 0x98, 0xFF, 0xAE, 0xFF, 0xD0, 0xFF, 0xF0, 0xFF, 0xFD, 0xFF, 0xEE, 0xFF, 0xC8, 0xFF,
        0x98, 0xFF, 0x6F, 0xFF, 0x60, 0xFF, 0x77, 0xFF, 0xB6, 0xFF, 0x0C, 0x00, 0x61, 0x00, 0xA0, 0x00,
        0xB5, 0x00, 0x93, 0x00, 0x4A, 0x00, 0xEE, 0xFF, 0x96, 0xFF, 0x5F, 0xFF, 0x55, 0xFF, 0x6F, 0xFF,
        0xA4, 0xFF, 0xE3, 0xFF, 0x15, 0x00, 0x25, 0x00, 0x14, 0x00, 0xF2, 0xFF, 0xC6, 0xFF, 0xA7, 0xFF,
        0xAC, 0xFF, 0xCF, 0xFF, 0x06, 0x00, 0x47, 0x00, 0x6F, 0x00, 0x69, 0x00, 0x3A, 0x00, 0xE8, 0xFF,
        0x86, 0xFF, 0x32, 0xFF, 0x09, 0xFF, 0x15, 0xFF, 0x4D, 0xFF, 0xA4, 0xFF, 0x08, 0x00, 0x58, 0x00,
        0x7F, 0x00, 0x79, 0x00, 0x4C, 0x00, 0x0B, 0x00, 0xCE, 0xFF, 0xB0, 0xFF, 0xBA, 0xFF, 0xDE, 0xFF,
        0x0D, 0x00, 0x36, 0x00, 0x3F, 0x00, 0x22, 0x00, 0xEA, 0xFF, 0xA3, 0xFF, 0x67, 0xFF, 0x50, 0xFF,
        0x65, 0xFF, 0xA7, 0xFF, 0x08, 0x00, 0x68, 0x00, 0xAE, 0x00, 0xC4, 0x00, 0xA1, 0x00, 0x50, 0x00,
        0xE9, 0xFF, 0x8B, 0xFF, 0x4F, 0xFF, 0x43, 0xFF, 0x62, 0xFF, 0x9B, 0xFF, 0xD8, 0xFF, 0x05, 0x00,
        0x0F, 0x00, 0xF7, 0xFF, 0xCC, 0xFF, 0x9E, 0xFF, 0x85, 0xFF, 0x91, 0xFF, 0xC4, 0xFF, 0x12, 0x00,
        0x5D, 0x00, 0x8D, 0x00, 0x90, 0x00, 0x5E, 0x00, 0x07, 0x00, 0xA2, 0xFF, 0x4A, 0xFF, 0x1D, 0xFF,
        0x25, 0xFF, 0x5A, 0xFF, 0xB2, 0xFF, 0x10, 0x00, 0x58, 0x00, 0x7A, 0x00, 0x6E, 0x00, 0x3D, 0x00,
        0xFF, 0xFF, 0xCF, 0xFF, 0xBD, 0xFF, 0xCD, 0xFF, 0xF6, 0xFF, 0x27, 0x00, 0x42, 0x00, 0x36, 0x00,
        0x07, 0x00, 0xBE, 0xFF, 0x6C, 0xFF, 0x2D, 0xFF, 0x18, 0xFF, 0x34, 0xFF, 0x7F, 0xFF, 0xE7, 0xFF,
        0x50, 0x00, 0x9A, 0x00, 0xB1, 0x00, 0x8F, 0x00, 0x43, 0x00, 0xE9, 0xFF, 0x9D, 0xFF, 0x76, 0xFF,
        0x79, 0xFF, 0xA0, 0xFF, 0xDA, 0xFF, 0x0A, 0x00, 0x1B, 0x00, 0x0D, 0x00, 0xE5, 0xFF, 0xB0, 0xFF,
        0x8A, 0xFF, 0x83, 0xFF, 0xA6, 0xFF, 0xF4, 0xFF, 0x50, 0x00, 0x9F, 0x00, 0xCD, 0x00, 0xC1, 0x00,
        0x7C, 0x00, 0x13, 0x00, 0xA3, 0xFF, 0x4B, 0xFF, 0x21, 0xFF, 0x2A, 0xFF, 0x5E, 0xFF, 0xAA, 0xFF,
        0xF6, 0xFF, 0x2A, 0x00, 0x33, 0x00, 0x17, 0x00, 0xE5, 0xFF, 0xB5, 0xFF, 0x9C, 0xFF, 0xA7, 0xFF,
        0xD3, 0xFF, 0x12, 0x00, 0x4A, 0x00, 0x65, 0x00, 0x4F, 0x00, 0x0C, 0x00, 0xB2, 0xFF, 0x58, 0xFF,
        0x17, 0xFF, 0x0A, 0xFF, 0x33, 0xFF, 0x88, 0xFF, 0xF4, 0xFF, 0x58, 0x00, 0x9C, 0x00, 0xB1, 0x00,
        0x90, 0x00, 0x4A, 0x00, 0xFF, 0xFF, 0xC7, 0xFF, 0xB3, 0xFF, 0xC5, 0xFF, 0xEE, 0xFF, 0x1B, 0x00,
        0x35, 0x00, 0x2A, 0x00, 0xFF, 0xFF, 0xC1, 0xFF, 0x80, 0xFF, 0x52, 0xFF, 0x53, 0xFF, 0x83, 0xFF,
        0xD5, 0xFF, 0x38, 0x00, 0x8A, 0x00, 0xB1, 0x00, 0xA3, 0x00, 0x5F, 0x00, 0xFC, 0xFF, 0x9B, 0xFF,
        0x53, 0xFF, 0x36, 0xFF, 0x4B, 0xFF, 0x80, 0xFF, 0xC1, 0xFF, 0xF8, 0xFF, 0x13, 0x00, 0x0A, 0x00,
        0xE9, 0xFF, 0xC2, 0xFF, 0xA7, 0xFF, 0xA7, 0xFF, 0xCD, 0xFF, 0x10, 0x00, 0x5A, 0x00, 0x92, 0x00,
        0xA0, 0x00, 0x7A, 0x00, 0x2D, 0x00, 0xC9, 0xFF, 0x6E, 0xFF, 0x38, 0xFF, 0x31, 0xFF, 0x5C, 0xFF,
        0xAA, 0xFF, 0x02, 0x00, 0x4D, 0x00, 0x76, 0x00, 0x71, 0x00, 0x46, 0x00, 0x0A, 0x00, 0xCF, 0xFF,
        0xAE, 0xFF, 0xB1, 0xFF, 0xD1, 0xFF, 0xFE, 0xFF, 0x20, 0x00, 0x24, 0x00, 0x04, 0x00, 0xC7, 0xFF,
        0x7D, 0xFF, 0x3E, 0xFF, 0x23, 0xFF, 0x35, 0xFF, 0x76, 0xFF, 0xD8, 0xFF, 0x3D, 0x00, 0x8D, 0x00,
        0xB2, 0x00, 0xA0, 0x00, 0x61, 0x00, 0x0D, 0x00, 0xBA, 0xFF, 0x87, 0xFF, 0x7D, 0xFF, 0x97, 0xFF,
        0xCF, 0xFF, 0x0A, 0x00, 0x2C, 0x00, 0x30, 0x00, 0x14, 0x00, 0xE5, 0xFF, 0xBA, 0xFF, 0xA4, 0xFF,
        0xB3, 0xFF, 0xE7, 0xFF, 0x32, 0x00, 0x7E, 0x00, 0xB0, 0x00, 0xB1, 0x00, 0x7F, 0x00, 0x24, 0x00,
        0xB8, 0xFF, 0x5A, 0xFF, 0x20, 0xFF, 0x1C, 0xFF, 0x48, 0xFF, 0x8B, 0xFF, 0xD9, 0xFF, 0x1B, 0x00,
        0x37, 0x00, 0x2E, 0x00, 0x0B, 0x00, 0xDC, 0xFF, 0xB9, 0xFF, 0xB0, 0xFF, 0xC4, 0xFF, 0xF5, 0xFF,
        0x26, 0x00, 0x41, 0x00, 0x3E, 0x00, 0x16, 0x00, 0xD1, 0xFF, 0x86, 0xFF, 0x4A, 0xFF, 0x34, 0xFF,
        0x4B, 0xFF, 0x8D, 0xFF, 0xEB, 0xFF, 0x4C, 0x00, 0x95, 0x00, 0xB8, 0x00, 0xAA, 0x00, 0x73, 0x00,
        0x2C, 0x00, 0xE7, 0xFF, 0xB9, 0xFF, 0xB1, 0xFF, 0xC5, 0xFF, 0xE7, 0xFF, 0x07, 0x00, 0x0E, 0x00,
        0xFC, 0xFF, 0xD6, 0xFF, 0xA4, 0xFF, 0x7F, 0xFF, 0x74, 0xFF, 0x89, 0xFF, 0xC4, 0xFF, 0x14, 0x00,
        0x61, 0x00, 0x96, 0x00, 0x9D, 0x00, 0x72, 0x00, 0x23, 0x00, 0xC5, 0xFF, 0x74, 0xFF, 0x45, 0xFF,
        0x3D, 0xFF, 0x61, 0xFF, 0x9F, 0xFF, 0xDF, 0xFF, 0x13, 0x00, 0x29, 0x00, 0x20, 0x00, 0x07, 0x00,
        0xE6, 0xFF, 0xD1, 0xFF, 0xDE, 0xFF, 0x03, 0x00, 0x37, 0x00, 0x6F, 0x00, 0x89, 0x00, 0x7B, 0x00,
        0x4A, 0x00, 0xFA, 0xFF, 0x9E, 0xFF, 0x5A, 0xFF, 0x3A, 0xFF, 0x45, 0xFF, 0x7A, 0xFF, 0xC8, 0xFF,
        0x1C, 0x00, 0x60, 0x00, 0x7E, 0x00, 0x71, 0x00, 0x44, 0x00, 0x07, 0x00, 0xCE, 0xFF, 0xAD, 0xFF,
        0xAB, 0xFF, 0xC1, 0xFF, 0xE2, 0xFF, 0xFB, 0xFF, 0xFF, 0xFF, 0xEB, 0xFF, 0xBF, 0xFF, 0x8C, 0xFF,
        0x63, 0xFF, 0x55, 0xFF, 0x6B, 0xFF, 0xA9, 0xFF, 0x01, 0x00, 0x59, 0x00, 0x9B, 0x00, 0xB6, 0x00,
        0x9E, 0x00, 0x5C, 0x00, 0x0B, 0x00, 0xBE, 0xFF, 0x87, 0xFF, 0x7B, 0xFF, 0x94, 0xFF, 0xC3, 0xFF,
        0xFB, 0xFF, 0x24, 0x00, 0x33, 0x00, 0x2A, 0x00, 0x09, 0x00, 0xE3, 0xFF, 0xCD, 0xFF, 0xD1, 0xFF,
        0xF4, 0xFF, 0x29, 0x00, 0x5C, 0x00, 0x7F, 0x00, 0x7C, 0x00, 0x4B, 0x00, 0xFE, 0xFF, 0xA4, 0xFF,
        0x56, 0xFF, 0x2C, 0xFF, 0x2A, 0xFF, 0x50, 0xFF, 0x98, 0xFF, 0xE7, 0xFF, 0x2A, 0x00, 0x51, 0x00,
        0x53, 0x00, 0x35, 0x00, 0x05, 0x00, 0xD8, 0xFF, 0xC1, 0xFF, 0xC5, 0xFF, 0xE1, 0xFF, 0x05, 0x00,
        0x1C, 0x00, 0x1E, 0x00, 0x06, 0x00, 0xD5, 0xFF, 0x9E, 0xFF, 0x73, 0xFF, 0x63, 0xFF, 0x77, 0xFF,
        0xB1, 0xFF, 0x03, 0x00, 0x58, 0x00, 0x99, 0x00, 0xB2, 0x00, 0xA1, 0x00, 0x69, 0x00, 0x18, 0x00,
        0xC9, 0xFF, 0x90, 0xFF, 0x7B, 0xFF, 0x8D, 0xFF, 0xB3, 0xFF, 0xDD, 0xFF, 0xFE, 0xFF, 0x06, 0x00,
        0xF4, 0xFF, 0xD5, 0xFF, 0xB3, 0xFF, 0xA0, 0xFF, 0xAD, 0xFF, 0xD9, 0xFF, 0x18, 0x00, 0x5B, 0x00,
        0x8C, 0x00, 0x94, 0x00, 0x6A, 0x00, 0x1C, 0x00, 0xC4, 0xFF, 0x72, 0xFF, 0x3E, 0xFF, 0x3A, 0xFF,
        0x5F, 0xFF, 0xA5, 0xFF, 0xF8, 0xFF, 0x3C, 0x00, 0x62, 0x00, 0x66, 0x00, 0x47, 0x00, 0x19, 0x00,
        0xF1, 0xFF, 0xDE, 0xFF, 0xE8, 0xFF, 0x0A, 0x00, 0x32, 0x00, 0x4C, 0x00, 0x48, 0x00, 0x20, 0x00,
        0xDD, 0xFF, 0x8E, 0xFF, 0x4E, 0xFF, 0x2F, 0xFF, 0x3B, 0xFF, 0x72, 0xFF, 0xC8, 0xFF, 0x27, 0x00,
        0x71, 0x00, 0x95, 0x00, 0x8F, 0x00, 0x5C, 0x00, 0x10, 0x00, 0xC7, 0xFF, 0x96, 0xFF, 0x86, 0xFF,
        0x96, 0xFF, 0xBA, 0xFF, 0xDE, 0xFF, 0xF6, 0xFF, 0xF7, 0xFF, 0xDF, 0xFF, 0xB8, 0xFF, 0x97, 0xFF,
        0x8B, 0xFF, 0x9D, 0xFF, 0xD5, 0xFF, 0x23, 0x00, 0x71, 0x00, 0xAD, 0x00, 0xBD, 0x00, 0x97, 0x00,
        0x4E, 0x00, 0xF0, 0xFF, 0x96, 0xFF, 0x5D, 0xFF, 0x4E, 0xFF, 0x6A, 0xFF, 0xA6, 0xFF, 0xE9, 0xFF,
        0x21, 0x00, 0x3D, 0x00, 0x35, 0x00, 0x14, 0x00, 0xEA, 0xFF, 0xCB, 0xFF, 0xC9, 0xFF, 0xE5, 0xFF,
        0x15, 0x00, 0x48, 0x00, 0x65, 0x00, 0x5E, 0x00, 0x2E, 0x00, 0xE0, 0xFF, 0x8C, 0xFF, 0x46, 0xFF,
        0x22, 0xFF, 0x31, 0xFF, 0x6B, 0xFF, 0xC1, 0xFF, 0x20, 0x00, 0x6A, 0x00, 0x8C, 0x00, 0x82, 0x00,
        0x51, 0x00, 0x0D, 0x00, 0xD5, 0xFF, 0xB8, 0xFF, 0xBD, 0xFF, 0xDC, 0xFF, 0x02, 0x00, 0x1C, 0x00,
        0x1F, 0x00, 0x06, 0x00, 0xD1, 0xFF, 0x95, 0xFF, 0x69, 0xFF, 0x59, 0xFF, 0x72, 0xFF, 0xB6, 0xFF,
        0x12, 0x00, 0x6A, 0x00, 0xA4, 0x00, 0xAD, 0x00, 0x83, 0x00, 0x33, 0x00, 0xD3, 0xFF, 0x81, 0xFF,
        0x50, 0xFF, 0x4D, 0xFF, 0x72, 0xFF, 0xAE, 0xFF, 0xEC, 0xFF, 0x15, 0x00, 0x1E, 0x00, 0x09, 0x00,
        0xE1, 0xFF, 0xBA, 0xFF, 0xAC, 0xFF, 0xBC, 0xFF, 0xEE, 0xFF, 0x36, 0x00, 0x77, 0x00, 0x9C, 0x00,
        0x92, 0x00, 0x57, 0x00, 0x01, 0x00, 0xA4, 0xFF, 0x57, 0xFF, 0x38, 0xFF, 0x4B, 0xFF, 0x86, 0xFF,
        0xDC, 0xFF, 0x33, 0x00, 0x71, 0x00, 0x86, 0x00, 0x6E, 0x00, 0x34, 0x00, 0xF4, 0xFF, 0xC5, 0xFF,
        0xB6, 0xFF, 0xCA, 0xFF, 0xF1, 0xFF, 0x18, 0x00, 0x2D, 0x00, 0x20, 0x00, 0xEF, 0xFF, 0xAB, 0xFF,
        0x65, 0xFF, 0x37, 0xFF, 0x31, 0xFF, 0x57, 0xFF, 0xA6, 0xFF, 0x08, 0x00, 0x60, 0x00, 0x98, 0x00,
        0x9E, 0x00, 0x73, 0x00, 0x29, 0x00, 0xD4, 0xFF, 0x91, 0xFF, 0x74, 0xFF, 0x7C, 0xFF, 0xA6, 0xFF,
        0xDB, 0xFF, 0x06, 0x00, 0x1A, 0x00, 0x0E, 0x00, 0xE8, 0xFF, 0xC1, 0xFF, 0xA3, 0xFF, 0xA1, 0xFF,
        0xCA, 0xFF, 0x0E, 0x00, 0x5D, 0x00, 0xA0, 0x00, 0xB5, 0x00, 0x99, 0x00, 0x51, 0x00, 0xE9, 0xFF,
        0x85, 0xFF, 0x41, 0xFF, 0x27, 0xFF, 0x40, 0xFF, 0x80, 0xFF, 0xCE, 0xFF, 0x15, 0x00, 0x40, 0x00,
        0x47, 0x00, 0x2B, 0x00, 0xFA, 0xFF, 0xCE, 0xFF, 0xBB, 0xFF, 0xC6, 0xFF, 0xF0, 0xFF, 0x28, 0x00,
        0x53, 0x00, 0x5E, 0x00, 0x3F, 0x00, 0xFC, 0xFF, 0xA9, 0xFF, 0x5C, 0xFF, 0x2F, 0xFF, 0x32, 0xFF,
        0x66, 0xFF, 0xC0, 0xFF, 0x29, 0x00, 0x81, 0x00, 0xB3, 0x00, 0xB1, 0x00, 0x81, 0x00, 0x36, 0x00,
        0xE9, 0xFF, 0xB1, 0xFF, 0x9E, 0xFF, 0xB0, 0xFF, 0xD7, 0xFF, 0xFE, 0xFF, 0x14, 0x00, 0x0A, 0x00,
        0xE0, 0xFF, 0xA8, 0xFF, 0x73, 0xFF, 0x55, 0xFF, 0x60, 0xFF, 0x95, 0xFF, 0xEB, 0xFF, 0x46, 0x00,
        0x8B, 0x00, 0xA5, 0x00, 0x8A, 0x00, 0x41, 0x00, 0xE1, 0xFF, 0x84, 0xFF, 0x48, 0xFF, 0x39, 0xFF,
        0x50, 0xFF, 0x89, 0xFF, 0xD1, 0xFF, 0x09, 0x00, 0x2A, 0x00, 0x2C, 0x00, 0x0C, 0x00, 0xE7, 0xFF,
        0xD1, 0xFF, 0xD2, 0xFF, 0xF4, 0xFF, 0x2F, 0x00, 0x69, 0x00, 0x92, 0x00, 0x96, 0x00, 0x6B, 0x00,
        0x1E, 0x00, 0xC3, 0xFF, 0x75, 0xFF, 0x45, 0xFF, 0x42, 0xFF, 0x6D, 0xFF, 0xB8, 0xFF, 0x0D, 0x00,
        0x56, 0x00, 0x7C, 0x00, 0x79, 0x00, 0x4E, 0x00, 0x0C, 0x00, 0xD3, 0xFF, 0xB2, 0xFF, 0xAD, 0xFF,
        0xC8, 0xFF, 0xEF, 0xFF, 0x09, 0x00, 0x0F, 0x00, 0xF6, 0xFF, 0xC1, 0xFF, 0x85, 0xFF, 0x55, 0xFF,
        0x3F, 0xFF, 0x57, 0xFF, 0x98, 0xFF, 0xED, 0xFF, 0x49, 0x00, 0x90, 0x00, 0xA9, 0x00, 0x93, 0x00,
        0x55, 0x00, 0x00, 0x00, 0xB3, 0xFF, 0x82, 0xFF, 0x77, 0xFF, 0x91, 0xFF, 0xC1, 0xFF, 0xF4, 0xFF,
        0x18, 0x00, 0x23, 0x00, 0x11, 0x00, 0xED, 0xFF, 0xC7, 0xFF, 0xB2, 0xFF, 0xBC, 0xFF, 0xE7, 0xFF,
        0x26, 0x00, 0x62, 0x00, 0x88, 0x00, 0x85, 0x00, 0x53, 0x00, 0x03, 0x00, 0xAB, 0xFF, 0x5D, 0xFF,
        0x2F, 0xFF, 0x2E, 0xFF, 0x57, 0xFF, 0x9E, 0xFF, 0xEC, 0xFF, 0x2D, 0x00, 0x51, 0x00, 0x4F, 0x00,
        0x31, 0x00, 0x05, 0x00, 0xDE, 0xFF, 0xCC, 0xFF, 0xD7, 0xFF, 0xF7, 0xFF, 0x1D, 0x00, 0x36, 0x00,
        0x36, 0x00, 0x1A, 0x00, 0xE6, 0xFF, 0xA9, 0xFF, 0x77, 0xFF, 0x62, 0xFF, 0x74, 0xFF, 0xAB, 0xFF,
        0xFB, 0xFF, 0x50, 0x00, 0x92, 0x00, 0xAF, 0x00, 0x9F, 0x00, 0x68, 0x00, 0x1C, 0x00, 0xD1, 0xFF,
        0x9C, 0xFF, 0x88, 0xFF, 0x91, 0xFF, 0xAF, 0xFF, 0xD2, 0xFF, 0xE8, 0xFF, 0xE9, 0xFF, 0xD5, 0xFF,
        0xB4, 0xFF, 0x97, 0xFF, 0x8B, 0xFF, 0x9A, 0xFF, 0xC9, 0xFF, 0x09, 0x00, 0x48, 0x00, 0x74, 0x00,
        0x7A, 0x00, 0x55, 0x00, 0x11, 0x00, 0xBF, 0xFF, 0x76, 0xFF, 0x49, 0xFF, 0x45, 0xFF, 0x64, 0xFF,
        0x9B, 0xFF, 0xE0, 0xFF, 0x1C, 0x00, 0x3D, 0x00, 0x45, 0x00, 0x34, 0x00, 0x14, 0x00, 0xFE, 0xFF,
        0xFA, 0xFF, 0x09, 0x00, 0x29, 0x00, 0x4A, 0x00, 0x5A, 0x00, 0x4F, 0x00, 0x25, 0x00, 0xE7, 0xFF,
        0xA3, 0xFF, 0x68, 0xFF, 0x4D, 0xFF, 0x58, 0xFF, 0x83, 0xFF, 0xCC, 0xFF, 0x1C, 0x00, 0x5A, 0x00,
        0x7C, 0x00, 0x77, 0x00, 0x4D, 0x00, 0x12, 0x00, 0xDA, 0xFF, 0xB0, 0xFF, 0xA0, 0xFF, 0xAA, 0xFF,
        0xC2, 0xFF, 0xD9, 0xFF, 0xE7, 0xFF, 0xE3, 0xFF, 0xC6, 0xFF, 0xA1, 0xFF, 0x87, 0xFF, 0x7E, 0xFF,
        0x93, 0xFF, 0xCA, 0xFF, 0x15, 0x00, 0x60, 0x00, 0x97, 0x00, 0xA6, 0x00, 0x8A, 0x00, 0x4C, 0x00,
        0xF8, 0xFF, 0xAA, 0xFF, 0x75, 0xFF, 0x64, 0xFF, 0x77, 0xFF, 0xA2, 0xFF, 0xD6, 0xFF, 0x05, 0x00,
        0x1B, 0x00, 0x19, 0x00, 0x06, 0x00, 0xE4, 0xFF, 0xCB, 0xFF, 0xCD, 0xFF, 0xE5, 0xFF, 0x0E, 0x00,
        0x3B, 0x00, 0x54, 0x00, 0x4F, 0x00, 0x29, 0x00, 0xE7, 0xFF, 0x9B, 0xFF, 0x5B, 0xFF, 0x39, 0xFF,
        0x3B, 0xFF, 0x61, 0xFF, 0xA8, 0xFF, 0xF9, 0xFF, 0x3B, 0x00, 0x67, 0x00, 0x71, 0x00, 0x53, 0x00,
        0x24, 0x00, 0xF9, 0xFF, 0xDB, 0xFF, 0xD6, 0xFF, 0xE6, 0xFF, 0xFE, 0xFF, 0x13, 0x00, 0x18, 0x00,
        0x09, 0x00, 0xE6, 0xFF, 0xB8, 0xFF, 0x92, 0xFF, 0x81, 0xFF, 0x8D, 0xFF, 0xC0, 0xFF, 0x07, 0x00,
        0x4D, 0x00, 0x85, 0x00, 0x9B, 0x00, 0x81, 0x00, 0x44, 0x00, 0xF5, 0xFF, 0xA8, 0xFF, 0x72, 0xFF,
        0x5E, 0xFF, 0x6D, 0xFF, 0x93, 0xFF, 0xC0, 0xFF, 0xE6, 0xFF, 0xF6, 0xFF, 0xED, 0xFF, 0xD4, 0xFF,
        0xB7, 0xFF, 0xA8, 0xFF, 0xB5, 0xFF, 0xDC, 0xFF, 0x12, 0x00, 0x49, 0x00, 0x6A, 0x00, 0x69, 0x00,
        0x41, 0x00, 0xFB, 0xFF, 0xAC, 0xFF, 0x68, 0xFF, 0x44, 0xFF, 0x4B, 0xFF, 0x78, 0xFF, 0xBF, 0xFF,
        0x0C, 0x00, 0x4A, 0x00, 0x6A, 0x00, 0x65, 0x00, 0x41, 0x00, 0x13, 0x00, 0xEB, 0xFF, 0xD6, 0xFF,
        0xDD, 0xFF, 0xFA, 0xFF, 0x1A, 0x00, 0x2C, 0x00, 0x25, 0x00, 0x00, 0x00, 0xC7, 0xFF, 0x89, 0xFF,
        0x57, 0xFF, 0x43, 0xFF, 0x5B, 0xFF, 0x99, 0xFF, 0xED, 0xFF, 0x43, 0x00, 0x82, 0x00, 0x97, 0x00,
        0x80, 0x00, 0x47, 0x00, 0xFA, 0xFF, 0xB2, 0xFF, 0x85, 0xFF, 0x7B, 0xFF, 0x91, 0xFF, 0xB9, 0xFF,
        0xE4, 0xFF, 0xFF, 0xFF, 0x01, 0x00, 0xEB, 0xFF, 0xC9, 0xFF, 0xAA, 0xFF, 0x9F, 0xFF, 0xB5, 0xFF,
        0xEB, 0xFF, 0x34, 0x00, 0x77, 0x00, 0x9D, 0x00, 0x98, 0x00, 0x66, 0x00, 0x13, 0x00, 0xB3, 0xFF,
        0x63, 0xFF, 0x34, 0xFF, 0x34, 0xFF, 0x5D, 0xFF, 0xA0, 0xFF, 0xE7, 0xFF, 0x1D, 0x00, 0x36, 0x00,
        0x2C, 0x00, 0x09, 0x00, 0xDF, 0xFF, 0xC2, 0xFF, 0xC0, 0xFF, 0xDB, 0xFF, 0x07, 0x00, 0x2F, 0x00,
        0x43, 0x00, 0x36, 0x00, 0x02, 0x00, 0xBC, 0xFF, 0x75, 0xFF, 0x3E, 0xFF, 0x2D, 0xFF, 0x4C, 0xFF,
        0x92, 0xFF, 0xEC, 0xFF, 0x48, 0x00, 0x8A, 0x00, 0x9F, 0x00, 0x88, 0x00, 0x52, 0x00, 0x0D, 0x00,
        0xD3, 0xFF, 0xB9, 0xFF, 0xBB, 0xFF, 0xD5, 0xFF, 0xF9, 0xFF, 0x11, 0x00, 0x0F, 0x00, 0xF5, 0xFF,
        0xC5, 0xFF, 0x8F, 0xFF, 0x6B, 0xFF, 0x6B, 0xFF, 0x91, 0xFF, 0xD7, 0xFF, 0x2C, 0x00, 0x79, 0x00,
        0xA2, 0x00, 0x99, 0x00, 0x62, 0x00, 0x0A, 0x00, 0xAA, 0xFF, 0x5F, 0xFF, 0x3B, 0xFF, 0x41, 0xFF,
        0x6E, 0xFF, 0xAE, 0xFF, 0xEA, 0xFF, 0x10, 0x00, 0x17, 0x00, 0xFF, 0xFF, 0xD8, 0xFF, 0xB8, 0xFF,
        0xAF, 0xFF, 0xC4, 0xFF, 0xF8, 0xFF, 0x3C, 0x00, 0x70, 0x00, 0x84, 0x00, 0x6F, 0x00, 0x2D, 0x00,
        0xD1, 0xFF, 0x77, 0xFF, 0x36, 0xFF, 0x24, 0xFF, 0x46, 0xFF, 0x8D, 0xFF, 0xE8, 0xFF, 0x3D, 0x00,
        0x71, 0x00, 0x79, 0x00, 0x5B, 0x00, 0x21, 0x00, 0xE2, 0xFF, 0xB5, 0xFF, 0xA9, 0xFF, 0xBE, 0xFF,
        0xE6, 0xFF, 0x0D, 0x00, 0x1F, 0x00, 0x10, 0x00, 0xE4, 0xFF, 0xA6, 0xFF, 0x69, 0xFF, 0x45, 0xFF,
        0x47, 0xFF, 0x75, 0xFF, 0xCA, 0xFF, 0x2C, 0x00, 0x7D, 0x00, 0xA9, 0x00, 0xA5, 0x00, 0x73, 0x00,
        0x21, 0x00, 0xC9, 0xFF, 0x8A, 0xFF, 0x71, 0xFF, 0x7E, 0xFF, 0xAA, 0xFF, 0xE1, 0xFF, 0x0A, 0x00,
        0x1C, 0x00, 0x12, 0x00, 0xF1, 0xFF, 0xC9, 0xFF, 0xAC, 0xFF, 0xAB, 0xFF, 0xCD, 0xFF, 0x0A, 0x00,
        0x4D, 0x00, 0x7D, 0x00, 0x87, 0x00, 0x65, 0x00, 0x1A, 0x00, 0xBC, 0xFF, 0x65, 0xFF, 0x29, 0xFF,
        0x19, 0xFF, 0x3A, 0xFF, 0x7D, 0xFF, 0xCD, 0xFF, 0x12, 0x00, 0x3A, 0x00, 0x40, 0x00, 0x25, 0x00,
        0xF5, 0xFF, 0xCB, 0xFF, 0xB8, 0xFF, 0xC1, 0xFF, 0xE4, 0xFF, 0x11, 0x00, 0x32, 0x00, 0x37, 0x00,
        0x1A, 0x00, 0xE2, 0xFF, 0x9D, 0xFF, 0x62, 0xFF, 0x46, 0xFF, 0x51, 0xFF, 0x88, 0xFF, 0xDE, 0xFF,
        0x3B, 0x00, 0x85, 0x00, 0xAA, 0x00, 0x9F, 0x00, 0x69, 0x00, 0x20, 0x00, 0xD7, 0xFF, 0xA1, 0xFF,
        0x8E, 0xFF, 0x9D, 0xFF, 0xC3, 0xFF, 0xE8, 0xFF, 0xFD, 0xFF, 0xFA, 0xFF, 0xDD, 0xFF, 0xB0, 0xFF,
        0x8B, 0xFF, 0x7A, 0xFF, 0x88, 0xFF, 0xBA, 0xFF, 0x03, 0x00, 0x4D, 0x00, 0x84, 0x00, 0x92, 0x00,
        0x6E, 0x00, 0x25, 0x00, 0xCD, 0xFF, 0x7A, 0xFF, 0x43, 0xFF, 0x37, 0xFF, 0x54, 0xFF, 0x8E, 0xFF,
        0xD4, 0xFF, 0x10, 0x00, 0x2F, 0x00, 0x30, 0x00, 0x1B, 0x00, 0xF9, 0xFF, 0xDD, 0xFF, 0xD8, 0xFF,
        0xEA, 0xFF, 0x12, 0x00, 0x3E, 0x00, 0x59, 0x00, 0x55, 0x00, 0x2C, 0x00, 0xE7, 0xFF, 0x99, 0xFF,
        0x57, 0xFF, 0x34, 0xFF, 0x39, 0xFF, 0x66, 0xFF, 0xB0, 0xFF, 0x04, 0x00, 0x47, 0x00, 0x6C, 0x00,
        0x68, 0x00, 0x41, 0x00, 0x0A, 0x00, 0xD3, 0xFF, 0xAF, 0xFF, 0xA7, 0xFF, 0xB6, 0xFF, 0xD2, 0xFF,
        0xEC, 0xFF, 0xF4, 0xFF, 0xE5, 0xFF, 0xC4, 0xFF, 0x9B, 0xFF, 0x7C, 0xFF, 0x74, 0xFF, 0x8B, 0xFF,
        0xC5, 0xFF, 0x13, 0x00, 0x5D, 0x00, 0x95, 0x00, 0xA6, 0x00, 0x8A, 0x00, 0x4E, 0x00, 0x02, 0x00,
        0xB8, 0xFF, 0x87, 0xFF, 0x78, 0xFF, 0x89, 0xFF, 0xAD, 0xFF, 0xDA, 0xFF, 0x00, 0x00, 0x0E, 0x00,
        0x04, 0x00, 0xEC, 0xFF, 0xCF, 0xFF, 0xC1, 0xFF, 0xCC, 0xFF, 0xE9, 0xFF, 0x14, 0x00, 0x40, 0x00,
        0x56, 0x00, 0x4B, 0x00, 0x1E, 0x00, 0xD9, 0xFF, 0x8E, 0xFF, 0x4E, 0xFF, 0x2C, 0xFF, 0x33, 0xFF,
        0x5C, 0xFF, 0x9C, 0xFF, 0xE7, 0xFF, 0x26, 0x00, 0x49, 0x00, 0x4C, 0x00, 0x33, 0x00, 0x0A, 0x00,
        0xE4, 0xFF, 0xCF, 0xFF, 0xD1, 0xFF, 0xE5, 0xFF, 0x01, 0x00, 0x15, 0x00, 0x14, 0x00, 0xFC, 0xFF,
        0xD3, 0xFF, 0xA3, 0xFF, 0x7E, 0xFF, 0x74, 0xFF, 0x87, 0xFF, 0xB7, 0xFF, 0xFE, 0xFF, 0x49, 0x00,
        0x81, 0x00, 0x94, 0x00, 0x80, 0x00, 0x4A, 0x00, 0x01, 0x00, 0xBB, 0xFF, 0x8B, 0xFF, 0x76, 0xFF,
        0x82, 0xFF, 0xA2, 0xFF, 0xC6, 0xFF, 0xE1, 0xFF, 0xEA, 0xFF, 0xE1, 0xFF, 0xCD, 0xFF, 0xB8, 0xFF,
        0xB1, 0xFF, 0xBE, 0xFF, 0xE2, 0xFF, 0x17, 0x00, 0x4A, 0x00, 0x66, 0x00, 0x66, 0x00, 0x43, 0x00,
        0x02, 0x00, 0xBB, 0xFF, 0x7D, 0xFF, 0x55, 0xFF, 0x52, 0xFF, 0x74, 0xFF, 0xAD, 0xFF, 0xF0, 0xFF,
        0x27, 0x00, 0x45, 0x00, 0x49, 0x00, 0x37, 0x00, 0x17, 0x00, 0xF7, 0xFF, 0xE7, 0xFF, 0xEB, 0xFF,
        0xFD, 0xFF, 0x12, 0x00, 0x1D, 0x00, 0x11, 0x00, 0xED, 0xFF, 0xBA, 0xFF, 0x83, 0xFF, 0x59, 0xFF,
        0x48, 0xFF, 0x57, 0xFF, 0x89, 0xFF, 0xD1, 0xFF, 0x1C, 0x00, 0x57, 0x00, 0x71, 0x00, 0x65, 0x00,
        0x3B, 0x00, 0xFE, 0xFF, 0xC3, 0xFF, 0x9D, 0xFF, 0x8F, 0xFF, 0x9A, 0xFF, 0xB8, 0xFF, 0xD4, 0xFF,
        0xE4, 0xFF, 0xE5, 0xFF, 0xD4, 0xFF, 0xB9, 0xFF, 0xA4, 0xFF, 0xA3, 0xFF, 0xBE, 0xFF, 0xF3, 0xFF,
        0x35, 0x00, 0x74, 0x00, 0x9C, 0x00, 0x9B, 0x00, 0x72, 0x00, 0x2A, 0x00, 0xD6, 0xFF, 0x8D, 0xFF,
        0x5F, 0xFF, 0x55, 0xFF, 0x70, 0xFF, 0xA3, 0xFF, 0xDB, 0xFF, 0x0A, 0x00, 0x21, 0x00, 0x1E, 0x00,
        0x06, 0x00, 0xE6, 0xFF, 0xD2, 0xFF, 0xD2, 0xFF, 0xE5, 0xFF, 0x09, 0x00, 0x2C, 0x00, 0x3B, 0x00,
        0x2F, 0x00, 0x04, 0x00, 0xC1, 0xFF, 0x7B, 0xFF, 0x47, 0xFF, 0x2F, 0xFF, 0x3C, 0xFF, 0x72, 0xFF,
        0xC1, 0xFF, 0x13, 0x00, 0x55, 0x00, 0x77, 0x00, 0x70, 0x00, 0x48, 0x00, 0x13, 0x00, 0xDE, 0xFF,
        0xBD, 0xFF, 0xBA, 0xFF, 0xC9, 0xFF, 0xE3, 0xFF, 0xFD, 0xFF, 0x03, 0x00, 0xEF, 0xFF, 0xC6, 0xFF,
        0x99, 0xFF, 0x79, 0xFF, 0x6F, 0xFF, 0x85, 0xFF, 0xBD, 0xFF, 0x08, 0x00, 0x51, 0x00, 0x86, 0x00,
        0x90, 0x00, 0x6C, 0x00, 0x29, 0x00, 0xD6, 0xFF, 0x8A, 0xFF, 0x5E, 0xFF, 0x57, 0xFF, 0x6E, 0xFF,
        0x9C, 0xFF, 0xD1, 0xFF, 0xF9, 0xFF, 0x0B, 0x00, 0x03, 0x00, 0xE7, 0xFF, 0xCA, 0xFF, 0xC0, 0xFF,
        0xCF, 0xFF, 0xF6, 0xFF, 0x2D, 0x00, 0x5F, 0x00, 0x77, 0x00, 0x6B, 0x00, 0x37, 0x00, 0xEB, 0xFF,
        0x9C, 0xFF, 0x5C, 0xFF, 0x40, 0xFF, 0x4E, 0xFF, 0x82, 0xFF, 0xCD, 0xFF, 0x19, 0x00, 0x51, 0x00,
        0x67, 0x00, 0x56, 0x00, 0x2B, 0x00, 0xF8, 0xFF, 0xCB, 0xFF, 0xB6, 0xFF, 0xBF, 0xFF, 0xD8, 0xFF,
        0xF6, 0xFF, 0x09, 0x00, 0x00, 0x00, 0xDC, 0xFF, 0xA7, 0xFF, 0x6D, 0xFF, 0x44, 0xFF, 0x3F, 0xFF,
        0x60, 0xFF, 0xA3, 0xFF, 0xF9, 0xFF, 0x4D, 0x00, 0x84, 0x00, 0x8E, 0x00, 0x6C, 0x00, 0x28, 0x00,
        0xD6, 0xFF, 0x92, 0xFF, 0x6E, 0xFF, 0x6F, 0xFF, 0x91, 0xFF, 0xC3, 0xFF, 0xF3, 0xFF, 0x10, 0x00,
        0x0E, 0x00, 0xF4, 0xFF, 0xCE, 0xFF, 0xAE, 0xFF, 0xA9, 0xFF, 0xC1, 0xFF, 0xF4, 0xFF, 0x3C, 0x00,
        0x77, 0x00, 0x90, 0x00, 0x81, 0x00, 0x45, 0x00, 0xEB, 0xFF, 0x90, 0xFF, 0x46, 0xFF, 0x24, 0xFF,
        0x34, 0xFF, 0x6A, 0xFF, 0xB6, 0xFF, 0x03, 0x00, 0x37, 0x00, 0x47, 0x00, 0x36, 0x00, 0x0C, 0x00,
        0xDF, 0xFF, 0xC2, 0xFF, 0xBE, 0xFF, 0xD6, 0xFF, 0xFE, 0xFF, 0x21, 0x00, 0x30, 0x00, 0x20, 0x00,
        0xF0, 0xFF, 0xAD, 0xFF, 0x6C, 0xFF, 0x40, 0xFF, 0x39, 0xFF, 0x5F, 0xFF, 0xAA, 0xFF, 0x07, 0x00,
        0x5B, 0x00, 0x8E, 0x00, 0x96, 0x00, 0x72, 0x00, 0x2F, 0x00, 0xE5, 0xFF, 0xA9, 0xFF, 0x89, 0xFF,
        0x8C, 0xFF, 0xAA, 0xFF, 0xCE, 0xFF, 0xE8, 0xFF, 0xEC, 0xFF, 0xD8, 0xFF, 0xB2, 0xFF, 0x8A, 0xFF,
        0x6F, 0xFF, 0x72, 0xFF, 0x9B, 0xFF, 0xE0, 0xFF, 0x2D, 0x00, 0x6E, 0x00, 0x8C, 0x00, 0x7B, 0x00,
        0x3E, 0x00, 0xE8, 0xFF, 0x90, 0xFF, 0x4F, 0xFF, 0x34, 0xFF, 0x46, 0xFF, 0x7D, 0xFF, 0xC0, 0xFF,
        0xFE, 0xFF, 0x26, 0x00, 0x2D, 0x00, 0x1B, 0x00, 0xFC, 0xFF, 0xDB, 0xFF, 0xD3, 0xFF, 0xE9, 0xFF,
        0x12, 0x00, 0x43, 0x00, 0x6A, 0x00, 0x6C, 0x00, 0x49, 0x00, 0x07, 0x00, 0xB2, 0xFF, 0x65, 0xFF,
        0x35, 0xFF, 0x2D, 0xFF, 0x53, 0xFF, 0x9D, 0xFF, 0xF3, 0xFF, 0x3E, 0x00, 0x69, 0x00, 0x6B, 0x00,
        0x49, 0x00, 0x0D, 0x00, 0xCE, 0xFF, 0xA5, 0xFF, 0x9B, 0xFF, 0xAA, 0xFF, 0xC8, 0xFF, 0xE4, 0xFF,
        0xF0, 0xFF, 0xE6, 0xFF, 0xC4, 0xFF, 0x91, 0xFF, 0x63, 0xFF, 0x50, 0xFF, 0x5E, 0xFF, 0x92, 0xFF,
        0xE2, 0xFF, 0x38, 0x00, 0x7C, 0x00, 0x9B, 0x00, 0x8E, 0x00, 0x58, 0x00, 0x0A, 0x00, 0xB9, 0xFF,
        0x7E, 0xFF, 0x65, 0xFF, 0x74, 0xFF, 0x9F, 0xFF, 0xD1, 0xFF, 0xFA, 0xFF, 0x0F, 0x00, 0x09, 0x00,
        0xEE, 0xFF, 0xCF, 0xFF, 0xBA, 0xFF, 0xBC, 0xFF, 0xDA, 0xFF, 0x0D, 0x00, 0x40, 0x00, 0x62, 0x00,
        0x65, 0x00, 0x3F, 0x00, 0xF7, 0xFF, 0xA5, 0xFF, 0x5C, 0xFF, 0x2F, 0xFF, 0x2B, 0xFF, 0x4F, 0xFF,
        0x8F, 0xFF, 0xDA, 0xFF, 0x1A, 0x00, 0x41, 0x00, 0x47, 0x00, 0x2E, 0x00, 0x08, 0x00, 0xE3, 0xFF,
        0xCF, 0xFF, 0xD5, 0xFF, 0xEB, 0xFF, 0x06, 0x00, 0x1D, 0x00, 0x1E, 0x00, 0x01, 0x00, 0xD1, 0xFF,
        0x9A, 0xFF, 0x6F, 0xFF, 0x62, 0xFF, 0x75, 0xFF, 0xA8, 0xFF, 0xF4, 0xFF, 0x3F, 0x00, 0x78, 0x00,
        0x8E, 0x00, 0x7A, 0x00, 0x45, 0x00, 0xFE, 0xFF, 0xB7, 0xFF, 0x88, 0xFF, 0x79, 0xFF, 0x84, 0xFF,
        0xA0, 0xFF, 0xBF, 0xFF, 0xD5, 0xFF, 0xD7, 0xFF, 0xC4, 0xFF, 0xA7, 0xFF, 0x90, 0xFF, 0x8A, 0xFF,
        0x9F, 0xFF, 0xCB, 0xFF, 0x07, 0x00, 0x44, 0x00, 0x69, 0x00, 0x68, 0x00, 0x40, 0x00, 0xFD, 0xFF,
        0xB2, 0xFF, 0x70, 0xFF, 0x4A, 0xFF, 0x4B, 0xFF, 0x6C, 0xFF, 0xA6, 0xFF, 0xEB, 0xFF, 0x22, 0x00,
        0x40, 0x00, 0x44, 0x00, 0x30, 0x00, 0x12, 0x00, 0xFD, 0xFF, 0xF6, 0xFF, 0xFE, 0xFF, 0x17, 0x00,
        0x34, 0x00, 0x41, 0x00, 0x33, 0x00, 0x09, 0x00, 0xCB, 0xFF, 0x89, 0xFF, 0x59, 0xFF, 0x46, 0xFF,
        0x56, 0xFF, 0x87, 0xFF, 0xCC, 0xFF, 0x16, 0x00, 0x4E, 0x00, 0x67, 0x00, 0x5C, 0x00, 0x31, 0x00,
        0xFA, 0xFF, 0xC9, 0xFF, 0xA3, 0xFF, 0x93, 0xFF, 0x9D, 0xFF, 0xB1, 0xFF, 0xC6, 0xFF, 0xD2, 0xFF,
        0xC8, 0xFF, 0xB1, 0xFF, 0x99, 0xFF, 0x88, 0xFF, 0x8A, 0xFF, 0xA7, 0xFF, 0xDA, 0xFF, 0x1E, 0x00,
        0x5F, 0x00, 0x87, 0x00, 0x8C, 0x00, 0x68, 0x00, 0x28, 0x00, 0xDF, 0xFF, 0x9D, 0xFF, 0x71, 0xFF,
        0x66, 0xFF, 0x77, 0xFF, 0xA0, 0xFF, 0xCF, 0xFF, 0xF4, 0xFF, 0x06, 0x00, 0x04, 0x00, 0xF3, 0xFF,
        0xE1, 0xFF, 0xD8, 0xFF, 0xDF, 0xFF, 0xF6, 0xFF, 0x16, 0x00, 0x34, 0x00, 0x40, 0x00, 0x2F, 0x00,
        0x01, 0x00, 0xC0, 0xFF, 0x7F, 0xFF, 0x50, 0xFF, 0x3A, 0xFF, 0x47, 0xFF, 0x78, 0xFF, 0xBC, 0xFF,
        0x03, 0x00, 0x3E, 0x00, 0x59, 0x00, 0x57, 0x00, 0x3E, 0x00, 0x16, 0x00, 0xF0, 0xFF, 0xDA, 0xFF,
        0xD8, 0xFF, 0xE4, 0xFF, 0xF8, 0xFF, 0x07, 0x00, 0x02, 0x00, 0xE8, 0xFF, 0xC2, 0xFF, 0x99, 0xFF,
        0x7B, 0xFF, 0x76, 0xFF, 0x90, 0xFF, 0xC3, 0xFF, 0x07, 0x00, 0x4B, 0x00, 0x79, 0x00, 0x80, 0x00,
        0x61, 0x00, 0x25, 0x00, 0xD8, 0xFF, 0x96, 0xFF, 0x6D, 0xFF, 0x5E, 0xFF, 0x6E, 0xFF, 0x93, 0xFF,
        0xB8, 0xFF, 0xD5, 0xFF, 0xE1, 0xFF, 0xD8, 0xFF, 0xC5, 0xFF, 0xB2, 0xFF, 0xAC, 0xFF, 0xBD, 0xFF,
        0xE2, 0xFF, 0x14, 0x00, 0x44, 0x00, 0x5D, 0x00, 0x57, 0x00, 0x2F, 0x00, 0xEB, 0xFF, 0xA4, 0xFF,
        0x6C, 0xFF, 0x4E, 0xFF, 0x55, 0xFF, 0x80, 0xFF, 0xBF, 0xFF, 0x04, 0x00, 0x3C, 0x00, 0x5B, 0x00,
        0x5A, 0x00, 0x3D, 0x00, 0x14, 0x00, 0xF0, 0xFF, 0xDE, 0xFF, 0xE3, 0xFF, 0xF3, 0xFF, 0x05, 0x00,
        0x11, 0x00, 0x09, 0x00, 0xE9, 0xFF, 0xBA, 0xFF, 0x87, 0xFF, 0x62, 0xFF, 0x58, 0xFF, 0x6E, 0xFF,
        0xA4, 0xFF, 0xEE, 0xFF, 0x34, 0x00, 0x67, 0x00, 0x78, 0x00, 0x62, 0x00, 0x2E, 0x00, 0xEA, 0xFF,
        0xA9, 0xFF, 0x82, 0xFF, 0x7A, 0xFF, 0x8D, 0xFF, 0xAD, 0xFF, 0xCF, 0xFF, 0xE6, 0xFF, 0xE9, 0xFF,
        0xD8, 0xFF, 0xBF, 0xFF, 0xAC, 0xFF, 0xAA, 0xFF, 0xC2, 0xFF, 0xF1, 0xFF, 0x2B, 0x00, 0x5F, 0x00,
        0x7C, 0x00, 0x72, 0x00, 0x41, 0x00, 0xF7, 0xFF, 0xA4, 0xFF, 0x5E, 0xFF, 0x3C, 0xFF, 0x42, 0xFF,
        0x67, 0xFF, 0xA2, 0xFF, 0xE4, 0xFF, 0x17, 0x00, 0x30, 0x00, 0x29, 0x00, 0x0D, 0x00, 0xEB, 0xFF,
        0xD3, 0xFF, 0xD1, 0xFF, 0xE3, 0xFF, 0x00, 0x00, 0x1D, 0x00, 0x2B, 0x00, 0x1C, 0x00, 0xF3, 0xFF,
        0xB8, 0xFF, 0x78, 0xFF, 0x4A, 0xFF, 0x40, 0xFF, 0x5E, 0xFF, 0x9F, 0xFF, 0xF0, 0xFF, 0x40, 0x00,
        0x79, 0x00, 0x8F, 0x00, 0x7D, 0x00, 0x48, 0x00, 0x05, 0x00, 0xCB, 0xFF, 0xA8, 0xFF, 0xA2, 0xFF,
        0xB7, 0xFF, 0xD3, 0xFF, 0xEB, 0xFF, 0xF6, 0xFF, 0xE7, 0xFF, 0xC4, 0xFF, 0x9C, 0xFF, 0x7F, 0xFF,
        0x7A, 0xFF, 0x97, 0xFF, 0xD2, 0xFF, 0x1C, 0x00, 0x5D, 0x00, 0x82, 0x00, 0x80, 0x00, 0x51, 0x00,
        0x03, 0x00, 0xAE, 0xFF, 0x65, 0xFF, 0x3D, 0xFF, 0x3E, 0xFF, 0x62, 0xFF, 0x99, 0xFF, 0xD3, 0xFF,
        0xFF, 0xFF, 0x12, 0x00, 0x09, 0x00, 0xEE, 0xFF, 0xD3, 0xFF, 0xC6, 0xFF, 0xD1, 0xFF, 0xF5, 0xFF,
        0x25, 0x00, 0x4C, 0x00, 0x5A, 0x00, 0x45, 0x00, 0x11, 0x00, 0xC7, 0xFF, 0x7E, 0xFF, 0x4A, 0xFF,
        0x38, 0xFF, 0x4E, 0xFF, 0x88, 0xFF, 0xD6, 0xFF, 0x21, 0x00, 0x58, 0x00, 0x6C, 0x00, 0x59, 0x00,
        0x2A, 0x00, 0xF4, 0xFF, 0xC8, 0xFF, 0xB3, 0xFF, 0xB9, 0xFF, 0xD1, 0xFF, 0xEE, 0xFF, 0xFE, 0xFF,
        0xF7, 0xFF, 0xD9, 0xFF, 0xAD, 0xFF, 0x7F, 0xFF, 0x62, 0xFF, 0x65, 0xFF, 0x8C, 0xFF, 0xD2, 0xFF,
        0x23, 0x00, 0x69, 0x00, 0x92, 0x00, 0x8E, 0x00, 0x61, 0x00, 0x19, 0x00, 0xC9, 0xFF, 0x8B, 0xFF,
        0x6F, 0xFF, 0x73, 0xFF, 0x95, 0xFF, 0xC7, 0xFF, 0xEF, 0xFF, 0x04, 0x00, 0x01, 0x00, 0xE7, 0xFF,
        0xC5, 0xFF, 0xAC, 0xFF, 0xAA, 0xFF, 0xC4, 0xFF, 0xF4, 0xFF, 0x2C, 0x00, 0x57, 0x00, 0x63, 0x00,
        0x48, 0x00, 0x08, 0x00, 0xB6, 0xFF, 0x67, 0xFF, 0x31, 0xFF, 0x20, 0xFF, 0x3B, 0xFF, 0x77, 0xFF,
        0xC3, 0xFF, 0x09, 0x00, 0x35, 0x00, 0x42, 0x00, 0x30, 0x00, 0x08, 0x00, 0xDF, 0xFF, 0xC6, 0xFF,
        0xC4, 0xFF, 0xD9, 0xFF, 0xFC, 0xFF, 0x19, 0x00, 0x21, 0x00, 0x0E, 0x00, 0xE2, 0xFF, 0xA9, 0xFF,
        0x78, 0xFF, 0x5F, 0xFF, 0x67, 0xFF, 0x90, 0xFF, 0xD8, 0xFF, 0x2B, 0x00, 0x70, 0x00, 0x95, 0x00,
        0x8F, 0x00, 0x61, 0x00, 0x1A, 0x00, 0xD3, 0xFF, 0x9E, 0xFF, 0x84, 0xFF, 0x89, 0xFF, 0xA4, 0xFF,
        0xC6, 0xFF, 0xE1, 0xFF, 0xE7, 0xFF, 0xD7, 0xFF, 0xB9, 0xFF, 0x9A, 0xFF, 0x8B, 0xFF, 0x98, 0xFF,
        0xBF, 0xFF, 0xF8, 0xFF, 0x37, 0x00, 0x63, 0x00, 0x6E, 0x00, 0x51, 0x00, 0x13, 0x00, 0xC5, 0xFF,
        0x7A, 0xFF, 0x48, 0xFF, 0x3D, 0xFF, 0x57, 0xFF, 0x8A, 0xFF, 0xCB, 0xFF, 0x06, 0x00, 0x26, 0x00,
        0x2B, 0x00, 0x19, 0x00, 0xFB, 0xFF, 0xE2, 0xFF, 0xDD, 0xFF, 0xEC, 0xFF, 0x09, 0x00, 0x28, 0x00,
        0x3B, 0x00, 0x32, 0x00, 0x0C, 0x00, 0xCF, 0xFF, 0x8C, 0xFF, 0x56, 0xFF, 0x3B, 0xFF, 0x43, 0xFF,
        0x73, 0xFF, 0xBB, 0xFF, 0x06, 0x00, 0x47, 0x00, 0x68, 0x00, 0x60, 0x00, 0x3B, 0x00, 0x07, 0x00,
        0xD0, 0xFF, 0xAC, 0xFF, 0xA4, 0xFF, 0xB0, 0xFF, 0xC8, 0xFF, 0xDF, 0xFF, 0xE9, 0xFF, 0xDD, 0xFF,
        0xC0, 0xFF, 0x9F, 0xFF, 0x86, 0xFF, 0x81, 0xFF, 0x9B, 0xFF, 0xCF, 0xFF, 0x14, 0x00, 0x5A, 0x00,
        0x8C, 0x00, 0x96, 0x00, 0x78, 0x00, 0x3A, 0x00, 0xEA, 0xFF, 0xA4, 0xFF, 0x76, 0xFF, 0x68, 0xFF,
        0x79, 0xFF, 0xA2, 0xFF, 0xCF, 0xFF, 0xF4, 0xFF, 0x06, 0x00, 0x00, 0x00, 0xE7, 0xFF, 0xCD, 0xFF,
        0xC0, 0xFF, 0xC5, 0xFF, 0xE1, 0xFF, 0x0A, 0x00, 0x2F, 0x00, 0x42, 0x00, 0x37, 0x00, 0x0C, 0x00,
        0xCB, 0xFF, 0x84, 0xFF, 0x4A, 0xFF, 0x2D, 0xFF, 0x36, 0xFF, 0x64, 0xFF, 0xA6, 0xFF, 0xEC, 0xFF,
        0x26, 0x00, 0x48, 0x00, 0x49, 0x00, 0x31, 0x00, 0x0C, 0x00, 0xE8, 0xFF, 0xD4, 0xFF, 0xD6, 0xFF,
        0xE6, 0xFF, 0xFC, 0xFF, 0x0C, 0x00, 0x08, 0x00, 0xEE, 0xFF, 0xC8, 0xFF, 0x9F, 0xFF, 0x80, 0xFF,
        0x7B, 0xFF, 0x94, 0xFF, 0xC8, 0xFF, 0x0D, 0x00, 0x4E, 0x00, 0x77, 0x00, 0x81, 0x00, 0x67, 0x00,
        0x2F, 0x00, 0xED, 0xFF, 0xB0, 0xFF, 0x86, 0xFF, 0x7A, 0xFF, 0x89, 0xFF, 0xA6, 0xFF, 0xC5, 0xFF,
        0xDC, 0xFF, 0xE3, 0xFF, 0xD7, 0xFF, 0xC5, 0xFF, 0xB6, 0xFF, 0xB3, 0xFF, 0xC5, 0xFF, 0xEE, 0xFF,
        0x20, 0x00, 0x4A, 0x00, 0x60, 0x00, 0x56, 0x00, 0x2B, 0x00, 0xEA, 0xFF, 0xA6, 0xFF, 0x6F, 0xFF,
        0x53, 0xFF, 0x5A, 0xFF, 0x82, 0xFF, 0xBC, 0xFF, 0xF9, 0xFF, 0x2A, 0x00, 0x42, 0x00, 0x3F, 0x00,
        0x25, 0x00, 0x04, 0x00, 0xE9, 0xFF, 0xDD, 0xFF, 0xE4, 0xFF, 0xF9, 0xFF, 0x0E, 0x00, 0x13, 0x00,
        0x04, 0x00, 0xE0, 0xFF, 0xAC, 0xFF, 0x78, 0xFF, 0x56, 0xFF, 0x4F, 0xFF, 0x68, 0xFF, 0x9E, 0xFF,
        0xE6, 0xFF, 0x2C, 0x00, 0x5D, 0x00, 0x6F, 0x00, 0x60, 0x00, 0x30, 0x00, 0xF2, 0xFF, 0xBE, 0xFF,
        0x9C, 0xFF, 0x92, 0xFF, 0xA2, 0xFF, 0xC0, 0xFF, 0xD9, 0xFF, 0xEA, 0xFF, 0xEC, 0xFF, 0xDD, 0xFF,
        0xC7, 0xFF, 0xB8, 0xFF, 0xB8, 0xFF, 0xD0, 0xFF, 0xFE, 0xFF, 0x37, 0x00, 0x6B, 0x00, 0x87, 0x00,
        0x7F, 0x00, 0x56, 0x00, 0x14, 0x00, 0xC8, 0xFF, 0x86, 0xFF, 0x5F, 0xFF, 0x57, 0xFF, 0x70, 0xFF,
        0xA2, 0xFF, 0xD9, 0xFF, 0x03, 0x00, 0x19, 0x00, 0x19, 0x00, 0x07, 0x00, 0xED, 0xFF, 0xDA, 0xFF,
        0xD6, 0xFF, 0xE3, 0xFF, 0xFC, 0xFF, 0x16, 0x00, 0x22, 0x00, 0x13, 0x00, 0xED, 0xFF, 0xB5, 0xFF,
        0x7B, 0xFF, 0x52, 0xFF, 0x45, 0xFF, 0x5A, 0xFF, 0x8C, 0xFF, 0xD3, 0xFF, 0x1C, 0x00, 0x55, 0x00,
        0x71, 0x00, 0x6A, 0x00, 0x46, 0x00, 0x16, 0x00, 0xE7, 0xFF, 0xC8, 0xFF, 0xC0, 0xFF, 0xCA, 0xFF,
        0xDE, 0xFF, 0xEE, 0xFF, 0xF2, 0xFF, 0xE3, 0xFF, 0xC5, 0xFF, 0xA4, 0xFF, 0x8E, 0xFF, 0x8C, 0xFF,
        0xA7, 0xFF, 0xDC, 0xFF, 0x1B, 0x00, 0x57, 0x00, 0x7E, 0x00, 0x7F, 0x00, 0x5B, 0x00, 0x1C, 0x00,
        0xD1, 0xFF, 0x8F, 0xFF, 0x68, 0xFF, 0x60, 0xFF, 0x74, 0xFF, 0xA0, 0xFF, 0xD0, 0xFF, 0xF4, 0xFF,
        0x07, 0x00, 0x04, 0x00, 0xEF, 0xFF, 0xDA, 0xFF, 0xD4, 0xFF, 0xE0, 0xFF, 0xFF, 0xFF, 0x2D, 0x00,
        0x52, 0x00, 0x62, 0x00, 0x54, 0x00, 0x27, 0x00, 0xE4, 0xFF, 0x9E, 0xFF, 0x66, 0xFF, 0x4C, 0xFF,
        0x57, 0xFF, 0x84, 0xFF, 0xC7, 0xFF, 0x0E, 0x00, 0x46, 0x00, 0x5E, 0x00, 0x56, 0x00, 0x33, 0x00,
        0x02, 0x00, 0xD5, 0xFF, 0xBD, 0xFF, 0xBC, 0xFF, 0xCC, 0xFF, 0xE5, 0xFF, 0xF6, 0xFF, 0xF2, 0xFF,
        0xD7, 0xFF, 0xAE, 0xFF, 0x83, 0xFF, 0x62, 0xFF, 0x5E, 0xFF, 0x7B, 0xFF, 0xB2, 0xFF, 0xFA, 0xFF,
        0x45, 0x00, 0x77, 0x00, 0x84, 0x00, 0x6A, 0x00, 0x31, 0x00, 0xEA, 0xFF, 0xAD, 0xFF, 0x89, 0xFF,
        0x84, 0xFF, 0x99, 0xFF, 0xBF, 0xFF, 0xE9, 0xFF, 0x07, 0x00, 0x0F, 0x00, 0x02, 0x00, 0xE8, 0xFF,
        0xD0, 0xFF, 0xC7, 0xFF, 0xD9, 0xFF, 0x03, 0x00, 0x34, 0x00, 0x5D, 0x00, 0x71, 0x00, 0x64, 0x00,
        0x31, 0x00, 0xE9, 0xFF, 0x9F, 0xFF, 0x60, 0xFF, 0x41, 0xFF, 0x4D, 0xFF, 0x77, 0xFF, 0xB2, 0xFF,
        0xF3, 0xFF, 0x25, 0x00, 0x38, 0x00, 0x31, 0x00, 0x16, 0x00, 0xF0, 0xFF, 0xD2, 0xFF, 0xCB, 0xFF,
        0xD8, 0xFF, 0xF2, 0xFF, 0x0C, 0x00, 0x16, 0x00, 0x0A, 0x00, 0xE7, 0xFF, 0xB3, 0xFF, 0x80, 0xFF,
        0x60, 0xFF, 0x5D, 0xFF, 0x7C, 0xFF, 0xBD, 0xFF, 0x0A, 0x00, 0x50, 0x00, 0x81, 0x00, 0x8B, 0x00,
        0x6C, 0x00, 0x31, 0x00, 0xED, 0xFF, 0xB4, 0xFF, 0x93, 0xFF, 0x92, 0xFF, 0xAA, 0xFF, 0xC9, 0xFF,
        0xE3, 0xFF, 0xEE, 0xFF, 0xE4, 0xFF, 0xC9, 0xFF, 0xAA, 0xFF, 0x96, 0xFF, 0x98, 0xFF, 0xB7, 0xFF,
        0xF0, 0xFF, 0x31, 0x00, 0x66, 0x00, 0x7D, 0x00, 0x6E, 0x00, 0x3A, 0x00, 0xEF, 0xFF, 0xA1, 0xFF,
        0x66, 0xFF, 0x4E, 0xFF, 0x5A, 0xFF, 0x85, 0xFF, 0xC3, 0xFF, 0xFF, 0xFF, 0x28, 0x00, 0x38, 0x00,
        0x2D, 0x00, 0x10, 0x00, 0xF4, 0xFF, 0xE7, 0xFF, 0xF0, 0xFF, 0x0D, 0x00, 0x30, 0x00, 0x4A, 0x00,
        0x4D, 0x00, 0x32, 0x00, 0xFC, 0xFF, 0xB8, 0xFF, 0x78, 0xFF, 0x4D, 0xFF, 0x46, 0xFF, 0x65, 0xFF,
        0xA4, 0xFF, 0xF1, 0xFF, 0x36, 0x00, 0x61, 0x00, 0x6A, 0x00, 0x4E, 0x00, 0x1D, 0x00, 0xE6, 0xFF,
        0xB9, 0xFF, 0xA4, 0xFF, 0xAA, 0xFF, 0xBD, 0xFF, 0xD5, 0xFF, 0xE3, 0xFF, 0xDD, 0xFF, 0xC5, 0xFF,
        0xA2, 0xFF, 0x83, 0xFF, 0x75, 0xFF, 0x81, 0xFF, 0xAD, 0xFF, 0xF2, 0xFF, 0x3D, 0x00, 0x77, 0x00,
        0x91, 0x00, 0x84, 0x00, 0x52, 0x00, 0x0A, 0x00, 0xC3, 0xFF, 0x8E, 0xFF, 0x76, 0xFF, 0x81, 0xFF,
        0xA7, 0xFF, 0xD3, 0xFF, 0xFA, 0xFF, 0x0F, 0x00, 0x0D, 0x00, 0xF9, 0xFF, 0xDF, 0xFF, 0xCD, 0xFF,
        0xD2, 0xFF, 0xEC, 0xFF, 0x16, 0x00, 0x44, 0x00, 0x5E, 0x00, 0x5B, 0x00, 0x37, 0x00, 0xF8, 0xFF,
        0xAE, 0xFF, 0x6D, 0xFF, 0x47, 0xFF, 0x45, 0xFF, 0x65, 0xFF, 0xA0, 0xFF, 0xE8, 0xFF, 0x24, 0x00,
        0x48, 0x00, 0x4F, 0x00, 0x37, 0x00, 0x0E, 0x00, 0xEA, 0xFF, 0xD6, 0xFF, 0xD6, 0xFF, 0xE8, 0xFF,
        0x02, 0x00, 0x13, 0x00, 0x12, 0x00, 0xFC, 0xFF, 0xD2, 0xFF, 0xA1, 0xFF, 0x79, 0xFF, 0x69, 0xFF,
        0x7B, 0xFF, 0xAB, 0xFF, 0xED, 0xFF, 0x36, 0x00, 0x70, 0x00, 0x84, 0x00, 0x74, 0x00, 0x44, 0x00,
        0xFE, 0xFF, 0xBC, 0xFF, 0x90, 0xFF, 0x7D, 0xFF, 0x87, 0xFF, 0xA6, 0xFF, 0xC9, 0xFF, 0xE3, 0xFF,
        0xEA, 0xFF, 0xDD, 0xFF, 0xC7, 0xFF, 0xB0, 0xFF, 0xA6, 0xFF, 0xB7, 0xFF, 0xE0, 0xFF, 0x16, 0x00,
        0x4C, 0x00, 0x6E, 0x00, 0x6C, 0x00, 0x49, 0x00, 0x0D, 0x00, 0xC5, 0xFF, 0x87, 0xFF, 0x64, 0xFF,
        0x61, 0xFF, 0x81, 0xFF, 0xB8, 0xFF, 0xF5, 0xFF, 0x29, 0x00, 0x45, 0x00, 0x46, 0x00, 0x33, 0x00,
        0x16, 0x00, 0xFC, 0xFF, 0xF2, 0xFF, 0xFC, 0xFF, 0x10, 0x00, 0x24, 0x00, 0x2E, 0x00, 0x23, 0x00,
        0xFD, 0xFF, 0xC9, 0xFF, 0x92, 0xFF, 0x66, 0xFF, 0x54, 0xFF, 0x68, 0xFF, 0x99, 0xFF, 0xDB, 0xFF,
        0x1F, 0x00, 0x53, 0x00, 0x6B, 0x00, 0x60, 0x00, 0x36, 0x00, 0xFE, 0xFF, 0xCB, 0xFF, 0xA9, 0xFF,
        0xA0, 0xFF, 0xAB, 0xFF, 0xC1, 0xFF, 0xD6, 0xFF, 0xE0, 0xFF, 0xDE, 0xFF, 0xCC, 0xFF, 0xB2, 0xFF,
        0xA0, 0xFF, 0xA2, 0xFF, 0xBC, 0xFF, 0xEE, 0xFF, 0x2B, 0x00, 0x63, 0x00, 0x85, 0x00, 0x85, 0x00,
        0x60, 0x00, 0x22, 0x00, 0xD8, 0xFF, 0x96, 0xFF, 0x71, 0xFF, 0x6C, 0xFF, 0x83, 0xFF, 0xAF, 0xFF,
        0xE0, 0xFF, 0x07, 0x00, 0x1B, 0x00, 0x19, 0x00, 0x06, 0x00, 0xEF, 0xFF, 0xE1, 0xFF, 0xE6, 0xFF,
        0xFE, 0xFF, 0x1E, 0x00, 0x3C, 0x00, 0x49, 0x00, 0x38, 0x00, 0x0D, 0x00, 0xD3, 0xFF, 0x95, 0xFF,
        0x66, 0xFF, 0x52, 0xFF, 0x61, 0xFF, 0x92, 0xFF, 0xD6, 0xFF, 0x1C, 0x00, 0x54, 0x00, 0x6E, 0x00,
        0x69, 0x00, 0x4C, 0x00, 0x22, 0x00, 0xF7, 0xFF, 0xDC, 0xFF, 0xD7, 0xFF, 0xE2, 0xFF, 0xF2, 0xFF,
        0xFD, 0xFF, 0xFC, 0xFF, 0xE8, 0xFF, 0xC8, 0xFF, 0xA6, 0xFF, 0x8C, 0xFF, 0x89, 0xFF, 0xA0, 0xFF,
        0xD0, 0xFF, 0x0F, 0x00, 0x47, 0x00, 0x6E, 0x00, 0x78, 0x00, 0x5D, 0x00, 0x27, 0x00, 0xE3, 0xFF,
        0xA3, 0xFF, 0x7C, 0xFF, 0x71, 0xFF, 0x81, 0xFF, 0xA4, 0xFF, 0xC8, 0xFF, 0xE5, 0xFF, 0xF7, 0xFF,
        0xF5, 0xFF, 0xE7, 0xFF, 0xD9, 0xFF, 0xD4, 0xFF, 0xE4, 0xFF, 0x07, 0x00, 0x2F, 0x00, 0x54, 0x00,
        0x65, 0x00, 0x5A, 0x00, 0x37, 0x00, 0xFB, 0xFF, 0xBC, 0xFF, 0x8A, 0xFF, 0x6E, 0xFF, 0x77, 0xFF,
        0x9F, 0xFF, 0xD4, 0xFF, 0x11, 0x00, 0x42, 0x00, 0x57, 0x00, 0x53, 0x00, 0x3A, 0x00, 0x16, 0x00,
        0xF7, 0xFF, 0xE4, 0xFF, 0xE5, 0xFF, 0xF6, 0xFF, 0x07, 0x00, 0x0D, 0x00, 0x01, 0x00, 0xE5, 0xFF,
        0xBD, 0xFF, 0x93, 0xFF, 0x78, 0xFF, 0x76, 0xFF, 0x8D, 0xFF, 0xBF, 0xFF, 0x02, 0x00, 0x3F, 0x00,
        0x6A, 0x00, 0x78, 0x00, 0x61, 0x00, 0x32, 0x00, 0xF9, 0xFF, 0xC3, 0xFF, 0xA0, 0xFF, 0x97, 0xFF,
        0xA5, 0xFF, 0xC3, 0xFF, 0xE3, 0xFF, 0xF8, 0xFF, 0xFD, 0xFF, 0xF3, 0xFF, 0xDE, 0xFF, 0xCB, 0xFF,
        0xC8, 0xFF, 0xD9, 0xFF, 0xFD, 0xFF, 0x2F, 0x00, 0x59, 0x00, 0x6D, 0x00, 0x66, 0x00, 0x3F, 0x00,
        0x02, 0x00, 0xBB, 0xFF, 0x7C, 0xFF, 0x5D, 0xFF, 0x61, 0xFF, 0x80, 0xFF, 0xB7, 0xFF, 0xF2, 0xFF,
        0x1E, 0x00, 0x37, 0x00, 0x39, 0x00, 0x23, 0x00, 0x06, 0x00, 0xED, 0xFF, 0xE4, 0xFF, 0xEF, 0xFF,
        0x08, 0x00, 0x20, 0x00, 0x2B, 0x00, 0x21, 0x00, 0x00, 0x00, 0xD1, 0xFF, 0xA4, 0xFF, 0x82, 0xFF,
        0x77, 0xFF, 0x8E, 0xFF, 0xC2, 0xFF, 0x06, 0x00, 0x4A, 0x00, 0x7B, 0x00, 0x8E, 0x00, 0x7E, 0x00,
        0x54, 0x00, 0x1D, 0x00, 0xE7, 0xFF, 0xC3, 0xFF, 0xB7, 0xFF, 0xBF, 0xFF, 0xD2, 0xFF, 0xE6, 0xFF,
        0xED, 0xFF, 0xE7, 0xFF, 0xD3, 0xFF, 0xB7, 0xFF, 0xA5, 0xFF, 0xA7, 0xFF, 0xBD, 0xFF, 0xE9, 0xFF,
        0x22, 0x00, 0x54, 0x00, 0x6F, 0x00, 0x69, 0x00, 0x44, 0x00, 0x08, 0x00, 0xC3, 0xFF, 0x87, 0xFF,
        0x66, 0xFF, 0x66, 0xFF, 0x84, 0xFF, 0xB3, 0xFF, 0xE5, 0xFF, 0x0D, 0x00, 0x22, 0x00, 0x20, 0x00,
        0x10, 0x00, 0xFD, 0xFF, 0xF3, 0xFF, 0xFA, 0xFF, 0x14, 0x00, 0x36, 0x00, 0x51, 0x00, 0x5A, 0x00,
        0x47, 0x00, 0x1B, 0x00, 0xDE, 0xFF, 0xA0, 0xFF, 0x74, 0xFF, 0x66, 0xFF, 0x7A, 0xFF, 0xAD, 0xFF,
        0xF1, 0xFF, 0x36, 0x00, 0x66, 0x00, 0x75, 0x00, 0x67, 0x00, 0x40, 0x00, 0x0E, 0x00, 0xE5, 0xFF,
        0xCD, 0xFF, 0xCB, 0xFF, 0xDD, 0xFF, 0xF0, 0xFF, 0xF9, 0xFF, 0xF8, 0xFF, 0xE0, 0xFF, 0xBB, 0xFF,
        0x9B, 0xFF, 0x86, 0xFF, 0x89, 0xFF, 0xAC, 0xFF, 0xE5, 0xFF, 0x2C, 0x00, 0x6C, 0x00, 0x8D, 0x00,
        0x8D, 0x00, 0x6B, 0x00, 0x2C, 0x00, 0xE7, 0xFF, 0xAD, 0xFF, 0x8C, 0xFF, 0x8B, 0xFF, 0xA4, 0xFF,
        0xCD, 0xFF, 0xF6, 0xFF, 0x0D, 0x00, 0x12, 0x00, 0x07, 0x00, 0xEF, 0xFF, 0xDA, 0xFF, 0xD3, 0xFF,
        0xE4, 0xFF, 0x08, 0x00, 0x32, 0x00, 0x55, 0x00, 0x5F, 0x00, 0x48, 0x00, 0x19, 0x00, 0xD8, 0xFF,
        0x95, 0xFF, 0x64, 0xFF, 0x52, 0xFF, 0x65, 0xFF, 0x97, 0xFF, 0xD5, 0xFF, 0x14, 0x00, 0x43, 0x00,
        0x53, 0x00, 0x48, 0x00, 0x2B, 0x00, 0x08, 0x00, 0xED, 0xFF, 0xE4, 0xFF, 0xF3, 0xFF, 0x0D, 0x00,
        0x20, 0x00, 0x28, 0x00, 0x1C, 0x00, 0xF9, 0xFF, 0xCC, 0xFF, 0xA3, 0xFF, 0x8B, 0xFF, 0x91, 0xFF,
        0xB5, 0xFF, 0xF1, 0xFF, 0x39, 0x00, 0x75, 0x00, 0x95, 0x00, 0x92, 0x00, 0x6B, 0x00, 0x2C, 0x00,
        0xEB, 0xFF, 0xB9, 0xFF, 0xA0, 0xFF, 0xA2, 0xFF, 0xB9, 0xFF, 0xD7, 0xFF, 0xEE, 0xFF, 0xF8, 0xFF,
        0xED, 0xFF, 0xD3, 0xFF, 0xBC, 0xFF, 0xB1, 0xFF, 0xB7, 0xFF, 0xD6, 0xFF, 0x08, 0x00, 0x40, 0x00,
        0x68, 0x00, 0x70, 0x00, 0x57, 0x00, 0x21, 0x00, 0xDB, 0xFF, 0x99, 0xFF, 0x6C, 0xFF, 0x61, 0xFF,
        0x78, 0xFF, 0xA9, 0xFF, 0xE8, 0xFF, 0x1F, 0x00, 0x41, 0x00, 0x49, 0x00, 0x39, 0x00, 0x1D, 0x00,
        0x01, 0x00, 0xF1, 0xFF, 0xFA, 0xFF, 0x13, 0x00, 0x30, 0x00, 0x46, 0x00, 0x44, 0x00, 0x25, 0x00,
        0xF4, 0xFF, 0xB8, 0xFF, 0x83, 0xFF, 0x69, 0xFF, 0x6D, 0xFF, 0x93, 0xFF, 0xD8, 0xFF, 0x21, 0x00,
        0x5D, 0x00, 0x7F, 0x00, 0x7D, 0x00, 0x5C, 0x00, 0x28, 0x00, 0xEE, 0xFF, 0xC5, 0xFF, 0xB5, 0xFF,
        0xBD, 0xFF, 0xD5, 0xFF, 0xEF, 0xFF, 0xFC, 0xFF, 0xFA, 0xFF, 0xE6, 0xFF, 0xC9, 0xFF, 0xB2, 0xFF,
        0xAA, 0xFF, 0xBB, 0xFF, 0xE7, 0xFF, 0x22, 0x00, 0x5F, 0x00, 0x8D, 0x00, 0x98, 0x00, 0x7E, 0x00,
        0x47, 0x00, 0xFE, 0xFF, 0xB8, 0xFF, 0x8A, 0xFF, 0x7A, 0xFF, 0x89, 0xFF, 0xAF, 0xFF, 0xDC, 0xFF,
        0x05, 0x00, 0x1C, 0x00, 0x1B, 0x00, 0x09, 0x00, 0xF3, 0xFF, 0xE2, 0xFF, 0xE1, 0xFF, 0xF6, 0xFF,
        0x19, 0x00, 0x3A, 0x00, 0x4B, 0x00, 0x44, 0x00, 0x20, 0x00, 0xE6, 0xFF, 0xA6, 0xFF, 0x72, 0xFF,
        0x5A, 0xFF, 0x62, 0xFF, 0x8A, 0xFF, 0xCA, 0xFF, 0x0F, 0x00, 0x47, 0x00, 0x68, 0x00, 0x68, 0x00,
        0x4F, 0x00, 0x2C, 0x00, 0x06, 0x00, 0xEC, 0xFF, 0xEA, 0xFF, 0xF9, 0xFF, 0x10, 0x00, 0x22, 0x00,
        0x1E, 0x00, 0x09, 0x00, 0xE4, 0xFF, 0xBB, 0xFF, 0x9E, 0xFF, 0x98, 0xFF, 0xAA, 0xFF, 0xD8, 0xFF,
        0x1A, 0x00, 0x5B, 0x00, 0x86, 0x00, 0x90, 0x00, 0x7A, 0x00, 0x46, 0x00, 0x00, 0x00, 0xC2, 0xFF,
        0x98, 0xFF, 0x8C, 0xFF, 0x9C, 0xFF, 0xBC, 0xFF, 0xE2, 0xFF, 0xFE, 0xFF, 0x04, 0x00, 0xFC, 0xFF,
        0xEA, 0xFF, 0xD4, 0xFF, 0xCC, 0xFF, 0xD9, 0xFF, 0xFA, 0xFF, 0x2B, 0x00, 0x56, 0x00, 0x6D, 0x00,
        0x6B, 0x00, 0x46, 0x00, 0x09, 0x00, 0xC7, 0xFF, 0x8E, 0xFF, 0x71, 0xFF, 0x78, 0xFF, 0x99, 0xFF,
        0xD0, 0xFF, 0x0C, 0x00, 0x3C, 0x00, 0x56, 0x00, 0x55, 0x00, 0x3E, 0x00, 0x1D, 0x00, 0xFE, 0xFF,
        0xEE, 0xFF, 0xF0, 0xFF, 0x01, 0x00, 0x15, 0x00, 0x1F, 0x00, 0x19, 0x00, 0xFE, 0xFF, 0xD4, 0xFF,
        0xA8, 0xFF, 0x88, 0xFF, 0x7F, 0xFF, 0x93, 0xFF, 0xC0, 0xFF, 0x00, 0x00, 0x41, 0x00, 0x6F, 0x00,
        0x82, 0x00, 0x75, 0x00, 0x4B, 0x00, 0x16, 0x00, 0xE4, 0xFF, 0xC1, 0xFF, 0xB7, 0xFF, 0xC2, 0xFF,
        0xDA, 0xFF, 0xF7, 0xFF, 0x09, 0x00, 0x0B, 0x00, 0xFF, 0xFF, 0xEB, 0xFF, 0xDE, 0xFF, 0xDF, 0xFF,
        0xF0, 0xFF, 0x15, 0x00, 0x45, 0x00, 0x6F, 0x00, 0x86, 0x00, 0x7D, 0x00, 0x58, 0x00, 0x1B, 0x00,
        0xD5, 0xFF, 0x9C, 0xFF, 0x7D, 0xFF, 0x79, 0xFF, 0x92, 0xFF, 0xBF, 0xFF, 0xF1, 0xFF, 0x19, 0x00,
        0x2D, 0x00, 0x2C, 0x00, 0x1A, 0x00, 0x02, 0x00, 0xF4, 0xFF, 0xF1, 0xFF, 0xFE, 0xFF, 0x17, 0x00,
        0x29, 0x00, 0x2E, 0x00, 0x24, 0x00, 0x02, 0x00, 0xD0, 0xFF, 0xA0, 0xFF, 0x7F, 0xFF, 0x77, 0xFF,
        0x8A, 0xFF, 0xB7, 0xFF, 0xFC, 0xFF, 0x40, 0x00, 0x70, 0x00, 0x87, 0x00, 0x80, 0x00, 0x5F, 0x00,
        0x2F, 0x00, 0x01, 0x00, 0xE4, 0xFF, 0xD9, 0xFF, 0xDF, 0xFF, 0xF3, 0xFF, 0x03, 0x00, 0x06, 0x00,
        0xFD, 0xFF, 0xE7, 0xFF, 0xCC, 0xFF, 0xB8, 0xFF, 0xB8, 0xFF, 0xD0, 0xFF, 0xFB, 0xFF, 0x30, 0x00,
        0x64, 0x00, 0x83, 0x00, 0x83, 0x00, 0x65, 0x00, 0x2D, 0x00, 0xEA, 0xFF, 0xB1, 0xFF, 0x8D, 0xFF,
        0x83, 0xFF, 0x95, 0xFF, 0xBB, 0xFF, 0xE9, 0xFF, 0x0E, 0x00, 0x1F, 0x00, 0x20, 0x00, 0x16, 0x00,
        0x05, 0x00, 0xFD, 0xFF, 0x04, 0x00, 0x19, 0x00, 0x37, 0x00, 0x52, 0x00, 0x5E, 0x00, 0x53, 0x00,
        0x2C, 0x00, 0xF4, 0xFF, 0xBC, 0xFF, 0x8E, 0xFF, 0x7B, 0xFF, 0x85, 0xFF, 0xA9, 0xFF, 0xE1, 0xFF,
        0x1F, 0x00, 0x4D, 0x00, 0x64, 0x00, 0x63, 0x00, 0x48, 0x00, 0x20, 0x00, 0xFD, 0xFF, 0xE6, 0xFF,
        0xE1, 0xFF, 0xEC, 0xFF, 0xF8, 0xFF, 0x00, 0x00, 0xFD, 0xFF, 0xE8, 0xFF, 0xC9, 0xFF, 0xAB, 0xFF,
        0x98, 0xFF, 0x9A, 0xFF, 0xB6, 0xFF, 0xE6, 0xFF, 0x22, 0x00, 0x5E, 0x00, 0x84, 0x00, 0x8C, 0x00,
        0x78, 0x00, 0x4A, 0x00, 0x0F, 0x00, 0xDB, 0xFF, 0xBB, 0xFF, 0xB1, 0xFF, 0xBF, 0xFF, 0xDF, 0xFF,
        0x02, 0x00, 0x19, 0x00, 0x1C, 0x00, 0x13, 0x00, 0x05, 0x00, 0xF4, 0xFF, 0xEE, 0xFF, 0xFD, 0xFF,
        0x1C, 0x00, 0x43, 0x00, 0x67, 0x00, 0x76, 0x00, 0x66, 0x00, 0x3A, 0x00, 0xFB, 0xFF, 0xB9, 0xFF,
        0x86, 0xFF, 0x6E, 0xFF, 0x76, 0xFF, 0x9C, 0xFF, 0xD3, 0xFF, 0x0A, 0x00, 0x35, 0x00, 0x4B, 0x00,
        0x46, 0x00, 0x2D, 0x00, 0x0D, 0x00, 0xF3, 0xFF, 0xEC, 0xFF, 0xF5, 0xFF, 0x06, 0x00, 0x1B, 0x00,
        0x28, 0x00, 0x1F, 0x00, 0x01, 0x00, 0xD9, 0xFF, 0xAF, 0xFF, 0x91, 0xFF, 0x8F, 0xFF, 0xAA, 0xFF,
        0xDF, 0xFF, 0x23, 0x00, 0x62, 0x00, 0x8A, 0x00, 0x94, 0x00, 0x7F, 0x00, 0x4F, 0x00, 0x13, 0x00,
        0xDD, 0xFF, 0xBE, 0xFF, 0xB9, 0xFF, 0xC6, 0xFF, 0xDE, 0xFF, 0xF8, 0xFF, 0x07, 0x00, 0x04, 0x00,
        0xF4, 0xFF, 0xE0, 0xFF, 0xCF, 0xFF, 0xCE, 0xFF, 0xE5, 0xFF, 0x0F, 0x00, 0x3F, 0x00, 0x6C, 0x00,
        0x83, 0x00, 0x76, 0x00, 0x4A, 0x00, 0x0C, 0x00, 0xCB, 0xFF, 0x98, 0xFF, 0x7E, 0xFF, 0x85, 0xFF,
        0xA8, 0xFF, 0xDB, 0xFF, 0x10, 0x00, 0x3A, 0x00, 0x4A, 0x00, 0x44, 0x00, 0x2F, 0x00, 0x15, 0x00,
        0x05, 0x00, 0x09, 0x00, 0x1C, 0x00, 0x36, 0x00, 0x4A, 0x00, 0x4B, 0x00, 0x38, 0x00, 0x0D, 0x00,
        0xD4, 0xFF, 0x9E, 0xFF, 0x7B, 0xFF, 0x76, 0xFF, 0x92, 0xFF, 0xC9, 0xFF, 0x0B, 0x00, 0x47, 0x00,
        0x70, 0x00, 0x7B, 0x00, 0x65, 0x00, 0x38, 0x00, 0x05, 0x00, 0xDB, 0xFF, 0xC7, 0xFF, 0xC9, 0xFF,
        0xDA, 0xFF, 0xF1, 0xFF, 0x01, 0x00, 0xFF, 0xFF, 0xED, 0xFF, 0xD4, 0xFF, 0xBB, 0xFF, 0xAB, 0xFF,
        0xB4, 0xFF, 0xDB, 0xFF, 0x15, 0x00, 0x56, 0x00, 0x8D, 0x00, 0xA5, 0x00, 0x99, 0x00, 0x6E, 0x00,
        0x2A, 0x00, 0xE3, 0xFF, 0xAF, 0xFF, 0x96, 0xFF, 0x9D, 0xFF, 0xBD, 0xFF, 0xE8, 0xFF, 0x11, 0x00,
        0x2E, 0x00, 0x32, 0x00, 0x22, 0x00, 0x0B, 0x00, 0xF6, 0xFF, 0xF0, 0xFF, 0x03, 0x00, 0x26, 0x00,
        0x4A, 0x00, 0x65, 0x00, 0x69, 0x00, 0x4C, 0x00, 0x19, 0x00, 0xD6, 0xFF, 0x96, 0xFF, 0x6E, 0xFF,
        0x68, 0xFF, 0x84, 0xFF, 0xBC, 0xFF, 0xFD, 0xFF, 0x3A, 0x00, 0x65, 0x00, 0x70, 0x00, 0x5E, 0x00,
        0x39, 0x00, 0x0E, 0x00, 0xF1, 0xFF, 0xE8, 0xFF, 0xF2, 0xFF, 0x08, 0x00, 0x1F, 0x00, 0x27, 0x00,
        0x18, 0x00, 0xF6, 0xFF, 0xCC, 0xFF, 0xA6, 0xFF, 0x92, 0xFF, 0x9C, 0xFF, 0xC2, 0xFF, 0xFF, 0xFF,
        0x43, 0x00, 0x7A, 0x00, 0x95, 0x00, 0x8B, 0x00, 0x5E, 0x00, 0x22, 0x00, 0xE3, 0xFF, 0xB1, 0xFF,
        0x9E, 0xFF, 0xA7, 0xFF, 0xC0, 0xFF, 0xE3, 0xFF, 0x01, 0x00, 0x0F, 0x00, 0x0A, 0x00, 0xF9, 0xFF,
        0xE5, 0xFF, 0xD8, 0xFF, 0xE1, 0xFF, 0x03, 0x00, 0x32, 0x00, 0x5F, 0x00, 0x7F, 0x00, 0x83, 0x00,
        0x67, 0x00, 0x30, 0x00, 0xEC, 0xFF, 0xAF, 0xFF, 0x8A, 0xFF, 0x82, 0xFF, 0x9C, 0xFF, 0xCE, 0xFF,
        0x07, 0x00, 0x3B, 0x00, 0x5B, 0x00, 0x5E, 0x00, 0x4A, 0x00, 0x2B, 0x00, 0x0C, 0x00, 0xF9, 0xFF,
        0xFB, 0xFF, 0x0E, 0x00, 0x26, 0x00, 0x35, 0x00, 0x31, 0x00, 0x14, 0x00, 0xE5, 0xFF, 0xB4, 0xFF,
        0x8A, 0xFF, 0x75, 0xFF, 0x81, 0xFF, 0xAB, 0xFF, 0xEA, 0xFF, 0x30, 0x00, 0x69, 0x00, 0x84, 0x00,
        0x7A, 0x00, 0x53, 0x00, 0x1E, 0x00, 0xE8, 0xFF, 0xC2, 0xFF, 0xB6, 0xFF, 0xC1, 0xFF, 0xDC, 0xFF,
        0xF6, 0xFF, 0x08, 0x00, 0x0A, 0x00, 0xFC, 0xFF, 0xE3, 0xFF, 0xD0, 0xFF, 0xC9, 0xFF, 0xD8, 0xFF,
        0x03, 0x00, 0x3A, 0x00, 0x6B, 0x00, 0x8E, 0x00, 0x94, 0x00, 0x77, 0x00, 0x3D, 0x00, 0xF8, 0xFF,
        0xBA, 0xFF, 0x91, 0xFF, 0x84, 0xFF, 0x98, 0xFF, 0xC2, 0xFF, 0xF2, 0xFF, 0x1C, 0x00, 0x35, 0x00,
        0x37, 0x00, 0x27, 0x00, 0x14, 0x00, 0x03, 0x00, 0xFC, 0xFF, 0x09, 0x00, 0x25, 0x00, 0x3F, 0x00,
        0x4D, 0x00, 0x43, 0x00, 0x22, 0x00, 0xF3, 0xFF, 0xBE, 0xFF, 0x92, 0xFF, 0x7F, 0xFF, 0x87, 0xFF,
        0xAD, 0xFF, 0xEE, 0xFF, 0x2E, 0x00, 0x60, 0x00, 0x7E, 0x00, 0x7C, 0x00, 0x5F, 0x00, 0x37, 0x00,
        0x0E, 0x00, 0xF0, 0xFF, 0xE7, 0xFF, 0xEF, 0xFF, 0xFD, 0xFF, 0x0A, 0x00, 0x0D, 0x00, 0xFE, 0xFF,
        0xE1, 0xFF, 0xC2, 0xFF, 0xAC, 0xFF, 0xA9, 0xFF, 0xBE, 0xFF, 0xE8, 0xFF, 0x22, 0x00, 0x59, 0x00,
        0x7C, 0x00, 0x84, 0x00, 0x6B, 0x00, 0x37, 0x00, 0xFB, 0xFF, 0xC3, 0xFF, 0x9B, 0xFF, 0x90, 0xFF,
        0xA2, 0xFF, 0xC4, 0xFF, 0xE9, 0xFF, 0x05, 0x00, 0x16, 0x00, 0x19, 0x00, 0x0C, 0x00, 0xFF, 0xFF,
        0xFE, 0xFF, 0x09, 0x00, 0x24, 0x00, 0x4A, 0x00, 0x69, 0x00, 0x77, 0x00, 0x6D, 0x00, 0x49, 0x00,
        0x11, 0x00, 0xD6, 0xFF, 0xA8, 0xFF, 0x91, 0xFF, 0x95, 0xFF, 0xB6, 0xFF, 0xEB, 0xFF, 0x24, 0x00,
        0x4F, 0x00, 0x64, 0x00, 0x64, 0x00, 0x4F, 0x00, 0x2D, 0x00, 0x0F, 0x00, 0xFB, 0xFF, 0xF5, 0xFF,
        0x00, 0x00, 0x10, 0x00, 0x17, 0x00, 0x10, 0x00, 0xF9, 0xFF, 0xD7, 0xFF, 0xB3, 0xFF, 0x97, 0xFF,
        0x93, 0xFF, 0xA9, 0xFF, 0xD4, 0xFF, 0x10, 0x00, 0x4A, 0x00, 0x73, 0x00, 0x85, 0x00, 0x76, 0x00,
        0x4C, 0x00, 0x17, 0x00, 0xE4, 0xFF, 0xC2, 0xFF, 0xB9, 0xFF, 0xC3, 0xFF, 0xDA, 0xFF, 0xF5, 0xFF,
        0x0A, 0x00, 0x11, 0x00, 0x0A, 0x00, 0xFC, 0xFF, 0xF1, 0xFF, 0xF0, 0xFF, 0xFF, 0xFF, 0x1A, 0x00,
        0x3F, 0x00, 0x65, 0x00, 0x77, 0x00, 0x6D, 0x00, 0x4B, 0x00, 0x16, 0x00, 0xD8, 0xFF, 0xA6, 0xFF,
        0x8A, 0xFF, 0x8A, 0xFF, 0xA7, 0xFF, 0xD5, 0xFF, 0x04, 0x00, 0x2A, 0x00, 0x42, 0x00, 0x48, 0x00,
        0x39, 0x00, 0x23, 0x00, 0x11, 0x00, 0x08, 0x00, 0x0F, 0x00, 0x20, 0x00, 0x2F, 0x00, 0x36, 0x00,
        0x2C, 0x00, 0x0E, 0x00, 0xE9, 0xFF, 0xC2, 0xFF, 0xA4, 0xFF, 0xA1, 0xFF, 0xB8, 0xFF, 0xE0, 0xFF,
        0x1A, 0x00, 0x54, 0x00, 0x7E, 0x00, 0x8D, 0x00, 0x7D, 0x00, 0x55, 0x00, 0x25, 0x00, 0xF9, 0xFF,
        0xDA, 0xFF, 0xCD, 0xFF, 0xD2, 0xFF, 0xE2, 0xFF, 0xF5, 0xFF, 0xFF, 0xFF, 0xF9, 0xFF, 0xE7, 0xFF,
        0xD4, 0xFF, 0xC5, 0xFF, 0xC7, 0xFF, 0xDC, 0xFF, 0x01, 0x00, 0x34, 0x00, 0x63, 0x00, 0x78, 0x00,
        0x74, 0x00, 0x54, 0x00, 0x19, 0x00, 0xDD, 0xFF, 0xAA, 0xFF, 0x89, 0xFF, 0x8B, 0xFF, 0xA8, 0xFF,
        0xD2, 0xFF, 0x03, 0x00, 0x2D, 0x00, 0x42, 0x00, 0x43, 0x00, 0x34, 0x00, 0x21, 0x00, 0x17, 0x00,
        0x1A, 0x00, 0x29, 0x00, 0x43, 0x00, 0x59, 0x00, 0x5E, 0x00, 0x4F, 0x00, 0x2B, 0x00, 0xF7, 0xFF,
        0xC2, 0xFF, 0x9C, 0xFF, 0x8E, 0xFF, 0x9C, 0xFF, 0xC5, 0xFF, 0xFE, 0xFF, 0x3B, 0x00, 0x6A, 0x00,
        0x7D, 0x00, 0x74, 0x00, 0x54, 0x00, 0x29, 0x00, 0x02, 0x00, 0xE7, 0xFF, 0xDD, 0xFF, 0xE6, 0xFF,
        0xF5, 0xFF, 0x01, 0x00, 0x04, 0x00, 0xF7, 0xFF, 0xDD, 0xFF, 0xC3, 0xFF, 0xB3, 0xFF, 0xB5, 0xFF,
        0xCF, 0xFF, 0xFD, 0xFF, 0x37, 0x00, 0x6C, 0x00, 0x8D, 0x00, 0x90, 0x00, 0x72, 0x00, 0x3C, 0x00,
        0x00, 0x00, 0xCD, 0xFF, 0xAC, 0xFF, 0xA6, 0xFF, 0xB9, 0xFF, 0xD9, 0xFF, 0xFB, 0xFF, 0x19, 0x00,
        0x25, 0x00, 0x1C, 0x00, 0x0B, 0x00, 0xFB, 0xFF, 0xF5, 0xFF, 0x01, 0x00, 0x1D, 0x00, 0x42, 0x00,
        0x60, 0x00, 0x67, 0x00, 0x55, 0x00, 0x2D, 0x00, 0xF2, 0xFF, 0xB6, 0xFF, 0x8B, 0xFF, 0x79, 0xFF,
        0x89, 0xFF, 0xB4, 0xFF, 0xEF, 0xFF, 0x29, 0x00, 0x55, 0x00, 0x69, 0x00, 0x61, 0x00, 0x47, 0x00,
        0x28, 0x00, 0x0D, 0x00, 0x00, 0x00, 0x07, 0x00, 0x1B, 0x00, 0x2E, 0x00, 0x38, 0x00, 0x2D, 0x00,
        0x10, 0x00, 0xEA, 0xFF, 0xC2, 0xFF, 0xAA, 0xFF, 0xAA, 0xFF, 0xC5, 0xFF, 0xFA, 0xFF, 0x39, 0x00,
        0x70, 0x00, 0x93, 0x00, 0x96, 0x00, 0x76, 0x00, 0x40, 0x00, 0x02, 0x00, 0xCD, 0xFF, 0xAD, 0xFF,
        0xAA, 0xFF, 0xBE, 0xFF, 0xDA, 0xFF, 0xF5, 0xFF, 0x0A, 0x00, 0x09, 0x00, 0xF7, 0xFF, 0xE1, 0xFF,
        0xCF, 0xFF, 0xCF, 0xFF, 0xE8, 0xFF, 0x11, 0x00, 0x41, 0x00, 0x6A, 0x00, 0x79, 0x00, 0x6D, 0x00,
        0x44, 0x00, 0x05, 0x00, 0xC7, 0xFF, 0x98, 0xFF, 0x84, 0xFF, 0x92, 0xFF, 0xBB, 0xFF, 0xF3, 0xFF,
        0x2A, 0x00, 0x50, 0x00, 0x5F, 0x00, 0x57, 0x00, 0x3E, 0x00, 0x23, 0x00, 0x0E, 0x00, 0x09, 0x00,
        0x18, 0x00, 0x2F, 0x00, 0x40, 0x00, 0x43, 0x00, 0x33, 0x00, 0x0F, 0x00, 0xDD, 0xFF, 0xAD, 0xFF,
        0x91, 0xFF, 0x8F, 0xFF, 0xAC, 0xFF, 0xE2, 0xFF, 0x20, 0x00, 0x5B, 0x00, 0x82, 0x00, 0x85, 0x00,
        0x6A, 0x00, 0x3F, 0x00, 0x0B, 0x00, 0xDF, 0xFF, 0xCB, 0xFF, 0xCF, 0xFF, 0xE1, 0xFF, 0xF9, 0xFF,
        0x0A, 0x00, 0x0D, 0x00, 0x02, 0x00, 0xED, 0xFF, 0xD6, 0xFF, 0xC9, 0xFF, 0xD4, 0xFF, 0xF5, 0xFF,
        0x28, 0x00, 0x60, 0x00, 0x88, 0x00, 0x96, 0x00, 0x84, 0x00, 0x53, 0x00, 0x12, 0x00, 0xD3, 0xFF,
        0xA3, 0xFF, 0x8E, 0xFF, 0x99, 0xFF, 0xB8, 0xFF, 0xE4, 0xFF, 0x11, 0x00, 0x2E, 0x00, 0x31, 0x00,
        0x22, 0x00, 0x0B, 0x00, 0xF9, 0xFF, 0xF4, 0xFF, 0x01, 0x00, 0x1C, 0x00, 0x3B, 0x00, 0x50, 0x00,
        0x51, 0x00, 0x37, 0x00, 0x07, 0x00, 0xCD, 0xFF, 0x99, 0xFF, 0x7A, 0xFF, 0x7D, 0xFF, 0xA1, 0xFF,
        0xDA, 0xFF, 0x1C, 0x00, 0x57, 0x00, 0x7B, 0x00, 0x83, 0x00, 0x6F, 0x00, 0x48, 0x00, 0x1E, 0x00,
        0xFF, 0xFF, 0xF6, 0xFF, 0xFF, 0xFF, 0x0F, 0x00, 0x20, 0x00, 0x28, 0x00, 0x1E, 0x00, 0x00, 0x00,
        0xDB, 0xFF, 0xBF, 0xFF, 0xB4, 0xFF, 0xC0, 0xFF, 0xE5, 0xFF, 0x18, 0x00, 0x52, 0x00, 0x80, 0x00,
        0x8F, 0x00, 0x7E, 0x00, 0x53, 0x00, 0x16, 0x00, 0xD9, 0xFF, 0xAE, 0xFF, 0x9A, 0xFF, 0xA3, 0xFF,
        0xBD, 0xFF, 0xDC, 0xFF, 0xFB, 0xFF, 0x0E, 0x00, 0x0C, 0x00, 0x01, 0x00, 0xF2, 0xFF, 0xEA, 0xFF,
        0xF1, 0xFF, 0x08, 0x00, 0x2E, 0x00, 0x55, 0x00, 0x6C, 0x00, 0x6C, 0x00, 0x50, 0x00, 0x1C, 0x00,
        0xE2, 0xFF, 0xAD, 0xFF, 0x8E, 0xFF, 0x90, 0xFF, 0xAC, 0xFF, 0xD8, 0xFF, 0x0F, 0x00, 0x40, 0x00,
        0x5D, 0x00, 0x62, 0x00, 0x50, 0x00, 0x32, 0x00, 0x13, 0x00, 0x02, 0x00, 0x04, 0x00, 0x10, 0x00,
        0x20, 0x00, 0x2A, 0x00, 0x23, 0x00, 0x0C, 0x00, 0xE9, 0xFF, 0xBF, 0xFF, 0xA2, 0xFF, 0x99, 0xFF,
        0xA8, 0xFF, 0xD2, 0xFF, 0x0B, 0x00, 0x47, 0x00, 0x76, 0x00, 0x87, 0x00, 0x79, 0x00, 0x55, 0x00,
        0x23, 0x00, 0xF4, 0xFF, 0xD3, 0xFF, 0xC4, 0xFF, 0xCF, 0xFF, 0xE6, 0xFF, 0xFD, 0xFF, 0x11, 0x00,
        0x13, 0x00, 0x06, 0x00, 0xF6, 0xFF, 0xE5, 0xFF, 0xE1, 0xFF, 0xF3, 0xFF, 0x13, 0x00, 0x3D, 0x00,
        0x67, 0x00, 0x7D, 0x00, 0x7A, 0x00, 0x5B, 0x00, 0x23, 0x00, 0xE3, 0xFF, 0xAD, 0xFF, 0x8E, 0xFF,
        0x8B, 0xFF, 0x9F, 0xFF, 0xC6, 0xFF, 0xF8, 0xFF, 0x21, 0x00, 0x38, 0x00, 0x38, 0x00, 0x2B, 0x00,
        0x18, 0x00, 0x04, 0x00, 0xFE, 0xFF, 0x08, 0x00, 0x1A, 0x00, 0x2F, 0x00, 0x3A, 0x00, 0x2F, 0x00,
        0x15, 0x00, 0xED, 0xFF, 0xBF, 0xFF, 0x9F, 0xFF, 0x95, 0xFF, 0xA4, 0xFF, 0xCE, 0xFF, 0x08, 0x00,
        0x41, 0x00, 0x70, 0x00, 0x86, 0x00, 0x80, 0x00, 0x64, 0x00, 0x38, 0x00, 0x0C, 0x00, 0xEF, 0xFF,
        0xE3, 0xFF, 0xE8, 0xFF, 0xF5, 0xFF, 0x02, 0x00, 0x0A, 0x00, 0x04, 0x00, 0xF1, 0xFF, 0xDB, 0xFF,
        0xCD, 0xFF, 0xCB, 0xFF, 0xDF, 0xFF, 0x05, 0x00, 0x36, 0x00, 0x63, 0x00, 0x7D, 0x00, 0x7C, 0x00,
        0x60, 0x00, 0x32, 0x00, 0xF7, 0xFF, 0xBF, 0xFF, 0x9D, 0xFF, 0x97, 0xFF, 0xA7, 0xFF, 0xC9, 0xFF,
        0xF0, 0xFF, 0x0F, 0x00, 0x22, 0x00, 0x27, 0x00, 0x1C, 0x00, 0x10, 0x00, 0x0C, 0x00, 0x12, 0x00,
        0x25, 0x00, 0x40, 0x00, 0x54, 0x00, 0x5B, 0x00, 0x4E, 0x00, 0x29, 0x00, 0xF7, 0xFF, 0xC3, 0xFF,
        0x9C, 0xFF, 0x8C, 0xFF, 0x95, 0xFF, 0xB9, 0xFF, 0xEE, 0xFF, 0x25, 0x00, 0x52, 0x00, 0x66, 0x00,
        0x61, 0x00, 0x4C, 0x00, 0x2A, 0x00, 0x08, 0x00, 0xF3, 0xFF, 0xEE, 0xFF, 0xF6, 0xFF, 0x05, 0x00,
        0x0D, 0x00, 0x0C, 0x00, 0xFC, 0xFF, 0xE1, 0xFF, 0xC7, 0xFF, 0xB4, 0xFF, 0xB2, 0xFF, 0xCC, 0xFF,
        0xFA, 0xFF, 0x32, 0x00, 0x68, 0x00, 0x88, 0x00, 0x91, 0x00, 0x80, 0x00, 0x53, 0x00, 0x1A, 0x00,
        0xE8, 0xFF, 0xC5, 0xFF, 0xBD, 0xFF, 0xCA, 0xFF, 0xE2, 0xFF, 0x00, 0x00, 0x17, 0x00, 0x1D, 0x00,
        0x17, 0x00, 0x09, 0x00, 0xFB, 0xFF, 0xF6, 0xFF, 0xFE, 0xFF, 0x18, 0x00, 0x3D, 0x00, 0x5B, 0x00,
        0x68, 0x00, 0x5B, 0x00, 0x35, 0x00, 0x02, 0x00, 0xC9, 0xFF, 0x9B, 0xFF, 0x84, 0xFF, 0x86, 0xFF,
        0xA5, 0xFF, 0xD6, 0xFF, 0x08, 0x00, 0x35, 0x00, 0x4D, 0x00, 0x4E, 0x00, 0x40, 0x00, 0x25, 0x00,
        0x0B, 0x00, 0x02, 0x00, 0x07, 0x00, 0x14, 0x00, 0x23, 0x00, 0x29, 0x00, 0x24, 0x00, 0x0F, 0x00,
        0xEC, 0xFF, 0xCA, 0xFF, 0xB0, 0xFF, 0xAC, 0xFF, 0xC2, 0xFF, 0xE9, 0xFF, 0x1F, 0x00, 0x59, 0x00,
        0x7E, 0x00, 0x89, 0x00, 0x79, 0x00, 0x4F, 0x00, 0x1E, 0x00, 0xF0, 0xFF, 0xCD, 0xFF, 0xC3, 0xFF,
        0xCE, 0xFF, 0xE3, 0xFF, 0xFB, 0xFF, 0x09, 0x00, 0x09, 0x00, 0xFE, 0xFF, 0xEC, 0xFF, 0xDE, 0xFF,
        0xDC, 0xFF, 0xED, 0xFF, 0x13, 0x00, 0x40, 0x00, 0x66, 0x00, 0x7D, 0x00, 0x76, 0x00, 0x51, 0x00,
        0x1A, 0x00, 0xDE, 0xFF, 0xAE, 0xFF, 0x96, 0xFF, 0x9A, 0xFF, 0xB8, 0xFF, 0xE3, 0xFF, 0x15, 0x00,
        0x3C, 0x00, 0x4B, 0x00, 0x4A, 0x00, 0x3B, 0x00, 0x20, 0x00, 0x0E, 0x00, 0x0E, 0x00, 0x18, 0x00,
        0x2B, 0x00, 0x3D, 0x00, 0x3F, 0x00, 0x33, 0x00, 0x11, 0x00, 0xE0, 0xFF, 0xB2, 0xFF, 0x92, 0xFF,
        0x88, 0xFF, 0x9D, 0xFF, 0xC9, 0xFF, 0x02, 0x00, 0x3E, 0x00, 0x68, 0x00, 0x78, 0x00, 0x6C, 0x00,
        0x47, 0x00, 0x17, 0x00, 0xED, 0xFF, 0xD4, 0xFF, 0xCF, 0xFF, 0xDB, 0xFF, 0xF0, 0xFF, 0x04, 0x00,
        0x0D, 0x00, 0x06, 0x00, 0xF1, 0xFF, 0xDD, 0xFF, 0xD1, 0xFF, 0xD3, 0xFF, 0xEC, 0xFF, 0x1A, 0x00,
        0x4D, 0x00, 0x7D, 0x00, 0x98, 0x00, 0x94, 0x00, 0x76, 0x00, 0x3E, 0x00, 0xFB, 0xFF, 0xC5, 0xFF,
        0xA8, 0xFF, 0xA5, 0xFF, 0xBC, 0xFF, 0xE0, 0xFF, 0x07, 0x00, 0x26, 0x00, 0x31, 0x00, 0x2B, 0x00,
        0x1B, 0x00, 0x08, 0x00, 0xFE, 0xFF, 0x06, 0x00, 0x1A, 0x00, 0x37, 0x00, 0x50, 0x00, 0x54, 0x00,
        0x3E, 0x00, 0x17, 0x00, 0xE3, 0xFF, 0xAF, 0xFF, 0x8A, 0xFF, 0x7F, 0xFF, 0x90, 0xFF, 0xBF, 0xFF,
        0xFA, 0xFF, 0x32, 0x00, 0x5A, 0x00, 0x6D, 0x00, 0x65, 0x00, 0x48, 0x00, 0x24, 0x00, 0x06, 0x00,
        0xF6, 0xFF, 0xFA, 0xFF, 0x09, 0x00, 0x17, 0x00, 0x20, 0x00, 0x1A, 0x00, 0x01, 0x00, 0xE1, 0xFF,
        0xC3, 0xFF, 0xAF, 0xFF, 0xB3, 0xFF, 0xD1, 0xFF, 0x03, 0x00, 0x3F, 0x00, 0x72, 0x00, 0x8C, 0x00,
        0x85, 0x00, 0x65, 0x00, 0x31, 0x00, 0xF4, 0xFF, 0xC4, 0xFF, 0xAC, 0xFF, 0xAA, 0xFF, 0xC0, 0xFF,
        0xE3, 0xFF, 0x00, 0x00, 0x11, 0x00, 0x14, 0x00, 0x09, 0x00, 0xF6, 0xFF, 0xE8, 0xFF, 0xEB, 0xFF,
        0x05, 0x00, 0x2A, 0x00, 0x51, 0x00, 0x70, 0x00, 0x7A, 0x00, 0x69, 0x00, 0x3C, 0x00, 0xFE, 0xFF,
        0xC4, 0xFF, 0x9D, 0xFF, 0x90, 0xFF, 0x9F, 0xFF, 0xC9, 0xFF, 0x02, 0x00, 0x37, 0x00, 0x57, 0x00,
        0x60, 0x00, 0x54, 0x00, 0x38, 0x00, 0x19, 0x00, 0x04, 0x00, 0xFC, 0xFF, 0x06, 0x00, 0x19, 0x00,
        0x27, 0x00, 0x26, 0x00, 0x14, 0x00, 0xF4, 0xFF, 0xCA, 0xFF, 0xA1, 0xFF, 0x8D, 0xFF, 0x92, 0xFF,
        0xB0, 0xFF, 0xE6, 0xFF, 0x27, 0x00, 0x5B, 0x00, 0x79, 0x00, 0x77, 0x00, 0x5B, 0x00, 0x2F, 0x00,
        0xFC, 0xFF, 0xD6, 0xFF, 0xC7, 0xFF, 0xC5, 0xFF, 0xD7, 0xFF, 0xF4, 0xFF, 0x07, 0x00, 0x0E, 0x00,
        0x0B, 0x00, 0xFB, 0xFF, 0xE9, 0xFF, 0xE2, 0xFF, 0xEC, 0xFF, 0x09, 0x00, 0x34, 0x00, 0x62, 0x00,
        0x81, 0x00, 0x85, 0x00, 0x70, 0x00, 0x40, 0x00, 0x03, 0x00, 0xCB, 0xFF, 0xA2, 0xFF, 0x92, 0xFF,
        0xA1, 0xFF, 0xC5, 0xFF, 0xF2, 0xFF, 0x1B, 0x00, 0x34, 0x00, 0x39, 0x00, 0x2B, 0x00, 0x16, 0x00,
        0x06, 0x00, 0xFF, 0xFF, 0x06, 0x00, 0x1A, 0x00, 0x31, 0x00, 0x3E, 0x00, 0x39, 0x00, 0x1F, 0x00,
        0xF5, 0xFF, 0xC5, 0xFF, 0x9D, 0xFF, 0x8A, 0xFF, 0x94, 0xFF, 0xB8, 0xFF, 0xF0, 0xFF, 0x2D, 0x00,
        0x5D, 0x00, 0x76, 0x00, 0x76, 0x00, 0x5E, 0x00, 0x34, 0x00, 0x09, 0x00, 0xEB, 0xFF, 0xE0, 0xFF,
        0xE4, 0xFF, 0xF3, 0xFF, 0x04, 0x00, 0x0A, 0x00, 0x00, 0x00, 0xE9, 0xFF, 0xCF, 0xFF, 0xBB, 0xFF,
        0xB5, 0xFF, 0xC6, 0xFF, 0xED, 0xFF, 0x1E, 0x00, 0x52, 0x00, 0x78, 0x00, 0x81, 0x00, 0x6B, 0x00,
        0x3C, 0x00, 0x01, 0x00, 0xCC, 0xFF, 0xA6, 0xFF, 0x96, 0xFF, 0xA3, 0xFF, 0xC3, 0xFF, 0xE9, 0xFF,
        0x0A, 0x00, 0x1E, 0x00, 0x20, 0x00, 0x17, 0x00, 0x0C, 0x00, 0x05, 0x00, 0x09, 0x00, 0x20, 0x00,
        0x3F, 0x00, 0x5A, 0x00, 0x6A, 0x00, 0x62, 0x00, 0x43, 0x00, 0x12, 0x00, 0xDA, 0xFF, 0xAD, 0xFF,
        0x96, 0xFF, 0x96, 0xFF, 0xB2, 0xFF, 0xE3, 0xFF, 0x17, 0x00, 0x43, 0x00, 0x5B, 0x00, 0x5C, 0x00,
        0x4B, 0x00, 0x2B, 0x00, 0x0A, 0x00, 0xF5, 0xFF, 0xEF, 0xFF, 0xF6, 0xFF, 0x03, 0x00, 0x09, 0x00,
        0x04, 0x00, 0xF1, 0xFF, 0xD5, 0xFF, 0xB6, 0xFF, 0xA0, 0xFF, 0x9D, 0xFF, 0xB1, 0xFF, 0xD9, 0xFF,
        0x10, 0x00, 0x46, 0x00, 0x6C, 0x00, 0x7B, 0x00, 0x6D, 0x00, 0x46, 0x00, 0x16, 0x00, 0xE7, 0xFF,
        0xC6, 0xFF, 0xB8, 0xFF, 0xC4, 0xFF, 0xDE, 0xFF, 0xF5, 0xFF, 0x07, 0x00, 0x10, 0x00, 0x0A, 0x00,
        0xFD, 0xFF, 0xF2, 0xFF, 0xEF, 0xFF, 0xFC, 0xFF, 0x1B, 0x00, 0x41, 0x00, 0x60, 0x00, 0x70, 0x00,
        0x68, 0x00, 0x47, 0x00, 0x12, 0x00, 0xD8, 0xFF, 0xA9, 0xFF, 0x90, 0xFF, 0x8F, 0xFF, 0xA9, 0xFF,
        0xD5, 0xFF, 0x03, 0x00, 0x2B, 0x00, 0x44, 0x00, 0x44, 0x00, 0x36, 0x00, 0x20, 0x00, 0x0C, 0x00,
        0x05, 0x00, 0x09, 0x00, 0x16, 0x00, 0x25, 0x00, 0x2A, 0x00, 0x24, 0x00, 0x0F, 0x00, 0xEA, 0xFF,
        0xC4, 0xFF, 0xA7, 0xFF, 0x9E, 0xFF, 0xB1, 0xFF, 0xDB, 0xFF, 0x0F, 0x00, 0x43, 0x00, 0x6B, 0x00,
        0x7C, 0x00, 0x70, 0x00, 0x4B, 0x00, 0x1B, 0x00, 0xEE, 0xFF, 0xD0, 0xFF, 0xC2, 0xFF, 0xC7, 0xFF,
        0xD9, 0xFF, 0xEB, 0xFF, 0xF5, 0xFF, 0xF7, 0xFF, 0xED, 0xFF, 0xDC, 0xFF, 0xD1, 0xFF, 0xD1, 0xFF,
        0xE1, 0xFF, 0x04, 0x00, 0x2D, 0x00, 0x52, 0x00, 0x6A, 0x00, 0x67, 0x00, 0x4A, 0x00, 0x1B, 0x00,
        0xE4, 0xFF, 0xB5, 0xFF, 0x9B, 0xFF, 0x99, 0xFF, 0xAD, 0xFF, 0xD4, 0xFF, 0x01, 0x00, 0x25, 0x00,
        0x3A, 0x00, 0x3E, 0x00, 0x35, 0x00, 0x26, 0x00, 0x1A, 0x00, 0x1B, 0x00, 0x25, 0x00, 0x33, 0x00,
        0x43, 0x00, 0x48, 0x00, 0x3A, 0x00, 0x1C, 0x00, 0xF0, 0xFF, 0xC3, 0xFF, 0xA5, 0xFF, 0x98, 0xFF,
        0xA5, 0xFF, 0xC9, 0xFF, 0xFA, 0xFF, 0x2E, 0x00, 0x55, 0x00, 0x67, 0x00, 0x62, 0x00, 0x45, 0x00,
        0x1D, 0x00, 0xFA, 0xFF, 0xE0, 0xFF, 0xD7, 0xFF, 0xDE, 0xFF, 0xEB, 0xFF, 0xF5, 0xFF, 0xF6, 0xFF,
        0xEE, 0xFF, 0xDD, 0xFF, 0xC7, 0xFF, 0xBA, 0xFF, 0xBE, 0xFF, 0xD5, 0xFF, 0xFE, 0xFF, 0x32, 0x00,
        0x61, 0x00, 0x7D, 0x00, 0x7E, 0x00, 0x63, 0x00, 0x34, 0x00, 0xFD, 0xFF, 0xCD, 0xFF, 0xAE, 0xFF,
        0xA6, 0xFF, 0xB4, 0xFF, 0xD2, 0xFF, 0xF6, 0xFF, 0x13, 0x00, 0x1F, 0x00, 0x1C, 0x00, 0x11, 0x00,
        0x02, 0x00, 0xFC, 0xFF, 0x08, 0x00, 0x1C, 0x00, 0x34, 0x00, 0x4C, 0x00, 0x55, 0x00, 0x47, 0x00,
        0x25, 0x00, 0xF3, 0xFF, 0xBE, 0xFF, 0x98, 0xFF, 0x88, 0xFF, 0x93, 0xFF, 0xB8, 0xFF, 0xE9, 0xFF,
        0x1D, 0x00, 0x4B, 0x00, 0x61, 0x00, 0x5F, 0x00, 0x4C, 0x00, 0x2F, 0x00, 0x14, 0x00, 0x01, 0x00,
        0xFE, 0xFF, 0x08, 0x00, 0x14, 0x00, 0x1B, 0x00, 0x17, 0x00, 0x02, 0x00, 0xE6, 0xFF, 0xCA, 0xFF,
        0xB3, 0xFF, 0xB2, 0xFF, 0xC9, 0xFF, 0xF1, 0xFF, 0x23, 0x00, 0x55, 0x00, 0x76, 0x00, 0x7C, 0x00,
        0x65, 0x00, 0x38, 0x00, 0x04, 0x00, 0xD5, 0xFF, 0xB5, 0xFF, 0xAB, 0xFF, 0xB6, 0xFF, 0xCF, 0xFF,
        0xEA, 0xFF, 0xFC, 0xFF, 0x00, 0x00, 0xF9, 0xFF, 0xED, 0xFF, 0xDF, 0xFF, 0xE0, 0xFF, 0xF4, 0xFF,
        0x12, 0x00, 0x36, 0x00, 0x57, 0x00, 0x66, 0x00, 0x5B, 0x00, 0x38, 0x00, 0x05, 0x00, 0xCE, 0xFF,
        0xA6, 0xFF, 0x96, 0xFF, 0x9F, 0xFF, 0xBF, 0xFF, 0xEC, 0xFF, 0x1B, 0x00, 0x40, 0x00, 0x52, 0x00,
        0x4F, 0x00, 0x3D, 0x00, 0x23, 0x00, 0x0F, 0x00, 0x0A, 0x00, 0x11, 0x00, 0x22, 0x00, 0x2F, 0x00,
        0x30, 0x00, 0x25, 0x00, 0x05, 0x00, 0xDA, 0xFF, 0xB5, 0xFF, 0x9C, 0xFF, 0x9A, 0xFF, 0xB5, 0xFF,
        0xE0, 0xFF, 0x15, 0x00, 0x49, 0x00, 0x6C, 0x00, 0x75, 0x00, 0x60, 0x00, 0x35, 0x00, 0x06, 0x00,
        0xDE, 0xFF, 0xC4, 0xFF, 0xC1, 0xFF, 0xD0, 0xFF, 0xE5, 0xFF, 0xF8, 0xFF, 0x04, 0x00, 0x01, 0x00,
        0xEF, 0xFF, 0xDC, 0xFF, 0xD1, 0xFF, 0xD6, 0xFF, 0xEE, 0xFF, 0x15, 0x00, 0x42, 0x00, 0x68, 0x00,
        0x79, 0x00, 0x6D, 0x00, 0x45, 0x00, 0x0A, 0x00, 0xD0, 0xFF, 0xA4, 0xFF, 0x90, 0xFF, 0x97, 0xFF,
        0xB2, 0xFF, 0xDB, 0xFF, 0x06, 0x00, 0x26, 0x00, 0x30, 0x00, 0x28, 0x00, 0x16, 0x00, 0x04, 0x00,
        0xFC, 0xFF, 0x01, 0x00, 0x12, 0x00, 0x29, 0x00, 0x3B, 0x00, 0x3C, 0x00, 0x2A, 0x00, 0x04, 0x00,
        0xD4, 0xFF, 0xAD, 0xFF, 0x93, 0xFF, 0x8F, 0xFF, 0xAC, 0xFF, 0xDA, 0xFF, 0x10, 0x00, 0x48, 0x00,
        0x6F, 0x00, 0x78, 0x00, 0x66, 0x00, 0x42, 0x00, 0x1C, 0x00, 0xFD, 0xFF, 0xEA, 0xFF, 0xE9, 0xFF,
        0xF6, 0xFF, 0x03, 0x00, 0x0B, 0x00, 0x05, 0x00, 0xF2, 0xFF, 0xD9, 0xFF, 0xC1, 0xFF, 0xB7, 0xFF,
        0xC1, 0xFF, 0xDF, 0xFF, 0x0C, 0x00, 0x3F, 0x00, 0x67, 0x00, 0x76, 0x00, 0x6B, 0x00, 0x45, 0x00,
        0x0D, 0x00, 0xD5, 0xFF, 0xAB, 0xFF, 0x96, 0xFF, 0x9A, 0xFF, 0xB3, 0xFF, 0xD6, 0xFF, 0xF6, 0xFF,
        0x0A, 0x00, 0x0F, 0x00, 0x07, 0x00, 0xF7, 0xFF, 0xEE, 0xFF, 0xF3, 0xFF, 0x06, 0x00, 0x25, 0x00,
        0x45, 0x00, 0x5B, 0x00, 0x5A, 0x00, 0x42, 0x00, 0x14, 0x00, 0xDB, 0xFF, 0xAB, 0xFF, 0x8F, 0xFF,
        0x8C, 0xFF, 0xA5, 0xFF, 0xD3, 0xFF, 0x05, 0x00, 0x36, 0x00, 0x57, 0x00, 0x5B, 0x00, 0x4C, 0x00,
        0x2F, 0x00, 0x0F, 0x00, 0xFC, 0xFF, 0xF5, 0xFF, 0xFD, 0xFF, 0x0D, 0x00, 0x15, 0x00, 0x13, 0x00,
        0x04, 0x00, 0xE7, 0xFF, 0xC5, 0xFF, 0xA7, 0xFF, 0x9B, 0xFF, 0xAB, 0xFF, 0xCD, 0xFF, 0xFE, 0xFF,
        0x36, 0x00, 0x63, 0x00, 0x77, 0x00, 0x70, 0x00, 0x4E, 0x00, 0x1D, 0x00, 0xEE, 0xFF, 0xC8, 0xFF,
        0xB6, 0xFF, 0xBC, 0xFF, 0xD1, 0xFF, 0xEA, 0xFF, 0x00, 0x00, 0x09, 0x00, 0x02, 0x00, 0xF4, 0xFF,
        0xE4, 0xFF, 0xDD, 0xFF, 0xE9, 0xFF, 0x03, 0x00, 0x26, 0x00, 0x49, 0x00, 0x5F, 0x00, 0x5F, 0x00,
        0x43, 0x00, 0x12, 0x00, 0xDA, 0xFF, 0xA8, 0xFF, 0x88, 0xFF, 0x84, 0xFF, 0x97, 0xFF, 0xBB, 0xFF,
        0xE8, 0xFF, 0x12, 0x00, 0x2C, 0x00, 0x31, 0x00, 0x25, 0x00, 0x12, 0x00, 0x00, 0x00, 0xFA, 0xFF,
        0x01, 0x00, 0x0F, 0x00, 0x21, 0x00, 0x2A, 0x00, 0x21, 0x00, 0x0A, 0x00, 0xE9, 0xFF, 0xC5, 0xFF,
        0xA7, 0xFF, 0x9B, 0xFF, 0xAD, 0xFF, 0xD4, 0xFF, 0x03, 0x00, 0x38, 0x00, 0x64, 0x00, 0x77, 0x00,
        0x70, 0x00, 0x53, 0x00, 0x26, 0x00, 0xFB, 0xFF, 0xDF, 0xFF, 0xD3, 0xFF, 0xD5, 0xFF, 0xE2, 0xFF,
        0xF1, 0xFF, 0xF9, 0xFF, 0xF4, 0xFF, 0xE5, 0xFF, 0xD2, 0xFF, 0xC4, 0xFF, 0xC2, 0xFF, 0xD4, 0xFF,
        0xF6, 0xFF, 0x21, 0x00, 0x4A, 0x00, 0x63, 0x00, 0x64, 0x00, 0x4C, 0x00, 0x1B, 0x00, 0xE1, 0xFF,
        0xB0, 0xFF, 0x92, 0xFF, 0x8D, 0xFF, 0xA0, 0xFF, 0xC0, 0xFF, 0xE8, 0xFF, 0x0B, 0x00, 0x21, 0x00,
        0x26, 0x00, 0x1B, 0x00, 0x0B, 0x00, 0x04, 0x00, 0x07, 0x00, 0x14, 0x00, 0x2B, 0x00, 0x3E, 0x00,
        0x42, 0x00, 0x35, 0x00, 0x17, 0x00, 0xEB, 0xFF, 0xBC, 0xFF, 0x98, 0xFF, 0x87, 0xFF, 0x94, 0xFF,
        0xB6, 0xFF, 0xE3, 0xFF, 0x19, 0x00, 0x47, 0x00, 0x5B, 0x00, 0x5A, 0x00, 0x43, 0x00, 0x1E, 0x00,
        0xFD, 0xFF, 0xE6, 0xFF, 0xDD, 0xFF, 0xE4, 0xFF, 0xEF, 0xFF, 0xF6, 0xFF, 0xF7, 0xFF, 0xEC, 0xFF,
        0xD8, 0xFF, 0xC4, 0xFF, 0xB7, 0xFF, 0xB8, 0xFF, 0xCB, 0xFF, 0xF1, 0xFF, 0x25, 0x00, 0x54, 0x00,
        0x72, 0x00, 0x7A, 0x00, 0x64, 0x00, 0x38, 0x00, 0x08, 0x00, 0xDA, 0xFF, 0xB6, 0xFF, 0xAC, 0xFF,
        0xB9, 0xFF, 0xCD, 0xFF, 0xE6, 0xFF, 0xFD, 0xFF, 0x09, 0x00, 0x07, 0x00, 0xFC, 0xFF, 0xF1, 0xFF,
        0xEF, 0xFF, 0xF8, 0xFF, 0x0C, 0x00, 0x26, 0x00, 0x3D, 0x00, 0x45, 0x00, 0x38, 0x00, 0x17, 0x00,
        0xEA, 0xFF, 0xB9, 0xFF, 0x90, 0xFF, 0x7D, 0xFF, 0x81, 0xFF, 0x9E, 0xFF, 0xCD, 0xFF, 0xFE, 0xFF,
        0x26, 0x00, 0x3B, 0x00, 0x3D, 0x00, 0x30, 0x00, 0x1A, 0x00, 0x04, 0x00, 0xF8, 0xFF, 0xF9, 0xFF,
        0x05, 0x00, 0x12, 0x00, 0x15, 0x00, 0x0E, 0x00, 0xFA, 0xFF, 0xDD, 0xFF, 0xC0, 0xFF, 0xAC, 0xFF,
        0xA9, 0xFF, 0xBF, 0xFF, 0xE9, 0xFF, 0x1B, 0x00, 0x4A, 0x00, 0x6A, 0x00, 0x75, 0x00, 0x63, 0x00,
        0x3A, 0x00, 0x0E, 0x00, 0xE4, 0xFF, 0xC2, 0xFF, 0xB7, 0xFF, 0xBE, 0xFF, 0xCE, 0xFF, 0xE4, 0xFF,
        0xF4, 0xFF, 0xF5, 0xFF, 0xEE, 0xFF, 0xE4, 0xFF, 0xD7, 0xFF, 0xD7, 0xFF, 0xE9, 0xFF, 0x04, 0x00,
        0x29, 0x00, 0x49, 0x00, 0x55, 0x00, 0x4F, 0x00, 0x33, 0x00, 0x03, 0x00, 0xCF, 0xFF, 0xA5, 0xFF,
        0x8F, 0xFF, 0x91, 0xFF, 0xA8, 0xFF, 0xD0, 0xFF, 0xFD, 0xFF, 0x22, 0x00, 0x37, 0x00, 0x37, 0x00,
        0x28, 0x00, 0x14, 0x00, 0x03, 0x00, 0xFB, 0xFF, 0x02, 0x00, 0x10, 0x00, 0x1B, 0x00, 0x1D, 0x00,
        0x11, 0x00, 0xF6, 0xFF, 0xD2, 0xFF, 0xAD, 0xFF, 0x91, 0xFF, 0x8B, 0xFF, 0x9F, 0xFF, 0xC6, 0xFF,
        0xF9, 0xFF, 0x2B, 0x00, 0x50, 0x00, 0x5E, 0x00, 0x53, 0x00, 0x35, 0x00, 0x0C, 0x00, 0xE6, 0xFF,
        0xCD, 0xFF, 0xC7, 0xFF, 0xCF, 0xFF, 0xDF, 0xFF, 0xEF, 0xFF, 0xF6, 0xFF, 0xF3, 0xFF, 0xE8, 0xFF,
        0xDA, 0xFF, 0xD2, 0xFF, 0xD7, 0xFF, 0xED, 0xFF, 0x12, 0x00, 0x3B, 0x00, 0x61, 0x00, 0x75, 0x00,
        0x6C, 0x00, 0x4C, 0x00, 0x1D, 0x00, 0xE5, 0xFF, 0xB4, 0xFF, 0x9A, 0xFF, 0x9A, 0xFF, 0xAD, 0xFF,
        0xCF, 0xFF, 0xF4, 0xFF, 0x0F, 0x00, 0x1E, 0x00, 0x1D, 0x00, 0x0C, 0x00, 0xFA, 0xFF, 0xF2, 0xFF,
        0xF6, 0xFF, 0x06, 0x00, 0x1C, 0x00, 0x2C, 0x00, 0x2E, 0x00, 0x1C, 0x00, 0xF9, 0xFF, 0xCD, 0xFF,
        0xA4, 0xFF, 0x86, 0xFF, 0x7E, 0xFF, 0x90, 0xFF, 0xB8, 0xFF, 0xEE, 0xFF, 0x26, 0x00, 0x4C, 0x00,
        0x5C, 0x00, 0x56, 0x00, 0x3A, 0x00, 0x17, 0x00, 0xFB, 0xFF, 0xE7, 0xFF, 0xE2, 0xFF, 0xED, 0xFF,
        0xFB, 0xFF, 0x04, 0x00, 0x02, 0x00, 0xF2, 0xFF, 0xDB, 0xFF, 0xC3, 0xFF, 0xB3, 0xFF, 0xB6, 0xFF,
        0xD1, 0xFF, 0xFB, 0xFF, 0x2B, 0x00, 0x57, 0x00, 0x6F, 0x00, 0x6D, 0x00, 0x51, 0x00, 0x21, 0x00,
        0xE9, 0xFF, 0xBB, 0xFF, 0xA2, 0xFF, 0x9D, 0xFF, 0xAC, 0xFF, 0xCC, 0xFF, 0xEA, 0xFF, 0xFE, 0xFF,
        0x07, 0x00, 0x02, 0x00, 0xF5, 0xFF, 0xEE, 0xFF, 0xEF, 0xFF, 0xFB, 0xFF, 0x17, 0x00, 0x38, 0x00,
        0x4E, 0x00, 0x54, 0x00, 0x45, 0x00, 0x1E, 0x00, 0xEB, 0xFF, 0xBB, 0xFF, 0x98, 0xFF, 0x8B, 0xFF,
        0x99, 0xFF, 0xBE, 0xFF, 0xEC, 0xFF, 0x18, 0x00, 0x3C, 0x00, 0x4A, 0x00, 0x41, 0x00, 0x2A, 0x00,
        0x0B, 0x00, 0xF1, 0xFF, 0xE9, 0xFF, 0xEF, 0xFF, 0xFA, 0xFF, 0x05, 0x00, 0x05, 0x00, 0xF6, 0xFF,
        0xDD, 0xFF, 0xBD, 0xFF, 0x9E, 0xFF, 0x8E, 0xFF, 0x94, 0xFF, 0xB1, 0xFF, 0xE1, 0xFF, 0x1A, 0x00,
        0x4B, 0x00, 0x66, 0x00, 0x66, 0x00, 0x4C, 0x00, 0x21, 0x00, 0xF3, 0xFF, 0xCE, 0xFF, 0xB9, 0xFF,
        0xBC, 0xFF, 0xD0, 0xFF, 0xE7, 0xFF, 0xFC, 0xFF, 0x07, 0x00, 0x05, 0x00, 0xF8, 0xFF, 0xE7, 0xFF,
        0xDD, 0xFF, 0xE3, 0xFF, 0xFB, 0xFF, 0x22, 0x00, 0x4A, 0x00, 0x64, 0x00, 0x68, 0x00, 0x55, 0x00,
        0x27, 0x00, 0xEF, 0xFF, 0xBD, 0xFF, 0x93, 0xFF, 0x82, 0xFF, 0x92, 0xFF, 0xB5, 0xFF, 0xE0, 0xFF,
        0x0B, 0x00, 0x25, 0x00, 0x2B, 0x00, 0x21, 0x00, 0x0D, 0x00, 0xF8, 0xFF, 0xED, 0xFF, 0xEF, 0xFF,
        0xFB, 0xFF, 0x0E, 0x00, 0x1E, 0x00, 0x1D, 0x00, 0x09, 0x00, 0xE7, 0xFF, 0xBE, 0xFF, 0x9A, 0xFF,
        0x88, 0xFF, 0x8F, 0xFF, 0xAD, 0xFF, 0xE1, 0xFF, 0x19, 0x00, 0x46, 0x00, 0x64, 0x00, 0x66, 0x00,
        0x4D, 0x00, 0x27, 0x00, 0xFE, 0xFF, 0xDB, 0xFF, 0xCA, 0xFF, 0xCB, 0xFF, 0xD7, 0xFF, 0xEA, 0xFF,
        0xF5, 0xFF, 0xF2, 0xFF, 0xE4, 0xFF, 0xD1, 0xFF, 0xC0, 0xFF, 0xBA, 0xFF, 0xC6, 0xFF, 0xE7, 0xFF,
        0x13, 0x00, 0x3C, 0x00, 0x5B, 0x00, 0x64, 0x00, 0x4F, 0x00, 0x25, 0x00, 0xF1, 0xFF, 0xBE, 0xFF,
        0x9B, 0xFF, 0x8F, 0xFF, 0x9A, 0xFF, 0xB8, 0xFF, 0xDF, 0xFF, 0x00, 0x00, 0x15, 0x00, 0x1A, 0x00,
        0x13, 0x00, 0x06, 0x00, 0xFC, 0xFF, 0xFF, 0xFF, 0x0F, 0x00, 0x24, 0x00, 0x39, 0x00, 0x44, 0x00,
        0x3D, 0x00, 0x21, 0x00, 0xF6, 0xFF, 0xC6, 0xFF, 0x9D, 0xFF, 0x87, 0xFF, 0x8A, 0xFF, 0xA7, 0xFF,
        0xD5, 0xFF, 0x09, 0x00, 0x33, 0x00, 0x48, 0x00, 0x49, 0x00, 0x37, 0x00, 0x16, 0x00, 0xF7, 0xFF,
        0xE1, 0xFF, 0xD7, 0xFF, 0xDB, 0xFF, 0xE4, 0xFF, 0xEC, 0xFF, 0xED, 0xFF, 0xE1, 0xFF, 0xC9, 0xFF,
        0xB0, 0xFF, 0x9D, 0xFF, 0x99, 0xFF, 0xAE, 0xFF, 0xD4, 0xFF, 0x04, 0x00, 0x38, 0x00, 0x5F, 0x00,
        0x6B, 0x00, 0x5D, 0x00, 0x38, 0x00, 0x06, 0x00, 0xD7, 0xFF, 0xB8, 0xFF, 0xAA, 0xFF, 0xB1, 0xFF,
        0xC9, 0xFF, 0xE6, 0xFF, 0xFC, 0xFF, 0x08, 0x00, 0x06, 0x00, 0xFB, 0xFF, 0xF0, 0xFF, 0xEC, 0xFF,
        0xF4, 0xFF, 0x0A, 0x00, 0x27, 0x00, 0x42, 0x00, 0x51, 0x00, 0x4A, 0x00, 0x2C, 0x00, 0xFF, 0xFF,
        0xCC, 0xFF, 0x9D, 0xFF, 0x85, 0xFF, 0x86, 0xFF, 0x9C, 0xFF, 0xC4, 0xFF, 0xF2, 0xFF, 0x17, 0x00,
        0x2F, 0x00, 0x35, 0x00, 0x25, 0x00, 0x0E, 0x00, 0xFC, 0xFF, 0xF2, 0xFF, 0xF2, 0xFF, 0xFC, 0xFF,
        0x08, 0x00, 0x0C, 0x00, 0x05, 0x00, 0xF3, 0xFF, 0xD5, 0xFF, 0xB5, 0xFF, 0xA0, 0xFF, 0x9B, 0xFF,
        0xAB, 0xFF, 0xD0, 0xFF, 0x00, 0x00, 0x2E, 0x00, 0x51, 0x00, 0x5F, 0x00, 0x53, 0x00, 0x32, 0x00,
        0x07, 0x00, 0xDF, 0xFF, 0xC2, 0xFF, 0xB6, 0xFF, 0xBA, 0xFF, 0xC9, 0xFF, 0xD9, 0xFF, 0xE4, 0xFF,
        0xE8, 0xFF, 0xE2, 0xFF, 0xD5, 0xFF, 0xCB, 0xFF, 0xCC, 0xFF, 0xDD, 0xFF, 0xFD, 0xFF, 0x22, 0x00,
        0x43, 0x00, 0x53, 0x00, 0x4E, 0x00, 0x33, 0x00, 0x05, 0x00, 0xD4, 0xFF, 0xAE, 0xFF, 0x97, 0xFF,
        0x95, 0xFF, 0xAC, 0xFF, 0xD1, 0xFF, 0xF9, 0xFF, 0x1A, 0x00, 0x2C, 0x00, 0x2F, 0x00, 0x24, 0x00,
        0x13, 0x00, 0x06, 0x00, 0x03, 0x00, 0x0A, 0x00, 0x1A, 0x00, 0x26, 0x00, 0x27, 0x00, 0x1A, 0x00,
        0xFD, 0xFF, 0xD5, 0xFF, 0xB0, 0xFF, 0x97, 0xFF, 0x8E, 0xFF, 0x9A, 0xFF, 0xBF, 0xFF, 0xEF, 0xFF,
        0x1D, 0x00, 0x42, 0x00, 0x53, 0x00, 0x49, 0x00, 0x2D, 0x00, 0x09, 0x00, 0xE3, 0xFF, 0xCB, 0xFF,
        0xC4, 0xFF, 0xC5, 0xFF, 0xD1, 0xFF, 0xE0, 0xFF, 0xE4, 0xFF, 0xDF, 0xFF, 0xD4, 0xFF, 0xC4, 0xFF,
        0xBD, 0xFF, 0xC1, 0xFF, 0xD3, 0xFF, 0xF9, 0xFF, 0x24, 0x00, 0x47, 0x00, 0x5F, 0x00, 0x60, 0x00,
        0x46, 0x00, 0x1A, 0x00, 0xE8, 0xFF, 0xBC, 0xFF, 0xA1, 0xFF, 0x9B, 0xFF, 0xA9, 0xFF, 0xC3, 0xFF,
        0xE2, 0xFF, 0xFF, 0xFF, 0x10, 0x00, 0x12, 0x00, 0x0C, 0x00, 0x02, 0x00, 0xFB, 0xFF, 0xFE, 0xFF,
        0x0F, 0x00, 0x22, 0x00, 0x2F, 0x00, 0x33, 0x00, 0x27, 0x00, 0x07, 0x00, 0xDE, 0xFF, 0xB5, 0xFF,
        0x95, 0xFF, 0x88, 0xFF, 0x95, 0xFF, 0xB7, 0xFF, 0xE3, 0xFF, 0x12, 0x00, 0x39, 0x00, 0x4C, 0x00,
        0x4B, 0x00, 0x38, 0x00, 0x1A, 0x00, 0x02, 0x00, 0xF2, 0xFF, 0xEC, 0xFF, 0xF0, 0xFF, 0xF7, 0xFF,
        0xF9, 0xFF, 0xF3, 0xFF, 0xE2, 0xFF, 0xCC, 0xFF, 0xB7, 0xFF, 0xA7, 0xFF, 0xA9, 0xFF, 0xBE, 0xFF,
        0xE4, 0xFF, 0x14, 0x00, 0x3E, 0x00, 0x57, 0x00, 0x58, 0x00, 0x43, 0x00, 0x1B, 0x00, 0xEE, 0xFF,
        0xC4, 0xFF, 0xA8, 0xFF, 0x9F, 0xFF, 0xA9, 0xFF, 0xBF, 0xFF, 0xD8, 0xFF, 0xEB, 0xFF, 0xF3, 0xFF,
        0xF2, 0xFF, 0xEB, 0xFF, 0xE2, 0xFF, 0xE4, 0xFF, 0xF6, 0xFF, 0x11, 0x00, 0x2F, 0x00, 0x4A, 0x00,
        0x55, 0x00, 0x47, 0x00, 0x24, 0x00, 0xF6, 0xFF, 0xC7, 0xFF, 0xA2, 0xFF, 0x91, 0xFF, 0x99, 0xFF,
        0xB5, 0xFF, 0xE1, 0xFF, 0x0E, 0x00, 0x30, 0x00, 0x41, 0x00, 0x3D, 0x00, 0x2C, 0x00, 0x16, 0x00,
        0x02, 0x00, 0xF8, 0xFF, 0xFA, 0xFF, 0x01, 0x00, 0x0B, 0x00, 0x10, 0x00, 0x02, 0x00, 0xE6, 0xFF,
        0xC9, 0xFF, 0xAB, 0xFF, 0x97, 0xFF, 0x98, 0xFF, 0xAD, 0xFF, 0xD3, 0xFF, 0x05, 0x00, 0x32, 0x00,
        0x51, 0x00, 0x5B, 0x00, 0x4A, 0x00, 0x26, 0x00, 0xFA, 0xFF, 0xD6, 0xFF, 0xBF, 0xFF, 0xB9, 0xFF,
        0xC2, 0xFF, 0xD3, 0xFF, 0xE5, 0xFF, 0xF2, 0xFF, 0xF2, 0xFF, 0xE7, 0xFF, 0xDB, 0xFF, 0xD5, 0xFF,
        0xDA, 0xFF, 0xEE, 0xFF, 0x0C, 0x00, 0x30, 0x00, 0x4E, 0x00, 0x58, 0x00, 0x4D, 0x00, 0x2B, 0x00,
        0xF8, 0xFF, 0xC5, 0xFF, 0x9C, 0xFF, 0x89, 0xFF, 0x8F, 0xFF, 0xA9, 0xFF, 0xCE, 0xFF, 0xF5, 0xFF,
        0x12, 0x00, 0x21, 0x00, 0x20, 0x00, 0x13, 0x00, 0x03, 0x00, 0xFA, 0xFF, 0xFD, 0xFF, 0x09, 0x00,
        0x18, 0x00, 0x24, 0x00, 0x23, 0x00, 0x15, 0x00, 0xF8, 0xFF, 0xD1, 0xFF, 0xAD, 0xFF, 0x98, 0xFF,
        0x9A, 0xFF, 0xB3, 0xFF, 0xDB, 0xFF, 0x10, 0x00, 0x41, 0x00, 0x60, 0x00, 0x67, 0x00, 0x57, 0x00,
        0x37, 0x00, 0x10, 0x00, 0xEF, 0xFF, 0xDC, 0xFF, 0xD8, 0xFF, 0xDE, 0xFF, 0xEB, 0xFF, 0xF2, 0xFF,
        0xEF, 0xFF, 0xE4, 0xFF, 0xCF, 0xFF, 0xBD, 0xFF, 0xB4, 0xFF, 0xB9, 0xFF, 0xD5, 0xFF, 0xFE, 0xFF,
        0x28, 0x00, 0x4D, 0x00, 0x5C, 0x00, 0x4C, 0x00, 0x29, 0x00, 0xFC, 0xFF, 0xC8, 0xFF, 0xA0, 0xFF,
        0x8F, 0xFF, 0x93, 0xFF, 0xA7, 0xFF, 0xC9, 0xFF, 0xEC, 0xFF, 0x03, 0x00, 0x0E, 0x00, 0x0D, 0x00,
        0x03, 0x00, 0xF8, 0xFF, 0xFA, 0xFF, 0x06, 0x00, 0x1B, 0x00, 0x35, 0x00, 0x46, 0x00, 0x43, 0x00,
        0x30, 0x00, 0x0B, 0x00, 0xDA, 0xFF, 0xB1, 0xFF, 0x97, 0xFF, 0x92, 0xFF, 0xA5, 0xFF, 0xCD, 0xFF,
        0xFB, 0xFF, 0x27, 0x00, 0x47, 0x00, 0x52, 0x00, 0x45, 0x00, 0x2B, 0x00, 0x0C, 0x00, 0xF3, 0xFF,
        0xE7, 0xFF, 0xE8, 0xFF, 0xEF, 0xFF, 0xF8, 0xFF, 0xFA, 0xFF, 0xEF, 0xFF, 0xD9, 0xFF, 0xBE, 0xFF,
        0xA9, 0xFF, 0xA2, 0xFF, 0xAC, 0xFF, 0xCC, 0xFF, 0xF8, 0xFF, 0x29, 0x00, 0x53, 0x00, 0x63, 0x00,
        0x5C, 0x00, 0x42, 0x00, 0x13, 0x00, 0xE5, 0xFF, 0xC6, 0xFF, 0xB5, 0xFF, 0xB6, 0xFF, 0xC7, 0xFF,
        0xDE, 0xFF, 0xF1, 0xFF, 0xFB, 0xFF, 0xFD, 0xFF, 0xF5, 0xFF, 0xE7, 0xFF, 0xE2, 0xFF, 0xEB, 0xFF,
        0x00, 0x00, 0x1E, 0x00, 0x3A, 0x00, 0x4C, 0x00, 0x4A, 0x00, 0x31, 0x00, 0x05, 0x00, 0xD0, 0xFF,
        0xA3, 0xFF, 0x8B, 0xFF, 0x87, 0xFF, 0x97, 0xFF, 0xBB, 0xFF, 0xEA, 0xFF, 0x11, 0x00, 0x26, 0x00,
        0x2C, 0x00, 0x25, 0x00, 0x14, 0x00, 0x03, 0x00, 0xF8, 0xFF, 0xF8, 0xFF, 0x04, 0x00, 0x12, 0x00,
        0x1B, 0x00, 0x17, 0x00, 0x02, 0x00, 0xE6, 0xFF, 0xC6, 0xFF, 0xAA, 0xFF, 0xA3, 0xFF, 0xB0, 0xFF,
        0xCF, 0xFF, 0x01, 0x00, 0x32, 0x00, 0x55, 0x00, 0x69, 0x00, 0x65, 0x00, 0x49, 0x00, 0x1F, 0x00,
        0xF5, 0xFF, 0xD5, 0xFF, 0xC5, 0xFF, 0xC7, 0xFF, 0xD4, 0xFF, 0xE2, 0xFF, 0xED, 0xFF, 0xEF, 0xFF,
        0xE4, 0xFF, 0xD5, 0xFF, 0xCA, 0xFF, 0xC8, 0xFF, 0xD4, 0xFF, 0xEE, 0xFF, 0x14, 0x00, 0x35, 0x00,
        0x48, 0x00, 0x4B, 0x00, 0x36, 0x00, 0x0B, 0x00, 0xDA, 0xFF, 0xAF, 0xFF, 0x93, 0xFF, 0x8E, 0xFF,
        0x9E, 0xFF, 0xBC, 0xFF, 0xE2, 0xFF, 0x05, 0x00, 0x1C, 0x00, 0x23, 0x00, 0x1C, 0x00, 0x0E, 0x00,
        0x07, 0x00, 0x06, 0x00, 0x0D, 0x00, 0x1C, 0x00, 0x2A, 0x00, 0x30, 0x00, 0x26, 0x00, 0x0B, 0x00,
        0xE7, 0xFF, 0xBF, 0xFF, 0xA1, 0xFF, 0x97, 0xFF, 0xA1, 0xFF, 0xBE, 0xFF, 0xEE, 0xFF, 0x1C, 0x00,
        0x41, 0x00, 0x55, 0x00, 0x50, 0x00, 0x38, 0x00, 0x19, 0x00, 0xFB, 0xFF, 0xE4, 0xFF, 0xD9, 0xFF,
        0xDC, 0xFF, 0xE7, 0xFF, 0xEF, 0xFF, 0xEF, 0xFF, 0xE5, 0xFF, 0xD5, 0xFF, 0xC6, 0xFF, 0xBB, 0xFF,
        0xBD, 0xFF, 0xD4, 0xFF, 0xF8, 0xFF, 0x22, 0x00, 0x4A, 0x00, 0x62, 0x00, 0x65, 0x00, 0x4F, 0x00,
        0x25, 0x00, 0xF6, 0xFF, 0xCB, 0xFF, 0xAD, 0xFF, 0xA4, 0xFF, 0xAF, 0xFF, 0xC7, 0xFF, 0xE2, 0xFF,
        0xF9, 0xFF, 0x06, 0x00, 0x05, 0x00, 0xFD, 0xFF, 0xF5, 0xFF, 0xF0, 0xFF, 0xF8, 0xFF, 0x0C, 0x00,
        0x22, 0x00, 0x34, 0x00, 0x3A, 0x00, 0x2F, 0x00, 0x10, 0x00, 0xE4, 0xFF, 0xB8, 0xFF, 0x95, 0xFF,
        0x83, 0xFF, 0x8C, 0xFF, 0xAB, 0xFF, 0xD5, 0xFF, 0x03, 0x00, 0x2B, 0x00, 0x42, 0x00, 0x44, 0x00,
        0x34, 0x00, 0x1E, 0x00, 0x09, 0x00, 0xFD, 0xFF, 0xF9, 0xFF, 0xFD, 0xFF, 0x06, 0x00, 0x0B, 0x00,
        0x04, 0x00, 0xF4, 0xFF, 0xDA, 0xFF, 0xC1, 0xFF, 0xB5, 0xFF, 0xB4, 0xFF, 0xC6, 0xFF, 0xEB, 0xFF,
        0x17, 0x00, 0x44, 0x00, 0x62, 0x00, 0x67, 0x00, 0x58, 0x00, 0x36, 0x00, 0x08, 0x00, 0xDE, 0xFF,
        0xC1, 0xFF, 0xB5, 0xFF, 0xBC, 0xFF, 0xCA, 0xFF, 0xDC, 0xFF, 0xEA, 0xFF, 0xF0, 0xFF, 0xED, 0xFF,
        0xE5, 0xFF, 0xDE, 0xFF, 0xE2, 0xFF, 0xF1, 0xFF, 0x08, 0x00, 0x27, 0x00, 0x41, 0x00, 0x4A, 0x00,
        0x40, 0x00, 0x25, 0x00, 0xFA, 0xFF, 0xCC, 0xFF, 0xA9, 0xFF, 0x98, 0xFF, 0x9B, 0xFF, 0xB1, 0xFF,
        0xD3, 0xFF, 0xF9, 0xFF, 0x1B, 0x00, 0x2F, 0x00, 0x2F, 0x00, 0x23, 0x00, 0x14, 0x00, 0x05, 0x00,
        0xFF, 0xFF, 0x04, 0x00, 0x0C, 0x00, 0x15, 0x00, 0x17, 0x00, 0x0A, 0x00, 0xF0, 0xFF, 0xCF, 0xFF,
        0xB2, 0xFF, 0xA0, 0xFF, 0x9F, 0xFF, 0xB3, 0xFF, 0xD8, 0xFF, 0x06, 0x00, 0x33, 0x00, 0x52, 0x00,
        0x5A, 0x00, 0x4F, 0x00, 0x34, 0x00, 0x10, 0x00, 0xED, 0xFF, 0xD4, 0xFF, 0xCE, 0xFF, 0xD5, 0xFF,
        0xE2, 0xFF, 0xF1, 0xFF, 0xF8, 0xFF, 0xF5, 0xFF, 0xEC, 0xFF, 0xDE, 0xFF, 0xD9, 0xFF, 0xE0, 0xFF,
        0xF3, 0xFF, 0x14, 0x00, 0x38, 0x00, 0x55, 0x00, 0x63, 0x00, 0x5A, 0x00, 0x3C, 0x00, 0x0E, 0x00,
        0xDC, 0xFF, 0xB3, 0xFF, 0x9C, 0xFF, 0x9C, 0xFF, 0xB0, 0xFF, 0xCE, 0xFF, 0xF0, 0xFF, 0x0C, 0x00,
        0x1B, 0x00, 0x1A, 0x00, 0x0F, 0x00, 0x03, 0x00, 0xFA, 0xFF, 0xFA, 0xFF, 0x06, 0x00, 0x14, 0x00,
        0x1E, 0x00, 0x23, 0x00, 0x16, 0x00, 0xF9, 0xFF, 0xD3, 0xFF, 0xAE, 0xFF, 0x98, 0xFF, 0x95, 0xFF,
        0xA5, 0xFF, 0xCA, 0xFF, 0xF9, 0xFF, 0x26, 0x00, 0x49, 0x00, 0x58, 0x00, 0x51, 0x00, 0x3C, 0x00,
        0x1D, 0x00, 0x01, 0x00, 0xEE, 0xFF, 0xE6, 0xFF, 0xEA, 0xFF, 0xF3, 0xFF, 0xFA, 0xFF, 0xFC, 0xFF,
        0xF0, 0xFF, 0xDE, 0xFF, 0xD0, 0xFF, 0xC7, 0xFF, 0xCB, 0xFF, 0xE3, 0xFF, 0x09, 0x00, 0x31, 0x00,
        0x53, 0x00, 0x66, 0x00, 0x61, 0x00, 0x43, 0x00, 0x1A, 0x00, 0xED, 0xFF, 0xC3, 0xFF, 0xAB, 0xFF,
        0xA8, 0xFF, 0xB4, 0xFF, 0xCD, 0xFF, 0xEC, 0xFF, 0x00, 0x00, 0x0A, 0x00, 0x0A, 0x00, 0x02, 0x00,
        0xFA, 0xFF, 0xFB, 0xFF, 0x08, 0x00, 0x1D, 0x00, 0x33, 0x00, 0x44, 0x00, 0x46, 0x00, 0x34, 0x00,
        0x12, 0x00, 0xE6, 0xFF, 0xBB, 0xFF, 0x9E, 0xFF, 0x93, 0xFF, 0x9E, 0xFF, 0xC2, 0xFF, 0xEE, 0xFF,
        0x19, 0x00, 0x3A, 0x00, 0x46, 0x00, 0x40, 0x00, 0x2D, 0x00, 0x12, 0x00, 0xFC, 0xFF, 0xF0, 0xFF,
        0xF2, 0xFF, 0xFC, 0xFF, 0x04, 0x00, 0x04, 0x00, 0xFB, 0xFF, 0xE7, 0xFF, 0xCD, 0xFF, 0xB5, 0xFF,
        0xA8, 0xFF, 0xAF, 0xFF, 0xCA, 0xFF, 0xF2, 0xFF, 0x22, 0x00, 0x4E, 0x00, 0x68, 0x00, 0x6A, 0x00,
        0x54, 0x00, 0x2E, 0x00, 0x03, 0x00, 0xDE, 0xFF, 0xC7, 0xFF, 0xC2, 0xFF, 0xD1, 0xFF, 0xE7, 0xFF,
        0xFB, 0xFF, 0x08, 0x00, 0x0A, 0x00, 0x04, 0x00, 0xFA, 0xFF, 0xF1, 0xFF, 0xF6, 0xFF, 0x09, 0x00,
        0x23, 0x00, 0x41, 0x00, 0x56, 0x00, 0x5A, 0x00, 0x4C, 0x00, 0x26, 0x00, 0xF4, 0xFF, 0xC5, 0xFF,
        0xA1, 0xFF, 0x95, 0xFF, 0xA1, 0xFF, 0xBC, 0xFF, 0xE3, 0xFF, 0x08, 0x00, 0x22, 0x00, 0x2F, 0x00,
        0x2B, 0x00, 0x1B, 0x00, 0x0C, 0x00, 0x01, 0x00, 0xFD, 0xFF, 0x03, 0x00, 0x10, 0x00, 0x1B, 0x00,
        0x1A, 0x00, 0x09, 0x00, 0xEC, 0xFF, 0xCC, 0xFF, 0xB3, 0xFF, 0xA4, 0xFF, 0xA9, 0xFF, 0xC6, 0xFF,
        0xF2, 0xFF, 0x24, 0x00, 0x4C, 0x00, 0x61, 0x00, 0x64, 0x00, 0x51, 0x00, 0x2D, 0x00, 0x08, 0x00,
        0xE9, 0xFF, 0xD7, 0xFF, 0xD6, 0xFF, 0xE1, 0xFF, 0xEF, 0xFF, 0xF9, 0xFF, 0xFA, 0xFF, 0xF1, 0xFF,
        0xE4, 0xFF, 0xD6, 0xFF, 0xD2, 0xFF, 0xDD, 0xFF, 0xF7, 0xFF, 0x1E, 0x00, 0x43, 0x00, 0x5B, 0x00,
        0x62, 0x00, 0x52, 0x00, 0x2D, 0x00, 0xFE, 0xFF, 0xD0, 0xFF, 0xAF, 0xFF, 0xA2, 0xFF, 0xAE, 0xFF,
        0xC9, 0xFF, 0xEB, 0xFF, 0x0C, 0x00, 0x24, 0x00, 0x2B, 0x00, 0x24, 0x00, 0x18, 0x00, 0x0D, 0x00,
        0x0B, 0x00, 0x13, 0x00, 0x21, 0x00, 0x32, 0x00, 0x3D, 0x00, 0x39, 0x00, 0x22, 0x00, 0xFC, 0xFF,
        0xD0, 0xFF, 0xAC, 0xFF, 0x97, 0xFF, 0x99, 0xFF, 0xB4, 0xFF, 0xDD, 0xFF, 0x0E, 0x00, 0x3A, 0x00,
        0x52, 0x00, 0x51, 0x00, 0x3F, 0x00, 0x23, 0x00, 0x04, 0x00, 0xEC, 0xFF, 0xDF, 0xFF, 0xE0, 0xFF,
        0xEB, 0xFF, 0xF7, 0xFF, 0xF9, 0xFF, 0xF1, 0xFF, 0xE0, 0xFF, 0xCE, 0xFF, 0xC1, 0xFF, 0xBF, 0xFF,
        0xCF, 0xFF, 0xF0, 0xFF, 0x1A, 0x00, 0x45, 0x00, 0x66, 0x00, 0x71, 0x00, 0x64, 0x00, 0x43, 0x00,
        0x17, 0x00, 0xEB, 0xFF, 0xC9, 0xFF, 0xBC, 0xFF, 0xC2, 0xFF, 0xD5, 0xFF, 0xEE, 0xFF, 0x04, 0x00,
        0x12, 0x00, 0x13, 0x00, 0x0B, 0x00, 0x03, 0x00, 0x00, 0x00, 0x05, 0x00, 0x17, 0x00, 0x30, 0x00,
        0x45, 0x00, 0x51, 0x00, 0x49, 0x00, 0x2B, 0x00, 0x03, 0x00, 0xD5, 0xFF, 0xAD, 0xFF, 0x9A, 0xFF,
        0x9A, 0xFF, 0xAE, 0xFF, 0xD5, 0xFF, 0x01, 0x00, 0x27, 0x00, 0x3B, 0x00, 0x3E, 0x00, 0x35, 0x00,
        0x21, 0x00, 0x0B, 0x00, 0x00, 0x00, 0xFE, 0xFF, 0x05, 0x00, 0x0F, 0x00, 0x15, 0x00, 0x10, 0x00,
        0xFB, 0xFF, 0xDF, 0xFF, 0xC6, 0xFF, 0xB3, 0xFF, 0xAF, 0xFF, 0xC1, 0xFF, 0xE2, 0xFF, 0x0E, 0x00,
        0x3B, 0x00, 0x5C, 0x00, 0x68, 0x00, 0x5A, 0x00, 0x3C, 0x00, 0x15, 0x00, 0xEC, 0xFF, 0xD0, 0xFF,
        0xC7, 0xFF, 0xCA, 0xFF, 0xD9, 0xFF, 0xEF, 0xFF, 0xFD, 0xFF, 0xFD, 0xFF, 0xF7, 0xFF, 0xEF, 0xFF,
        0xE6, 0xFF, 0xE5, 0xFF, 0xF6, 0xFF, 0x12, 0x00, 0x33, 0x00, 0x4F, 0x00, 0x5E, 0x00, 0x5A, 0x00,
        0x41, 0x00, 0x18, 0x00, 0xEB, 0xFF, 0xC6, 0xFF, 0xAD, 0xFF, 0xAB, 0xFF, 0xBD, 0xFF, 0xDD, 0xFF,
        0x04, 0x00, 0x25, 0x00, 0x38, 0x00, 0x3D, 0x00, 0x32, 0x00, 0x22, 0x00, 0x15, 0x00, 0x0D, 0x00,
        0x10, 0x00, 0x1B, 0x00, 0x21, 0x00, 0x23, 0x00, 0x1C, 0x00, 0x03, 0x00, 0xE2, 0xFF, 0xC2, 0xFF,
        0xA9, 0xFF, 0xA4, 0xFF, 0xB2, 0xFF, 0xCF, 0xFF, 0xF8, 0xFF, 0x23, 0x00, 0x44, 0x00, 0x54, 0x00,
        0x4E, 0x00, 0x36, 0x00, 0x14, 0x00, 0xF2, 0xFF, 0xDB, 0xFF, 0xD5, 0xFF, 0xDA, 0xFF, 0xE3, 0xFF,
        0xEE, 0xFF, 0xF7, 0xFF, 0xF5, 0xFF, 0xEB, 0xFF, 0xE1, 0xFF, 0xDB, 0xFF, 0xE1, 0xFF, 0xF3, 0xFF,
        0x0F, 0x00, 0x36, 0x00, 0x58, 0x00, 0x67, 0x00, 0x63, 0x00, 0x4C, 0x00, 0x24, 0x00, 0xF8, 0xFF,
        0xD1, 0xFF, 0xB8, 0xFF, 0xB5, 0xFF, 0xC3, 0xFF, 0xDC, 0xFF, 0xF8, 0xFF, 0x11, 0x00, 0x1F, 0x00,
        0x21, 0x00, 0x1A, 0x00, 0x0F, 0x00, 0x0A, 0x00, 0x10, 0x00, 0x1D, 0x00, 0x2B, 0x00, 0x39, 0x00,
        0x3A, 0x00, 0x2A, 0x00, 0x0C, 0x00, 0xE6, 0xFF, 0xC2, 0xFF, 0xA8, 0xFF, 0xA0, 0xFF, 0xAE, 0xFF,
        0xCD, 0xFF, 0xF6, 0xFF, 0x23, 0x00, 0x47, 0x00, 0x58, 0x00, 0x55, 0x00, 0x41, 0x00, 0x25, 0x00,
        0x0C, 0x00, 0xFA, 0xFF, 0xF3, 0xFF, 0xF7, 0xFF, 0xFF, 0xFF, 0x03, 0x00, 0xFF, 0xFF, 0xF3, 0xFF,
        0xDF, 0xFF, 0xCB, 0xFF, 0xC0, 0xFF, 0xC4, 0xFF, 0xD7, 0xFF, 0xF9, 0xFF, 0x23, 0x00, 0x48, 0x00,
        0x61, 0x00, 0x63, 0x00, 0x4B, 0x00, 0x26, 0x00, 0xFD, 0xFF, 0xD3, 0xFF, 0xB8, 0xFF, 0xB3, 0xFF,
        0xBD, 0xFF, 0xD2, 0xFF, 0xEA, 0xFF, 0xFD, 0xFF, 0x08, 0x00, 0x0A, 0x00, 0x02, 0x00, 0xFF, 0xFF,
        0x04, 0x00, 0x0F, 0x00, 0x24, 0x00, 0x3D, 0x00, 0x51, 0x00, 0x56, 0x00, 0x49, 0x00, 0x2C, 0x00,
        0x07, 0x00, 0xDC, 0xFF, 0xBC, 0xFF, 0xB1, 0xFF, 0xB6, 0xFF, 0xCC, 0xFF, 0xF2, 0xFF, 0x1A, 0x00,
        0x3A, 0x00, 0x4A, 0x00, 0x48, 0x00, 0x3C, 0x00, 0x28, 0x00, 0x15, 0x00, 0x0A, 0x00, 0x09, 0x00,
        0x0E, 0x00, 0x13, 0x00, 0x11, 0x00, 0x05, 0x00, 0xEF, 0xFF, 0xD6, 0xFF, 0xC0, 0xFF, 0xB0, 0xFF,
        0xAF, 0xFF, 0xC5, 0xFF, 0xEB, 0xFF, 0x15, 0x00, 0x3B, 0x00, 0x54, 0x00, 0x5C, 0x00, 0x4E, 0x00,
        0x2E, 0x00, 0x0A, 0x00, 0xEA, 0xFF, 0xD6, 0xFF, 0xCF, 0xFF, 0xD5, 0xFF, 0xE8, 0xFF, 0xF7, 0xFF,
        0xFD, 0xFF, 0x00, 0x00, 0xFC, 0xFF, 0xF1, 0xFF, 0xED, 0xFF, 0xF2, 0xFF, 0x03, 0x00, 0x21, 0x00,
        0x41, 0x00, 0x58, 0x00, 0x61, 0x00, 0x56, 0x00, 0x34, 0x00, 0x06, 0x00, 0xDC, 0xFF, 0xBD, 0xFF,
        0xAC, 0xFF, 0xAE, 0xFF, 0xC3, 0xFF, 0xE6, 0xFF, 0x09, 0x00, 0x22, 0x00, 0x32, 0x00, 0x34, 0x00,
        0x26, 0x00, 0x18, 0x00, 0x10, 0x00, 0x0D, 0x00, 0x15, 0x00, 0x23, 0x00, 0x2E, 0x00, 0x30, 0x00,
        0x21, 0x00, 0x05, 0x00, 0xE9, 0xFF, 0xC9, 0xFF, 0xB4, 0xFF, 0xB6, 0xFF, 0xC9, 0xFF, 0xEC, 0xFF,
        0x1B, 0x00, 0x42, 0x00, 0x5D, 0x00, 0x68, 0x00, 0x5E, 0x00, 0x40, 0x00, 0x1C, 0x00, 0xFC, 0xFF,
        0xE8, 0xFF, 0xDF, 0xFF, 0xE5, 0xFF, 0xF0, 0xFF, 0xF8, 0xFF, 0xFC, 0xFF, 0xF6, 0xFF, 0xE6, 0xFF,
        0xD8, 0xFF, 0xD1, 0xFF, 0xD9, 0xFF, 0xEF, 0xFF, 0x0D, 0x00, 0x31, 0x00, 0x51, 0x00, 0x5C, 0x00,
        0x53, 0x00, 0x39, 0x00, 0x0F, 0x00, 0xE3, 0xFF, 0xC2, 0xFF, 0xB2, 0xFF, 0xB3, 0xFF, 0xC3, 0xFF,
        0xE0, 0xFF, 0x01, 0x00, 0x19, 0x00, 0x25, 0x00, 0x27, 0x00, 0x21, 0x00, 0x16, 0x00, 0x14, 0x00,
        0x1F, 0x00, 0x2F, 0x00, 0x3E, 0x00, 0x4B, 0x00, 0x4A, 0x00, 0x37, 0x00, 0x18, 0x00, 0xF0, 0xFF,
        0xCA, 0xFF, 0xB4, 0xFF, 0xB0, 0xFF, 0xC0, 0xFF, 0xE3, 0xFF, 0x0E, 0x00, 0x36, 0x00, 0x51, 0x00,
        0x5B, 0x00, 0x51, 0x00, 0x3A, 0x00, 0x1F, 0x00, 0x06, 0x00, 0xFA, 0xFF, 0xF9, 0xFF, 0xFE, 0xFF,
        0x04, 0x00, 0x08, 0x00, 0x00, 0x00, 0xEC, 0xFF, 0xD4, 0xFF, 0xC2, 0xFF, 0xBE, 0xFF, 0xC9, 0xFF,
        0xE3, 0xFF, 0x0B, 0x00, 0x38, 0x00, 0x5D, 0x00, 0x6F, 0x00, 0x69, 0x00, 0x4C, 0x00, 0x25, 0x00,
        0xF9, 0xFF, 0xD5, 0xFF, 0xC4, 0xFF, 0xC3, 0xFF, 0xD2, 0xFF, 0xEB, 0xFF, 0x00, 0x00, 0x0E, 0x00,
        0x13, 0x00, 0x0B, 0x00, 0x01, 0x00, 0xFD, 0xFF, 0x01, 0x00, 0x11, 0x00, 0x29, 0x00, 0x42, 0x00,
        0x53, 0x00, 0x52, 0x00, 0x40, 0x00, 0x1E, 0x00, 0xF0, 0xFF, 0xC5, 0xFF, 0xAB, 0xFF, 0xA5, 0xFF,
        0xB4, 0xFF, 0xD2, 0xFF, 0xF9, 0xFF, 0x22, 0x00, 0x3E, 0x00, 0x47, 0x00, 0x42, 0x00, 0x34, 0x00,
        0x21, 0x00, 0x13, 0x00, 0x11, 0x00, 0x16, 0x00, 0x1F, 0x00, 0x27, 0x00, 0x24, 0x00, 0x17, 0x00,
        0x01, 0x00, 0xE3, 0xFF, 0xCB, 0xFF, 0xC3, 0xFF, 0xCA, 0xFF, 0xE4, 0xFF, 0x0F, 0x00, 0x39, 0x00,
        0x59, 0x00, 0x6B, 0x00, 0x68, 0x00, 0x51, 0x00, 0x2D, 0x00, 0x0A, 0x00, 0xEC, 0xFF, 0xD8, 0xFF,
        0xD5, 0xFF, 0xE1, 0xFF, 0xEF, 0xFF, 0xF8, 0xFF, 0xFB, 0xFF, 0xF7, 0xFF, 0xED, 0xFF, 0xE2, 0xFF,
        0xE0, 0xFF, 0xEC, 0xFF, 0x05, 0x00, 0x27, 0x00, 0x44, 0x00, 0x54, 0x00, 0x57, 0x00, 0x45, 0x00,
        0x21, 0x00, 0xF7, 0xFF, 0xCE, 0xFF, 0xB2, 0xFF, 0xAF, 0xFF, 0xBE, 0xFF, 0xDA, 0xFF, 0xFC, 0xFF,
        0x1C, 0x00, 0x32, 0x00, 0x3B, 0x00, 0x36, 0x00, 0x28, 0x00, 0x1D, 0x00, 0x1B, 0x00, 0x1E, 0x00,
        0x2B, 0x00, 0x3B, 0x00, 0x3E, 0x00, 0x35, 0x00, 0x21, 0x00, 0xFF, 0xFF, 0xDB, 0xFF, 0xBF, 0xFF,
        0xB2, 0xFF, 0xBB, 0xFF, 0xD8, 0xFF, 0x00, 0x00, 0x2C, 0x00, 0x50, 0x00, 0x64, 0x00, 0x63, 0x00,
        0x4E, 0x00, 0x2F, 0x00, 0x0F, 0x00, 0xF5, 0xFF, 0xEA, 0xFF, 0xEA, 0xFF, 0xF2, 0xFF, 0xFD, 0xFF,
        0x01, 0x00, 0xFF, 0xFF, 0xF4, 0xFF, 0xE3, 0xFF, 0xDC, 0xFF, 0xDC, 0xFF, 0xEA, 0xFF, 0x0A, 0x00,
        0x2B, 0x00, 0x4D, 0x00, 0x68, 0x00, 0x6B, 0x00, 0x5A, 0x00, 0x38, 0x00, 0x07, 0x00, 0xDD, 0xFF,
        0xC1, 0xFF, 0xB5, 0xFF, 0xC1, 0xFF, 0xD7, 0xFF, 0xEE, 0xFF, 0x09, 0x00, 0x19, 0x00, 0x1D, 0x00,
        0x19, 0x00, 0x10, 0x00, 0x0D, 0x00, 0x10, 0x00, 0x1B, 0x00, 0x2F, 0x00, 0x3D, 0x00, 0x3F, 0x00,
        0x38, 0x00, 0x1F, 0x00, 0xF8, 0xFF, 0xD5, 0xFF, 0xB9, 0xFF, 0xA9, 0xFF, 0xAD, 0xFF, 0xCA, 0xFF,
        0xF6, 0xFF, 0x1E, 0x00, 0x3F, 0x00, 0x56, 0x00, 0x57, 0x00, 0x4A, 0x00, 0x39, 0x00, 0x22, 0x00,
        0x11, 0x00, 0x0E, 0x00, 0x12, 0x00, 0x16, 0x00, 0x17, 0x00, 0x13, 0x00, 0x06, 0x00, 0xF0, 0xFF,
        0xDB, 0xFF, 0xCF, 0xFF, 0xD0, 0xFF, 0xE1, 0xFF, 0x02, 0x00, 0x2A, 0x00, 0x51, 0x00, 0x6A, 0x00,
        0x6D, 0x00, 0x60, 0x00, 0x3F, 0x00, 0x13, 0x00, 0xED, 0xFF, 0xD3, 0xFF, 0xC6, 0xFF, 0xCC, 0xFF,
        0xDB, 0xFF, 0xEC, 0xFF, 0xFD, 0xFF, 0x03, 0x00, 0xFF, 0xFF, 0xFA, 0xFF, 0xF6, 0xFF, 0xF7, 0xFF,
        0x04, 0x00, 0x1B, 0x00, 0x35, 0x00, 0x4B, 0x00, 0x56, 0x00, 0x4D, 0x00, 0x30, 0x00, 0x0B, 0x00,
        0xE4, 0xFF, 0xC0, 0xFF, 0xAD, 0xFF, 0xAF, 0xFF, 0xC5, 0xFF, 0xEC, 0xFF, 0x11, 0x00, 0x2E, 0x00,
        0x42, 0x00, 0x46, 0x00, 0x3C, 0x00, 0x2C, 0x00, 0x1C, 0x00, 0x14, 0x00, 0x15, 0x00, 0x1C, 0x00,
        0x25, 0x00, 0x25, 0x00, 0x1A, 0x00, 0x08, 0x00, 0xED, 0xFF, 0xD3, 0xFF, 0xC1, 0xFF, 0xBE, 0xFF,
        0xCF, 0xFF, 0xEF, 0xFF, 0x16, 0x00, 0x3F, 0x00, 0x5D, 0x00, 0x69, 0x00, 0x61, 0x00, 0x47, 0x00,
        0x25, 0x00, 0x05, 0x00, 0xEE, 0xFF, 0xE5, 0xFF, 0xE6, 0xFF, 0xF0, 0xFF, 0xFD, 0xFF, 0x05, 0x00,
        0x04, 0x00, 0xFE, 0xFF, 0xF5, 0xFF, 0xEE, 0xFF, 0xF1, 0xFF, 0x02, 0x00, 0x1D, 0x00, 0x3B, 0x00,
        0x55, 0x00, 0x5F, 0x00, 0x56, 0x00, 0x3E, 0x00, 0x18, 0x00, 0xED, 0xFF, 0xCA, 0xFF, 0xB4, 0xFF,
        0xB3, 0xFF, 0xC4, 0xFF, 0xDD, 0xFF, 0xFC, 0xFF, 0x17, 0x00, 0x23, 0x00, 0x26, 0x00, 0x21, 0x00,
        0x17, 0x00, 0x11, 0x00, 0x11, 0x00, 0x18, 0x00, 0x24, 0x00, 0x2E, 0x00, 0x30, 0x00, 0x23, 0x00,
        0x09, 0x00, 0xEA, 0xFF, 0xCD, 0xFF, 0xB8, 0xFF, 0xB6, 0xFF, 0xC7, 0xFF, 0xE6, 0xFF, 0x0F, 0x00,
        0x3A, 0x00, 0x5A, 0x00, 0x64, 0x00, 0x5D, 0x00, 0x4A, 0x00, 0x2D, 0x00, 0x13, 0x00, 0x01, 0x00,
        0xF7, 0xFF, 0xF9, 0xFF, 0x05, 0x00, 0x08, 0x00, 0x06, 0x00, 0xFF, 0xFF, 0xF2, 0xFF, 0xE6, 0xFF,
        0xE0, 0xFF, 0xE2, 0xFF, 0xF6, 0xFF, 0x18, 0x00, 0x3A, 0x00, 0x58, 0x00, 0x67, 0x00, 0x63, 0x00,
        0x4D, 0x00, 0x25, 0x00, 0xF9, 0xFF, 0xD5, 0xFF, 0xBE, 0xFF, 0xBB, 0xFF, 0xCA, 0xFF, 0xDF, 0xFF,
        0xF9, 0xFF, 0x10, 0x00, 0x1A, 0x00, 0x1C, 0x00, 0x17, 0x00, 0x10, 0x00, 0x0E, 0x00, 0x14, 0x00,
        0x24, 0x00, 0x39, 0x00, 0x44, 0x00, 0x46, 0x00, 0x3A, 0x00, 0x1B, 0x00, 0xF3, 0xFF, 0xD0, 0xFF,
        0xB6, 0xFF, 0xAD, 0xFF, 0xB7, 0xFF, 0xD2, 0xFF, 0xF7, 0xFF, 0x1F, 0x00, 0x40, 0x00, 0x51, 0x00,
        0x4E, 0x00, 0x3F, 0x00, 0x26, 0x00, 0x10, 0x00, 0x06, 0x00, 0x01, 0x00, 0x05, 0x00, 0x0E, 0x00,
        0x0D, 0x00, 0x06, 0x00, 0xFB, 0xFF, 0xE5, 0xFF, 0xD4, 0xFF, 0xCE, 0xFF, 0xD3, 0xFF, 0xEA, 0xFF,
        0x0D, 0x00, 0x34, 0x00, 0x59, 0x00, 0x70, 0x00, 0x73, 0x00, 0x60, 0x00, 0x3E, 0x00, 0x19, 0x00,
        0xF5, 0xFF, 0xDC, 0xFF, 0xD8, 0xFF, 0xE0, 0xFF, 0xEF, 0xFF, 0x02, 0x00, 0x0D, 0x00, 0x0E, 0x00,
        0x0B, 0x00, 0x05, 0x00, 0x01, 0x00, 0x06, 0x00, 0x14, 0x00, 0x29, 0x00, 0x40, 0x00, 0x53, 0x00,
        0x56, 0x00, 0x45, 0x00, 0x27, 0x00, 0xFE, 0xFF, 0xD2, 0xFF, 0xB5, 0xFF, 0xA7, 0xFF, 0xAD, 0xFF,
        0xC8, 0xFF, 0xEC, 0xFF, 0x10, 0x00, 0x2C, 0x00, 0x3A, 0x00, 0x3B, 0x00, 0x30, 0x00, 0x1E, 0x00,
        0x13, 0x00, 0x11, 0x00, 0x17, 0x00, 0x1F, 0x00, 0x27, 0x00, 0x27, 0x00, 0x1A, 0x00, 0x01, 0x00,
        0xE4, 0xFF, 0xCC, 0xFF, 0xC1, 0xFF, 0xC6, 0xFF, 0xDD, 0xFF, 0x02, 0x00, 0x2E, 0x00, 0x55, 0x00,
        0x6C, 0x00, 0x6E, 0x00, 0x5E, 0x00, 0x41, 0x00, 0x1D, 0x00, 0xFD, 0xFF, 0xE8, 0xFF, 0xE2, 0xFF,
        0xE9, 0xFF, 0xF4, 0xFF, 0x00, 0x00, 0x07, 0x00, 0x03, 0x00, 0xFA, 0xFF, 0xF1, 0xFF, 0xEA, 0xFF,
        0xF2, 0xFF, 0x0A, 0x00, 0x27, 0x00, 0x45, 0x00, 0x60, 0x00, 0x69, 0x00, 0x59, 0x00, 0x3A, 0x00,
        0x13, 0x00, 0xE9, 0xFF, 0xC8, 0xFF, 0xBB, 0xFF, 0xC1, 0xFF, 0xD6, 0xFF, 0xF5, 0xFF, 0x13, 0x00,
        0x2A, 0x00, 0x34, 0x00, 0x35, 0x00, 0x2E, 0x00, 0x22, 0x00, 0x1C, 0x00, 0x21, 0x00, 0x28, 0x00,
        0x33, 0x00, 0x3B, 0x00, 0x34, 0x00, 0x21, 0x00, 0x03, 0x00, 0xE0, 0xFF, 0xC2, 0xFF, 0xB1, 0xFF,
        0xB2, 0xFF, 0xC7, 0xFF, 0xEA, 0xFF, 0x15, 0x00, 0x3A, 0x00, 0x50, 0x00, 0x56, 0x00, 0x4B, 0x00,
        0x33, 0x00, 0x16, 0x00, 0xFF, 0xFF, 0xF4, 0xFF, 0xF3, 0xFF, 0xF7, 0xFF, 0x00, 0x00, 0x05, 0x00,
        0x04, 0x00, 0xFC, 0xFF, 0xED, 0xFF, 0xE1, 0xFF, 0xDF, 0xFF, 0xED, 0xFF, 0x0B, 0x00, 0x2F, 0x00,
        0x53, 0x00, 0x70, 0x00, 0x79, 0x00, 0x6E, 0x00, 0x51, 0x00, 0x25, 0x00, 0xFC, 0xFF, 0xE0, 0xFF,
        0xD0, 0xFF, 0xD1, 0xFF, 0xE3, 0xFF, 0xF9, 0xFF, 0x0E, 0x00, 0x1D, 0x00, 0x21, 0x00, 0x1B, 0x00,
        0x13, 0x00, 0x0F, 0x00, 0x12, 0x00, 0x1C, 0x00, 0x2E, 0x00, 0x42, 0x00, 0x4C, 0x00, 0x44, 0x00,
        0x2B, 0x00, 0x07, 0x00, 0xDF, 0xFF, 0xBC, 0xFF, 0xA8, 0xFF, 0xA9, 0xFF, 0xBC, 0xFF, 0xDF, 0xFF,
        0x08, 0x00, 0x2E, 0x00, 0x47, 0x00, 0x4F, 0x00, 0x45, 0x00, 0x33, 0x00, 0x20, 0x00, 0x12, 0x00,
        0x0B, 0x00, 0x0F, 0x00, 0x18, 0x00, 0x1E, 0x00, 0x1B, 0x00, 0x0D, 0x00, 0xF8, 0xFF, 0xE0, 0xFF,
        0xD0, 0xFF, 0xCD, 0xFF, 0xD8, 0xFF, 0xF5, 0xFF, 0x1D, 0x00, 0x44, 0x00, 0x63, 0x00, 0x70, 0x00,
        0x67, 0x00, 0x51, 0x00, 0x29, 0x00, 0xFE, 0xFF, 0xE4, 0xFF, 0xD6, 0xFF, 0xD4, 0xFF, 0xE4, 0xFF,
        0xF6, 0xFF, 0x02, 0x00, 0x08, 0x00, 0x08, 0x00, 0x03, 0x00, 0xFD, 0xFF, 0xFD, 0xFF, 0x08, 0x00,
        0x1C, 0x00, 0x38, 0x00, 0x53, 0x00, 0x60, 0x00, 0x5C, 0x00, 0x48, 0x00, 0x24, 0x00, 0xFA, 0xFF,
        0xD6, 0xFF, 0xC1, 0xFF, 0xBF, 0xFF, 0xCF, 0xFF, 0xEA, 0xFF, 0x0A, 0x00, 0x27, 0x00, 0x3D, 0x00,
        0x42, 0x00, 0x3A, 0x00, 0x2D, 0x00, 0x20, 0x00, 0x1A, 0x00, 0x1B, 0x00, 0x21, 0x00, 0x28, 0x00,
        0x29, 0x00, 0x1E, 0x00, 0x09, 0x00, 0xED, 0xFF, 0xD2, 0xFF, 0xBD, 0xFF, 0xB6, 0xFF, 0xC2, 0xFF,
        0xDF, 0xFF, 0x06, 0x00, 0x2F, 0x00, 0x4E, 0x00, 0x5B, 0x00, 0x56, 0x00, 0x41, 0x00, 0x24, 0x00,
        0x03, 0x00, 0xED, 0xFF, 0xE7, 0xFF, 0xE7, 0xFF, 0xF0, 0xFF, 0xFF, 0xFF, 0x07, 0x00, 0x06, 0x00,
        0xFE, 0xFF, 0xF3, 0xFF, 0xF1, 0xFF, 0xF5, 0xFF, 0x03, 0x00, 0x21, 0x00, 0x41, 0x00, 0x5D, 0x00,
        0x6F, 0x00, 0x6C, 0x00, 0x57, 0x00, 0x33, 0x00, 0x07, 0x00, 0xE4, 0xFF, 0xCC, 0xFF, 0xC2, 0xFF,
        0xCF, 0xFF, 0xE8, 0xFF, 0x04, 0x00, 0x1F, 0x00, 0x2C, 0x00, 0x2F, 0x00, 0x2B, 0x00, 0x1F, 0x00,
        0x18, 0x00, 0x18, 0x00, 0x1E, 0x00, 0x2B, 0x00, 0x33, 0x00, 0x35, 0x00, 0x2C, 0x00, 0x13, 0x00,
        0xF3, 0xFF, 0xD3, 0xFF, 0xB8, 0xFF, 0xB1, 0xFF, 0xBD, 0xFF, 0xD7, 0xFF, 0xFE, 0xFF, 0x26, 0x00,
        0x44, 0x00, 0x57, 0x00, 0x57, 0x00, 0x48, 0x00, 0x31, 0x00, 0x16, 0x00, 0x05, 0x00, 0xFC, 0xFF,
        0xFA, 0xFF, 0x02, 0x00, 0x06, 0x00, 0x02, 0x00, 0xFD, 0xFF, 0xF2, 0xFF, 0xE2, 0xFF, 0xDC, 0xFF,
        0xE1, 0xFF, 0xF1, 0xFF, 0x0F, 0x00, 0x33, 0x00, 0x53, 0x00, 0x67, 0x00, 0x67, 0x00, 0x53, 0x00,
        0x32, 0x00, 0x0B, 0x00, 0xEA, 0xFF, 0xD2, 0xFF, 0xC7, 0xFF, 0xCD, 0xFF, 0xE1, 0xFF, 0xF9, 0xFF,
        0x0C, 0x00, 0x17, 0x00, 0x1B, 0x00, 0x17, 0x00, 0x13, 0x00, 0x14, 0x00, 0x1F, 0x00, 0x31, 0x00,
        0x44, 0x00, 0x52, 0x00, 0x54, 0x00, 0x46, 0x00, 0x2B, 0x00, 0x07, 0x00, 0xE1, 0xFF, 0xC5, 0xFF,
        0xBB, 0xFF, 0xBF, 0xFF, 0xD4, 0xFF, 0xF9, 0xFF, 0x1D, 0x00, 0x3B, 0x00, 0x4E, 0x00, 0x4E, 0x00,
        0x43, 0x00, 0x30, 0x00, 0x1D, 0x00, 0x13, 0x00, 0x0E, 0x00, 0x0E, 0x00, 0x14, 0x00, 0x13, 0x00,
        0x08, 0x00, 0xF9, 0xFF, 0xE7, 0xFF, 0xD2, 0xFF, 0xC4, 0xFF, 0xC5, 0xFF, 0xDA, 0xFF, 0xF9, 0xFF,
        0x1F, 0x00, 0x44, 0x00, 0x5C, 0x00, 0x62, 0x00, 0x58, 0x00, 0x3D, 0x00, 0x19, 0x00, 0xF7, 0xFF,
        0xE0, 0xFF, 0xD9, 0xFF, 0xDF, 0xFF, 0xEC, 0xFF, 0xFB, 0xFF, 0x06, 0x00, 0x0C, 0x00, 0x0A, 0x00,
        0x04, 0x00, 0x04, 0x00, 0x08, 0x00, 0x14, 0x00, 0x2C, 0x00, 0x45, 0x00, 0x59, 0x00, 0x63, 0x00,
        0x59, 0x00, 0x3C, 0x00, 0x15, 0x00, 0xED, 0xFF, 0xD0, 0xFF, 0xC1, 0xFF, 0xC2, 0xFF, 0xD2, 0xFF,
        0xEF, 0xFF, 0x0F, 0x00, 0x29, 0x00, 0x3B, 0x00, 0x41, 0x00, 0x36, 0x00, 0x2B, 0x00, 0x23, 0x00,
        0x1C, 0x00, 0x1F, 0x00, 0x27, 0x00, 0x2B, 0x00, 0x2A, 0x00, 0x1E, 0x00, 0x08, 0x00, 0xEC, 0xFF,
        0xD3, 0xFF, 0xC6, 0xFF, 0xC7, 0xFF, 0xD3, 0xFF, 0xF4, 0xFF, 0x1C, 0x00, 0x3E, 0x00, 0x59, 0x00,
        0x62, 0x00, 0x58, 0x00, 0x43, 0x00, 0x22, 0x00, 0x03, 0x00, 0xEF, 0xFF, 0xE6, 0xFF, 0xEB, 0xFF,
        0xF4, 0xFF, 0xFB, 0xFF, 0x03, 0x00, 0xFF, 0xFF, 0xF3, 0xFF, 0xEC, 0xFF, 0xE8, 0xFF, 0xEE, 0xFF,
        0x02, 0x00, 0x1E, 0x00, 0x3F, 0x00, 0x59, 0x00, 0x60, 0x00, 0x59, 0x00, 0x41, 0x00, 0x1C, 0x00,
        0xF8, 0xFF, 0xD6, 0xFF, 0xC4, 0xFF, 0xC8, 0xFF, 0xD7, 0xFF, 0xF1, 0xFF, 0x10, 0x00, 0x23, 0x00,
        0x30, 0x00, 0x35, 0x00, 0x2D, 0x00, 0x25, 0x00, 0x23, 0x00, 0x25, 0x00, 0x31, 0x00, 0x40, 0x00,
        0x47, 0x00, 0x45, 0x00, 0x36, 0x00, 0x19, 0x00, 0xF5, 0xFF, 0xD3, 0xFF, 0xBF, 0xFF, 0xBC, 0xFF,
        0xC9, 0xFF, 0xE8, 0xFF, 0x0F, 0x00, 0x33, 0x00, 0x4F, 0x00, 0x5C, 0x00, 0x55, 0x00, 0x41, 0x00,
        0x27, 0x00, 0x0F, 0x00, 0x00, 0x00, 0xF8, 0xFF, 0xFA, 0xFF, 0x01, 0x00, 0x05, 0x00, 0x04, 0x00,
        0xFA, 0xFF, 0xE9, 0xFF, 0xDC, 0xFF, 0xD8, 0xFF, 0xDE, 0xFF, 0xF3, 0xFF, 0x15, 0x00, 0x39, 0x00,
        0x58, 0x00, 0x6A, 0x00, 0x67, 0x00, 0x50, 0x00, 0x2D, 0x00, 0x04, 0x00, 0xE2, 0xFF, 0xD0, 0xFF,
        0xCE, 0xFF, 0xD9, 0xFF, 0xED, 0xFF, 0x03, 0x00, 0x13, 0x00, 0x1B, 0x00, 0x1A, 0x00, 0x15, 0x00,
        0x12, 0x00, 0x15, 0x00, 0x20, 0x00, 0x33, 0x00, 0x44, 0x00, 0x4E, 0x00, 0x4E, 0x00, 0x3D, 0x00,
        0x1E, 0x00, 0xF9, 0xFF, 0xD8, 0xFF, 0xBF, 0xFF, 0xB5, 0xFF, 0xC3, 0xFF, 0xE2, 0xFF, 0x08, 0x00,
        0x2C, 0x00, 0x44, 0x00, 0x4F, 0x00, 0x4E, 0x00, 0x40, 0x00, 0x2C, 0x00, 0x1F, 0x00, 0x1A, 0x00,
        0x19, 0x00, 0x1D, 0x00, 0x24, 0x00, 0x22, 0x00, 0x14, 0x00, 0x01, 0x00, 0xEA, 0xFF, 0xD4, 0xFF,
        0xCE, 0xFF, 0xD8, 0xFF, 0xEE, 0xFF, 0x12, 0x00, 0x38, 0x00, 0x56, 0x00, 0x68, 0x00, 0x65, 0x00,
        0x4D, 0x00, 0x2D, 0x00, 0x09, 0x00, 0xE9, 0xFF, 0xD9, 0xFF, 0xD6, 0xFF, 0xDE, 0xFF, 0xED, 0xFF,
        0xFC, 0xFF, 0x03, 0x00, 0x02, 0x00, 0xFC, 0xFF, 0xF6, 0xFF, 0xF2, 0xFF, 0xFC, 0xFF, 0x10, 0x00,
        0x2A, 0x00, 0x45, 0x00, 0x58, 0x00, 0x5A, 0x00, 0x4E, 0x00, 0x2F, 0x00, 0x05, 0x00, 0xE2, 0xFF,
        0xC9, 0xFF, 0xBE, 0xFF, 0xC9, 0xFF, 0xE5, 0xFF, 0x07, 0x00, 0x27, 0x00, 0x3D, 0x00, 0x45, 0x00,
        0x43, 0x00, 0x39, 0x00, 0x2C, 0x00, 0x23, 0x00, 0x23, 0x00, 0x2C, 0x00, 0x34, 0x00, 0x34, 0x00,
        0x2F, 0x00, 0x21, 0x00, 0x06, 0x00, 0xE9, 0xFF, 0xD0, 0xFF, 0xC0, 0xFF, 0xC6, 0xFF, 0xDD, 0xFF,
        0xFE, 0xFF, 0x28, 0x00, 0x4D, 0x00, 0x5F, 0x00, 0x61, 0x00, 0x4F, 0x00, 0x33, 0x00, 0x18, 0x00,
        0xFE, 0xFF, 0xED, 0xFF, 0xED, 0xFF, 0xF4, 0xFF, 0xFE, 0xFF, 0x06, 0x00, 0x05, 0x00, 0xFE, 0xFF,
        0xF3, 0xFF, 0xE9, 0xFF, 0xEC, 0xFF, 0xFA, 0xFF, 0x0F, 0x00, 0x2E, 0x00, 0x4F, 0x00, 0x63, 0x00,
        0x66, 0x00, 0x58, 0x00, 0x39, 0x00, 0x0F, 0x00, 0xE7, 0xFF, 0xCD, 0xFF, 0xC3, 0xFF, 0xC8, 0xFF,
        0xDC, 0xFF, 0xF9, 0xFF, 0x11, 0x00, 0x20, 0x00, 0x26, 0x00, 0x22, 0x00, 0x1C, 0x00, 0x16, 0x00,
        0x16, 0x00, 0x21, 0x00, 0x31, 0x00, 0x3D, 0x00, 0x41, 0x00, 0x39, 0x00, 0x24, 0x00, 0x07, 0x00,
        0xE5, 0xFF, 0xC8, 0xFF, 0xBA, 0xFF, 0xC0, 0xFF, 0xDB, 0xFF, 0x00, 0x00, 0x25, 0x00, 0x4A, 0x00,
        0x60, 0x00, 0x61, 0x00, 0x56, 0x00, 0x42, 0x00, 0x29, 0x00, 0x18, 0x00, 0x0F, 0x00, 0x0D, 0x00,
        0x13, 0x00, 0x15, 0x00, 0x12, 0x00, 0x0C, 0x00, 0xFB, 0xFF, 0xE7, 0xFF, 0xDD, 0xFF, 0xDC, 0xFF,
        0xE8, 0xFF, 0x04, 0x00, 0x27, 0x00, 0x4A, 0x00, 0x63, 0x00, 0x68, 0x00, 0x5A, 0x00, 0x3C, 0x00,
        0x14, 0x00, 0xF0, 0xFF, 0xD4, 0xFF, 0xC6, 0xFF, 0xC9, 0xFF, 0xD5, 0xFF, 0xEC, 0xFF, 0x01, 0x00,
        0x09, 0x00, 0x0B, 0x00, 0x0B, 0x00, 0x06, 0x00, 0x06, 0x00, 0x11, 0x00, 0x22, 0x00, 0x38, 0x00,
        0x4B, 0x00, 0x53, 0x00, 0x4C, 0x00, 0x37, 0x00, 0x17, 0x00, 0xF1, 0xFF, 0xD3, 0xFF, 0xC2, 0xFF,
        0xC0, 0xFF, 0xD2, 0xFF, 0xF2, 0xFF, 0x14, 0x00, 0x33, 0x00, 0x49, 0x00, 0x4C, 0x00, 0x45, 0x00,
        0x37, 0x00, 0x27, 0x00, 0x1C, 0x00, 0x1A, 0x00, 0x1D, 0x00, 0x21, 0x00, 0x20, 0x00, 0x19, 0x00,
        0x08, 0x00, 0xF1, 0xFF, 0xDC, 0xFF, 0xCD, 0xFF, 0xCC, 0xFF, 0xDA, 0xFF, 0xF7, 0xFF, 0x1D, 0x00,
        0x40, 0x00, 0x57, 0x00, 0x64, 0x00, 0x5F, 0x00, 0x47, 0x00, 0x26, 0x00, 0x07, 0x00, 0xF0, 0xFF,
        0xE4, 0xFF, 0xE5, 0xFF, 0xEE, 0xFF, 0xFC, 0xFF, 0x05, 0x00, 0x06, 0x00, 0x03, 0x00, 0xFE, 0xFF,
        0xFA, 0xFF, 0xFB, 0xFF, 0x0A, 0x00, 0x21, 0x00, 0x3A, 0x00, 0x52, 0x00, 0x5C, 0x00, 0x52, 0x00,
        0x3B, 0x00, 0x19, 0x00, 0xEF, 0xFF, 0xCF, 0xFF, 0xBD, 0xFF, 0xBC, 0xFF, 0xCA, 0xFF, 0xE0, 0xFF,
        0xFD, 0xFF, 0x1A, 0x00, 0x29, 0x00, 0x2C, 0x00, 0x28, 0x00, 0x1E, 0x00, 0x18, 0x00, 0x15, 0x00,
        0x1A, 0x00, 0x23, 0x00, 0x29, 0x00, 0x2D, 0x00, 0x27, 0x00, 0x11, 0x00, 0xF5, 0xFF, 0xDD, 0xFF,
        0xCB, 0xFF, 0xC8, 0xFF, 0xD6, 0xFF, 0xF1, 0xFF, 0x18, 0x00, 0x3D, 0x00, 0x56, 0x00, 0x63, 0x00,
        0x60, 0x00, 0x4D, 0x00, 0x33, 0x00, 0x19, 0x00, 0x03, 0x00, 0xF7, 0xFF, 0xF8, 0xFF, 0x00, 0x00,
        0x03, 0x00, 0x05, 0x00, 0x04, 0x00, 0xF8, 0xFF, 0xEE, 0xFF, 0xEB, 0xFF, 0xEC, 0xFF, 0xFA, 0xFF,
        0x14, 0x00, 0x30, 0x00, 0x4B, 0x00, 0x58, 0x00, 0x51, 0x00, 0x3E, 0x00, 0x22, 0x00, 0xFC, 0xFF,
        0xD8, 0xFF, 0xC2, 0xFF, 0xC0, 0xFF, 0xCB, 0xFF, 0xDD, 0xFF, 0xF4, 0xFF, 0x0B, 0x00, 0x1B, 0x00,
        0x22, 0x00, 0x1F, 0x00, 0x1A, 0x00, 0x1A, 0x00, 0x1F, 0x00, 0x28, 0x00, 0x32, 0x00, 0x3B, 0x00,
        0x3C, 0x00, 0x31, 0x00, 0x1A, 0x00, 0xFB, 0xFF, 0xD9, 0xFF, 0xC5, 0xFF, 0xC0, 0xFF, 0xC8, 0xFF,
        0xE1, 0xFF, 0x03, 0x00, 0x26, 0x00, 0x44, 0x00, 0x50, 0x00, 0x4D, 0x00, 0x42, 0x00, 0x2D, 0x00,
        0x18, 0x00, 0x0C, 0x00, 0x05, 0x00, 0x04, 0x00, 0x09, 0x00, 0x0A, 0x00, 0x03, 0x00, 0xF8, 0xFF,
        0xEA, 0xFF, 0xDD, 0xFF, 0xD8, 0xFF, 0xE0, 0xFF, 0xF4, 0xFF, 0x11, 0x00, 0x34, 0x00, 0x55, 0x00,
        0x68, 0x00, 0x68, 0x00, 0x54, 0x00, 0x38, 0x00, 0x15, 0x00, 0xF0, 0xFF, 0xDB, 0xFF, 0xD5, 0xFF,
        0xDB, 0xFF, 0xEB, 0xFF, 0xFB, 0xFF, 0x08, 0x00, 0x11, 0x00, 0x0F, 0x00, 0x0B, 0x00, 0x0A, 0x00,
        0x09, 0x00, 0x14, 0x00, 0x29, 0x00, 0x39, 0x00, 0x46, 0x00, 0x48, 0x00, 0x39, 0x00, 0x21, 0x00,
        0xFD, 0xFF, 0xD6, 0xFF, 0xBD, 0xFF, 0xB3, 0xFF, 0xB7, 0xFF, 0xCF, 0xFF, 0xEE, 0xFF, 0x0E, 0x00,
        0x2B, 0x00, 0x3A, 0x00, 0x3C, 0x00, 0x35, 0x00, 0x27, 0x00, 0x1A, 0x00, 0x15, 0x00, 0x16, 0x00,
        0x19, 0x00, 0x1C, 0x00, 0x1F, 0x00, 0x18, 0x00, 0x03, 0x00, 0xEE, 0xFF, 0xDC, 0xFF, 0xCF, 0xFF,
        0xD5, 0xFF, 0xE8, 0xFF, 0x05, 0x00, 0x2A, 0x00, 0x4C, 0x00, 0x62, 0x00, 0x68, 0x00, 0x5A, 0x00,
        0x3F, 0x00, 0x20, 0x00, 0x02, 0x00, 0xEE, 0xFF, 0xE7, 0xFF, 0xE9, 0xFF, 0xF2, 0xFF, 0xFB, 0xFF,
        0x01, 0x00, 0x00, 0x00, 0xFA, 0xFF, 0xF5, 0xFF, 0xF5, 0xFF, 0xFB, 0xFF, 0x0B, 0x00, 0x24, 0x00,
        0x3E, 0x00, 0x51, 0x00, 0x57, 0x00, 0x4B, 0x00, 0x30, 0x00, 0x0C, 0x00, 0xE6, 0xFF, 0xCB, 0xFF,
        0xC0, 0xFF, 0xC2, 0xFF, 0xD2, 0xFF, 0xF0, 0xFF, 0x0D, 0x00, 0x21, 0x00, 0x2E, 0x00, 0x30, 0x00,
        0x29, 0x00, 0x22, 0x00, 0x1D, 0x00, 0x1A, 0x00, 0x20, 0x00, 0x2A, 0x00, 0x2E, 0x00, 0x2C, 0x00,
        0x1E, 0x00, 0x03, 0x00, 0xE7, 0xFF, 0xCF, 0xFF, 0xBE, 0xFF, 0xC0, 0xFF, 0xD4, 0xFF, 0xF3, 0xFF,
        0x18, 0x00, 0x3B, 0x00, 0x52, 0x00, 0x59, 0x00, 0x50, 0x00, 0x3B, 0x00, 0x1F, 0x00, 0x04, 0x00,
        0xF6, 0xFF, 0xF4, 0xFF, 0xF7, 0xFF, 0xFF, 0xFF, 0x06, 0x00, 0x06, 0x00, 0x00, 0x00, 0xF5, 0xFF,
        0xEB, 0xFF, 0xEA, 0xFF, 0xF3, 0xFF, 0x08, 0x00, 0x28, 0x00, 0x48, 0x00, 0x60, 0x00, 0x6C, 0x00,
        0x62, 0x00, 0x46, 0x00, 0x21, 0x00, 0xFA, 0xFF, 0xDC, 0xFF, 0xCC, 0xFF, 0xCB, 0xFF, 0xDB, 0xFF,
        0xF2, 0xFF, 0x08, 0x00, 0x18, 0x00, 0x20, 0x00, 0x1E, 0x00, 0x19, 0x00, 0x15, 0x00, 0x16, 0x00,
        0x1B, 0x00, 0x25, 0x00, 0x33, 0x00, 0x3C, 0x00, 0x35, 0x00, 0x23, 0x00, 0x08, 0x00, 0xE6, 0xFF,
        0xC8, 0xFF, 0xB7, 0xFF, 0xB5, 0xFF, 0xC6, 0xFF, 0xE4, 0xFF, 0x09, 0x00, 0x2C, 0x00, 0x43, 0x00,
        0x4C, 0x00, 0x49, 0x00, 0x3A, 0x00, 0x26, 0x00, 0x16, 0x00, 0x0A, 0x00, 0x08, 0x00, 0x0D, 0x00,
        0x10, 0x00, 0x0F, 0x00, 0x08, 0x00, 0xFB, 0xFF, 0xED, 0xFF, 0xDF, 0xFF, 0xDA, 0xFF, 0xE5, 0xFF,
        0xFD, 0xFF, 0x1F, 0x00, 0x43, 0x00, 0x5C, 0x00, 0x67, 0x00, 0x62, 0x00, 0x4B, 0x00, 0x28, 0x00,
        0x05, 0x00, 0xE8, 0xFF, 0xDA, 0xFF, 0xDA, 0xFF, 0xE5, 0xFF, 0xF2, 0xFF, 0xFF, 0xFF, 0x0A, 0x00,
        0x0D, 0x00, 0x09, 0x00, 0x04, 0x00, 0x03, 0x00, 0x0C, 0x00, 0x1E, 0x00, 0x34, 0x00, 0x47, 0x00,
        0x55, 0x00, 0x51, 0x00, 0x3B, 0x00, 0x1C, 0x00, 0xF7, 0xFF, 0xD5, 0xFF, 0xC0, 0xFF, 0xBF, 0xFF,
        0xCC, 0xFF, 0xE4, 0xFF, 0x07, 0x00, 0x27, 0x00, 0x37, 0x00, 0x3F, 0x00, 0x3D, 0x00, 0x2E, 0x00,
        0x1F, 0x00, 0x16, 0x00, 0x11, 0x00, 0x15, 0x00, 0x1D, 0x00, 0x1E, 0x00, 0x18, 0x00, 0x09, 0x00,
        0xF2, 0xFF, 0xD9, 0xFF, 0xC6, 0xFF, 0xC1, 0xFF, 0xCC, 0xFF, 0xE4, 0xFF, 0x07, 0x00, 0x2D, 0x00,
        0x4B, 0x00, 0x5C, 0x00, 0x5B, 0x00, 0x49, 0x00, 0x2C, 0x00, 0x0D, 0x00, 0xF6, 0xFF, 0xEB, 0xFF,
        0xEA, 0xFF, 0xF2, 0xFF, 0xFE, 0xFF, 0x06, 0x00, 0x0B, 0x00, 0x0A, 0x00, 0x03, 0x00, 0xFE, 0xFF,
        0x00, 0x00, 0x0B, 0x00, 0x21, 0x00, 0x3B, 0x00, 0x53, 0x00, 0x61, 0x00, 0x60, 0x00, 0x4D, 0x00,
        0x2D, 0x00, 0x08, 0x00, 0xE5, 0xFF, 0xCC, 0xFF, 0xC6, 0xFF, 0xCF, 0xFF, 0xE3, 0xFF, 0xFD, 0xFF,
        0x16, 0x00, 0x24, 0x00, 0x29, 0x00, 0x28, 0x00, 0x20, 0x00, 0x16, 0x00, 0x15, 0x00, 0x19, 0x00,
        0x20, 0x00, 0x29, 0x00, 0x2B, 0x00, 0x21, 0x00, 0x0F, 0x00, 0xF5, 0xFF, 0xD8, 0xFF, 0xC2, 0xFF,
        0xBE, 0xFF, 0xC8, 0xFF, 0xDF, 0xFF, 0x01, 0x00, 0x25, 0x00, 0x44, 0x00, 0x55, 0x00, 0x55, 0x00,
        0x45, 0x00, 0x2D, 0x00, 0x15, 0x00, 0x03, 0x00, 0xF9, 0xFF, 0xF7, 0xFF, 0xFC, 0xFF, 0x01, 0x00,
        0x01, 0x00, 0xFB, 0xFF, 0xF1, 0xFF, 0xE7, 0xFF, 0xE3, 0xFF, 0xE6, 0xFF, 0xF5, 0xFF, 0x0F, 0x00,
        0x2E, 0x00, 0x4B, 0x00, 0x5D, 0x00, 0x5F, 0x00, 0x4E, 0x00, 0x2F, 0x00, 0x0A, 0x00, 0xE8, 0xFF,
        0xD0, 0xFF, 0xCA, 0xFF, 0xD3, 0xFF, 0xE5, 0xFF, 0xFA, 0xFF, 0x0D, 0x00, 0x1A, 0x00, 0x1E, 0x00,
        0x1B, 0x00, 0x19, 0x00, 0x19, 0x00, 0x1D, 0x00, 0x2A, 0x00, 0x38, 0x00, 0x42, 0x00, 0x44, 0x00,
        0x39, 0x00, 0x21, 0x00, 0x03, 0x00, 0xE1, 0xFF, 0xC7, 0xFF, 0xBB, 0xFF, 0xBF, 0xFF, 0xD5, 0xFF,
        0xF5, 0xFF, 0x16, 0x00, 0x32, 0x00, 0x43, 0x00, 0x46, 0x00, 0x3B, 0x00, 0x29, 0x00, 0x16, 0x00,
        0x08, 0x00, 0x01, 0x00, 0x01, 0x00, 0x04, 0x00, 0x03, 0x00, 0xFE, 0xFF, 0xF4, 0xFF, 0xE4, 0xFF,
        0xD4, 0xFF, 0xCB, 0xFF, 0xCF, 0xFF, 0xE0, 0xFF, 0xFB, 0xFF, 0x1E, 0x00, 0x3D, 0x00, 0x54, 0x00,
        0x5D, 0x00, 0x53, 0x00, 0x38, 0x00, 0x17, 0x00, 0xF9, 0xFF, 0xE4, 0xFF, 0xDA, 0xFF, 0xDC, 0xFF,
        0xE8, 0xFF, 0xF7, 0xFF, 0x04, 0x00, 0x0C, 0x00, 0x0D, 0x00, 0x08, 0x00, 0x07, 0x00, 0x0D, 0x00,
        0x17, 0x00, 0x28, 0x00, 0x3E, 0x00, 0x4D, 0x00, 0x50, 0x00, 0x47, 0x00, 0x2F, 0x00, 0x0C, 0x00,
        0xE9, 0xFF, 0xCC, 0xFF, 0xBC, 0xFF, 0xBD, 0xFF, 0xCE, 0xFF, 0xEB, 0xFF, 0x08, 0x00, 0x20, 0x00,
        0x31, 0x00, 0x36, 0x00, 0x2F, 0x00, 0x25, 0x00, 0x1B, 0x00, 0x13, 0x00, 0x13, 0x00, 0x16, 0x00,
        0x1A, 0x00, 0x19, 0x00, 0x10, 0x00, 0xFE, 0xFF, 0xE7, 0xFF, 0xD1, 0xFF, 0xC3, 0xFF, 0xC3, 0xFF,
        0xD2, 0xFF, 0xEE, 0xFF, 0x12, 0x00, 0x36, 0x00, 0x4F, 0x00, 0x56, 0x00, 0x4E, 0x00, 0x37, 0x00,
        0x19, 0x00, 0x00, 0x00, 0xEE, 0xFF, 0xE3, 0xFF, 0xE5, 0xFF, 0xED, 0xFF, 0xF6, 0xFF, 0xFB, 0xFF,
        0xFB, 0xFF, 0xF6, 0xFF, 0xEE, 0xFF, 0xEA, 0xFF, 0xF2, 0xFF, 0x02, 0x00, 0x17, 0x00, 0x34, 0x00,
        0x49, 0x00, 0x51, 0x00, 0x4F, 0x00, 0x3A, 0x00, 0x16, 0x00, 0xF3, 0xFF, 0xD5, 0xFF, 0xC3, 0xFF,
        0xC2, 0xFF, 0xCE, 0xFF, 0xE8, 0xFF, 0x05, 0x00, 0x1B, 0x00, 0x2B, 0x00, 0x2E, 0x00, 0x27, 0x00,
        0x22, 0x00, 0x1D, 0x00, 0x1B, 0x00, 0x21, 0x00, 0x28, 0x00, 0x2E, 0x00, 0x2E, 0x00, 0x20, 0x00,
        0x09, 0x00, 0xEC, 0xFF, 0xD2, 0xFF, 0xC2, 0xFF, 0xBC, 0xFF, 0xC7, 0xFF, 0xE3, 0xFF, 0x05, 0x00,
        0x28, 0x00, 0x41, 0x00, 0x47, 0x00, 0x42, 0x00, 0x32, 0x00, 0x19, 0x00, 0x05, 0x00, 0xF5, 0xFF,
        0xEC, 0xFF, 0xEE, 0xFF, 0xF3, 0xFF, 0xF5, 0xFF, 0xF4, 0xFF, 0xED, 0xFF, 0xE6, 0xFF, 0xDE, 0xFF,
        0xD9, 0xFF, 0xE2, 0xFF, 0xF4, 0xFF, 0x0E, 0x00, 0x30, 0x00, 0x4B, 0x00, 0x56, 0x00, 0x55, 0x00,
        0x41, 0x00, 0x1F, 0x00, 0xFE, 0xFF, 0xDF, 0xFF, 0xCB, 0xFF, 0xC7, 0xFF, 0xD0, 0xFF, 0xE4, 0xFF,
        0xF9, 0xFF, 0x0A, 0x00, 0x15, 0x00, 0x15, 0x00, 0x10, 0x00, 0x0D, 0x00, 0x0C, 0x00, 0x14, 0x00,
        0x24, 0x00, 0x32, 0x00, 0x3D, 0x00, 0x3C, 0x00, 0x2D, 0x00, 0x15, 0x00, 0xF5, 0xFF, 0xD5, 0xFF,
        0xC0, 0xFF, 0xB7, 0xFF, 0xC2, 0xFF, 0xDF, 0xFF, 0xFF, 0xFF, 0x20, 0x00, 0x3B, 0x00, 0x46, 0x00,
        0x45, 0x00, 0x39, 0x00, 0x26, 0x00, 0x15, 0x00, 0x0B, 0x00, 0x07, 0x00, 0x0A, 0x00, 0x0C, 0x00,
        0x0B, 0x00, 0x03, 0x00, 0xF3, 0xFF, 0xE2, 0xFF, 0xD6, 0xFF, 0xCD, 0xFF, 0xD0, 0xFF, 0xE5, 0xFF,
        0x02, 0x00, 0x26, 0x00, 0x45, 0x00, 0x55, 0x00, 0x53, 0x00, 0x41, 0x00, 0x22, 0x00, 0x00, 0x00,
        0xE3, 0xFF, 0xCF, 0xFF, 0xCA, 0xFF, 0xD2, 0xFF, 0xE0, 0xFF, 0xEC, 0xFF, 0xF8, 0xFF, 0xFE, 0xFF,
        0xFB, 0xFF, 0xF8, 0xFF, 0xF8, 0xFF, 0xFD, 0xFF, 0x0E, 0x00, 0x26, 0x00, 0x3B, 0x00, 0x49, 0x00,
        0x4C, 0x00, 0x3F, 0x00, 0x25, 0x00, 0x04, 0x00, 0xE1, 0xFF, 0xC7, 0xFF, 0xBD, 0xFF, 0xC7, 0xFF,
        0xDE, 0xFF, 0xFB, 0xFF, 0x19, 0x00, 0x31, 0x00, 0x3D, 0x00, 0x3C, 0x00, 0x32, 0x00, 0x25, 0x00,
        0x1B, 0x00, 0x16, 0x00, 0x18, 0x00, 0x1E, 0x00, 0x20, 0x00, 0x19, 0x00, 0x0D, 0x00, 0xF8, 0xFF,
        0xDD, 0xFF, 0xC9, 0xFF, 0xBF, 0xFF, 0xC1, 0xFF, 0xD6, 0xFF, 0xF8, 0xFF, 0x1B, 0x00, 0x3B, 0x00,
        0x50, 0x00, 0x51, 0x00, 0x41, 0x00, 0x27, 0x00, 0x0A, 0x00, 0xF1, 0xFF, 0xE3, 0xFF, 0xE2, 0xFF,
        0xE7, 0xFF, 0xEE, 0xFF, 0xF7, 0xFF, 0xFB, 0xFF, 0xF8, 0xFF, 0xF2, 0xFF, 0xEB, 0xFF, 0xEB, 0xFF,
        0xF5, 0xFF, 0x08, 0x00, 0x22, 0x00, 0x3E, 0x00, 0x51, 0x00, 0x56, 0x00, 0x47, 0x00, 0x28, 0x00,
        0x04, 0x00, 0xE1, 0xFF, 0xC7, 0xFF, 0xBC, 0xFF, 0xC1, 0xFF, 0xD4, 0xFF, 0xED, 0xFF, 0x05, 0x00,
        0x1A, 0x00, 0x24, 0x00, 0x21, 0x00, 0x1A, 0x00, 0x14, 0x00, 0x10, 0x00, 0x13, 0x00, 0x1D, 0x00,
        0x29, 0x00, 0x2E, 0x00, 0x28, 0x00, 0x18, 0x00, 0x00, 0x00, 0xE3, 0xFF, 0xCA, 0xFF, 0xBF, 0xFF,
        0xC3, 0xFF, 0xD7, 0xFF, 0xF8, 0xFF, 0x1D, 0x00, 0x3D, 0x00, 0x54, 0x00, 0x5A, 0x00, 0x4C, 0x00,
        0x36, 0x00, 0x1F, 0x00, 0x08, 0x00, 0xFB, 0xFF, 0xFB, 0xFF, 0xFC, 0xFF, 0xFF, 0xFF, 0x01, 0x00,
        0xFB, 0xFF, 0xEF, 0xFF, 0xE3, 0xFF, 0xDA, 0xFF, 0xD9, 0xFF, 0xE3, 0xFF, 0xFB, 0xFF, 0x19, 0x00,
        0x36, 0x00, 0x4B, 0x00, 0x4F, 0x00, 0x42, 0x00, 0x29, 0x00, 0x08, 0x00, 0xE5, 0xFF, 0xCC, 0xFF,
        0xC0, 0xFF, 0xC1, 0xFF, 0xCE, 0xFF, 0xE2, 0xFF, 0xF4, 0xFF, 0x04, 0x00, 0x0C, 0x00, 0x0B, 0x00,
        0x08, 0x00, 0x09, 0x00, 0x10, 0x00, 0x1D, 0x00, 0x2D, 0x00, 0x3B, 0x00, 0x44, 0x00, 0x3E, 0x00,
        0x28, 0x00, 0x0A, 0x00, 0xEA, 0xFF, 0xCE, 0xFF, 0xC0, 0xFF, 0xC2, 0xFF, 0xD3, 0xFF, 0xF0, 0xFF,
        0x11, 0x00, 0x2D, 0x00, 0x40, 0x00, 0x48, 0x00, 0x40, 0x00, 0x2F, 0x00, 0x1F, 0x00, 0x10, 0x00,
        0x09, 0x00, 0x0A, 0x00, 0x0B, 0x00, 0x0B, 0x00, 0x06, 0x00, 0xF8, 0xFF, 0xE7, 0xFF, 0xD4, 0xFF,
        0xC7, 0xFF, 0xC7, 0xFF, 0xD2, 0xFF, 0xED, 0xFF, 0x0F, 0x00, 0x2F, 0x00, 0x4A, 0x00, 0x54, 0x00,
        0x4B, 0x00, 0x37, 0x00, 0x17, 0x00, 0xF6, 0xFF, 0xE0, 0xFF, 0xD4, 0xFF, 0xD4, 0xFF, 0xDF, 0xFF,
        0xED, 0xFF, 0xFA, 0xFF, 0xFE, 0xFF, 0xFE, 0xFF, 0xFD, 0xFF, 0xF8, 0xFF, 0xFA, 0xFF, 0x08, 0x00,
        0x18, 0x00, 0x2B, 0x00, 0x3F, 0x00, 0x47, 0x00, 0x43, 0x00, 0x31, 0x00, 0x0D, 0x00, 0xE9, 0xFF,
        0xCD, 0xFF, 0xB8, 0xFF, 0xB3, 0xFF, 0xC1, 0xFF, 0xDB, 0xFF, 0xF7, 0xFF, 0x11, 0x00, 0x23, 0x00,
        0x2B, 0x00, 0x27, 0x00, 0x1F, 0x00, 0x15, 0x00, 0x10, 0x00, 0x13, 0x00, 0x16, 0x00, 0x19, 0x00,
        0x1B, 0x00, 0x13, 0x00, 0x01, 0x00, 0xEC, 0xFF, 0xD7, 0xFF, 0xC7, 0xFF, 0xC5, 0xFF, 0xD3, 0xFF,
        0xED, 0xFF, 0x0E, 0x00, 0x31, 0x00, 0x4C, 0x00, 0x5A, 0x00, 0x56, 0x00, 0x42, 0x00, 0x26, 0x00,
        0x0B, 0x00, 0xF7, 0xFF, 0xEB, 0xFF, 0xEB, 0xFF, 0xEF, 0xFF, 0xF4, 0xFF, 0xF8, 0xFF, 0xF4, 0xFF,
        0xEC, 0xFF, 0xE6, 0xFF, 0xE2, 0xFF, 0xE5, 0xFF, 0xF4, 0xFF, 0x09, 0x00, 0x23, 0x00, 0x3B, 0x00,
        0x44, 0x00, 0x40, 0x00, 0x2B, 0x00, 0x0A, 0x00, 0xE9, 0xFF, 0xCD, 0xFF, 0xB8, 0xFF, 0xB6, 0xFF,
        0xC2, 0xFF, 0xD5, 0xFF, 0xF0, 0xFF, 0x06, 0x00, 0x14, 0x00, 0x19, 0x00, 0x16, 0x00, 0x10, 0x00,
        0x0E, 0x00, 0x13, 0x00, 0x1D, 0x00, 0x25, 0x00, 0x2A, 0x00, 0x2C, 0x00, 0x21, 0x00, 0x09, 0x00,
        0xEE, 0xFF, 0xD3, 0xFF, 0xC1, 0xFF, 0xBC, 0xFF, 0xC6, 0xFF, 0xDF, 0xFF, 0x00, 0x00, 0x21, 0x00,
        0x3D, 0x00, 0x49, 0x00, 0x47, 0x00, 0x3A, 0x00, 0x24, 0x00, 0x0E, 0x00, 0xFC, 0xFF, 0xF2, 0xFF,
        0xF3, 0xFF, 0xF7, 0xFF, 0xF8, 0xFF, 0xF6, 0xFF, 0xEF, 0xFF, 0xE5, 0xFF, 0xD9, 0xFF, 0xD3, 0xFF,
        0xDA, 0xFF, 0xEC, 0xFF, 0x06, 0x00, 0x25, 0x00, 0x40, 0x00, 0x52, 0x00, 0x52, 0x00, 0x3E, 0x00,
        0x21, 0x00, 0x01, 0x00, 0xE1, 0xFF, 0xCD, 0xFF, 0xC6, 0xFF, 0xCB, 0xFF, 0xD8, 0xFF, 0xE9, 0xFF,
        0xFB, 0xFF, 0x06, 0x00, 0x0A, 0x00, 0x07, 0x00, 0x04, 0x00, 0x05, 0x00, 0x0D, 0x00, 0x19, 0x00,
        0x28, 0x00, 0x33, 0x00, 0x33, 0x00, 0x26, 0x00, 0x0D, 0x00, 0xEE, 0xFF, 0xCF, 0xFF, 0xB8, 0xFF,
        0xAF, 0xFF, 0xB6, 0xFF, 0xCB, 0xFF, 0xE9, 0xFF, 0x09, 0x00, 0x24, 0x00, 0x31, 0x00, 0x33, 0x00,
        0x2C, 0x00, 0x1E, 0x00, 0x11, 0x00, 0x0A, 0x00, 0x06, 0x00, 0x08, 0x00, 0x0E, 0x00, 0x0A, 0x00,
        0xFF, 0xFF, 0xF5, 0xFF, 0xE4, 0xFF, 0xD2, 0xFF, 0xCB, 0xFF, 0xD1, 0xFF, 0xE4, 0xFF, 0x02, 0x00,
        0x23, 0x00, 0x40, 0x00, 0x53, 0x00, 0x57, 0x00, 0x46, 0x00, 0x2A, 0x00, 0x0D, 0x00, 0xF1, 0xFF,
        0xDD, 0xFF, 0xD5, 0xFF, 0xD9, 0xFF, 0xE1, 0xFF, 0xEA, 0xFF, 0xF3, 0xFF, 0xF8, 0xFF, 0xF4, 0xFF,
        0xEE, 0xFF, 0xEE, 0xFF, 0xF3, 0xFF, 0x02, 0x00, 0x16, 0x00, 0x2B, 0x00, 0x3C, 0x00, 0x40, 0x00,
        0x33, 0x00, 0x1B, 0x00, 0xFA, 0xFF, 0xD8, 0xFF, 0xBD, 0xFF, 0xB0, 0xFF, 0xB5, 0xFF, 0xC9, 0xFF,
        0xE3, 0xFF, 0x00, 0x00, 0x16, 0x00, 0x22, 0x00, 0x26, 0x00, 0x1F, 0x00, 0x16, 0x00, 0x11, 0x00,
        0x0E, 0x00, 0x10, 0x00, 0x15, 0x00, 0x15, 0x00, 0x12, 0x00, 0x0A, 0x00, 0xF7, 0xFF, 0xDD, 0xFF,
        0xC9, 0xFF, 0xBE, 0xFF, 0xBE, 0xFF, 0xCF, 0xFF, 0xEC, 0xFF, 0x0D, 0x00, 0x2E, 0x00, 0x47, 0x00,
        0x4E, 0x00, 0x44, 0x00, 0x30, 0x00, 0x17, 0x00, 0xFE, 0xFF, 0xED, 0xFF, 0xE6, 0xFF, 0xE8, 0xFF,
        0xEE, 0xFF, 0xF6, 0xFF, 0xF7, 0xFF, 0xF3, 0xFF, 0xEF, 0xFF, 0xE8, 0xFF, 0xE4, 0xFF, 0xEE, 0xFF,
        0x03, 0x00, 0x1D, 0x00, 0x35, 0x00, 0x47, 0x00, 0x4F, 0x00, 0x44, 0x00, 0x2B, 0x00, 0x0A, 0x00,
        0xE6, 0xFF, 0xCA, 0xFF, 0xBC, 0xFF, 0xBB, 0xFF, 0xC7, 0xFF, 0xDD, 0xFF, 0xF4, 0xFF, 0x05, 0x00,
        0x0E, 0x00, 0x11, 0x00, 0x0C, 0x00, 0x07, 0x00, 0x08, 0x00, 0x0D, 0x00, 0x14, 0x00, 0x1E, 0x00,
        0x22, 0x00, 0x1E, 0x00, 0x10, 0x00, 0xF6, 0xFF, 0xD8, 0xFF, 0xBE, 0xFF, 0xAF, 0xFF, 0xB2, 0xFF,
        0xC3, 0xFF, 0xDE, 0xFF, 0x04, 0x00, 0x26, 0x00, 0x3B, 0x00, 0x46, 0x00, 0x40, 0x00, 0x2D, 0x00,
        0x18, 0x00, 0x06, 0x00, 0xFC, 0xFF, 0xF9, 0xFF, 0xFB, 0xFF, 0x00, 0x00, 0xFF, 0xFF, 0xF9, 0xFF,
        0xF0, 0xFF, 0xE2, 0xFF, 0xD7, 0xFF, 0xD6, 0xFF, 0xDD, 0xFF, 0xF2, 0xFF, 0x12, 0x00, 0x31, 0x00,
        0x48, 0x00, 0x54, 0x00, 0x4F, 0x00, 0x36, 0x00, 0x12, 0x00, 0xF0, 0xFF, 0xD7, 0xFF, 0xC7, 0xFF,
        0xC3, 0xFF, 0xCD, 0xFF, 0xDF, 0xFF, 0xF1, 0xFF, 0x00, 0x00, 0x08, 0x00, 0x05, 0x00, 0x00, 0x00,
        0x00, 0x00, 0x05, 0x00, 0x11, 0x00, 0x23, 0x00, 0x32, 0x00, 0x3A, 0x00, 0x38, 0x00, 0x25, 0x00,
        0x07, 0x00, 0xE6, 0xFF, 0xC9, 0xFF, 0xB6, 0xFF, 0xB1, 0xFF, 0xBD, 0xFF, 0xD7, 0xFF, 0xF5, 0xFF,
        0x12, 0x00, 0x29, 0x00, 0x33, 0x00, 0x2E, 0x00, 0x23, 0x00, 0x14, 0x00, 0x06, 0x00, 0x01, 0x00,
        0x02, 0x00, 0x02, 0x00, 0x02, 0x00, 0x00, 0x00, 0xF6, 0xFF, 0xE3, 0xFF, 0xCF, 0xFF, 0xC2, 0xFF,
        0xBE, 0xFF, 0xCA, 0xFF, 0xE5, 0xFF, 0x04, 0x00, 0x23, 0x00, 0x43, 0x00, 0x52, 0x00, 0x4B, 0x00,
        0x3A, 0x00, 0x21, 0x00, 0x03, 0x00, 0xEF, 0xFF, 0xE2, 0xFF, 0xDD, 0xFF, 0xE5, 0xFF, 0xEF, 0xFF,
        0xF8, 0xFF, 0xFE, 0xFF, 0xFD, 0xFF, 0xFB, 0xFF, 0xF7, 0xFF, 0xF6, 0xFF, 0x02, 0x00, 0x14, 0x00,
        0x29, 0x00, 0x3E, 0x00, 0x4A, 0x00, 0x46, 0x00, 0x34, 0x00, 0x15, 0x00, 0xF0, 0xFF, 0xCF, 0xFF,
        0xBA, 0xFF, 0xB5, 0xFF, 0xBF, 0xFF, 0xD3, 0xFF, 0xEB, 0xFF, 0x03, 0x00, 0x16, 0x00, 0x1D, 0x00,
        0x19, 0x00, 0x12, 0x00, 0x0C, 0x00, 0x0A, 0x00, 0x0A, 0x00, 0x0C, 0x00, 0x13, 0x00, 0x16, 0x00,
        0x0E, 0x00, 0xFF, 0xFF, 0xEB, 0xFF, 0xD3, 0xFF, 0xBE, 0xFF, 0xB7, 0xFF, 0xC3, 0xFF, 0xDB, 0xFF,
        0xF9, 0xFF, 0x1E, 0x00, 0x3C, 0x00, 0x4B, 0x00, 0x4B, 0x00, 0x3B, 0x00, 0x22, 0x00, 0x0C, 0x00,
        0xFA, 0xFF, 0xEB, 0xFF, 0xE9, 0xFF, 0xEF, 0xFF, 0xF3, 0xFF, 0xF4, 0xFF, 0xF5, 0xFF, 0xEF, 0xFF,
        0xE5, 0xFF, 0xE0, 0xFF, 0xE4, 0xFF, 0xF0, 0xFF, 0x05, 0x00, 0x20, 0x00, 0x38, 0x00, 0x46, 0x00,
        0x47, 0x00, 0x3A, 0x00, 0x1D, 0x00, 0xFA, 0xFF, 0xDB, 0xFF, 0xC5, 0xFF, 0xBE, 0xFF, 0xC7, 0xFF,
        0xD6, 0xFF, 0xEC, 0xFF, 0x03, 0x00, 0x12, 0x00, 0x17, 0x00, 0x15, 0x00, 0x13, 0x00, 0x15, 0x00,
        0x18, 0x00, 0x1F, 0x00, 0x27, 0x00, 0x2B, 0x00, 0x2D, 0x00, 0x24, 0x00, 0x0D, 0x00, 0xF2, 0xFF,
        0xD6, 0xFF, 0xBE, 0xFF, 0xB3, 0xFF, 0xB9, 0xFF, 0xCE, 0xFF, 0xEE, 0xFF, 0x0F, 0x00, 0x28, 0x00,
        0x38, 0x00, 0x3A, 0x00, 0x2E, 0x00, 0x1C, 0x00, 0x09, 0x00, 0xFA, 0xFF, 0xF3, 0xFF, 0xF1, 0xFF,
        0xF2, 0xFF, 0xF4, 0xFF, 0xF2, 0xFF, 0xE9, 0xFF, 0xDE, 0xFF, 0xD3, 0xFF, 0xCB, 0xFF, 0xD1, 0xFF,
        0xE4, 0xFF, 0xFF, 0xFF, 0x1E, 0x00, 0x3B, 0x00, 0x50, 0x00, 0x55, 0x00, 0x47, 0x00, 0x2D, 0x00,
        0x0D, 0x00, 0xEF, 0xFF, 0xDB, 0xFF, 0xD2, 0xFF, 0xD5, 0xFF, 0xE3, 0xFF, 0xF4, 0xFF, 0x02, 0x00,
        0x09, 0x00, 0x09, 0x00, 0x08, 0x00, 0x07, 0x00, 0x09, 0x00, 0x11, 0x00, 0x20, 0x00, 0x30, 0x00,
        0x3C, 0x00, 0x3E, 0x00, 0x32, 0x00, 0x1C, 0x00, 0xFE, 0xFF, 0xDB, 0xFF, 0xBE, 0xFF, 0xB1, 0xFF,
        0xB4, 0xFF, 0xC7, 0xFF, 0xE3, 0xFF, 0x00, 0x00, 0x18, 0x00, 0x29, 0x00, 0x2C, 0x00, 0x25, 0x00,
        0x19, 0x00, 0x0D, 0x00, 0x06, 0x00, 0x02, 0x00, 0x02, 0x00, 0x06, 0x00, 0x07, 0x00, 0xFE, 0xFF,
        0xF0, 0xFF, 0xDC, 0xFF, 0xCB, 0xFF, 0xC4, 0xFF, 0xC5, 0xFF, 0xD3, 0xFF, 0xEE, 0xFF, 0x10, 0x00,
        0x30, 0x00, 0x45, 0x00, 0x4E, 0x00, 0x46, 0x00, 0x2F, 0x00, 0x13, 0x00, 0xF9, 0xFF, 0xE4, 0xFF,
        0xDC, 0xFF, 0xDD, 0xFF, 0xE1, 0xFF, 0xE9, 0xFF, 0xF2, 0xFF, 0xF5, 0xFF, 0xF2, 0xFF, 0xEE, 0xFF,
        0xEC, 0xFF, 0xF2, 0xFF, 0x01, 0x00, 0x16, 0x00, 0x2B, 0x00, 0x3D, 0x00, 0x44, 0x00, 0x3C, 0x00,
        0x27, 0x00, 0x0A, 0x00, 0xE7, 0xFF, 0xCC, 0xFF, 0xBE, 0xFF, 0xBF, 0xFF, 0xCC, 0xFF, 0xE2, 0xFF,
        0xFD, 0xFF, 0x15, 0x00, 0x22, 0x00, 0x27, 0x00, 0x24, 0x00, 0x1B, 0x00, 0x16, 0x00, 0x16, 0x00,
        0x18, 0x00, 0x1C, 0x00, 0x1E, 0x00, 0x1A, 0x00, 0x0F, 0x00, 0xFB, 0xFF, 0xDF, 0xFF, 0xC9, 0xFF,
        0xBB, 0xFF, 0xB9, 0xFF, 0xC8, 0xFF, 0xE1, 0xFF, 0x00, 0x00, 0x1F, 0x00, 0x35, 0x00, 0x40, 0x00,
        0x3B, 0x00, 0x28, 0x00, 0x11, 0x00, 0xFA, 0xFF, 0xEA, 0xFF, 0xE2, 0xFF, 0xE1, 0xFF, 0xE4, 0xFF,
        0xEC, 0xFF, 0xED, 0xFF, 0xE9, 0xFF, 0xE5, 0xFF, 0xDC, 0xFF, 0xD9, 0xFF, 0xE5, 0xFF, 0xF7, 0xFF,
        0x0F, 0x00, 0x2B, 0x00, 0x40, 0x00, 0x4D, 0x00, 0x4A, 0x00, 0x35, 0x00, 0x18, 0x00, 0xF8, 0xFF,
        0xDA, 0xFF, 0xC8, 0xFF, 0xC4, 0xFF, 0xCF, 0xFF, 0xE1, 0xFF, 0xF4, 0xFF, 0x09, 0x00, 0x17, 0x00,
        0x17, 0x00, 0x13, 0x00, 0x11, 0x00, 0x10, 0x00, 0x14, 0x00, 0x1B, 0x00, 0x25, 0x00, 0x2C, 0x00,
        0x29, 0x00, 0x1B, 0x00, 0x03, 0x00, 0xE7, 0xFF, 0xCE, 0xFF, 0xBB, 0xFF, 0xB5, 0xFF, 0xC0, 0xFF,
        0xD7, 0xFF, 0xF5, 0xFF, 0x16, 0x00, 0x2E, 0x00, 0x3A, 0x00, 0x37, 0x00, 0x2B, 0x00, 0x1A, 0x00,
        0x09, 0x00, 0xFC, 0xFF, 0xF7, 0xFF, 0xF5, 0xFF, 0xF5, 0xFF, 0xF6, 0xFF, 0xF2, 0xFF, 0xEA, 0xFF,
        0xDD, 0xFF, 0xD0, 0xFF, 0xCF, 0xFF, 0xD6, 0xFF, 0xE8, 0xFF, 0x04, 0x00, 0x22, 0x00, 0x3A, 0x00,
        0x49, 0x00, 0x46, 0x00, 0x33, 0x00, 0x19, 0x00, 0xFC, 0xFF, 0xE0, 0xFF, 0xCC, 0xFF, 0xC6, 0xFF,
        0xCD, 0xFF, 0xDB, 0xFF, 0xEA, 0xFF, 0xF6, 0xFF, 0xFC, 0xFF, 0xFE, 0xFF, 0xFC, 0xFF, 0xFC, 0xFF,
        0x03, 0x00, 0x11, 0x00, 0x20, 0x00, 0x2F, 0x00, 0x3C, 0x00, 0x3B, 0x00, 0x2C, 0x00, 0x13, 0x00,
        0xF4, 0xFF, 0xD7, 0xFF, 0xC3, 0xFF, 0xBC, 0xFF, 0xC4, 0xFF, 0xD9, 0xFF, 0xF5, 0xFF, 0x11, 0x00,
        0x29, 0x00, 0x36, 0x00, 0x35, 0x00, 0x29, 0x00, 0x1D, 0x00, 0x14, 0x00, 0x0E, 0x00, 0x0B, 0x00,
        0x0D, 0x00, 0x0D, 0x00, 0x07, 0x00, 0xFC, 0xFF, 0xEB, 0xFF, 0xD6, 0xFF, 0xC6, 0xFF, 0xBE, 0xFF,
        0xC2, 0xFF, 0xD6, 0xFF, 0xF3, 0xFF, 0x13, 0x00, 0x30, 0x00, 0x40, 0x00, 0x41, 0x00, 0x34, 0x00,
        0x1C, 0x00, 0x01, 0x00, 0xE9, 0xFF, 0xD9, 0xFF, 0xD3, 0xFF, 0xD7, 0xFF, 0xE1, 0xFF, 0xEB, 0xFF,
        0xF1, 0xFF, 0xF3, 0xFF, 0xF2, 0xFF, 0xEC, 0xFF, 0xEC, 0xFF, 0xF9, 0xFF, 0x09, 0x00, 0x1D, 0x00,
        0x33, 0x00, 0x42, 0x00, 0x46, 0x00, 0x3B, 0x00, 0x1F, 0x00, 0x00, 0x00, 0xE2, 0xFF, 0xCA, 0xFF,
        0xBF, 0xFF, 0xC3, 0xFF, 0xD5, 0xFF, 0xED, 0xFF, 0x03, 0x00, 0x16, 0x00, 0x22, 0x00, 0x22, 0x00,
        0x1D, 0x00, 0x17, 0x00, 0x12, 0x00, 0x13, 0x00, 0x17, 0x00, 0x1C, 0x00, 0x20, 0x00, 0x1A, 0x00,
        0x08, 0x00, 0xF1, 0xFF, 0xDA, 0xFF, 0xC8, 0xFF, 0xBE, 0xFF, 0xC3, 0xFF, 0xD7, 0xFF, 0xF3, 0xFF,
        0x14, 0x00, 0x33, 0x00, 0x43, 0x00, 0x45, 0x00, 0x3D, 0x00, 0x29, 0x00, 0x11, 0x00, 0xFC, 0xFF,
        0xEF, 0xFF, 0xEB, 0xFF, 0xEB, 0xFF, 0xEF, 0xFF, 0xF3, 0xFF, 0xF0, 0xFF, 0xE6, 0xFF, 0xDE, 0xFF,
        0xD9, 0xFF, 0xDD, 0xFF, 0xE6, 0xFF, 0xF9, 0xFF, 0x14, 0x00, 0x2F, 0x00, 0x41, 0x00, 0x46, 0x00,
        0x38, 0x00, 0x1E, 0x00, 0x01, 0x00, 0xE3, 0xFF, 0xC9, 0xFF, 0xBD, 0xFF, 0xC0, 0xFF, 0xD0, 0xFF,
        0xE7, 0xFF, 0xF9, 0xFF, 0x08, 0x00, 0x0F, 0x00, 0x10, 0x00, 0x0D, 0x00, 0x0B, 0x00, 0x0F, 0x00,
        0x1B, 0x00, 0x26, 0x00, 0x2E, 0x00, 0x35, 0x00, 0x31, 0x00, 0x1C, 0x00, 0x00, 0x00, 0xE3, 0xFF,
        0xCE, 0xFF, 0xC2, 0xFF, 0xC0, 0xFF, 0xD1, 0xFF, 0xEF, 0xFF, 0x0E, 0x00, 0x29, 0x00, 0x3B, 0x00,
        0x40, 0x00, 0x39, 0x00, 0x2B, 0x00, 0x18, 0x00, 0x07, 0x00, 0xFD, 0xFF, 0xFB, 0xFF, 0xFD, 0xFF,
        0xFD, 0xFF, 0xF9, 0xFF, 0xF2, 0xFF, 0xE5, 0xFF, 0xD6, 0xFF, 0xCD, 0xFF, 0xCD, 0xFF, 0xDA, 0xFF,
        0xF2, 0xFF, 0x0F, 0x00, 0x2C, 0x00, 0x43, 0x00, 0x4A, 0x00, 0x42, 0x00, 0x2C, 0x00, 0x0E, 0x00,
        0xF2, 0xFF, 0xDC, 0xFF, 0xCF, 0xFF, 0xD1, 0xFF, 0xDB, 0xFF, 0xE6, 0xFF, 0xF2, 0xFF, 0xFB, 0xFF,
        0xFD, 0xFF, 0xFD, 0xFF, 0xFC, 0xFF, 0xFE, 0xFF, 0x07, 0x00, 0x17, 0x00, 0x2A, 0x00, 0x39, 0x00,
        0x3D, 0x00, 0x36, 0x00, 0x24, 0x00, 0x07, 0x00, 0xE8, 0xFF, 0xCD, 0xFF, 0xBC, 0xFF, 0xBC, 0xFF,
        0xCA, 0xFF, 0xE2, 0xFF, 0xFE, 0xFF, 0x16, 0x00, 0x26, 0x00, 0x2F, 0x00, 0x2B, 0x00, 0x21, 0x00,
        0x19, 0x00, 0x13, 0x00, 0x12, 0x00, 0x14, 0x00, 0x18, 0x00, 0x18, 0x00, 0x0F, 0x00, 0x00, 0x00,
        0xED, 0xFF, 0xD8, 0xFF, 0xCB, 0xFF, 0xCB, 0xFF, 0xD6, 0xFF, 0xED, 0xFF, 0x0D, 0x00, 0x2C, 0x00,
        0x42, 0x00, 0x4C, 0x00, 0x4A, 0x00, 0x3A, 0x00, 0x1D, 0x00, 0x00, 0x00, 0xEA, 0xFF, 0xE0, 0xFF,
        0xE1, 0xFF, 0xE7, 0xFF, 0xEE, 0xFF, 0xF4, 0xFF, 0xF2, 0xFF, 0xEC, 0xFF, 0xE9, 0xFF, 0xE7, 0xFF,
        0xED, 0xFF, 0xFB, 0xFF, 0x0C, 0x00, 0x21, 0x00, 0x36, 0x00, 0x40, 0x00, 0x3D, 0x00, 0x2C, 0x00,
        0x0F, 0x00, 0xEF, 0xFF, 0xD0, 0xFF, 0xBF, 0xFF, 0xBD, 0xFF, 0xC5, 0xFF, 0xDD, 0xFF, 0xF9, 0xFF,
        0x0C, 0x00, 0x19, 0x00, 0x21, 0x00, 0x1E, 0x00, 0x1A, 0x00, 0x18, 0x00, 0x19, 0x00, 0x1D, 0x00,
        0x20, 0x00, 0x23, 0x00, 0x25, 0x00, 0x1B, 0x00, 0x07, 0x00, 0xF1, 0xFF, 0xDB, 0xFF, 0xCB, 0xFF,
        0xC5, 0xFF, 0xCF, 0xFF, 0xE6, 0xFF, 0x03, 0x00, 0x20, 0x00, 0x39, 0x00, 0x44, 0x00, 0x41, 0x00,
        0x35, 0x00, 0x23, 0x00, 0x0C, 0x00, 0xFC, 0xFF, 0xF4, 0xFF, 0xF0, 0xFF, 0xF2, 0xFF, 0xF6, 0xFF,
        0xF6, 0xFF, 0xF0, 0xFF, 0xE9, 0xFF, 0xE1, 0xFF, 0xDF, 0xFF, 0xE6, 0xFF, 0xF7, 0xFF, 0x0C, 0x00,
        0x26, 0x00, 0x3F, 0x00, 0x4D, 0x00, 0x47, 0x00, 0x36, 0x00, 0x1B, 0x00, 0xFA, 0xFF, 0xDE, 0xFF,
        0xCB, 0xFF, 0xC7, 0xFF, 0xD0, 0xFF, 0xDE, 0xFF, 0xED, 0xFF, 0xFF, 0xFF, 0x09, 0x00, 0x0B, 0x00,
        0x0C, 0x00, 0x0C, 0x00, 0x0B, 0x00, 0x0F, 0x00, 0x19, 0x00, 0x25, 0x00, 0x2D, 0x00, 0x2D, 0x00,
        0x22, 0x00, 0x0C, 0x00, 0xEF, 0xFF, 0xD5, 0xFF, 0xC2, 0xFF, 0xBB, 0xFF, 0xC4, 0xFF, 0xDB, 0xFF,
        0xF8, 0xFF, 0x17, 0x00, 0x2F, 0x00, 0x3C, 0x00, 0x40, 0x00, 0x39, 0x00, 0x27, 0x00, 0x18, 0x00,
        0x0E, 0x00, 0x09, 0x00, 0x08, 0x00, 0x0A, 0x00, 0x08, 0x00, 0x02, 0x00, 0xF9, 0xFF, 0xEC, 0xFF,
        0xDD, 0xFF, 0xD8, 0xFF, 0xDD, 0xFF, 0xEB, 0xFF, 0x04, 0x00, 0x23, 0x00, 0x3C, 0x00, 0x4E, 0x00,
        0x50, 0x00, 0x41, 0x00, 0x28, 0x00, 0x09, 0x00, 0xED, 0xFF, 0xD9, 0xFF, 0xCE, 0xFF, 0xD2, 0xFF,
        0xDD, 0xFF, 0xE7, 0xFF, 0xF4, 0xFF, 0xFB, 0xFF, 0xFA, 0xFF, 0xFA, 0xFF, 0xF9, 0xFF, 0xFE, 0xFF,
        0x0B, 0x00, 0x18, 0x00, 0x27, 0x00, 0x36, 0x00, 0x38, 0x00, 0x2E, 0x00, 0x19, 0x00, 0xFB, 0xFF,
        0xE0, 0xFF, 0xCB, 0xFF, 0xC0, 0xFF, 0xC3, 0xFF, 0xD3, 0xFF, 0xED, 0xFF, 0x09, 0x00, 0x1E, 0x00,
        0x2B, 0x00, 0x2F, 0x00, 0x29, 0x00, 0x24, 0x00, 0x1C, 0x00, 0x14, 0x00, 0x13, 0x00, 0x16, 0x00,
        0x18, 0x00, 0x14, 0x00, 0x07, 0x00, 0xF7, 0xFF, 0xE6, 0xFF, 0xD4, 0xFF, 0xCC, 0xFF, 0xD2, 0xFF,
        0xDF, 0xFF, 0xF7, 0xFF, 0x17, 0x00, 0x33, 0x00, 0x46, 0x00, 0x4D, 0x00, 0x43, 0x00, 0x2E, 0x00,
        0x16, 0x00, 0x00, 0x00, 0xED, 0xFF, 0xE5, 0xFF, 0xE7, 0xFF, 0xEE, 0xFF, 0xF5, 0xFF, 0xF9, 0xFF,
        0xF9, 0xFF, 0xF5, 0xFF, 0xF0, 0xFF, 0xF1, 0xFF, 0xFA, 0xFF, 0x07, 0x00, 0x1C, 0x00, 0x34, 0x00,
        0x45, 0x00, 0x47, 0x00, 0x3D, 0x00, 0x27, 0x00, 0x08, 0x00, 0xE8, 0xFF, 0xCF, 0xFF, 0xC1, 0xFF,
        0xC1, 0xFF, 0xCE, 0xFF, 0xE1, 0xFF, 0xFA, 0xFF, 0x0D, 0x00, 0x17, 0x00, 0x19, 0x00, 0x15, 0x00,
        0x11, 0x00, 0x10, 0x00, 0x10, 0x00, 0x14, 0x00, 0x1B, 0x00, 0x1F, 0x00, 0x1D, 0x00, 0x0E, 0x00,
        0xFA, 0xFF, 0xE5, 0xFF, 0xD0, 0xFF, 0xC4, 0xFF, 0xC3, 0xFF, 0xD0, 0xFF, 0xEC, 0xFF, 0x0D, 0x00,
        0x2B, 0x00, 0x41, 0x00, 0x49, 0x00, 0x46, 0x00, 0x38, 0x00, 0x21, 0x00, 0x0E, 0x00, 0x03, 0x00,
        0xF9, 0xFF, 0xF8, 0xFF, 0xFD, 0xFF, 0xFE, 0xFF, 0xFA, 0xFF, 0xF4, 0xFF, 0xEE, 0xFF, 0xE8, 0xFF,
        0xE5, 0xFF, 0xED, 0xFF, 0xFF, 0xFF, 0x17, 0x00, 0x30, 0x00, 0x45, 0x00, 0x4C, 0x00, 0x43, 0x00,
        0x2F, 0x00, 0x15, 0x00, 0xF4, 0xFF, 0xD8, 0xFF, 0xCA, 0xFF, 0xC8, 0xFF, 0xD3, 0xFF, 0xE4, 0xFF,
        0xF2, 0xFF, 0x00, 0x00, 0x0B, 0x00, 0x0D, 0x00, 0x0B, 0x00, 0x0C, 0x00, 0x11, 0x00, 0x17, 0x00,
        0x22, 0x00, 0x2F, 0x00, 0x32, 0x00, 0x2B, 0x00, 0x1C, 0x00, 0x03, 0x00, 0xE7, 0xFF, 0xD0, 0xFF,
        0xBF, 0xFF, 0xBC, 0xFF, 0xCD, 0xFF, 0xE4, 0xFF, 0xFE, 0xFF, 0x1C, 0x00, 0x31, 0x00, 0x39, 0x00,
        0x36, 0x00, 0x2B, 0x00, 0x1D, 0x00, 0x0F, 0x00, 0x07, 0x00, 0x07, 0x00, 0x08, 0x00, 0x07, 0x00,
        0x05, 0x00, 0xFC, 0xFF, 0xEC, 0xFF, 0xDD, 0xFF, 0xD5, 0xFF, 0xD3, 0xFF, 0xDD, 0xFF, 0xF1, 0xFF,
        0x0D, 0x00, 0x2D, 0x00, 0x46, 0x00, 0x52, 0x00, 0x52, 0x00, 0x3F, 0x00, 0x22, 0x00, 0x08, 0x00,
        0xF1, 0xFF, 0xE0, 0xFF, 0xDE, 0xFF, 0xE6, 0xFF, 0xF1, 0xFF, 0xFB, 0xFF, 0x02, 0x00, 0x05, 0x00,
        0x03, 0x00, 0xFF, 0xFF, 0x03, 0x00, 0x0A, 0x00, 0x15, 0x00, 0x29, 0x00, 0x3A, 0x00, 0x41, 0x00,
        0x3D, 0x00, 0x2E, 0x00, 0x13, 0x00, 0xF1, 0xFF, 0xD5, 0xFF, 0xC2, 0xFF, 0xBA, 0xFF, 0xC2, 0xFF,
        0xD8, 0xFF, 0xF0, 0xFF, 0x09, 0x00, 0x1C, 0x00, 0x26, 0x00, 0x26, 0x00, 0x1E, 0x00, 0x15, 0x00,
        0x0F, 0x00, 0x0B, 0x00, 0x0F, 0x00, 0x15, 0x00, 0x15, 0x00, 0x0D, 0x00, 0x01, 0x00, 0xF2, 0xFF,
        0xDF, 0xFF, 0xD0, 0xFF, 0xCC, 0xFF, 0xD4, 0xFF, 0xE9, 0xFF, 0x08, 0x00, 0x24, 0x00, 0x3D, 0x00,
        0x4F, 0x00, 0x50, 0x00, 0x42, 0x00, 0x2B, 0x00, 0x12, 0x00, 0xFF, 0xFF, 0xF1, 0xFF, 0xEC, 0xFF,
        0xF1, 0xFF, 0xF6, 0xFF, 0xFB, 0xFF, 0xFC, 0xFF, 0xF8, 0xFF, 0xF3, 0xFF, 0xF1, 0xFF, 0xF2, 0xFF,
        0xFD, 0xFF, 0x12, 0x00, 0x28, 0x00, 0x3B, 0x00, 0x47, 0x00, 0x47, 0x00, 0x36, 0x00, 0x1D, 0x00,
        0x01, 0x00, 0xE1, 0xFF, 0xCC, 0xFF, 0xC6, 0xFF, 0xCD, 0xFF, 0xE0, 0xFF, 0xF6, 0xFF, 0x08, 0x00,
        0x18, 0x00, 0x1D, 0x00, 0x1A, 0x00, 0x1A, 0x00, 0x17, 0x00, 0x16, 0x00, 0x1D, 0x00, 0x25, 0x00,
        0x29, 0x00, 0x28, 0x00, 0x1F, 0x00, 0x0E, 0x00, 0xF4, 0xFF, 0xDB, 0xFF, 0xC9, 0xFF, 0xC0, 0xFF,
        0xC7, 0xFF, 0xDC, 0xFF, 0xF8, 0xFF, 0x18, 0x00, 0x33, 0x00, 0x43, 0x00, 0x45, 0x00, 0x39, 0x00,
        0x25, 0x00, 0x11, 0x00, 0xFF, 0xFF, 0xF5, 0xFF, 0xF5, 0xFF, 0xF7, 0xFF, 0xF8, 0xFF, 0xF8, 0xFF,
        0xF4, 0xFF, 0xEC, 0xFF, 0xE4, 0xFF, 0xE0, 0xFF, 0xE4, 0xFF, 0xF3, 0xFF, 0x0A, 0x00, 0x25, 0x00,
        0x40, 0x00, 0x54, 0x00, 0x57, 0x00, 0x49, 0x00, 0x30, 0x00, 0x14, 0x00, 0xF8, 0xFF, 0xE0, 0xFF,
        0xD6, 0xFF, 0xD9, 0xFF, 0xE6, 0xFF, 0xF8, 0xFF, 0x05, 0x00, 0x0F, 0x00, 0x15, 0x00, 0x13, 0x00,
        0x12, 0x00, 0x14, 0x00, 0x16, 0x00, 0x21, 0x00, 0x2E, 0x00, 0x33, 0x00, 0x33, 0x00, 0x2B, 0x00,
        0x17, 0x00, 0xFC, 0xFF, 0xE0, 0xFF, 0xC9, 0xFF, 0xBD, 0xFF, 0xBE, 0xFF, 0xCF, 0xFF, 0xEB, 0xFF,
        0x08, 0x00, 0x21, 0x00, 0x30, 0x00, 0x35, 0x00, 0x31, 0x00, 0x24, 0x00, 0x17, 0x00, 0x0E, 0x00,
        0x0A, 0x00, 0x09, 0x00, 0x09, 0x00, 0x08, 0x00, 0x02, 0x00, 0xF5, 0xFF, 0xE8, 0xFF, 0xDD, 0xFF,
        0xD5, 0xFF, 0xD9, 0xFF, 0xE8, 0xFF, 0xFF, 0xFF, 0x1E, 0x00, 0x3C, 0x00, 0x4F, 0x00, 0x55, 0x00,
        0x4B, 0x00, 0x37, 0x00, 0x1C, 0x00, 0x01, 0x00, 0xED, 0xFF, 0xE3, 0xFF, 0xE3, 0xFF, 0xEB, 0xFF,
        0xF5, 0xFF, 0xFD, 0xFF, 0x00, 0x00, 0x01, 0x00, 0x01, 0x00, 0x00, 0x00, 0x03, 0x00, 0x0D, 0x00,
        0x1E, 0x00, 0x31, 0x00, 0x3F, 0x00, 0x45, 0x00, 0x3F, 0x00, 0x2B, 0x00, 0x0F, 0x00, 0xF1, 0xFF,
        0xD8, 0xFF, 0xC8, 0xFF, 0xC9, 0xFF, 0xD8, 0xFF, 0xEC, 0xFF, 0x02, 0x00, 0x1C, 0x00, 0x2D, 0x00,
        0x31, 0x00, 0x2E, 0x00, 0x27, 0x00, 0x1F, 0x00, 0x19, 0x00, 0x15, 0x00, 0x18, 0x00, 0x1C, 0x00,
        0x1A, 0x00, 0x10, 0x00, 0xFE, 0xFF, 0xE9, 0xFF, 0xD9, 0xFF, 0xCD, 0xFF, 0xCA, 0xFF, 0xD6, 0xFF,
        0xEC, 0xFF, 0x0A, 0x00, 0x27, 0x00, 0x3B, 0x00, 0x46, 0x00, 0x43, 0x00, 0x2F, 0x00, 0x1B, 0x00,
        0x06, 0x00, 0xF4, 0xFF, 0xEC, 0xFF, 0xED, 0xFF, 0xEF, 0xFF, 0xF5, 0xFF, 0xF9, 0xFF, 0xF8, 0xFF,
        0xF4, 0xFF, 0xF1, 0xFF, 0xF2, 0xFF, 0xF8, 0xFF, 0x07, 0x00, 0x1F, 0x00, 0x35, 0x00, 0x46, 0x00,
        0x4F, 0x00, 0x49, 0x00, 0x37, 0x00, 0x1D, 0x00, 0xFE, 0xFF, 0xE6, 0xFF, 0xD8, 0xFF, 0xD5, 0xFF,
        0xDB, 0xFF, 0xEB, 0xFF, 0x01, 0x00, 0x13, 0x00, 0x1B, 0x00, 0x1F, 0x00, 0x20, 0x00, 0x1D, 0x00,
        0x1A, 0x00, 0x1D, 0x00, 0x22, 0x00, 0x25, 0x00, 0x28, 0x00, 0x27, 0x00, 0x19, 0x00, 0x04, 0x00,
        0xEB, 0xFF, 0xD5, 0xFF, 0xC8, 0xFF, 0xC6, 0xFF, 0xCF, 0xFF, 0xE4, 0xFF, 0x01, 0x00, 0x1D, 0x00,
        0x33, 0x00, 0x3F, 0x00, 0x3F, 0x00, 0x32, 0x00, 0x21, 0x00, 0x11, 0x00, 0x02, 0x00, 0xFA, 0xFF,
        0xFB, 0xFF, 0xFD, 0xFF, 0xFD, 0xFF, 0xFA, 0xFF, 0xF2, 0xFF, 0xE9, 0xFF, 0xE3, 0xFF, 0xE2, 0xFF,
        0xE8, 0xFF, 0xF8, 0xFF, 0x13, 0x00, 0x2C, 0x00, 0x41, 0x00, 0x4F, 0x00, 0x4C, 0x00, 0x3B, 0x00,
        0x21, 0x00, 0x02, 0x00, 0xE8, 0xFF, 0xD9, 0xFF, 0xD5, 0xFF, 0xDB, 0xFF, 0xE7, 0xFF, 0xF8, 0xFF,
        0x07, 0x00, 0x0B, 0x00, 0x0E, 0x00, 0x11, 0x00, 0x0F, 0x00, 0x14, 0x00, 0x20, 0x00, 0x28, 0x00,
        0x32, 0x00, 0x3C, 0x00, 0x3B, 0x00, 0x2D, 0x00, 0x16, 0x00, 0xFB, 0xFF, 0xE3, 0xFF, 0xCE, 0xFF,
        0xC7, 0xFF, 0xD0, 0xFF, 0xE2, 0xFF, 0xFB, 0xFF, 0x17, 0x00, 0x2C, 0x00, 0x38, 0x00, 0x39, 0x00,
        0x31, 0x00, 0x24, 0x00, 0x17, 0x00, 0x10, 0x00, 0x0D, 0x00, 0x0C, 0x00, 0x0C, 0x00, 0x07, 0x00,
        0xFE, 0xFF, 0xF2, 0xFF, 0xE0, 0xFF, 0xD1, 0xFF, 0xD0, 0xFF, 0xD7, 0xFF, 0xE5, 0xFF, 0x00, 0x00,
        0x1F, 0x00, 0x37, 0x00, 0x46, 0x00, 0x49, 0x00, 0x3B, 0x00, 0x25, 0x00, 0x0B, 0x00, 0xF3, 0xFF,
        0xE5, 0xFF, 0xE0, 0xFF, 0xE3, 0xFF, 0xEC, 0xFF, 0xF4, 0xFF, 0xFA, 0xFF, 0xFF, 0xFF, 0xFF, 0xFF,
        0xFD, 0xFF, 0xFF, 0xFF, 0x07, 0x00, 0x17, 0x00, 0x2A, 0x00, 0x3A, 0x00, 0x42, 0x00, 0x44, 0x00,
        0x3B, 0x00, 0x23, 0x00, 0x04, 0x00, 0xE7, 0xFF, 0xD4, 0xFF, 0xCE, 0xFF, 0xD1, 0xFF, 0xDD, 0xFF,
        0xF5, 0xFF, 0x0F, 0x00, 0x21, 0x00, 0x2B, 0x00, 0x2B, 0x00, 0x27, 0x00, 0x21, 0x00, 0x1A, 0x00,
        0x18, 0x00, 0x1B, 0x00, 0x1E, 0x00, 0x20, 0x00, 0x1C, 0x00, 0x0E, 0x00, 0xFB, 0xFF, 0xE6, 0xFF,
        0xD4, 0xFF, 0xCD, 0xFF, 0xD2, 0xFF, 0xE0, 0xFF, 0xFA, 0xFF, 0x18, 0x00, 0x33, 0x00, 0x44, 0x00,
        0x48, 0x00, 0x3E, 0x00, 0x2C, 0x00, 0x16, 0x00, 0x00, 0x00, 0xEF, 0xFF, 0xE9, 0xFF, 0xED, 0xFF,
        0xF2, 0xFF, 0xF6, 0xFF, 0xF8, 0xFF, 0xF4, 0xFF, 0xEF, 0xFF, 0xEC, 0xFF, 0xEC, 0xFF, 0xF4, 0xFF,
        0x07, 0x00, 0x1D, 0x00, 0x34, 0x00, 0x45, 0x00, 0x48, 0x00, 0x3F, 0x00, 0x2B, 0x00, 0x0D, 0x00,
        0xF0, 0xFF, 0xDA, 0xFF, 0xD0, 0xFF, 0xD6, 0xFF, 0xE3, 0xFF, 0xF4, 0xFF, 0x08, 0x00, 0x17, 0x00,
        0x22, 0x00, 0x25, 0x00, 0x1E, 0x00, 0x1B, 0x00, 0x21, 0x00, 0x26, 0x00, 0x2A, 0x00, 0x30, 0x00,
        0x33, 0x00, 0x2E, 0x00, 0x1E, 0x00, 0x06, 0x00, 0xED, 0xFF, 0xD9, 0xFF, 0xCE, 0xFF, 0xD0, 0xFF,
        0xDD, 0xFF, 0xF4, 0xFF, 0x11, 0x00, 0x2B, 0x00, 0x3D, 0x00, 0x42, 0x00, 0x3D, 0x00, 0x2E, 0x00,
        0x1A, 0x00, 0x0A, 0x00, 0x01, 0x00, 0xFD, 0xFF, 0xFD, 0xFF, 0xFD, 0xFF, 0xFC, 0xFF, 0xF8, 0xFF,
        0xED, 0xFF, 0xE3, 0xFF, 0xDF, 0xFF, 0xDF, 0xFF, 0xE8, 0xFF, 0xFE, 0xFF, 0x1A, 0x00, 0x34, 0x00,
        0x48, 0x00, 0x50, 0x00, 0x48, 0x00, 0x34, 0x00, 0x19, 0x00, 0xFB, 0xFF, 0xE2, 0xFF, 0xDA, 0xFF,
        0xDC, 0xFF, 0xE3, 0xFF, 0xF1, 0xFF, 0xFF, 0xFF, 0x09, 0x00, 0x0F, 0x00, 0x0E, 0x00, 0x0B, 0x00,
        0x10, 0x00, 0x16, 0x00, 0x1E, 0x00, 0x2C, 0x00, 0x3A, 0x00, 0x3F, 0x00, 0x39, 0x00, 0x28, 0x00,
        0x11, 0x00, 0xF4, 0xFF, 0xD8, 0xFF, 0xCA, 0xFF, 0xC9, 0xFF, 0xD6, 0xFF, 0xEE, 0xFF, 0x09, 0x00,
        0x22, 0x00, 0x33, 0x00, 0x3B, 0x00, 0x3A, 0x00, 0x30, 0x00, 0x24, 0x00, 0x1B, 0x00, 0x17, 0x00,
        0x18, 0x00, 0x19, 0x00, 0x16, 0x00, 0x11, 0x00, 0x07, 0x00, 0xF7, 0xFF, 0xE7, 0xFF, 0xDD, 0xFF,
        0xDC, 0xFF, 0xE6, 0xFF, 0xF9, 0xFF, 0x12, 0x00, 0x2E, 0x00, 0x44, 0x00, 0x4F, 0x00, 0x4C, 0x00,
        0x3C, 0x00, 0x22, 0x00, 0x08, 0x00, 0xF3, 0xFF, 0xE6, 0xFF, 0xE1, 0xFF, 0xE6, 0xFF, 0xEE, 0xFF,
        0xF5, 0xFF, 0xFB, 0xFF, 0xFB, 0xFF, 0xF7, 0xFF, 0xF6, 0xFF, 0xFC, 0xFF, 0x06, 0x00, 0x16, 0x00,
        0x28, 0x00, 0x3A, 0x00, 0x42, 0x00, 0x3F, 0x00, 0x32, 0x00, 0x1A, 0x00, 0xFD, 0xFF, 0xE5, 0xFF,
        0xD4, 0xFF, 0xCE, 0xFF, 0xD9, 0xFF, 0xEF, 0xFF, 0x04, 0x00, 0x17, 0x00, 0x27, 0x00, 0x31, 0x00,
        0x32, 0x00, 0x2E, 0x00, 0x26, 0x00, 0x22, 0x00, 0x25, 0x00, 0x28, 0x00, 0x2B, 0x00, 0x2A, 0x00,
        0x20, 0x00, 0x10, 0x00, 0xFE, 0xFF, 0xE9, 0xFF, 0xDA, 0xFF, 0xD5, 0xFF, 0xDF, 0xFF, 0xF4, 0xFF,
        0x0D, 0x00, 0x27, 0x00, 0x3E, 0x00, 0x48, 0x00, 0x44, 0x00, 0x38, 0x00, 0x24, 0x00, 0x0F, 0x00,
        0xFE, 0xFF, 0xF4, 0xFF, 0xF1, 0xFF, 0xF3, 0xFF, 0xF7, 0xFF, 0xFA, 0xFF, 0xF9, 0xFF, 0xF6, 0xFF,
        0xF2, 0xFF, 0xEF, 0xFF, 0xF4, 0xFF, 0x01, 0x00, 0x14, 0x00, 0x2B, 0x00, 0x40, 0x00, 0x4D, 0x00,
        0x4B, 0x00, 0x3A, 0x00, 0x24, 0x00, 0x0B, 0x00, 0xF0, 0xFF, 0xDA, 0xFF, 0xD1, 0xFF, 0xD8, 0xFF,
        0xE9, 0xFF, 0xFB, 0xFF, 0x0A, 0x00, 0x15, 0x00, 0x1A, 0x00, 0x1C, 0x00, 0x1C, 0x00, 0x19, 0x00,
        0x1B, 0x00, 0x23, 0x00, 0x2B, 0x00, 0x30, 0x00, 0x2D, 0x00, 0x25, 0x00, 0x15, 0x00, 0xFD, 0xFF,
        0xE5, 0xFF, 0xD3, 0xFF, 0xCD, 0xFF, 0xD7, 0xFF, 0xEA, 0xFF, 0x03, 0x00, 0x20, 0x00, 0x38, 0x00,
        0x47, 0x00, 0x49, 0x00, 0x3F, 0x00, 0x31, 0x00, 0x25, 0x00, 0x17, 0x00, 0x0F, 0x00, 0x0C, 0x00,
        0x0B, 0x00, 0x0B, 0x00, 0x07, 0x00, 0xFC, 0xFF, 0xF5, 0xFF, 0xEF, 0xFF, 0xEB, 0xFF, 0xEE, 0xFF,
        0xFC, 0xFF, 0x12, 0x00, 0x2B, 0x00, 0x3F, 0x00, 0x4F, 0x00, 0x51, 0x00, 0x41, 0x00, 0x29, 0x00,
        0x0E, 0x00, 0xF5, 0xFF, 0xE3, 0xFF, 0xDA, 0xFF, 0xD9, 0xFF, 0xE1, 0xFF, 0xEF, 0xFF, 0xFB, 0xFF,
        0x01, 0x00, 0x05, 0x00, 0x08, 0x00, 0x08, 0x00, 0x0C, 0x00, 0x15, 0x00, 0x21, 0x00, 0x30, 0x00,
        0x3B, 0x00, 0x3B, 0x00, 0x31, 0x00, 0x1D, 0x00, 0x05, 0x00, 0xED, 0xFF, 0xD8, 0xFF, 0xCE, 0xFF,
        0xD2, 0xFF, 0xE1, 0xFF, 0xFB, 0xFF, 0x16, 0x00, 0x2A, 0x00, 0x38, 0x00, 0x3C, 0x00, 0x38, 0x00,
        0x32, 0x00, 0x26, 0x00, 0x1E, 0x00, 0x1C, 0x00, 0x1C, 0x00, 0x1C, 0x00, 0x19, 0x00, 0x0F, 0x00,
        0x02, 0x00, 0xF2, 0xFF, 0xE0, 0xFF, 0xD8, 0xFF, 0xDD, 0xFF, 0xED, 0xFF, 0x03, 0x00, 0x1B, 0x00,
        0x35, 0x00, 0x4B, 0x00, 0x50, 0x00, 0x47, 0x00, 0x34, 0x00, 0x1A, 0x00, 0x04, 0x00, 0xF5, 0xFF,
        0xEB, 0xFF, 0xEA, 0xFF, 0xF1, 0xFF, 0xFA, 0xFF, 0xFE, 0xFF, 0xFD, 0xFF, 0xFC, 0xFF, 0xFB, 0xFF,
        0xFD, 0xFF, 0x04, 0x00, 0x10, 0x00, 0x21, 0x00, 0x34, 0x00, 0x43, 0x00, 0x47, 0x00, 0x3D, 0x00,
        0x2A, 0x00, 0x0E, 0x00, 0xF2, 0xFF, 0xDD, 0xFF, 0xD2, 0xFF, 0xD1, 0xFF, 0xDC, 0xFF, 0xEE, 0xFF,
        0x04, 0x00, 0x18, 0x00, 0x22, 0x00, 0x26, 0x00, 0x26, 0x00, 0x20, 0x00, 0x1B, 0x00, 0x1D, 0x00,
        0x20, 0x00, 0x22, 0x00, 0x22, 0x00, 0x20, 0x00, 0x17, 0x00, 0x06, 0x00, 0xF3, 0xFF, 0xE1, 0xFF,
        0xD3, 0xFF, 0xD5, 0xFF, 0xE6, 0xFF, 0xFC, 0xFF, 0x17, 0x00, 0x32, 0x00, 0x47, 0x00, 0x4E, 0x00,
        0x4A, 0x00, 0x3C, 0x00, 0x26, 0x00, 0x15, 0x00, 0x0A, 0x00, 0x01, 0x00, 0xFF, 0xFF, 0x05, 0x00,
        0x08, 0x00, 0x05, 0x00, 0xFF, 0xFF, 0xFA, 0xFF, 0xF5, 0xFF, 0xF3, 0xFF, 0xFB, 0xFF, 0x0E, 0x00,
        0x22, 0x00, 0x36, 0x00, 0x45, 0x00, 0x4A, 0x00, 0x46, 0x00, 0x34, 0x00, 0x16, 0x00, 0xF9, 0xFF,
        0xE1, 0xFF, 0xD3, 0xFF, 0xD3, 0xFF, 0xDC, 0xFF, 0xEB, 0xFF, 0xFD, 0xFF, 0x0A, 0x00, 0x13, 0x00,
        0x18, 0x00, 0x16, 0x00, 0x15, 0x00, 0x17, 0x00, 0x1C, 0x00, 0x26, 0x00, 0x2E, 0x00, 0x32, 0x00,
        0x31, 0x00, 0x23, 0x00, 0x0D, 0x00, 0xF6, 0xFF, 0xDE, 0xFF, 0xD0, 0xFF, 0xD0, 0xFF, 0xDB, 0xFF,
        0xF1, 0xFF, 0x0D, 0x00, 0x28, 0x00, 0x3C, 0x00, 0x44, 0x00, 0x41, 0x00, 0x37, 0x00, 0x29, 0x00,
        0x1D, 0x00, 0x12, 0x00, 0x0B, 0x00, 0x0A, 0x00, 0x09, 0x00, 0x06, 0x00, 0x02, 0x00, 0xFB, 0xFF,
        0xF1, 0xFF, 0xE7, 0xFF, 0xE3, 0xFF, 0xEA, 0xFF, 0xFD, 0xFF, 0x18, 0x00, 0x34, 0x00, 0x48, 0x00,
        0x52, 0x00, 0x52, 0x00, 0x42, 0x00, 0x29, 0x00, 0x0D, 0x00, 0xF4, 0xFF, 0xE7, 0xFF, 0xE5, 0xFF,
        0xE6, 0xFF, 0xF0, 0xFF, 0xFD, 0xFF, 0x06, 0x00, 0x0B, 0x00, 0x0C, 0x00, 0x0C, 0x00, 0x0E, 0x00,
        0x12, 0x00, 0x1C, 0x00, 0x29, 0x00, 0x35, 0x00, 0x3D, 0x00, 0x3A, 0x00, 0x2B, 0x00, 0x18, 0x00,
        0xFC, 0xFF, 0xDF, 0xFF, 0xCF, 0xFF, 0xCB, 0xFF, 0xD1, 0xFF, 0xE2, 0xFF, 0xFA, 0xFF, 0x13, 0x00,
        0x26, 0x00, 0x31, 0x00, 0x34, 0x00, 0x2C, 0x00, 0x22, 0x00, 0x1B, 0x00, 0x16, 0x00, 0x16, 0x00,
        0x1A, 0x00, 0x19, 0x00, 0x14, 0x00, 0x0C, 0x00, 0xFC, 0xFF, 0xEC, 0xFF, 0xE1, 0xFF, 0xDD, 0xFF,
        0xE3, 0xFF, 0xF7, 0xFF, 0x14, 0x00, 0x31, 0x00, 0x47, 0x00, 0x53, 0x00, 0x52, 0x00, 0x48, 0x00,
        0x35, 0x00, 0x1B, 0x00, 0x04, 0x00, 0xF5, 0xFF, 0xF1, 0xFF, 0xF4, 0xFF, 0xFA, 0xFF, 0x01, 0x00,
        0x03, 0x00, 0x01, 0x00, 0x00, 0x00, 0xFE, 0xFF, 0xFF, 0xFF, 0x08, 0x00, 0x18, 0x00, 0x29, 0x00,
        0x3B, 0x00, 0x46, 0x00, 0x45, 0x00, 0x39, 0x00, 0x22, 0x00, 0x06, 0x00, 0xEB, 0xFF, 0xD8, 0xFF,
        0xD0, 0xFF, 0xD5, 0xFF, 0xE4, 0xFF, 0xF8, 0xFF, 0x10, 0x00, 0x22, 0x00, 0x28, 0x00, 0x27, 0x00,
        0x25, 0x00, 0x20, 0x00, 0x1E, 0x00, 0x1F, 0x00, 0x23, 0x00, 0x27, 0x00, 0x26, 0x00, 0x20, 0x00,
        0x13, 0x00, 0xFE, 0xFF, 0xEC, 0xFF, 0xDE, 0xFF, 0xD4, 0xFF, 0xD8, 0xFF, 0xEB, 0xFF, 0x03, 0x00,
        0x1F, 0x00, 0x39, 0x00, 0x47, 0x00, 0x49, 0x00, 0x43, 0x00, 0x33, 0x00, 0x20, 0x00, 0x0D, 0x00,
        0x01, 0x00, 0xFD, 0xFF, 0xFE, 0xFF, 0x01, 0x00, 0x05, 0x00, 0x01, 0x00, 0xFC, 0xFF, 0xF8, 0xFF,
        0xF4, 0xFF, 0xF8, 0xFF, 0x04, 0x00, 0x15, 0x00, 0x2D, 0x00, 0x42, 0x00, 0x50, 0x00, 0x55, 0x00,
        0x4A, 0x00, 0x33, 0x00, 0x18, 0x00, 0xFC, 0xFF, 0xE9, 0xFF, 0xE0, 0xFF, 0xE0, 0xFF, 0xEA, 0xFF,
        0xFA, 0xFF, 0x09, 0x00, 0x16, 0x00, 0x1B, 0x00, 0x1C, 0x00, 0x1D, 0x00, 0x1B, 0x00, 0x1B, 0x00,
        0x26, 0x00, 0x31, 0x00, 0x35, 0x00, 0x34, 0x00, 0x2A, 0x00, 0x19, 0x00, 0x01, 0x00, 0xEA, 0xFF,
        0xD7, 0xFF, 0xCE, 0xFF, 0xD1, 0xFF, 0xDF, 0xFF, 0xF5, 0xFF, 0x13, 0x00, 0x2C, 0x00, 0x3B, 0x00,
        0x3F, 0x00, 0x39, 0x00, 0x30, 0x00, 0x24, 0x00, 0x17, 0x00, 0x11, 0x00, 0x10, 0x00, 0x0E, 0x00,
        0x0F, 0x00, 0x0B, 0x00, 0x02, 0x00, 0xF9, 0xFF, 0xEF, 0xFF, 0xE7, 0xFF, 0xEB, 0xFF, 0xF6, 0xFF,
        0x0B, 0x00, 0x24, 0x00, 0x3C, 0x00, 0x50, 0x00, 0x56, 0x00, 0x4B, 0x00, 0x39, 0x00, 0x22, 0x00,
        0x08, 0x00, 0xF5, 0xFF, 0xEB, 0xFF, 0xE9, 0xFF, 0xEE, 0xFF, 0xF8, 0xFF, 0x03, 0x00, 0x0A, 0x00,
        0x0D, 0x00, 0x0E, 0x00, 0x0D, 0x00, 0x0E, 0x00, 0x18, 0x00, 0x27, 0x00, 0x34, 0x00, 0x40, 0x00,
        0x45, 0x00, 0x3C, 0x00, 0x2B, 0x00, 0x14, 0x00, 0xF7, 0xFF, 0xDD, 0xFF, 0xD2, 0xFF, 0xD3, 0xFF,
        0xDF, 0xFF, 0xF2, 0xFF, 0x09, 0x00, 0x1F, 0x00, 0x2E, 0x00, 0x33, 0x00, 0x33, 0x00, 0x2D, 0x00,
        0x26, 0x00, 0x1F, 0x00, 0x1A, 0x00, 0x1B, 0x00, 0x1D, 0x00, 0x18, 0x00, 0x0E, 0x00, 0x03, 0x00,
        0xF3, 0xFF, 0xE3, 0xFF, 0xD9, 0xFF, 0xDA, 0xFF, 0xE7, 0xFF, 0xFC, 0xFF, 0x13, 0x00, 0x2C, 0x00,
        0x44, 0x00, 0x4D, 0x00, 0x46, 0x00, 0x3A, 0x00, 0x2A, 0x00, 0x13, 0x00, 0x01, 0x00, 0xFA, 0xFF,
        0xF7, 0xFF, 0xFB, 0xFF, 0x01, 0x00, 0x04, 0x00, 0x04, 0x00, 0x04, 0x00, 0x04, 0x00, 0x04, 0x00,
        0x09, 0x00, 0x17, 0x00, 0x29, 0x00, 0x3A, 0x00, 0x4A, 0x00, 0x51, 0x00, 0x49, 0x00, 0x3A, 0x00,
        0x23, 0x00, 0x07, 0x00, 0xEF, 0xFF, 0xDF, 0xFF, 0xDA, 0xFF, 0xE2, 0xFF, 0xF2, 0xFF, 0x05, 0x00,
        0x15, 0x00, 0x21, 0x00, 0x27, 0x00, 0x26, 0x00, 0x23, 0x00, 0x21, 0x00, 0x21, 0x00, 0x21, 0x00,
        0x25, 0x00, 0x29, 0x00, 0x26, 0x00, 0x1D, 0x00, 0x0A, 0x00, 0xF3, 0xFF, 0xE4, 0xFF, 0xDA, 0xFF,
        0xD6, 0xFF, 0xDF, 0xFF, 0xF3, 0xFF, 0x0D, 0x00, 0x27, 0x00, 0x3D, 0x00, 0x49, 0x00, 0x48, 0x00,
        0x3C, 0x00, 0x2A, 0x00, 0x17, 0x00, 0x0C, 0x00, 0x07, 0x00, 0x02, 0x00, 0x02, 0x00, 0x03, 0x00,
        0x00, 0x00, 0xFE, 0xFF, 0xFA, 0xFF, 0xF4, 0xFF, 0xF3, 0xFF, 0xF9, 0xFF, 0x08, 0x00, 0x1D, 0x00,
        0x31, 0x00, 0x44, 0x00, 0x4F, 0x00, 0x4E, 0x00, 0x41, 0x00, 0x28, 0x00, 0x0C, 0x00, 0xF8, 0xFF,
        0xE8, 0xFF, 0xDE, 0xFF, 0xE3, 0xFF, 0xF2, 0xFF, 0x01, 0x00, 0x0E, 0x00, 0x1A, 0x00, 0x1F, 0x00,
        0x1F, 0x00, 0x21, 0x00, 0x23, 0x00, 0x26, 0x00, 0x30, 0x00, 0x39, 0x00, 0x3B, 0x00, 0x3A, 0x00,
        0x2E, 0x00, 0x1A, 0x00, 0x03, 0x00, 0xEE, 0xFF, 0xDC, 0xFF, 0xD6, 0xFF, 0xDC, 0xFF, 0xED, 0xFF,
        0x04, 0x00, 0x1B, 0x00, 0x30, 0x00, 0x3C, 0x00, 0x3D, 0x00, 0x37, 0x00, 0x2A, 0x00, 0x1C, 0x00,
        0x13, 0x00, 0x0F, 0x00, 0x0C, 0x00, 0x08, 0x00, 0x07, 0x00, 0x01, 0x00, 0xF7, 0xFF, 0xEE, 0xFF,
        0xE5, 0xFF, 0xE1, 0xFF, 0xE9, 0xFF, 0xF8, 0xFF, 0x0E, 0x00, 0x2A, 0x00, 0x41, 0x00, 0x4D, 0x00,
        0x4E, 0x00, 0x43, 0x00, 0x31, 0x00, 0x1B, 0x00, 0x01, 0x00, 0xEE, 0xFF, 0xE9, 0xFF, 0xED, 0xFF,
        0xF7, 0xFF, 0x00, 0x00, 0x0A, 0x00, 0x10, 0x00, 0x10, 0x00, 0x10, 0x00, 0x12, 0x00, 0x1A, 0x00,
        0x26, 0x00, 0x31, 0x00, 0x3C, 0x00, 0x46, 0x00, 0x47, 0x00, 0x3D, 0x00, 0x27, 0x00, 0x0D, 0x00,
        0xF6, 0xFF, 0xE2, 0xFF, 0xD8, 0xFF, 0xDD, 0xFF, 0xE9, 0xFF, 0xFB, 0xFF, 0x14, 0x00, 0x28, 0x00,
        0x32, 0x00, 0x35, 0x00, 0x31, 0x00, 0x29, 0x00, 0x23, 0x00, 0x1E, 0x00, 0x1D, 0x00, 0x1E, 0x00,
        0x1C, 0x00, 0x18, 0x00, 0x10, 0x00, 0xFF, 0xFF, 0xF0, 0xFF, 0xE4, 0xFF, 0xDC, 0xFF, 0xE0, 0xFF,
        0xEE, 0xFF, 0x03, 0x00, 0x20, 0x00, 0x3A, 0x00, 0x49, 0x00, 0x4E, 0x00, 0x45, 0x00, 0x33, 0x00,
        0x21, 0x00, 0x0B, 0x00, 0xFA, 0xFF, 0xF5, 0xFF, 0xF3, 0xFF, 0xF7, 0xFF, 0xFD, 0xFF, 0xFF, 0xFF,
        0x00, 0x00, 0x01, 0x00, 0xFE, 0xFF, 0xFE, 0xFF, 0x07, 0x00, 0x17, 0x00, 0x28, 0x00, 0x39, 0x00,
        0x46, 0x00, 0x4A, 0x00, 0x42, 0x00, 0x2F, 0x00, 0x14, 0x00, 0xFC, 0xFF, 0xE9, 0xFF, 0xDF, 0xFF,
        0xE3, 0xFF, 0xEC, 0xFF, 0xFC, 0xFF, 0x12, 0x00, 0x21, 0x00, 0x2A, 0x00, 0x32, 0x00, 0x2D, 0x00,
        0x28, 0x00, 0x29, 0x00, 0x29, 0x00, 0x2D, 0x00, 0x32, 0x00, 0x31, 0x00, 0x2C, 0x00, 0x20, 0x00,
        0x0A, 0x00, 0xF6, 0xFF, 0xE6, 0xFF, 0xDB, 0xFF, 0xDC, 0xFF, 0xEA, 0xFF, 0x01, 0x00, 0x1A, 0x00,
        0x2E, 0x00, 0x3F, 0x00, 0x48, 0x00, 0x43, 0x00, 0x31, 0x00, 0x1E, 0x00, 0x11, 0x00, 0x06, 0x00,
        0xFD, 0xFF, 0xFB, 0xFF, 0xFE, 0xFF, 0xFF, 0xFF, 0xFB, 0xFF, 0xF4, 0xFF, 0xF0, 0xFF, 0xF0, 0xFF,
        0xF0, 0xFF, 0xF8, 0xFF, 0x0B, 0x00, 0x21, 0x00, 0x37, 0x00, 0x4A, 0x00, 0x4F, 0x00, 0x48, 0x00,
        0x38, 0x00, 0x20, 0x00, 0x05, 0x00, 0xF1, 0xFF, 0xE5, 0xFF, 0xE2, 0xFF, 0xEA, 0xFF, 0xF8, 0xFF,
        0x07, 0x00, 0x13, 0x00, 0x1A, 0x00, 0x1E, 0x00, 0x1F, 0x00, 0x1F, 0x00, 0x22, 0x00, 0x29, 0x00,
        0x33, 0x00, 0x3C, 0x00, 0x3C, 0x00, 0x34, 0x00, 0x27, 0x00, 0x13, 0x00, 0xFB, 0xFF, 0xE4, 0xFF,
        0xD9, 0xFF, 0xD8, 0xFF, 0xE1, 0xFF, 0xF6, 0xFF, 0x10, 0x00, 0x25, 0x00, 0x37, 0x00, 0x3F, 0x00,
        0x3C, 0x00, 0x35, 0x00, 0x2B, 0x00, 0x1E, 0x00, 0x16, 0x00, 0x12, 0x00, 0x11, 0x00, 0x10, 0x00,
        0x0B, 0x00, 0x04, 0x00, 0xF9, 0xFF, 0xEE, 0xFF, 0xE8, 0xFF, 0xE8, 0xFF, 0xF1, 0xFF, 0x02, 0x00,
        0x19, 0x00, 0x33, 0x00, 0x47, 0x00, 0x4F, 0x00, 0x4B, 0x00, 0x3A, 0x00, 0x23, 0x00, 0x0A, 0x00,
        0xF7, 0xFF, 0xED, 0xFF, 0xE7, 0xFF, 0xE8, 0xFF, 0xF1, 0xFF, 0xFA, 0xFF, 0x01, 0x00, 0x05, 0x00,
        0x04, 0x00, 0x06, 0x00, 0x0A, 0x00, 0x11, 0x00, 0x1F, 0x00, 0x2F, 0x00, 0x3C, 0x00, 0x42, 0x00,
        0x3D, 0x00, 0x32, 0x00, 0x1E, 0x00, 0x00, 0x00, 0xEB, 0xFF, 0xDF, 0xFF, 0xD9, 0xFF, 0xE0, 0xFF,
        0xF4, 0xFF, 0x0A, 0x00, 0x1F, 0x00, 0x2F, 0x00, 0x38, 0x00, 0x38, 0x00, 0x33, 0x00, 0x2D, 0x00,
        0x25, 0x00, 0x21, 0x00, 0x24, 0x00, 0x24, 0x00, 0x22, 0x00, 0x1D, 0x00, 0x0F, 0x00, 0xFE, 0xFF,
        0xED, 0xFF, 0xDF, 0xFF, 0xDD, 0xFF, 0xE3, 0xFF, 0xF4, 0xFF, 0x0E, 0x00, 0x25, 0x00, 0x3A, 0x00,
        0x47, 0x00, 0x44, 0x00, 0x3A, 0x00, 0x2A, 0x00, 0x11, 0x00, 0xFF, 0xFF, 0xF6, 0xFF, 0xF1, 0xFF,
        0xF3, 0xFF, 0xF6, 0xFF, 0xF8, 0xFF, 0xFC, 0xFF, 0xFD, 0xFF, 0xF9, 0xFF, 0xF9, 0xFF, 0xFE, 0xFF,
        0x09, 0x00, 0x1A, 0x00, 0x2B, 0x00, 0x3D, 0x00, 0x48, 0x00, 0x47, 0x00, 0x3A, 0x00, 0x23, 0x00,
        0x08, 0x00, 0xF2, 0xFF, 0xE1, 0xFF, 0xD8, 0xFF, 0xE0, 0xFF, 0xF1, 0xFF, 0x02, 0x00, 0x0F, 0x00,
        0x1A, 0x00, 0x23, 0x00, 0x26, 0x00, 0x24, 0x00, 0x23, 0x00, 0x22, 0x00, 0x25, 0x00, 0x2A, 0x00,
        0x2B, 0x00, 0x2A, 0x00, 0x23, 0x00, 0x13, 0x00, 0xFD, 0xFF, 0xEB, 0xFF, 0xDF, 0xFF, 0xDB, 0xFF,
        0xE1, 0xFF, 0xF3, 0xFF, 0x0A, 0x00, 0x22, 0x00, 0x3A, 0x00, 0x44, 0x00, 0x42, 0x00, 0x3E, 0x00,
        0x33, 0x00, 0x1F, 0x00, 0x13, 0x00, 0x0A, 0x00, 0x03, 0x00, 0x03, 0x00, 0x03, 0x00, 0x02, 0x00,
        0x00, 0x00, 0xF6, 0xFF, 0xF1, 0xFF, 0xF0, 0xFF, 0xF0, 0xFF, 0xFD, 0xFF, 0x12, 0x00, 0x27, 0x00,
        0x3E, 0x00, 0x4A, 0x00, 0x45, 0x00, 0x3A, 0x00, 0x27, 0x00, 0x0C, 0x00, 0xF5, 0xFF, 0xE4, 0xFF,
        0xDC, 0xFF, 0xDD, 0xFF, 0xE6, 0xFF, 0xF4, 0xFF, 0x02, 0x00, 0x0D, 0x00, 0x11, 0x00, 0x11, 0x00,
        0x14, 0x00, 0x16, 0x00, 0x1B, 0x00, 0x25, 0x00, 0x2E, 0x00, 0x37, 0x00, 0x39, 0x00, 0x30, 0x00,
        0x1F, 0x00, 0x0B, 0x00, 0xF3, 0xFF, 0xE1, 0xFF, 0xD9, 0xFF, 0xDC, 0xFF, 0xEB, 0xFF, 0xFF, 0xFF,
        0x19, 0x00, 0x32, 0x00, 0x3D, 0x00, 0x3F, 0x00, 0x3C, 0x00, 0x31, 0x00, 0x26, 0x00, 0x1D, 0x00,
        0x17, 0x00, 0x15, 0x00, 0x12, 0x00, 0x0F, 0x00, 0x09, 0x00, 0xFD, 0xFF, 0xF1, 0xFF, 0xE7, 0xFF,
        0xE2, 0xFF, 0xE7, 0xFF, 0xF4, 0xFF, 0x08, 0x00, 0x22, 0x00, 0x37, 0x00, 0x45, 0x00, 0x4A, 0x00,
        0x43, 0x00, 0x32, 0x00, 0x19, 0x00, 0x03, 0x00, 0xF5, 0xFF, 0xEB, 0xFF, 0xE8, 0xFF, 0xEE, 0xFF,
        0xF7, 0xFF, 0xFE, 0xFF, 0x01, 0x00, 0x04, 0x00, 0x07, 0x00, 0x07, 0x00, 0x0C, 0x00, 0x16, 0x00,
        0x21, 0x00, 0x32, 0x00, 0x3F, 0x00, 0x3F, 0x00, 0x37, 0x00, 0x27, 0x00, 0x0E, 0x00, 0xF6, 0xFF,
        0xE2, 0xFF, 0xD6, 0xFF, 0xD7, 0xFF, 0xE0, 0xFF, 0xF1, 0xFF, 0x07, 0x00, 0x1B, 0x00, 0x28, 0x00,
        0x2D, 0x00, 0x2B, 0x00, 0x28, 0x00, 0x23, 0x00, 0x1D, 0x00, 0x1E, 0x00, 0x23, 0x00, 0x23, 0x00,
        0x1D, 0x00, 0x12, 0x00, 0x06, 0x00, 0xF8, 0xFF, 0xE7, 0xFF, 0xDE, 0xFF, 0xE2, 0xFF, 0xEE, 0xFF,
        0x01, 0x00, 0x19, 0x00, 0x30, 0x00, 0x45, 0x00, 0x4F, 0x00, 0x48, 0x00, 0x39, 0x00, 0x27, 0x00,
        0x14, 0x00, 0x04, 0x00, 0xF9, 0xFF, 0xF6, 0xFF, 0xFA, 0xFF, 0xFE, 0xFF, 0xFF, 0xFF, 0xFE, 0xFF,
        0xFB, 0xFF, 0xF7, 0xFF, 0xF8, 0xFF, 0xFF, 0xFF, 0x0B, 0x00, 0x19, 0x00, 0x2E, 0x00, 0x3E, 0x00,
        0x41, 0x00, 0x3D, 0x00, 0x2D, 0x00, 0x14, 0x00, 0xFF, 0xFF, 0xE6, 0xFF, 0xD3, 0xFF, 0xD3, 0xFF,
        0xDB, 0xFF, 0xE9, 0xFF, 0xFD, 0xFF, 0x0B, 0x00, 0x17, 0x00, 0x1D, 0x00, 0x1B, 0x00, 0x1D, 0x00,
        0x1E, 0x00, 0x1E, 0x00, 0x24, 0x00, 0x29, 0x00, 0x28, 0x00, 0x27, 0x00, 0x1E, 0x00, 0x0C, 0x00,
        0xF6, 0xFF, 0xE3, 0xFF, 0xD8, 0xFF, 0xD8, 0xFF, 0xE3, 0xFF, 0xF8, 0xFF, 0x10, 0x00, 0x27, 0x00,
        0x39, 0x00, 0x43, 0x00, 0x44, 0x00, 0x39, 0x00, 0x29, 0x00, 0x1B, 0x00, 0x0D, 0x00, 0x06, 0x00,
        0x05, 0x00, 0x01, 0x00, 0x02, 0x00, 0x01, 0x00, 0xF8, 0xFF, 0xF1, 0xFF, 0xED, 0xFF, 0xEC, 0xFF,
        0xF4, 0xFF, 0x05, 0x00, 0x1A, 0x00, 0x2F, 0x00, 0x40, 0x00, 0x4A, 0x00, 0x47, 0x00, 0x37, 0x00,
        0x21, 0x00, 0x07, 0x00, 0xEF, 0xFF, 0xDF, 0xFF, 0xDC, 0xFF, 0xE1, 0xFF, 0xEA, 0xFF, 0xF8, 0xFF,
        0x05, 0x00, 0x0B, 0x00, 0x0D, 0x00, 0x0D, 0x00, 0x0C, 0x00, 0x11, 0x00, 0x1A, 0x00, 0x22, 0x00,
        0x2A, 0x00, 0x2F, 0x00, 0x2C, 0x00, 0x20, 0x00, 0x0F, 0x00, 0xF8, 0xFF, 0xDF, 0xFF, 0xCF, 0xFF,
        0xCB, 0xFF, 0xD1, 0xFF, 0xE4, 0xFF, 0xFD, 0xFF, 0x14, 0x00, 0x29, 0x00, 0x35, 0x00, 0x36, 0x00,
        0x31, 0x00, 0x28, 0x00, 0x1C, 0x00, 0x14, 0x00, 0x12, 0x00, 0x11, 0x00, 0x0F, 0x00, 0x0C, 0x00,
        0x05, 0x00, 0xF9, 0xFF, 0xEF, 0xFF, 0xE8, 0xFF, 0xE3, 0xFF, 0xE7, 0xFF, 0xF8, 0xFF, 0x0E, 0x00,
        0x28, 0x00, 0x3E, 0x00, 0x49, 0x00, 0x49, 0x00, 0x3F, 0x00, 0x2A, 0x00, 0x11, 0x00, 0xFE, 0xFF,
        0xEF, 0xFF, 0xE7, 0xFF, 0xE9, 0xFF, 0xED, 0xFF, 0xF1, 0xFF, 0xF8, 0xFF, 0xFD, 0xFF, 0x00, 0x00,
        0x00, 0x00, 0xFF, 0xFF, 0x07, 0x00, 0x13, 0x00, 0x21, 0x00, 0x32, 0x00, 0x3B, 0x00, 0x36, 0x00,
        0x2C, 0x00, 0x19, 0x00, 0x00, 0x00, 0xE9, 0xFF, 0xD5, 0xFF, 0xCD, 0xFF, 0xD3, 0xFF, 0xDF, 0xFF,
        0xF3, 0xFF, 0x07, 0x00, 0x16, 0x00, 0x23, 0x00, 0x25, 0x00, 0x1E, 0x00, 0x1B, 0x00, 0x19, 0x00,
        0x18, 0x00, 0x19, 0x00, 0x1A, 0x00, 0x19, 0x00, 0x11, 0x00, 0x06, 0x00, 0xF8, 0xFF, 0xE5, 0xFF,
        0xD9, 0xFF, 0xD6, 0xFF, 0xDB, 0xFF, 0xE9, 0xFF, 0x01, 0x00, 0x1B, 0x00, 0x32, 0x00, 0x3D, 0x00,
        0x40, 0x00, 0x3A, 0x00, 0x2A, 0x00, 0x18, 0x00, 0x07, 0x00, 0xF9, 0xFF, 0xF5, 0xFF, 0xF7, 0xFF,
        0xFB, 0xFF, 0xFF, 0xFF, 0xFE, 0xFF, 0xFB, 0xFF, 0xF9, 0xFF, 0xF7, 0xFF, 0xFB, 0xFF, 0x03, 0x00,
        0x10, 0x00, 0x25, 0x00, 0x38, 0x00, 0x41, 0x00, 0x41, 0x00, 0x37, 0x00, 0x25, 0x00, 0x0D, 0x00,
        0xF0, 0xFF, 0xDC, 0xFF, 0xD6, 0xFF, 0xD7, 0xFF, 0xE0, 0xFF, 0xF1, 0xFF, 0xFF, 0xFF, 0x0B, 0x00,
        0x14, 0x00, 0x14, 0x00, 0x11, 0x00, 0x12, 0x00, 0x12, 0x00, 0x14, 0x00, 0x1B, 0x00, 0x1F, 0x00,
        0x1F, 0x00, 0x19, 0x00, 0x09, 0x00, 0xF7, 0xFF, 0xE5, 0xFF, 0xD4, 0xFF, 0xCA, 0xFF, 0xCC, 0xFF,
        0xDA, 0xFF, 0xF3, 0xFF, 0x0E, 0x00, 0x26, 0x00, 0x37, 0x00, 0x3C, 0x00, 0x3A, 0x00, 0x2E, 0x00,
        0x1F, 0x00, 0x13, 0x00, 0x08, 0x00, 0x01, 0x00, 0x01, 0x00, 0x00, 0x00, 0xFE, 0xFF, 0xFB, 0xFF,
        0xF4, 0xFF, 0xEF, 0xFF, 0xED, 0xFF, 0xED, 0xFF, 0xF7, 0xFF, 0x0B, 0x00, 0x20, 0x00, 0x33, 0x00,
        0x42, 0x00, 0x47, 0x00, 0x3E, 0x00, 0x2D, 0x00, 0x17, 0x00, 0xFC, 0xFF, 0xE5, 0xFF, 0xDA, 0xFF,
        0xDB, 0xFF, 0xE1, 0xFF, 0xEB, 0xFF, 0xF8, 0xFF, 0x01, 0x00, 0x05, 0x00, 0x09, 0x00, 0x0B, 0x00,
        0x0D, 0x00, 0x15, 0x00, 0x1C, 0x00, 0x24, 0x00, 0x30, 0x00, 0x33, 0x00, 0x2A, 0x00, 0x19, 0x00,
        0x02, 0x00, 0xEB, 0xFF, 0xD8, 0xFF, 0xCB, 0xFF, 0xCC, 0xFF, 0xD9, 0xFF, 0xEB, 0xFF, 0x01, 0x00,
        0x17, 0x00, 0x26, 0x00, 0x2C, 0x00, 0x2B, 0x00, 0x24, 0x00, 0x19, 0x00, 0x10, 0x00, 0x0E, 0x00,
        0x0A, 0x00, 0x08, 0x00, 0x07, 0x00, 0x02, 0x00, 0xF5, 0xFF, 0xE7, 0xFF, 0xDE, 0xFF, 0xD8, 0xFF,
        0xD6, 0xFF, 0xE1, 0xFF, 0xF6, 0xFF, 0x0E, 0x00, 0x27, 0x00, 0x39, 0x00, 0x43, 0x00, 0x41, 0x00,
        0x30, 0x00, 0x1B, 0x00, 0x08, 0x00, 0xF5, 0xFF, 0xEB, 0xFF, 0xEA, 0xFF, 0xED, 0xFF, 0xF6, 0xFF,
        0xFC, 0xFF, 0xFC, 0xFF, 0xFE, 0xFF, 0x01, 0x00, 0x03, 0x00, 0x08, 0x00, 0x0F, 0x00, 0x1B, 0x00,
        0x2D, 0x00, 0x38, 0x00, 0x3C, 0x00, 0x3A, 0x00, 0x2A, 0x00, 0x11, 0x00, 0xF8, 0xFF, 0xE0, 0xFF,
        0xD0, 0xFF, 0xCF, 0xFF, 0xD6, 0xFF, 0xE3, 0xFF, 0xF7, 0xFF, 0x08, 0x00, 0x13, 0x00, 0x1B, 0x00,
        0x1C, 0x00, 0x17, 0x00, 0x12, 0x00, 0x10, 0x00, 0x10, 0x00, 0x12, 0x00, 0x12, 0x00, 0x0E, 0x00,
        0x05, 0x00, 0xF9, 0xFF, 0xEA, 0xFF, 0xD8, 0xFF, 0xCF, 0xFF, 0xD2, 0xFF, 0xD9, 0xFF, 0xEB, 0xFF,
        0x05, 0x00, 0x1C, 0x00, 0x2F, 0x00, 0x3B, 0x00, 0x3A, 0x00, 0x2F, 0x00, 0x21, 0x00, 0x11, 0x00,
        0x02, 0x00, 0xF8, 0xFF, 0xF6, 0xFF, 0xF6, 0xFF, 0xF7, 0xFF, 0xF9, 0xFF, 0xF9, 0xFF, 0xF5, 0xFF,
        0xF2, 0xFF, 0xF1, 0xFF, 0xF7, 0xFF, 0x03, 0x00, 0x13, 0x00, 0x27, 0x00, 0x36, 0x00, 0x3D, 0x00,
        0x3C, 0x00, 0x2D, 0x00, 0x15, 0x00, 0xFD, 0xFF, 0xE7, 0xFF, 0xD9, 0xFF, 0xD2, 0xFF, 0xD6, 0xFF,
        0xE5, 0xFF, 0xF5, 0xFF, 0x02, 0x00, 0x0E, 0x00, 0x14, 0x00, 0x15, 0x00, 0x16, 0x00, 0x16, 0x00,
        0x18, 0x00, 0x1D, 0x00, 0x22, 0x00, 0x23, 0x00, 0x20, 0x00, 0x17, 0x00, 0x07, 0x00, 0xF2, 0xFF,
        0xDE, 0xFF, 0xD1, 0xFF, 0xCC, 0xFF, 0xD1, 0xFF, 0xE2, 0xFF, 0xFC, 0xFF, 0x13, 0x00, 0x22, 0x00,
        0x2D, 0x00, 0x31, 0x00, 0x2A, 0x00, 0x1D, 0x00, 0x0E, 0x00, 0x01, 0x00, 0xF9, 0xFF, 0xF6, 0xFF,
        0xF5, 0xFF, 0xF2, 0xFF, 0xEF, 0xFF, 0xEB, 0xFF, 0xE5, 0xFF, 0xDE, 0xFF, 0xDC, 0xFF, 0xE4, 0xFF,
        0xF3, 0xFF, 0x06, 0x00, 0x1B, 0x00, 0x31, 0x00, 0x3D, 0x00, 0x3E, 0x00, 0x35, 0x00, 0x22, 0x00,
        0x0B, 0x00, 0xF4, 0xFF, 0xE5, 0xFF, 0xE0, 0xFF, 0xE1, 0xFF, 0xE7, 0xFF, 0xF0, 0xFF, 0xFD, 0xFF,
        0x09, 0x00, 0x0B, 0x00, 0x0C, 0x00, 0x10, 0x00, 0x12, 0x00, 0x18, 0x00, 0x24, 0x00, 0x2D, 0x00,
        0x31, 0x00, 0x30, 0x00, 0x24, 0x00, 0x11, 0x00, 0xF9, 0xFF, 0xE1, 0xFF, 0xD1, 0xFF, 0xCC, 0xFF,
        0xCF, 0xFF, 0xDB, 0xFF, 0xEE, 0xFF, 0x04, 0x00, 0x15, 0x00, 0x1F, 0x00, 0x24, 0x00, 0x24, 0x00,
        0x1B, 0x00, 0x12, 0x00, 0x0E, 0x00, 0x09, 0x00, 0x06, 0x00, 0x07, 0x00, 0x01, 0x00, 0xF3, 0xFF,
        0xE8, 0xFF, 0xDE, 0xFF, 0xD3, 0xFF, 0xD1, 0xFF, 0xD7, 0xFF, 0xE5, 0xFF, 0xFC, 0xFF, 0x14, 0x00,
        0x2A, 0x00, 0x39, 0x00, 0x3B, 0x00, 0x32, 0x00, 0x22, 0x00, 0x0F, 0x00, 0xFA, 0xFF, 0xE9, 0xFF,
        0xE4, 0xFF, 0xE7, 0xFF, 0xEA, 0xFF, 0xEE, 0xFF, 0xF4, 0xFF, 0xF8, 0xFF, 0xFC, 0xFF, 0xFB, 0xFF,
        0xF9, 0xFF, 0x00, 0x00, 0x10, 0x00, 0x1F, 0x00, 0x2A, 0x00, 0x33, 0x00, 0x36, 0x00, 0x2D, 0x00,
        0x1A, 0x00, 0x04, 0x00, 0xED, 0xFF, 0xD9, 0xFF, 0xCF, 0xFF, 0xD0, 0xFF, 0xDA, 0xFF, 0xED, 0xFF,
        0x01, 0x00, 0x11, 0x00, 0x1C, 0x00, 0x1F, 0x00, 0x1C, 0x00, 0x19, 0x00, 0x17, 0x00, 0x14, 0x00,
        0x14, 0x00, 0x15, 0x00, 0x14, 0x00, 0x11, 0x00, 0x06, 0x00, 0xF3, 0xFF, 0xE3, 0xFF, 0xD6, 0xFF,
        0xCE, 0xFF, 0xCF, 0xFF, 0xDC, 0xFF, 0xEF, 0xFF, 0x06, 0x00, 0x1F, 0x00, 0x2E, 0x00, 0x31, 0x00,
        0x2E, 0x00, 0x23, 0x00, 0x10, 0x00, 0xFF, 0xFF, 0xF0, 0xFF, 0xE9, 0xFF, 0xEA, 0xFF, 0xEA, 0xFF,
        0xE9, 0xFF, 0xEB, 0xFF, 0xEC, 0xFF, 0xE9, 0xFF, 0xE6, 0xFF, 0xE9, 0xFF, 0xF3, 0xFF, 0xFF, 0xFF,
        0x14, 0x00, 0x2A, 0x00, 0x33, 0x00, 0x38, 0x00, 0x33, 0x00, 0x20, 0x00, 0x0A, 0x00, 0xF4, 0xFF,
        0xDE, 0xFF, 0xD5, 0xFF, 0xD4, 0xFF, 0xDC, 0xFF, 0xEC, 0xFF, 0xFA, 0xFF, 0x07, 0x00, 0x0F, 0x00,
        0x12, 0x00, 0x12, 0x00, 0x10, 0x00, 0x12, 0x00, 0x19, 0x00, 0x1F, 0x00, 0x23, 0x00, 0x25, 0x00,
        0x1E, 0x00, 0x0E, 0x00, 0xFB, 0xFF, 0xE7, 0xFF, 0xD6, 0xFF, 0xCA, 0xFF, 0xC9, 0xFF, 0xD4, 0xFF,
        0xE7, 0xFF, 0xFF, 0xFF, 0x15, 0x00, 0x28, 0x00, 0x30, 0x00, 0x2C, 0x00, 0x21, 0x00, 0x15, 0x00,
        0x07, 0x00, 0xFE, 0xFF, 0xF9, 0xFF, 0xF8, 0xFF, 0xF7, 0xFF, 0xF3, 0xFF, 0xED, 0xFF, 0xE7, 0xFF,
        0xDF, 0xFF, 0xDA, 0xFF, 0xDB, 0xFF, 0xE2, 0xFF, 0xF2, 0xFF, 0x0A, 0x00, 0x22, 0x00, 0x31, 0x00,
        0x37, 0x00, 0x34, 0x00, 0x27, 0x00, 0x11, 0x00, 0xF7, 0xFF, 0xE5, 0xFF, 0xDA, 0xFF, 0xD4, 0xFF,
        0xD9, 0xFF, 0xE3, 0xFF, 0xED, 0xFF, 0xF8, 0xFF, 0xFC, 0xFF, 0xFE, 0xFF, 0x02, 0x00, 0x04, 0x00,
        0x09, 0x00, 0x16, 0x00, 0x20, 0x00, 0x28, 0x00, 0x2F, 0x00, 0x29, 0x00, 0x1D, 0x00, 0x0B, 0x00,
        0xF2, 0xFF, 0xDD, 0xFF, 0xD0, 0xFF, 0xCB, 0xFF, 0xD2, 0xFF, 0xE3, 0xFF, 0xF8, 0xFF, 0x0E, 0x00,
        0x1F, 0x00, 0x27, 0x00, 0x26, 0x00, 0x22, 0x00, 0x1A, 0x00, 0x14, 0x00, 0x10, 0x00, 0x0B, 0x00,
        0x09, 0x00, 0x05, 0x00, 0xFC, 0xFF, 0xF3, 0xFF, 0xE8, 0xFF, 0xDA, 0xFF, 0xD4, 0xFF, 0xD3, 0xFF,
        0xD6, 0xFF, 0xE6, 0xFF, 0xFE, 0xFF, 0x15, 0x00, 0x27, 0x00, 0x2F, 0x00, 0x2F, 0x00, 0x26, 0x00,
        0x13, 0x00, 0xFF, 0xFF, 0xEE, 0xFF, 0xE4, 0xFF, 0xE0, 0xFF, 0xDF, 0xFF, 0xE5, 0xFF, 0xEB, 0xFF,
        0xEC, 0xFF, 0xEE, 0xFF, 0xF0, 0xFF, 0xF0, 0xFF, 0xF5, 0xFF, 0xFE, 0xFF, 0x0C, 0x00, 0x1F, 0x00,
        0x2E, 0x00, 0x32, 0x00, 0x30, 0x00, 0x25, 0x00, 0x11, 0x00, 0xF9, 0xFF, 0xE3, 0xFF, 0xD3, 0xFF,
        0xCC, 0xFF, 0xD0, 0xFF, 0xDF, 0xFF, 0xF0, 0xFF, 0x01, 0x00, 0x10, 0x00, 0x18, 0x00, 0x1B, 0x00,
        0x19, 0x00, 0x14, 0x00, 0x12, 0x00, 0x13, 0x00, 0x15, 0x00, 0x17, 0x00, 0x14, 0x00, 0x0A, 0x00,
        0xFF, 0xFF, 0xF1, 0xFF, 0xDE, 0xFF, 0xD0, 0xFF, 0xCB, 0xFF, 0xD4, 0xFF, 0xE6, 0xFF, 0xFC, 0xFF,
        0x13, 0x00, 0x27, 0x00, 0x33, 0x00, 0x37, 0x00, 0x2E, 0x00, 0x1E, 0x00, 0x0D, 0x00, 0xFD, 0xFF,
        0xF1, 0xFF, 0xEA, 0xFF, 0xE8, 0xFF, 0xEC, 0xFF, 0xEE, 0xFF, 0xEA, 0xFF, 0xE6, 0xFF, 0xE4, 0xFF,
        0xE4, 0xFF, 0xE7, 0xFF, 0xF2, 0xFF, 0x02, 0x00, 0x12, 0x00, 0x22, 0x00, 0x30, 0x00, 0x30, 0x00,
        0x26, 0x00, 0x12, 0x00, 0xFA, 0xFF, 0xE6, 0xFF, 0xD6, 0xFF, 0xCC, 0xFF, 0xCF, 0xFF, 0xDB, 0xFF,
        0xE7, 0xFF, 0xF6, 0xFF, 0x03, 0x00, 0x09, 0x00, 0x0B, 0x00, 0x0D, 0x00, 0x0E, 0x00, 0x10, 0x00,
        0x17, 0x00, 0x21, 0x00, 0x25, 0x00, 0x21, 0x00, 0x18, 0x00, 0x0B, 0x00, 0xF8, 0xFF, 0xE5, 0xFF,
        0xD6, 0xFF, 0xCF, 0xFF, 0xD5, 0xFF, 0xE3, 0xFF, 0xF5, 0xFF, 0x0D, 0x00, 0x21, 0x00, 0x29, 0x00,
        0x2E, 0x00, 0x2A, 0x00, 0x1D, 0x00, 0x13, 0x00, 0x08, 0x00, 0x00, 0x00, 0xFE, 0xFF, 0xFA, 0xFF,
        0xF6, 0xFF, 0xF3, 0xFF, 0xEB, 0xFF, 0xE2, 0xFF, 0xDB, 0xFF, 0xD8, 0xFF, 0xDC, 0xFF, 0xE8, 0xFF,
        0xFC, 0xFF, 0x11, 0x00, 0x23, 0x00, 0x32, 0x00, 0x34, 0x00, 0x2B, 0x00, 0x1D, 0x00, 0x06, 0x00,
        0xEF, 0xFF, 0xE0, 0xFF, 0xD6, 0xFF, 0xD6, 0xFF, 0xDD, 0xFF, 0xE4, 0xFF, 0xEF, 0xFF, 0xF5, 0xFF,
        0xF8, 0xFF, 0xFD, 0xFF, 0xFF, 0xFF, 0x02, 0x00, 0x0A, 0x00, 0x15, 0x00, 0x1F, 0x00, 0x27, 0x00,
        0x28, 0x00, 0x20, 0x00, 0x11, 0x00, 0xFC, 0xFF, 0xE3, 0xFF, 0xD0, 0xFF, 0xCA, 0xFF, 0xCA, 0xFF,
        0xD5, 0xFF, 0xE9, 0xFF, 0xFE, 0xFF, 0x10, 0x00, 0x1F, 0x00, 0x24, 0x00, 0x21, 0x00, 0x1B, 0x00,
        0x15, 0x00, 0x11, 0x00, 0x0C, 0x00, 0x0B, 0x00, 0x0C, 0x00, 0x0A, 0x00, 0x02, 0x00, 0xF3, 0xFF,
        0xE7, 0xFF, 0xDD, 0xFF, 0xD5, 0xFF, 0xD9, 0xFF, 0xE7, 0xFF, 0xF8, 0xFF, 0x0D, 0x00, 0x23, 0x00,
        0x34, 0x00, 0x39, 0x00, 0x32, 0x00, 0x26, 0x00, 0x15, 0x00, 0x01, 0x00, 0xF2, 0xFF, 0xE7, 0xFF,
        0xE1, 0xFF, 0xE4, 0xFF, 0xE8, 0xFF, 0xEA, 0xFF, 0xEC, 0xFF, 0xED, 0xFF, 0xED, 0xFF, 0xEC, 0xFF,
        0xF0, 0xFF, 0xFE, 0xFF, 0x0E, 0x00, 0x1A, 0x00, 0x25, 0x00, 0x2B, 0x00, 0x27, 0x00, 0x17, 0x00,
        0x00, 0x00, 0xEB, 0xFF, 0xD6, 0xFF, 0xC9, 0xFF, 0xCA, 0xFF, 0xD2, 0xFF, 0xDF, 0xFF, 0xF2, 0xFF,
        0x05, 0x00, 0x12, 0x00, 0x16, 0x00, 0x15, 0x00, 0x17, 0x00, 0x16, 0x00, 0x14, 0x00, 0x15, 0x00,
        0x18, 0x00, 0x1A, 0x00, 0x15, 0x00, 0x08, 0x00, 0xFB, 0xFF, 0xEB, 0xFF, 0xDB, 0xFF, 0xD3, 0xFF,
        0xD2, 0xFF, 0xDA, 0xFF, 0xEE, 0xFF, 0x04, 0x00, 0x1A, 0x00, 0x2D, 0x00, 0x33, 0x00, 0x30, 0x00,
        0x27, 0x00, 0x17, 0x00, 0x06, 0x00, 0xF9, 0xFF, 0xF0, 0xFF, 0xEE, 0xFF, 0xEE, 0xFF, 0xEF, 0xFF,
        0xEE, 0xFF, 0xEC, 0xFF, 0xE7, 0xFF, 0xE3, 0xFF, 0xE3, 0xFF, 0xEC, 0xFF, 0xFA, 0xFF, 0x0A, 0x00,
        0x1E, 0x00, 0x2E, 0x00, 0x33, 0x00, 0x2F, 0x00, 0x21, 0x00, 0x0D, 0x00, 0xF6, 0xFF, 0xDF, 0xFF,
        0xD4, 0xFF, 0xD1, 0xFF, 0xD4, 0xFF, 0xDF, 0xFF, 0xED, 0xFF, 0xF8, 0xFF, 0x01, 0x00, 0x07, 0x00,
        0x08, 0x00, 0x07, 0x00, 0x0B, 0x00, 0x10, 0x00, 0x11, 0x00, 0x19, 0x00, 0x1F, 0x00, 0x19, 0x00,
        0x0E, 0x00, 0xFD, 0xFF, 0xE6, 0xFF, 0xD5, 0xFF, 0xCA, 0xFF, 0xC6, 0xFF, 0xD0, 0xFF, 0xE1, 0xFF,
        0xF6, 0xFF, 0x0D, 0x00, 0x1E, 0x00, 0x29, 0x00, 0x2B, 0x00, 0x25, 0x00, 0x1C, 0x00, 0x11, 0x00,
        0x08, 0x00, 0x02, 0x00, 0x01, 0x00, 0xFF, 0xFF, 0xFA, 0xFF, 0xF4, 0xFF, 0xEF, 0xFF, 0xE7, 0xFF,
        0xE1, 0xFF, 0xE0, 0xFF, 0xE6, 0xFF, 0xF5, 0xFF, 0x07, 0x00, 0x1C, 0x00, 0x31, 0x00, 0x39, 0x00,
        0x37, 0x00, 0x2D, 0x00, 0x15, 0x00, 0xFD, 0xFF, 0xEC, 0xFF, 0xDD, 0xFF, 0xD6, 0xFF, 0xD8, 0xFF,
        0xDF, 0xFF, 0xE7, 0xFF, 0xEE, 0xFF, 0xF4, 0xFF, 0xF6, 0xFF, 0xF7, 0xFF, 0xFA, 0xFF, 0xFF, 0xFF,
        0x07, 0x00, 0x13, 0x00, 0x1F, 0x00, 0x26, 0x00, 0x23, 0x00, 0x17, 0x00, 0x06, 0x00, 0xEF, 0xFF,
        0xDA, 0xFF, 0xCD, 0xFF, 0xC8, 0xFF, 0xCD, 0xFF, 0xD9, 0xFF, 0xED, 0xFF, 0x04, 0x00, 0x15, 0x00,
        0x1F, 0x00, 0x23, 0x00, 0x1F, 0x00, 0x17, 0x00, 0x12, 0x00, 0x0F, 0x00, 0x0D, 0x00, 0x0C, 0x00,
        0x0B, 0x00, 0x07, 0x00, 0xFD, 0xFF, 0xEF, 0xFF, 0xE2, 0xFF, 0xD6, 0xFF, 0xD4, 0xFF, 0xDB, 0xFF,
        0xE9, 0xFF, 0xFC, 0xFF, 0x13, 0x00, 0x27, 0x00, 0x32, 0x00, 0x34, 0x00, 0x2D, 0x00, 0x1B, 0x00,
        0x08, 0x00, 0xF9, 0xFF, 0xEA, 0xFF, 0xE4, 0xFF, 0xE5, 0xFF, 0xE7, 0xFF, 0xEB, 0xFF, 0xF0, 0xFF,
        0xF0, 0xFF, 0xF0, 0xFF, 0xF1, 0xFF, 0xF4, 0xFF, 0xFD, 0xFF, 0x08, 0x00, 0x17, 0x00, 0x27, 0x00,
        0x2F, 0x00, 0x30, 0x00, 0x27, 0x00, 0x13, 0x00, 0xFB, 0xFF, 0xE5, 0xFF, 0xD5, 0xFF, 0xCE, 0xFF,
        0xCF, 0xFF, 0xD9, 0xFF, 0xE9, 0xFF, 0xF8, 0xFF, 0x06, 0x00, 0x0E, 0x00, 0x0E, 0x00, 0x10, 0x00,
        0x0F, 0x00, 0x09, 0x00, 0x0B, 0x00, 0x0F, 0x00, 0x11, 0x00, 0x10, 0x00, 0x08, 0x00, 0xFB, 0xFF,
        0xEC, 0xFF, 0xDB, 0xFF, 0xCF, 0xFF, 0xCC, 0xFF, 0xCD, 0xFF, 0xDB, 0xFF, 0xF3, 0xFF, 0x0A, 0x00,
        0x1E, 0x00, 0x2D, 0x00, 0x34, 0x00, 0x2E, 0x00, 0x20, 0x00, 0x13, 0x00, 0x06, 0x00, 0xFA, 0xFF,
        0xF6, 0xFF, 0xF6, 0xFF, 0xF6, 0xFF, 0xF6, 0xFF, 0xF3, 0xFF, 0xEF, 0xFF, 0xEA, 0xFF, 0xE8, 0xFF,
        0xEB, 0xFF, 0xF6, 0xFF, 0x05, 0x00, 0x16, 0x00, 0x27, 0x00, 0x33, 0x00, 0x36, 0x00, 0x2F, 0x00,
        0x1D, 0x00, 0x04, 0x00, 0xEB, 0xFF, 0xDB, 0xFF, 0xD2, 0xFF, 0xD1, 0xFF, 0xD7, 0xFF, 0xE2, 0xFF,
        0xF0, 0xFF, 0xFA, 0xFF, 0x00, 0x00, 0x04, 0x00, 0x06, 0x00, 0x08, 0x00, 0x0C, 0x00, 0x11, 0x00,
        0x17, 0x00, 0x1C, 0x00, 0x1C, 0x00, 0x16, 0x00, 0x0A, 0x00, 0xF6, 0xFF, 0xE0, 0xFF, 0xCE, 0xFF,
        0xC7, 0xFF, 0xCA, 0xFF, 0xD6, 0xFF, 0xE7, 0xFF, 0xFD, 0xFF, 0x15, 0x00, 0x24, 0x00, 0x28, 0x00,
        0x27, 0x00, 0x1F, 0x00, 0x15, 0x00, 0x0B, 0x00, 0x02, 0x00, 0xFF, 0xFF, 0xFF, 0xFF, 0xFB, 0xFF,
        0xF6, 0xFF, 0xEF, 0xFF, 0xE7, 0xFF, 0xE0, 0xFF, 0xDB, 0xFF, 0xDD, 0xFF, 0xE7, 0xFF, 0xF8, 0xFF,
        0x0E, 0x00, 0x24, 0x00, 0x33, 0x00, 0x3A, 0x00, 0x35, 0x00, 0x26, 0x00, 0x12, 0x00, 0xFD, 0xFF,
        0xED, 0xFF, 0xE2, 0xFF, 0xDC, 0xFF, 0xE2, 0xFF, 0xEA, 0xFF, 0xF2, 0xFF, 0xFA, 0xFF, 0xFC, 0xFF,
        0xFA, 0xFF, 0x00, 0x00, 0x07, 0x00, 0x0D, 0x00, 0x16, 0x00, 0x21, 0x00, 0x2A, 0x00, 0x2C, 0x00,
        0x26, 0x00, 0x19, 0x00, 0x01, 0x00, 0xE8, 0xFF, 0xD8, 0xFF, 0xCB, 0xFF, 0xC7, 0xFF, 0xD3, 0xFF,
        0xE4, 0xFF, 0xF4, 0xFF, 0x06, 0x00, 0x14, 0x00, 0x18, 0x00, 0x18, 0x00, 0x15, 0x00, 0x10, 0x00,
        0x0C, 0x00, 0x0A, 0x00, 0x0A, 0x00, 0x09, 0x00, 0x05, 0x00, 0xFF, 0xFF, 0xF3, 0xFF, 0xE4, 0xFF,
        0xD8, 0xFF, 0xD2, 0xFF, 0xD3, 0xFF, 0xDD, 0xFF, 0xEE, 0xFF, 0x05, 0x00, 0x1D, 0x00, 0x2E, 0x00,
        0x36, 0x00, 0x37, 0x00, 0x29, 0x00, 0x17, 0x00, 0x07, 0x00, 0xF8, 0xFF, 0xEE, 0xFF, 0xED, 0xFF,
        0xED, 0xFF, 0xEF, 0xFF, 0xF4, 0xFF, 0xF6, 0xFF, 0xF5, 0xFF, 0xF4, 0xFF, 0xF6, 0xFF, 0xFB, 0xFF,
        0x03, 0x00, 0x14, 0x00, 0x26, 0x00, 0x30, 0x00, 0x33, 0x00, 0x2F, 0x00, 0x22, 0x00, 0x0E, 0x00,
        0xF6, 0xFF, 0xE0, 0xFF, 0xD4, 0xFF, 0xD0, 0xFF, 0xD3, 0xFF, 0xDF, 0xFF, 0xEF, 0xFF, 0xFF, 0xFF,
        0x0C, 0x00, 0x12, 0x00, 0x13, 0x00, 0x12, 0x00, 0x12, 0x00, 0x12, 0x00, 0x13, 0x00, 0x14, 0x00,
        0x15, 0x00, 0x12, 0x00, 0x0A, 0x00, 0xFB, 0xFF, 0xE9, 0xFF, 0xD8, 0xFF, 0xCD, 0xFF, 0xCA, 0xFF,
        0xD1, 0xFF, 0xE1, 0xFF, 0xF8, 0xFF, 0x10, 0x00, 0x22, 0x00, 0x2B, 0x00, 0x2B, 0x00, 0x23, 0x00,
        0x18, 0x00, 0x0C, 0x00, 0x00, 0x00, 0xF6, 0xFF, 0xF0, 0xFF, 0xF1, 0xFF, 0xF3, 0xFF, 0xEF, 0xFF,
        0xEB, 0xFF, 0xE9, 0xFF, 0xE6, 0xFF, 0xE6, 0xFF, 0xED, 0xFF, 0xF9, 0xFF, 0x0A, 0x00, 0x1E, 0x00,
        0x31, 0x00, 0x3A, 0x00, 0x37, 0x00, 0x2D, 0x00, 0x1A, 0x00, 0x01, 0x00, 0xEF, 0xFF, 0xE2, 0xFF,
        0xDA, 0xFF, 0xDC, 0xFF, 0xE5, 0xFF, 0xF1, 0xFF, 0xFD, 0xFF, 0x02, 0x00, 0x07, 0x00, 0x0B, 0x00,
        0x0A, 0x00, 0x0D, 0x00, 0x15, 0x00, 0x19, 0x00, 0x1F, 0x00, 0x24, 0x00, 0x20, 0x00, 0x16, 0x00,
        0x06, 0x00, 0xF1, 0xFF, 0xDF, 0xFF, 0xCF, 0xFF, 0xC8, 0xFF, 0xCD, 0xFF, 0xDB, 0xFF, 0xF0, 0xFF,
        0x05, 0x00, 0x16, 0x00, 0x24, 0x00, 0x27, 0x00, 0x21, 0x00, 0x1A, 0x00, 0x0E, 0x00, 0x03, 0x00,
        0xFF, 0xFF, 0xFE, 0xFF, 0xFD, 0xFF, 0xFA, 0xFF, 0xF3, 0xFF, 0xED, 0xFF, 0xE3, 0xFF, 0xD9, 0xFF,
        0xD9, 0xFF, 0xDF, 0xFF, 0xEC, 0xFF, 0x02, 0x00, 0x17, 0x00, 0x28, 0x00, 0x34, 0x00, 0x36, 0x00,
        0x2F, 0x00, 0x22, 0x00, 0x0D, 0x00, 0xF9, 0xFF, 0xED, 0xFF, 0xE3, 0xFF, 0xE0, 0xFF, 0xEA, 0xFF,
        0xF0, 0xFF, 0xF3, 0xFF, 0xFA, 0xFF, 0xFD, 0xFF, 0xFD, 0xFF, 0x02, 0x00, 0x07, 0x00, 0x0E, 0x00,
        0x1C, 0x00, 0x29, 0x00, 0x31, 0x00, 0x31, 0x00, 0x26, 0x00, 0x15, 0x00, 0x00, 0x00, 0xE8, 0xFF,
        0xD9, 0xFF, 0xD3, 0xFF, 0xD1, 0xFF, 0xDB, 0xFF, 0xEE, 0xFF, 0x01, 0x00, 0x10, 0x00, 0x1B, 0x00,
        0x20, 0x00, 0x1F, 0x00, 0x1A, 0x00, 0x13, 0x00, 0x0E, 0x00, 0x0C, 0x00, 0x0D, 0x00, 0x0A, 0x00,
        0x03, 0x00, 0xFA, 0xFF, 0xEF, 0xFF, 0xE1, 0xFF, 0xD3, 0xFF, 0xCE, 0xFF, 0xD3, 0xFF, 0xE0, 0xFF,
        0xF3, 0xFF, 0x09, 0x00, 0x1C, 0x00, 0x2C, 0x00, 0x32, 0x00, 0x28, 0x00, 0x1C, 0x00, 0x0E, 0x00,
        0xFC, 0xFF, 0xEF, 0xFF, 0xE9, 0xFF, 0xE8, 0xFF, 0xEC, 0xFF, 0xEF, 0xFF, 0xEF, 0xFF, 0xF1, 0xFF,
        0xF0, 0xFF, 0xF0, 0xFF, 0xF7, 0xFF, 0xFE, 0xFF, 0x0A, 0x00, 0x1C, 0x00, 0x29, 0x00, 0x34, 0x00,
        0x39, 0x00, 0x31, 0x00, 0x22, 0x00, 0x0C, 0x00, 0xF3, 0xFF, 0xE3, 0xFF, 0xD9, 0xFF, 0xD8, 0xFF,
        0xE0, 0xFF, 0xED, 0xFF, 0xFC, 0xFF, 0x09, 0x00, 0x10, 0x00, 0x14, 0x00, 0x15, 0x00, 0x15, 0x00,
        0x15, 0x00, 0x16, 0x00, 0x1B, 0x00, 0x1B, 0x00, 0x18, 0x00, 0x14, 0x00, 0x09, 0x00, 0xF7, 0xFF,
        0xE4, 0xFF, 0xD6, 0xFF, 0xCF, 0xFF, 0xCF, 0xFF, 0xD7, 0xFF, 0xED, 0xFF, 0x05, 0x00, 0x17, 0x00,
        0x26, 0x00, 0x2F, 0x00, 0x2D, 0x00, 0x23, 0x00, 0x16, 0x00, 0x09, 0x00, 0xFE, 0xFF, 0xF7, 0xFF,
        0xF6, 0xFF, 0xF3, 0xFF, 0xF1, 0xFF, 0xEE, 0xFF, 0xE8, 0xFF, 0xE5, 0xFF, 0xE4, 0xFF, 0xE5, 0xFF,
        0xEF, 0xFF, 0xFD, 0xFF, 0x0E, 0x00, 0x22, 0x00, 0x30, 0x00, 0x35, 0x00, 0x2F, 0x00, 0x20, 0x00,
        0x10, 0x00, 0xFA, 0xFF, 0xE5, 0xFF, 0xDD, 0xFF, 0xDB, 0xFF, 0xDD, 0xFF, 0xEA, 0xFF, 0xF5, 0xFF,
        0xFE, 0xFF, 0x06, 0x00, 0x07, 0x00, 0x09, 0x00, 0x0F, 0x00, 0x13, 0x00, 0x1B, 0x00, 0x22, 0x00,
        0x28, 0x00, 0x2B, 0x00, 0x26, 0x00, 0x19, 0x00, 0x07, 0x00, 0xF1, 0xFF, 0xDE, 0xFF, 0xD4, 0xFF,
        0xD3, 0xFF, 0xDB, 0xFF, 0xEB, 0xFF, 0xFF, 0xFF, 0x13, 0x00, 0x21, 0x00, 0x28, 0x00, 0x27, 0x00,
        0x20, 0x00, 0x19, 0x00, 0x10, 0x00, 0x07, 0x00, 0x03, 0x00, 0x01, 0x00, 0xFF, 0xFF, 0xFA, 0xFF,
        0xF1, 0xFF, 0xE6, 0xFF, 0xDD, 0xFF, 0xD5, 0xFF, 0xD4, 0xFF, 0xDF, 0xFF, 0xEF, 0xFF, 0x02, 0x00,
        0x18, 0x00, 0x29, 0x00, 0x32, 0x00, 0x31, 0x00, 0x25, 0x00, 0x15, 0x00, 0x03, 0x00, 0xEF, 0xFF,
        0xE2, 0xFF, 0xE0, 0xFF, 0xE2, 0xFF, 0xE9, 0xFF, 0xF1, 0xFF, 0xF6, 0xFF, 0xFA, 0xFF, 0xFA, 0xFF,
        0xFA, 0xFF, 0xFF, 0xFF, 0x09, 0x00, 0x15, 0x00, 0x21, 0x00, 0x2A, 0x00, 0x32, 0x00, 0x31, 0x00,
        0x23, 0x00, 0x10, 0x00, 0xFA, 0xFF, 0xE4, 0xFF, 0xD7, 0xFF, 0xD2, 0xFF, 0xD6, 0xFF, 0xE6, 0xFF,
        0xF7, 0xFF, 0x07, 0x00, 0x16, 0x00, 0x1F, 0x00, 0x20, 0x00, 0x1C, 0x00, 0x17, 0x00, 0x13, 0x00,
        0x12, 0x00, 0x11, 0x00, 0x0F, 0x00, 0x0D, 0x00, 0x08, 0x00, 0xFC, 0xFF, 0xEC, 0xFF, 0xDE, 0xFF,
        0xD7, 0xFF, 0xD5, 0xFF, 0xDA, 0xFF, 0xE8, 0xFF, 0xFE, 0xFF, 0x15, 0x00, 0x26, 0x00, 0x2F, 0x00,
        0x31, 0x00, 0x2A, 0x00, 0x19, 0x00, 0x08, 0x00, 0xFC, 0xFF, 0xF2, 0xFF, 0xEC, 0xFF, 0xEB, 0xFF,
        0xED, 0xFF, 0xEF, 0xFF, 0xEE, 0xFF, 0xEB, 0xFF, 0xE9, 0xFF, 0xEA, 0xFF, 0xF0, 0xFF, 0xFA, 0xFF,
        0x05, 0x00, 0x16, 0x00, 0x27, 0x00, 0x2F, 0x00, 0x2D, 0x00, 0x22, 0x00, 0x11, 0x00, 0xFC, 0xFF,
        0xE5, 0xFF, 0xD7, 0xFF, 0xD2, 0xFF, 0xD4, 0xFF, 0xE1, 0xFF, 0xF1, 0xFF, 0xFF, 0xFF, 0x0C, 0x00,
        0x12, 0x00, 0x16, 0x00, 0x18, 0x00, 0x15, 0x00, 0x16, 0x00, 0x1D, 0x00, 0x20, 0x00, 0x21, 0x00,
        0x20, 0x00, 0x18, 0x00, 0x0A, 0x00, 0xF9, 0xFF, 0xE7, 0xFF, 0xDA, 0xFF, 0xD3, 0xFF, 0xD6, 0xFF,
        0xE5, 0xFF, 0xF9, 0xFF, 0x0F, 0x00, 0x23, 0x00, 0x2E, 0x00, 0x30, 0x00, 0x29, 0x00, 0x1E, 0x00,
        0x10, 0x00, 0x04, 0x00, 0xFD, 0xFF, 0xF7, 0xFF, 0xF3, 0xFF, 0xF3, 0xFF, 0xF0, 0xFF, 0xEA, 0xFF,
        0xE7, 0xFF, 0xE1, 0xFF, 0xDE, 0xFF, 0xE2, 0xFF, 0xED, 0xFF, 0xFE, 0xFF, 0x12, 0x00, 0x22, 0x00,
        0x2D, 0x00, 0x31, 0x00, 0x2B, 0x00, 0x1A, 0x00, 0x03, 0x00, 0xF0, 0xFF, 0xE2, 0xFF, 0xD9, 0xFF,
        0xD9, 0xFF, 0xE0, 0xFF, 0xEB, 0xFF, 0xF6, 0xFF, 0xFF, 0xFF, 0x03, 0x00, 0x06, 0x00, 0x09, 0x00,
        0x0D, 0x00, 0x14, 0x00, 0x19, 0x00, 0x23, 0x00, 0x2A, 0x00, 0x27, 0x00, 0x1E, 0x00, 0x11, 0x00,
        0xFD, 0xFF, 0xE9, 0xFF, 0xDC, 0xFF, 0xD3, 0xFF, 0xD4, 0xFF, 0xE2, 0xFF, 0xF4, 0xFF, 0x06, 0x00,
        0x18, 0x00, 0x26, 0x00, 0x2A, 0x00, 0x27, 0x00, 0x21, 0x00, 0x1A, 0x00, 0x13, 0x00, 0x0D, 0x00,
        0x0A, 0x00, 0x08, 0x00, 0x03, 0x00, 0xFE, 0xFF, 0xF6, 0xFF, 0xE9, 0xFF, 0xE0, 0xFF, 0xDD, 0xFF,
        0xE0, 0xFF, 0xEC, 0xFF, 0xFE, 0xFF, 0x11, 0x00, 0x24, 0x00, 0x30, 0x00, 0x33, 0x00, 0x30, 0x00,
        0x22, 0x00, 0x0E, 0x00, 0xFC, 0xFF, 0xEF, 0xFF, 0xE7, 0xFF, 0xE4, 0xFF, 0xE4, 0xFF, 0xE8, 0xFF,
        0xEB, 0xFF, 0xEF, 0xFF, 0xF6, 0xFF, 0xF7, 0xFF, 0xFA, 0xFF, 0x00, 0x00, 0x07, 0x00, 0x15, 0x00,
        0x23, 0x00, 0x2A, 0x00, 0x2E, 0x00, 0x28, 0x00, 0x15, 0x00, 0x01, 0x00, 0xEE, 0xFF, 0xDC, 0xFF,
        0xD3, 0xFF, 0xD4, 0xFF, 0xDE, 0xFF, 0xEC, 0xFF, 0xFC, 0xFF, 0x0D, 0x00, 0x1B, 0x00, 0x1E, 0x00,
        0x1F, 0x00, 0x1E, 0x00, 0x1A, 0x00, 0x17, 0x00, 0x19, 0x00, 0x1A, 0x00, 0x15, 0x00, 0x10, 0x00,
        0x0A, 0x00, 0xFD, 0xFF, 0xED, 0xFF, 0xE3, 0xFF, 0xDC, 0xFF, 0xDB, 0xFF, 0xE4, 0xFF, 0xF6, 0xFF,
        0x0B, 0x00, 0x21, 0x00, 0x30, 0x00, 0x35, 0x00, 0x31, 0x00, 0x26, 0x00, 0x16, 0x00, 0x07, 0x00,
        0xFA, 0xFF, 0xF1, 0xFF, 0xEF, 0xFF, 0xED, 0xFF, 0xEE, 0xFF, 0xF0, 0xFF, 0xEC, 0xFF, 0xEB, 0xFF,
        0xED, 0xFF, 0xEE, 0xFF, 0xF6, 0xFF, 0x04, 0x00, 0x0F, 0x00, 0x21, 0x00, 0x2F, 0x00, 0x30, 0x00,
        0x2C, 0x00, 0x20, 0x00, 0x0B, 0x00, 0xF7, 0xFF, 0xE5, 0xFF, 0xDC, 0xFF, 0xD9, 0xFF, 0xDC, 0xFF,
        0xE8, 0xFF, 0xF6, 0xFF, 0x01, 0x00, 0x0E, 0x00, 0x12, 0x00, 0x10, 0x00, 0x12, 0x00, 0x14, 0x00,
        0x16, 0x00, 0x1A, 0x00, 0x1B, 0x00, 0x1C, 0x00, 0x1A, 0x00, 0x10, 0x00, 0x00, 0x00, 0xED, 0xFF,
        0xDE, 0xFF, 0xD7, 0xFF, 0xD5, 0xFF, 0xDD, 0xFF, 0xF0, 0xFF, 0x04, 0x00, 0x17, 0x00, 0x26, 0x00,
        0x2E, 0x00, 0x30, 0x00, 0x27, 0x00, 0x1B, 0x00, 0x12, 0x00, 0x09, 0x00, 0x04, 0x00, 0x02, 0x00,
        0x00, 0x00, 0xFE, 0xFF, 0xFA, 0xFF, 0xF2, 0xFF, 0xEC, 0xFF, 0xE8, 0xFF, 0xE6, 0xFF, 0xEB, 0xFF,
        0xFA, 0xFF, 0x0D, 0x00, 0x20, 0x00, 0x2E, 0x00, 0x34, 0x00, 0x31, 0x00, 0x27, 0x00, 0x12, 0x00,
        0xFC, 0xFF, 0xEC, 0xFF, 0xDF, 0xFF, 0xD8, 0xFF, 0xDD, 0xFF, 0xE6, 0xFF, 0xEF, 0xFF, 0xF9, 0xFF,
        0xFC, 0xFF, 0xFF, 0xFF, 0x04, 0x00, 0x04, 0x00, 0x07, 0x00, 0x11, 0x00, 0x18, 0x00, 0x21, 0x00,
        0x29, 0x00, 0x23, 0x00, 0x18, 0x00, 0x09, 0x00, 0xF2, 0xFF, 0xDF, 0xFF, 0xD7, 0xFF, 0xD3, 0xFF,
        0xD8, 0xFF, 0xE6, 0xFF, 0xF9, 0xFF, 0x0D, 0x00, 0x1C, 0x00, 0x24, 0x00, 0x29, 0x00, 0x26, 0x00,
        0x1C, 0x00, 0x16, 0x00, 0x13, 0x00, 0x10, 0x00, 0x0E, 0x00, 0x0A, 0x00, 0x07, 0x00, 0x02, 0x00,
        0xF5, 0xFF, 0xE8, 0xFF, 0xE3, 0xFF, 0xE2, 0xFF, 0xE9, 0xFF, 0xF5, 0xFF, 0x06, 0x00, 0x1B, 0x00,
        0x2C, 0x00, 0x36, 0x00, 0x37, 0x00, 0x2D, 0x00, 0x1E, 0x00, 0x0D, 0x00, 0xFB, 0xFF, 0xEF, 0xFF,
        0xEB, 0xFF, 0xEA, 0xFF, 0xED, 0xFF, 0xF1, 0xFF, 0xF4, 0xFF, 0xF7, 0xFF, 0xF7, 0xFF, 0xF6, 0xFF,
        0xFA, 0xFF, 0x01, 0x00, 0x0C, 0x00, 0x19, 0x00, 0x26, 0x00, 0x2D, 0x00, 0x2A, 0x00, 0x21, 0x00,
        0x11, 0x00, 0xFB, 0xFF, 0xE6, 0xFF, 0xD8, 0xFF, 0xD2, 0xFF, 0xD5, 0xFF, 0xDE, 0xFF, 0xEE, 0xFF,
        0x01, 0x00, 0x0F, 0x00, 0x16, 0x00, 0x1A, 0x00, 0x1A, 0x00, 0x18, 0x00, 0x14, 0x00, 0x14, 0x00,
        0x15, 0x00, 0x14, 0x00, 0x14, 0x00, 0x10, 0x00, 0x03, 0x00, 0xF6, 0xFF, 0xEA, 0xFF, 0xDC, 0xFF,
        0xD9, 0xFF, 0xDE, 0xFF, 0xEA, 0xFF, 0x00, 0x00, 0x15, 0x00, 0x26, 0x00, 0x35, 0x00, 0x39, 0x00,
        0x33, 0x00, 0x28, 0x00, 0x18, 0x00, 0x07, 0x00, 0xFE, 0xFF, 0xF6, 0xFF, 0xF3, 0xFF, 0xF4, 0xFF,
        0xF6, 0xFF, 0xF8, 0xFF, 0xF4, 0xFF, 0xEF, 0xFF, 0xF1, 0xFF, 0xF5, 0xFF, 0xFC, 0xFF, 0x0A, 0x00,
        0x17, 0x00, 0x24, 0x00, 0x31, 0x00, 0x33, 0x00, 0x2B, 0x00, 0x1A, 0x00, 0x04, 0x00, 0xF0, 0xFF,
        0xE1, 0xFF, 0xD8, 0xFF, 0xD8, 0xFF, 0xDD, 0xFF, 0xE8, 0xFF, 0xF7, 0xFF, 0x03, 0x00, 0x0C, 0x00,
        0x12, 0x00, 0x10, 0x00, 0x0E, 0x00, 0x12, 0x00, 0x17, 0x00, 0x1B, 0x00, 0x1D, 0x00, 0x1D, 0x00,
        0x18, 0x00, 0x0B, 0x00, 0xFB, 0xFF, 0xEA, 0xFF, 0xDB, 0xFF, 0xD6, 0xFF, 0xD9, 0xFF, 0xE2, 0xFF,
        0xF2, 0xFF, 0x09, 0x00, 0x1C, 0x00, 0x2A, 0x00, 0x31, 0x00, 0x2D, 0x00, 0x24, 0x00, 0x16, 0x00,
        0x0C, 0x00, 0x07, 0x00, 0x01, 0x00, 0xFB, 0xFF, 0xFC, 0xFF, 0xFA, 0xFF, 0xF4, 0xFF, 0xEE, 0xFF,
        0xEA, 0xFF, 0xE8, 0xFF, 0xEB, 0xFF, 0xF5, 0xFF, 0x05, 0x00, 0x18, 0x00, 0x2A, 0x00, 0x36, 0x00,
        0x3A, 0x00, 0x36, 0x00, 0x29, 0x00, 0x15, 0x00, 0x01, 0x00, 0xF1, 0xFF, 0xE8, 0xFF, 0xE6, 0xFF,
        0xE7, 0xFF, 0xEC, 0xFF, 0xF8, 0xFF, 0x01, 0x00, 0x03, 0x00, 0x06, 0x00, 0x08, 0x00, 0x0A, 0x00,
        0x0F, 0x00, 0x17, 0x00, 0x22, 0x00, 0x27, 0x00, 0x25, 0x00, 0x20, 0x00, 0x14, 0x00, 0xFF, 0xFF,
        0xEA, 0xFF, 0xDA, 0xFF, 0xD0, 0xFF, 0xD1, 0xFF, 0xDA, 0xFF, 0xE9, 0xFF, 0xFD, 0xFF, 0x0E, 0x00,
        0x19, 0x00, 0x22, 0x00, 0x22, 0x00, 0x1D, 0x00, 0x18, 0x00, 0x12, 0x00, 0x0E, 0x00, 0x0E, 0x00,
        0x0C, 0x00, 0x07, 0x00, 0x02, 0x00, 0xFA, 0xFF, 0xF1, 0xFF, 0xE6, 0xFF, 0xDE, 0xFF, 0xE2, 0xFF,
        0xEE, 0xFF, 0xFC, 0xFF, 0x10, 0x00, 0x27, 0x00, 0x34, 0x00, 0x3B, 0x00, 0x3A, 0x00, 0x2E, 0x00,
        0x1E, 0x00, 0x0E, 0x00, 0xFE, 0xFF, 0xF5, 0xFF, 0xF1, 0xFF, 0xEF, 0xFF, 0xF2, 0xFF, 0xF8, 0xFF,
        0xFA, 0xFF, 0xFA, 0xFF, 0xFD, 0xFF, 0xFE, 0xFF, 0x01, 0x00, 0x0B, 0x00, 0x17, 0x00, 0x26, 0x00,
        0x31, 0x00, 0x33, 0x00, 0x2E, 0x00, 0x21, 0x00, 0x0D, 0x00, 0xF9, 0xFF, 0xE9, 0xFF, 0xDB, 0xFF,
        0xD8, 0xFF, 0xDF, 0xFF, 0xE8, 0xFF, 0xF6, 0xFF, 0x08, 0x00, 0x15, 0x00, 0x1A, 0x00, 0x1B, 0x00,
        0x1A, 0x00, 0x19, 0x00, 0x18, 0x00, 0x19, 0x00, 0x1A, 0x00, 0x17, 0x00, 0x12, 0x00, 0x0B, 0x00,
        0xFE, 0xFF, 0xEE, 0xFF, 0xE3, 0xFF, 0xDB, 0xFF, 0xDA, 0xFF, 0xE2, 0xFF, 0xF2, 0xFF, 0x06, 0x00,
        0x19, 0x00, 0x28, 0x00, 0x30, 0x00, 0x30, 0x00, 0x28, 0x00, 0x1C, 0x00, 0x0F, 0x00, 0x04, 0x00,
        0xFD, 0xFF, 0xFA, 0xFF, 0xF9, 0xFF, 0xF9, 0xFF, 0xFA, 0xFF, 0xF8, 0xFF, 0xF2, 0xFF, 0xF0, 0xFF,
        0xF4, 0xFF, 0xFB, 0xFF, 0x08, 0x00, 0x18, 0x00, 0x28, 0x00, 0x34, 0x00, 0x39, 0x00, 0x38, 0x00,
        0x30, 0x00, 0x1C, 0x00, 0x05, 0x00, 0xF5, 0xFF, 0xE8, 0xFF, 0xE1, 0xFF, 0xE4, 0xFF, 0xEC, 0xFF,
        0xF9, 0xFF, 0x06, 0x00, 0x0D, 0x00, 0x10, 0x00, 0x14, 0x00, 0x14, 0x00, 0x14, 0x00, 0x19, 0x00,
        0x1C, 0x00, 0x1E, 0x00, 0x20, 0x00, 0x1C, 0x00, 0x13, 0x00, 0x07, 0x00, 0xF5, 0xFF, 0xE1, 0xFF,
        0xD5, 0xFF, 0xD5, 0xFF, 0xDB, 0xFF, 0xE7, 0xFF, 0xF9, 0xFF, 0x0F, 0x00, 0x22, 0x00, 0x2B, 0x00,
        0x2D, 0x00, 0x2B, 0x00, 0x20, 0x00, 0x15, 0x00, 0x10, 0x00, 0x0B, 0x00, 0x05, 0x00, 0x01, 0x00,
        0xFE, 0xFF, 0xFD, 0xFF, 0xF8, 0xFF, 0xF0, 0xFF, 0xEC, 0xFF, 0xEC, 0xFF, 0xF1, 0xFF, 0x00, 0x00,
        0x12, 0x00, 0x23, 0x00, 0x34, 0x00, 0x3E, 0x00, 0x3D, 0x00, 0x36, 0x00, 0x25, 0x00, 0x0F, 0x00,
        0xFE, 0xFF, 0xF1, 0xFF, 0xE9, 0xFF, 0xEB, 0xFF, 0xEE, 0xFF, 0xF0, 0xFF, 0xFA, 0xFF, 0x04, 0x00,
        0x07, 0x00, 0x08, 0x00, 0x0C, 0x00, 0x11, 0x00, 0x19, 0x00, 0x21, 0x00, 0x2B, 0x00, 0x31, 0x00,
        0x2B, 0x00, 0x22, 0x00, 0x18, 0x00, 0x01, 0x00, 0xEA, 0xFF, 0xE0, 0xFF, 0xD8, 0xFF, 0xDA, 0xFF,
        0xE8, 0xFF, 0xF7, 0xFF, 0x08, 0x00, 0x1A, 0x00, 0x23, 0x00, 0x27, 0x00, 0x26, 0x00, 0x1E, 0x00,
        0x19, 0x00, 0x15, 0x00, 0x0F, 0x00, 0x0F, 0x00, 0x0E, 0x00, 0x07, 0x00, 0xFF, 0xFF, 0xF5, 0xFF,
        0xEA, 0xFF, 0xE2, 0xFF, 0xDC, 0xFF, 0xE2, 0xFF, 0xF0, 0xFF, 0xFE, 0xFF, 0x14, 0x00, 0x28, 0x00,
        0x32, 0x00, 0x38, 0x00, 0x34, 0x00, 0x26, 0x00, 0x16, 0x00, 0x08, 0x00, 0xFA, 0xFF, 0xF3, 0xFF,
        0xF0, 0xFF, 0xF2, 0xFF, 0xF7, 0xFF, 0xFC, 0xFF, 0xFF, 0xFF, 0x01, 0x00, 0x02, 0x00, 0x07, 0x00,
        0x0C, 0x00, 0x17, 0x00, 0x26, 0x00, 0x32, 0x00, 0x3A, 0x00, 0x3C, 0x00, 0x33, 0x00, 0x25, 0x00,
        0x11, 0x00, 0xFC, 0xFF, 0xEC, 0xFF, 0xE3, 0xFF, 0xE0, 0xFF, 0xE9, 0xFF, 0xF6, 0xFF, 0x04, 0x00,
        0x14, 0x00, 0x1D, 0x00, 0x1F, 0x00, 0x21, 0x00, 0x1E, 0x00, 0x1B, 0x00, 0x1D, 0x00, 0x1E, 0x00,
        0x1D, 0x00, 0x19, 0x00, 0x10, 0x00, 0x08, 0x00, 0xFE, 0xFF, 0xEB, 0xFF, 0xDE, 0xFF, 0xDB, 0xFF,
        0xDB, 0xFF, 0xE5, 0xFF, 0xF9, 0xFF, 0x0D, 0x00, 0x20, 0x00, 0x2F, 0x00, 0x33, 0x00, 0x31, 0x00,
        0x2A, 0x00, 0x1E, 0x00, 0x11, 0x00, 0x05, 0x00, 0xFD, 0xFF, 0xFB, 0xFF, 0xFD, 0xFF, 0xFB, 0xFF,
        0xFA, 0xFF, 0xFA, 0xFF, 0xF7, 0xFF, 0xF6, 0xFF, 0xF9, 0xFF, 0x01, 0x00, 0x0F, 0x00, 0x1E, 0x00,
        0x2C, 0x00, 0x3A, 0x00, 0x3D, 0x00, 0x37, 0x00, 0x2B, 0x00, 0x16, 0x00, 0x02, 0x00, 0xF3, 0xFF,
        0xE7, 0xFF, 0xE3, 0xFF, 0xE8, 0xFF, 0xF1, 0xFF, 0xFF, 0xFF, 0x0D, 0x00, 0x12, 0x00, 0x16, 0x00,
        0x1C, 0x00, 0x1E, 0x00, 0x1E, 0x00, 0x22, 0x00, 0x27, 0x00, 0x2C, 0x00, 0x2C, 0x00, 0x27, 0x00,
        0x1C, 0x00, 0x09, 0x00, 0xF6, 0xFF, 0xE9, 0xFF, 0xE0, 0xFF, 0xDE, 0xFF, 0xE6, 0xFF, 0xF4, 0xFF,
        0x07, 0x00, 0x1B, 0x00, 0x2A, 0x00, 0x30, 0x00, 0x2F, 0x00, 0x2A, 0x00, 0x21, 0x00, 0x17, 0x00,
        0x11, 0x00, 0x09, 0x00, 0x04, 0x00, 0x02, 0x00, 0xFE, 0xFF, 0xF9, 0xFF, 0xF4, 0xFF, 0xEC, 0xFF,
        0xE6, 0xFF, 0xE8, 0xFF, 0xF3, 0xFF, 0x00, 0x00, 0x10, 0x00, 0x23, 0x00, 0x35, 0x00, 0x3B, 0x00,
        0x36, 0x00, 0x2F, 0x00, 0x20, 0x00, 0x0A, 0x00, 0xF9, 0xFF, 0xF0, 0xFF, 0xEC, 0xFF, 0xEE, 0xFF,
        0xF4, 0xFF, 0xFC, 0xFF, 0x03, 0x00, 0x0A, 0x00, 0x10, 0x00, 0x11, 0x00, 0x12, 0x00, 0x1A, 0x00,
        0x23, 0x00, 0x2A, 0x00, 0x34, 0x00, 0x39, 0x00, 0x34, 0x00, 0x27, 0x00, 0x17, 0x00, 0x04, 0x00,
        0xF1, 0xFF, 0xE3, 0xFF, 0xDF, 0xFF, 0xE5, 0xFF, 0xF3, 0xFF, 0x03, 0x00, 0x13, 0x00, 0x21, 0x00,
        0x29, 0x00, 0x2B, 0x00, 0x29, 0x00, 0x23, 0x00, 0x1E, 0x00, 0x1B, 0x00, 0x19, 0x00, 0x17, 0x00,
        0x11, 0x00, 0x09, 0x00, 0x01, 0x00, 0xF4, 0xFF, 0xE7, 0xFF, 0xE2, 0xFF, 0xE1, 0xFF, 0xE6, 0xFF,
        0xF5, 0xFF, 0x09, 0x00, 0x1D, 0x00, 0x2E, 0x00, 0x37, 0x00, 0x38, 0x00, 0x32, 0x00, 0x22, 0x00,
        0x12, 0x00, 0x04, 0x00, 0xF9, 0xFF, 0xF6, 0xFF, 0xF4, 0xFF, 0xF4, 0xFF, 0xFA, 0xFF, 0xFB, 0xFF,
        0xFB, 0xFF, 0xFF, 0xFF, 0xFF, 0xFF, 0x04, 0x00, 0x0E, 0x00, 0x18, 0x00, 0x26, 0x00, 0x35, 0x00,
        0x3A, 0x00, 0x38, 0x00, 0x2E, 0x00, 0x1E, 0x00, 0x0B, 0x00, 0xF7, 0xFF, 0xEA, 0xFF, 0xE3, 0xFF,
        0xE5, 0xFF, 0xF1, 0xFF, 0x01, 0x00, 0x0E, 0x00, 0x19, 0x00, 0x20, 0x00, 0x23, 0x00, 0x25, 0x00,
        0x23, 0x00, 0x21, 0x00, 0x22, 0x00, 0x24, 0x00, 0x25, 0x00, 0x23, 0x00, 0x1A, 0x00, 0x0F, 0x00,
        0x02, 0x00, 0xF5, 0xFF, 0xE8, 0xFF, 0xE2, 0xFF, 0xE6, 0xFF, 0xF2, 0xFF, 0x04, 0x00, 0x16, 0x00,
        0x27, 0x00, 0x32, 0x00, 0x35, 0x00, 0x31, 0x00, 0x27, 0x00, 0x18, 0x00, 0x0A, 0x00, 0x00, 0x00,
        0xFC, 0xFF, 0xFB, 0xFF, 0xFA, 0xFF, 0xF9, 0xFF, 0xF6, 0xFF, 0xF2, 0xFF, 0xF2, 0xFF, 0xF4, 0xFF,
        0xF9, 0xFF, 0x02, 0x00, 0x10, 0x00, 0x1F, 0x00, 0x2E, 0x00, 0x39, 0x00, 0x3C, 0x00, 0x33, 0x00,
        0x22, 0x00, 0x0F, 0x00, 0xFD, 0xFF, 0xED, 0xFF, 0xE7, 0xFF, 0xEB, 0xFF, 0xF1, 0xFF, 0xF9, 0xFF,
        0x05, 0x00, 0x10, 0x00, 0x16, 0x00, 0x18, 0x00, 0x1B, 0x00, 0x1E, 0x00, 0x20, 0x00, 0x25, 0x00,
        0x2B, 0x00, 0x30, 0x00, 0x2F, 0x00, 0x24, 0x00, 0x17, 0x00, 0x06, 0x00, 0xF3, 0xFF, 0xE8, 0xFF,
        0xE3, 0xFF, 0xE1, 0xFF, 0xEC, 0xFF, 0x01, 0x00, 0x13, 0x00, 0x22, 0x00, 0x2D, 0x00, 0x32, 0x00,
        0x32, 0x00, 0x2C, 0x00, 0x21, 0x00, 0x17, 0x00, 0x11, 0x00, 0x0E, 0x00, 0x0C, 0x00, 0x09, 0x00,
        0x04, 0x00, 0xFC, 0xFF, 0xF4, 0xFF, 0xEF, 0xFF, 0xEC, 0xFF, 0xEE, 0xFF, 0xF8, 0xFF, 0x08, 0x00,
        0x1B, 0x00, 0x2C, 0x00, 0x36, 0x00, 0x3B, 0x00, 0x38, 0x00, 0x28, 0x00, 0x16, 0x00, 0x06, 0x00,
        0xF6, 0xFF, 0xEF, 0xFF, 0xED, 0xFF, 0xEC, 0xFF, 0xF4, 0xFF, 0xFE, 0xFF, 0xFF, 0xFF, 0x04, 0x00,
        0x09, 0x00, 0x0B, 0x00, 0x10, 0x00, 0x17, 0x00, 0x20, 0x00, 0x2D, 0x00, 0x33, 0x00, 0x35, 0x00,
        0x30, 0x00, 0x20, 0x00, 0x0F, 0x00, 0xFE, 0xFF, 0xEC, 0xFF, 0xE4, 0xFF, 0xE4, 0xFF, 0xEA, 0xFF,
        0xFB, 0xFF, 0x0C, 0x00, 0x1B, 0x00, 0x27, 0x00, 0x2C, 0x00, 0x2C, 0x00, 0x29, 0x00, 0x24, 0x00,
        0x21, 0x00, 0x1F, 0x00, 0x1D, 0x00, 0x1C, 0x00, 0x1B, 0x00, 0x12, 0x00, 0x05, 0x00, 0xF8, 0xFF,
        0xED, 0xFF, 0xE7, 0xFF, 0xE9, 0xFF, 0xEF, 0xFF, 0xFF, 0xFF, 0x15, 0x00, 0x28, 0x00, 0x33, 0x00,
        0x38, 0x00, 0x37, 0x00, 0x2F, 0x00, 0x1F, 0x00, 0x10, 0x00, 0x03, 0x00, 0xF8, 0xFF, 0xF5, 0xFF,
        0xF9, 0xFF, 0xFA, 0xFF, 0xFB, 0xFF, 0xFB, 0xFF, 0xFA, 0xFF, 0xFC, 0xFF, 0xFE, 0xFF, 0x03, 0x00,
        0x0E, 0x00, 0x1C, 0x00, 0x2B, 0x00, 0x36, 0x00, 0x39, 0x00, 0x34, 0x00, 0x28, 0x00, 0x17, 0x00,
        0x03, 0x00, 0xF2, 0xFF, 0xE8, 0xFF, 0xE5, 0xFF, 0xEA, 0xFF, 0xF7, 0xFF, 0x05, 0x00, 0x11, 0x00,
        0x1B, 0x00, 0x21, 0x00, 0x23, 0x00, 0x25, 0x00, 0x23, 0x00, 0x23, 0x00, 0x24, 0x00, 0x26, 0x00,
        0x28, 0x00, 0x24, 0x00, 0x1A, 0x00, 0x0E, 0x00, 0xFE, 0xFF, 0xF1, 0xFF, 0xE8, 0xFF, 0xE6, 0xFF,
        0xEE, 0xFF, 0xFD, 0xFF, 0x0F, 0x00, 0x25, 0x00, 0x36, 0x00, 0x3A, 0x00, 0x3A, 0x00, 0x35, 0x00,
        0x2A, 0x00, 0x20, 0x00, 0x15, 0x00, 0x0C, 0x00, 0x07, 0x00, 0x04, 0x00, 0x03, 0x00, 0x02, 0x00,
        0xFD, 0xFF, 0xFA, 0xFF, 0xF8, 0xFF, 0xF8, 0xFF, 0xFE, 0xFF, 0x0A, 0x00, 0x17, 0x00, 0x27, 0x00,
        0x36, 0x00, 0x3D, 0x00, 0x3A, 0x00, 0x2F, 0x00, 0x1E, 0x00, 0x0B, 0x00, 0xF8, 0xFF, 0xED, 0xFF,
        0xE9, 0xFF, 0xEB, 0xFF, 0xF1, 0xFF, 0xFA, 0xFF, 0x04, 0x00, 0x0C, 0x00, 0x10, 0x00, 0x13, 0x00,
        0x18, 0x00, 0x1D, 0x00, 0x20, 0x00, 0x26, 0x00, 0x2C, 0x00, 0x2E, 0x00, 0x2C, 0x00, 0x23, 0x00,
        0x15, 0x00, 0x04, 0x00, 0xF3, 0xFF, 0xEB, 0xFF, 0xE9, 0xFF, 0xEB, 0xFF, 0xF6, 0xFF, 0x0B, 0x00,
        0x20, 0x00, 0x2E, 0x00, 0x36, 0x00, 0x39, 0x00, 0x35, 0x00, 0x2D, 0x00, 0x26, 0x00, 0x1E, 0x00,
        0x19, 0x00, 0x18, 0x00, 0x13, 0x00, 0x0C, 0x00, 0x06, 0x00, 0x00, 0x00, 0xF7, 0xFF, 0xF1, 0xFF,
        0xEE, 0xFF, 0xF3, 0xFF, 0x01, 0x00, 0x13, 0x00, 0x26, 0x00, 0x35, 0x00, 0x3E, 0x00, 0x3F, 0x00,
        0x38, 0x00, 0x28, 0x00, 0x16, 0x00, 0x04, 0x00, 0xF8, 0xFF, 0xF4, 0xFF, 0xF2, 0xFF, 0xF4, 0xFF,
        0xFD, 0xFF, 0x02, 0x00, 0x03, 0x00, 0x06, 0x00, 0x09, 0x00, 0x0B, 0x00, 0x12, 0x00, 0x1B, 0x00,
        0x25, 0x00, 0x31, 0x00, 0x36, 0x00, 0x35, 0x00, 0x2B, 0x00, 0x1B, 0x00, 0x08, 0x00, 0xF7, 0xFF,
        0xE9, 0xFF, 0xE2, 0xFF, 0xE4, 0xFF, 0xEF, 0xFF, 0xFE, 0xFF, 0x0E, 0x00, 0x1E, 0x00, 0x29, 0x00,
        0x2B, 0x00, 0x2A, 0x00, 0x27, 0x00, 0x23, 0x00, 0x21, 0x00, 0x1F, 0x00, 0x1E, 0x00, 0x1E, 0x00,
        0x17, 0x00, 0x0D, 0x00, 0x04, 0x00, 0xFA, 0xFF, 0xF0, 0xFF, 0xED, 0xFF, 0xF1, 0xFF, 0xFD, 0xFF,
        0x0D, 0x00, 0x20, 0x00, 0x32, 0x00, 0x3D, 0x00, 0x40, 0x00, 0x3D, 0x00, 0x31, 0x00, 0x22, 0x00,
        0x15, 0x00, 0x09, 0x00, 0x01, 0x00, 0x00, 0x00, 0xFE, 0xFF, 0x00, 0x00, 0x04, 0x00, 0x01, 0x00,
        0xFE, 0xFF, 0x01, 0x00, 0x04, 0x00, 0x0B, 0x00, 0x17, 0x00, 0x24, 0x00, 0x2E, 0x00, 0x37, 0x00,
        0x39, 0x00, 0x31, 0x00, 0x21, 0x00, 0x0C, 0x00, 0xFA, 0xFF, 0xED, 0xFF, 0xE2, 0xFF, 0xE3, 0xFF,
        0xED, 0xFF, 0xF6, 0xFF, 0x03, 0x00, 0x11, 0x00, 0x18, 0x00, 0x1E, 0x00, 0x20, 0x00, 0x1E, 0x00,
        0x20, 0x00, 0x23, 0x00, 0x23, 0x00, 0x26, 0x00, 0x27, 0x00, 0x21, 0x00, 0x16, 0x00, 0x07, 0x00,
        0xF8, 0xFF, 0xED, 0xFF, 0xE8, 0xFF, 0xE9, 0xFF, 0xF3, 0xFF, 0x05, 0x00, 0x19, 0x00, 0x2A, 0x00,
        0x36, 0x00, 0x3C, 0x00, 0x3A, 0x00, 0x30, 0x00, 0x24, 0x00, 0x1A, 0x00, 0x11, 0x00, 0x07, 0x00,
        0x05, 0x00, 0x08, 0x00, 0x04, 0x00, 0x00, 0x00, 0xFF, 0xFF, 0xFB, 0xFF, 0xF8, 0xFF, 0xFB, 0xFF,
        0x04, 0x00, 0x11, 0x00, 0x21, 0x00, 0x32, 0x00, 0x3D, 0x00, 0x40, 0x00, 0x3C, 0x00, 0x2D, 0x00,
        0x18, 0x00, 0x08, 0x00, 0xF9, 0xFF, 0xEF, 0xFF, 0xEC, 0xFF, 0xEE, 0xFF, 0xF7, 0xFF, 0x02, 0x00,
        0x09, 0x00, 0x0E, 0x00, 0x13, 0x00, 0x14, 0x00, 0x17, 0x00, 0x1C, 0x00, 0x21, 0x00, 0x26, 0x00,
        0x2A, 0x00, 0x2B, 0x00, 0x27, 0x00, 0x1C, 0x00, 0x0B, 0x00, 0xF8, 0xFF, 0xE9, 0xFF, 0xE0, 0xFF,
        0xDF, 0xFF, 0xE9, 0xFF, 0xF9, 0xFF, 0x09, 0x00, 0x1C, 0x00, 0x29, 0x00, 0x2E, 0x00, 0x30, 0x00,
        0x2E, 0x00, 0x27, 0x00, 0x20, 0x00, 0x1A, 0x00, 0x17, 0x00, 0x15, 0x00, 0x10, 0x00, 0x0C, 0x00,
        0x06, 0x00, 0xFD, 0xFF, 0xF6, 0xFF, 0xF2, 0xFF, 0xF2, 0xFF, 0xFB, 0xFF, 0x0B, 0x00, 0x1D, 0x00,
        0x2F, 0x00, 0x3D, 0x00, 0x43, 0x00, 0x40, 0x00, 0x36, 0x00, 0x25, 0x00, 0x13, 0x00, 0x05, 0x00,
        0xFC, 0xFF, 0xF5, 0xFF, 0xF6, 0xFF, 0xFC, 0xFF, 0x00, 0x00, 0x02, 0x00, 0x05, 0x00, 0x08, 0x00,
        0x09, 0x00, 0x0E, 0x00, 0x17, 0x00, 0x1F, 0x00, 0x28, 0x00, 0x31, 0x00, 0x34, 0x00, 0x30, 0x00,
        0x25, 0x00, 0x13, 0x00, 0xFF, 0xFF, 0xEE, 0xFF, 0xE3, 0xFF, 0xDE, 0xFF, 0xE4, 0xFF, 0xF1, 0xFF,
        0x00, 0x00, 0x10, 0x00, 0x1F, 0x00, 0x24, 0x00, 0x26, 0x00, 0x26, 0x00, 0x21, 0x00, 0x1E, 0x00,
        0x20, 0x00, 0x21, 0x00, 0x1F, 0x00, 0x1C, 0x00, 0x15, 0x00, 0x0A, 0x00, 0x00, 0x00, 0xF4, 0xFF,
        0xEA, 0xFF, 0xEA, 0xFF, 0xF1, 0xFF, 0xFD, 0xFF, 0x13, 0x00, 0x28, 0x00, 0x36, 0x00, 0x3E, 0x00,
        0x3C, 0x00, 0x34, 0x00, 0x2A, 0x00, 0x1A, 0x00, 0x0D, 0x00, 0x05, 0x00, 0xFE, 0xFF, 0xFE, 0xFF,
        0x03, 0x00, 0x03, 0x00, 0x03, 0x00, 0x02, 0x00, 0xFE, 0xFF, 0x03, 0x00, 0x0B, 0x00, 0x12, 0x00,
        0x20, 0x00, 0x2E, 0x00, 0x38, 0x00, 0x40, 0x00, 0x3D, 0x00, 0x30, 0x00, 0x21, 0x00, 0x0D, 0x00,
        0xF9, 0xFF, 0xEE, 0xFF, 0xE8, 0xFF, 0xE8, 0xFF, 0xF4, 0xFF, 0x02, 0x00, 0x0B, 0x00, 0x14, 0x00,
        0x1D, 0x00, 0x1F, 0x00, 0x1E, 0x00, 0x1E, 0x00, 0x20, 0x00, 0x23, 0x00, 0x24, 0x00, 0x24, 0x00,
        0x22, 0x00, 0x19, 0x00, 0x0B, 0x00, 0xFE, 0xFF, 0xEF, 0xFF, 0xE2, 0xFF, 0xDF, 0xFF, 0xE7, 0xFF,
        0xF4, 0xFF, 0x05, 0x00, 0x17, 0x00, 0x28, 0x00, 0x33, 0x00, 0x35, 0x00, 0x31, 0x00, 0x29, 0x00,
        0x1F, 0x00, 0x15, 0x00, 0x0F, 0x00, 0x0B, 0x00, 0x09, 0x00, 0x07, 0x00, 0x07, 0x00, 0x04, 0x00,
        0xFD, 0xFF, 0xFA, 0xFF, 0xFD, 0xFF, 0x00, 0x00, 0x0A, 0x00, 0x1C, 0x00, 0x2C, 0x00, 0x3A, 0x00,
        0x42, 0x00, 0x41, 0x00, 0x39, 0x00, 0x2A, 0x00, 0x16, 0x00, 0x05, 0x00, 0xF8, 0xFF, 0xF0, 0xFF,
        0xF0, 0xFF, 0xF5, 0xFF, 0xFB, 0xFF, 0x03, 0x00, 0x0C, 0x00, 0x12, 0x00, 0x13, 0x00, 0x16, 0x00,
        0x19, 0x00, 0x1C, 0x00, 0x23, 0x00, 0x2A, 0x00, 0x2D, 0x00, 0x2C, 0x00, 0x24, 0x00, 0x15, 0x00,
        0x04, 0x00, 0xF3, 0xFF, 0xE7, 0xFF, 0xE1, 0xFF, 0xE3, 0xFF, 0xED, 0xFF, 0xFD, 0xFF, 0x0E, 0x00,
        0x1E, 0x00, 0x29, 0x00, 0x2D, 0x00, 0x2D, 0x00, 0x27, 0x00, 0x20, 0x00, 0x1A, 0x00, 0x15, 0x00,
        0x12, 0x00, 0x11, 0x00, 0x0E, 0x00, 0x08, 0x00, 0xFF, 0xFF, 0xF7, 0xFF, 0xF1, 0xFF, 0xED, 0xFF,
        0xF0, 0xFF, 0xFC, 0xFF, 0x0D, 0x00, 0x1F, 0x00, 0x2E, 0x00, 0x39, 0x00, 0x3F, 0x00, 0x39, 0x00,
        0x2C, 0x00, 0x1D, 0x00, 0x0F, 0x00, 0x01, 0x00, 0xFA, 0xFF, 0xF8, 0xFF, 0xFA, 0xFF, 0xFF, 0xFF,
        0x03, 0x00, 0x05, 0x00, 0x0B, 0x00, 0x0D, 0x00, 0x0D, 0x00, 0x13, 0x00, 0x1E, 0x00, 0x28, 0x00,
        0x33, 0x00, 0x3A, 0x00, 0x3A, 0x00, 0x33, 0x00, 0x24, 0x00, 0x12, 0x00, 0xFD, 0xFF, 0xEB, 0xFF,
        0xE6, 0xFF, 0xE7, 0xFF, 0xEC, 0xFF, 0xF8, 0xFF, 0x09, 0x00, 0x14, 0x00, 0x1B, 0x00, 0x22, 0x00,
        0x25, 0x00, 0x1F, 0x00, 0x1E, 0x00, 0x1E, 0x00, 0x19, 0x00, 0x18, 0x00, 0x18, 0x00, 0x13, 0x00,
        0x0C, 0x00, 0x00, 0x00, 0xF1, 0xFF, 0xE8, 0xFF, 0xE5, 0xFF, 0xE7, 0xFF, 0xF1, 0xFF, 0x00, 0x00,
        0x11, 0x00, 0x24, 0x00, 0x31, 0x00, 0x38, 0x00, 0x35, 0x00, 0x2A, 0x00, 0x1E, 0x00, 0x11, 0x00,
        0x07, 0x00, 0x03, 0x00, 0x00, 0x00, 0xFE, 0xFF, 0x00, 0x00, 0x01, 0x00, 0x01, 0x00, 0x01, 0x00,
        0x00, 0x00, 0x02, 0x00, 0x09, 0x00, 0x13, 0x00, 0x20, 0x00, 0x2E, 0x00, 0x38, 0x00, 0x3C, 0x00,
        0x38, 0x00, 0x2C, 0x00, 0x1B, 0x00, 0x09, 0x00, 0xF9, 0xFF, 0xEE, 0xFF, 0xE9, 0xFF, 0xED, 0xFF,
        0xF9, 0xFF, 0x04, 0x00, 0x0E, 0x00, 0x16, 0x00, 0x1A, 0x00, 0x1E, 0x00, 0x1E, 0x00, 0x1E, 0x00,
        0x22, 0x00, 0x24, 0x00, 0x24, 0x00, 0x24, 0x00, 0x20, 0x00, 0x16, 0x00, 0x08, 0x00, 0xF7, 0xFF,
        0xEA, 0xFF, 0xE6, 0xFF, 0xE3, 0xFF, 0xE8, 0xFF, 0xF8, 0xFF, 0x08, 0x00, 0x18, 0x00, 0x28, 0x00,
        0x31, 0x00, 0x2F, 0x00, 0x2A, 0x00, 0x20, 0x00, 0x14, 0x00, 0x0C, 0x00, 0x08, 0x00, 0x04, 0x00,
        0x02, 0x00, 0x00, 0x00, 0xFD, 0xFF, 0xF7, 0xFF, 0xF2, 0xFF, 0xF1, 0xFF, 0xF1, 0xFF, 0xF7, 0xFF,
        0x05, 0x00, 0x15, 0x00, 0x26, 0x00, 0x36, 0x00, 0x3C, 0x00, 0x39, 0x00, 0x31, 0x00, 0x20, 0x00,
        0x10, 0x00, 0x00, 0x00, 0xF3, 0xFF, 0xF0, 0xFF, 0xF3, 0xFF, 0xF7, 0xFF, 0x00, 0x00, 0x08, 0x00,
        0x0D, 0x00, 0x11, 0x00, 0x15, 0x00, 0x18, 0x00, 0x1C, 0x00, 0x22, 0x00, 0x29, 0x00, 0x2F, 0x00,
        0x32, 0x00, 0x2D, 0x00, 0x22, 0x00, 0x16, 0x00, 0x02, 0x00, 0xEF, 0xFF, 0xE5, 0xFF, 0xDF, 0xFF,
        0xE5, 0xFF, 0xF4, 0xFF, 0x00, 0x00, 0x11, 0x00, 0x21, 0x00, 0x26, 0x00, 0x29, 0x00, 0x27, 0x00,
        0x1F, 0x00, 0x1A, 0x00, 0x14, 0x00, 0x10, 0x00, 0x10, 0x00, 0x0D, 0x00, 0x08, 0x00, 0x02, 0x00,
        0xF5, 0xFF, 0xED, 0xFF, 0xEB, 0xFF, 0xE9, 0xFF, 0xEE, 0xFF, 0xFA, 0xFF, 0x0A, 0x00, 0x1D, 0x00,
        0x2C, 0x00, 0x36, 0x00, 0x38, 0x00, 0x2F, 0x00, 0x22, 0x00, 0x13, 0x00, 0x05, 0x00, 0xFC, 0xFF,
        0xF7, 0xFF, 0xF6, 0xFF, 0xF8, 0xFF, 0xFC, 0xFF, 0xFF, 0xFF, 0x02, 0x00, 0x03, 0x00, 0x05, 0x00,
        0x09, 0x00, 0x11, 0x00, 0x1D, 0x00, 0x28, 0x00, 0x2F, 0x00, 0x35, 0x00, 0x34, 0x00, 0x2A, 0x00,
        0x1C, 0x00, 0x0A, 0x00, 0xF7, 0xFF, 0xEC, 0xFF, 0xE9, 0xFF, 0xE9, 0xFF, 0xF1, 0xFF, 0xFE, 0xFF,
        0x0B, 0x00, 0x19, 0x00, 0x22, 0x00, 0x22, 0x00, 0x22, 0x00, 0x21, 0x00, 0x1E, 0x00, 0x1D, 0x00,
        0x1D, 0x00, 0x1C, 0x00, 0x19, 0x00, 0x13, 0x00, 0x08, 0x00, 0xFA, 0xFF, 0xEE, 0xFF, 0xE4, 0xFF,
        0xE0, 0xFF, 0xE6, 0xFF, 0xF1, 0xFF, 0x00, 0x00, 0x14, 0x00, 0x24, 0x00, 0x2C, 0x00, 0x30, 0x00,
        0x2B, 0x00, 0x1F, 0x00, 0x14, 0x00, 0x09, 0x00, 0xFE, 0xFF, 0xF9, 0xFF, 0xF8, 0xFF, 0xF8, 0xFF,
        0xF9, 0xFF, 0xF8, 0xFF, 0xF7, 0xFF, 0xFA, 0xFF, 0xF9, 0xFF, 0xFC, 0xFF, 0x07, 0x00, 0x12, 0x00,
        0x1D, 0x00, 0x2C, 0x00, 0x38, 0x00, 0x39, 0x00, 0x30, 0x00, 0x22, 0x00, 0x10, 0x00, 0xFE, 0xFF,
        0xEF, 0xFF, 0xE7, 0xFF, 0xE9, 0xFF, 0xF2, 0xFF, 0xFB, 0xFF, 0x06, 0x00, 0x11, 0x00, 0x16, 0x00,
        0x1A, 0x00, 0x1C, 0x00, 0x1B, 0x00, 0x1E, 0x00, 0x20, 0x00, 0x23, 0x00, 0x26, 0x00, 0x24, 0x00,
        0x1E, 0x00, 0x14, 0x00, 0x01, 0x00, 0xF0, 0xFF, 0xE8, 0xFF, 0xE2, 0xFF, 0xE1, 0xFF, 0xEB, 0xFF,
        0xFD, 0xFF, 0x0E, 0x00, 0x1E, 0x00, 0x2A, 0x00, 0x2D, 0x00, 0x2C, 0x00, 0x29, 0x00, 0x1C, 0x00,
        0x10, 0x00, 0x0A, 0x00, 0x04, 0x00, 0xFF, 0xFF, 0xFF, 0xFF, 0xFD, 0xFF, 0xF7, 0xFF, 0xF1, 0xFF,
        0xEF, 0xFF, 0xEE, 0xFF, 0xEF, 0xFF, 0xF8, 0xFF, 0x08, 0x00, 0x18, 0x00, 0x27, 0x00, 0x31, 0x00,
        0x34, 0x00, 0x30, 0x00, 0x22, 0x00, 0x10, 0x00, 0x00, 0x00, 0xF3, 0xFF, 0xEA, 0xFF, 0xE7, 0xFF,
        0xEB, 0xFF, 0xF2, 0xFF, 0xF9, 0xFF, 0x01, 0x00, 0x07, 0x00, 0x09, 0x00, 0x0E, 0x00, 0x13, 0x00,
        0x17, 0x00, 0x1E, 0x00, 0x26, 0x00, 0x2B, 0x00, 0x2C, 0x00, 0x26, 0x00, 0x1B, 0x00, 0x0B, 0x00,
        0xF9, 0xFF, 0xEB, 0xFF, 0xE3, 0xFF, 0xE3, 0xFF, 0xEC, 0xFF, 0xFB, 0xFF, 0x09, 0x00, 0x18, 0x00,
        0x25, 0x00, 0x2B, 0x00, 0x2B, 0x00, 0x26, 0x00, 0x1F, 0x00, 0x1A, 0x00, 0x16, 0x00, 0x13, 0x00,
        0x11, 0x00, 0x0B, 0x00, 0x03, 0x00, 0xFD, 0xFF, 0xF3, 0xFF, 0xE7, 0xFF, 0xE2, 0xFF, 0xE5, 0xFF,
        0xEE, 0xFF, 0xFB, 0xFF, 0x0D, 0x00, 0x1F, 0x00, 0x29, 0x00, 0x2F, 0x00, 0x2F, 0x00, 0x23, 0x00,
        0x14, 0x00, 0x09, 0x00, 0xFB, 0xFF, 0xF0, 0xFF, 0xEF, 0xFF, 0xEF, 0xFF, 0xF1, 0xFF, 0xF6, 0xFF,
        0xF9, 0xFF, 0xFC, 0xFF, 0xFF, 0xFF, 0x01, 0x00, 0x06, 0x00, 0x0F, 0x00, 0x1B, 0x00, 0x26, 0x00,
        0x2E, 0x00, 0x31, 0x00, 0x2D, 0x00, 0x23, 0x00, 0x11, 0x00, 0xFE, 0xFF, 0xF0, 0xFF, 0xE6, 0xFF,
        0xE3, 0xFF, 0xE9, 0xFF, 0xF1, 0xFF, 0xFF, 0xFF, 0x0F, 0x00, 0x18, 0x00, 0x1F, 0x00, 0x23, 0x00,
        0x1F, 0x00, 0x1B, 0x00, 0x1C, 0x00, 0x1C, 0x00, 0x1B, 0x00, 0x1A, 0x00, 0x16, 0x00, 0x0F, 0x00,
        0x03, 0x00, 0xF5, 0xFF, 0xEA, 0xFF, 0xE3, 0xFF, 0xE4, 0xFF, 0xEA, 0xFF, 0xF8, 0xFF, 0x0B, 0x00,
        0x1B, 0x00, 0x28, 0x00, 0x30, 0x00, 0x30, 0x00, 0x29, 0x00, 0x1D, 0x00, 0x12, 0x00, 0x07, 0x00,
        0xFE, 0xFF, 0xFC, 0xFF, 0xFA, 0xFF, 0xF8, 0xFF, 0xFB, 0xFF, 0xF9, 0xFF, 0xF5, 0xFF, 0xF5, 0xFF,
        0xF6, 0xFF, 0xFB, 0xFF, 0x05, 0x00, 0x11, 0x00, 0x21, 0x00, 0x2F, 0x00, 0x32, 0x00, 0x30, 0x00,
        0x24, 0x00, 0x11, 0x00, 0x01, 0x00, 0xEF, 0xFF, 0xE1, 0xFF, 0xE2, 0xFF, 0xE5, 0xFF, 0xE9, 0xFF,
        0xF6, 0xFF, 0x02, 0x00, 0x08, 0x00, 0x10, 0x00, 0x13, 0x00, 0x12, 0x00, 0x16, 0x00, 0x1A, 0x00,
        0x1E, 0x00, 0x24, 0x00, 0x23, 0x00, 0x1F, 0x00, 0x18, 0x00, 0x0A, 0x00, 0xFB, 0xFF, 0xF0, 0xFF,
        0xE5, 0xFF, 0xE3, 0xFF, 0xE9, 0xFF, 0xF4, 0xFF, 0x05, 0x00, 0x1A, 0x00, 0x27, 0x00, 0x2F, 0x00,
        0x31, 0x00, 0x2B, 0x00, 0x24, 0x00, 0x1B, 0x00, 0x12, 0x00, 0x0B, 0x00, 0x07, 0x00, 0x04, 0x00,
        0x02, 0x00, 0xFB, 0xFF, 0xF5, 0xFF, 0xF1, 0xFF, 0xED, 0xFF, 0xEB, 0xFF, 0xF1, 0xFF, 0xFC, 0xFF,
        0x0C, 0x00, 0x1B, 0x00, 0x27, 0x00, 0x2E, 0x00, 0x2F, 0x00, 0x26, 0x00, 0x17, 0x00, 0x08, 0x00,
        0xFA, 0xFF, 0xED, 0xFF, 0xE7, 0xFF, 0xE7, 0xFF, 0xEA, 0xFF, 0xF1, 0xFF, 0xF9, 0xFF, 0xFE, 0xFF,
        0x02, 0x00, 0x06, 0x00, 0x09, 0x00, 0x0E, 0x00, 0x16, 0x00, 0x1F, 0x00, 0x26, 0x00, 0x28, 0x00,
        0x27, 0x00, 0x20, 0x00, 0x11, 0x00, 0x00, 0x00, 0xEF, 0xFF, 0xE5, 0xFF, 0xE0, 0xFF, 0xE1, 0xFF,
        0xED, 0xFF, 0xFD, 0xFF, 0x09, 0x00, 0x17, 0x00, 0x23, 0x00, 0x25, 0x00, 0x23, 0x00, 0x21, 0x00,
        0x1C, 0x00, 0x19, 0x00, 0x15, 0x00, 0x12, 0x00, 0x10, 0x00, 0x09, 0x00, 0x01, 0x00, 0xFB, 0xFF,
        0xF0, 0xFF, 0xE6, 0xFF, 0xE7, 0xFF, 0xEC, 0xFF, 0xF4, 0xFF, 0x04, 0x00, 0x18, 0x00, 0x28, 0x00,
        0x32, 0x00, 0x34, 0x00, 0x2E, 0x00, 0x22, 0x00, 0x13, 0x00, 0x05, 0x00, 0xF9, 0xFF, 0xF1, 0xFF,
        0xF0, 0xFF, 0xF3, 0xFF, 0xF6, 0xFF, 0xF7, 0xFF, 0xF7, 0xFF, 0xFA, 0xFF, 0xFD, 0xFF, 0xFE, 0xFF,
        0x05, 0x00, 0x10, 0x00, 0x1B, 0x00, 0x25, 0x00, 0x2B, 0x00, 0x2A, 0x00, 0x24, 0x00, 0x16, 0x00,
        0x04, 0x00, 0xF3, 0xFF, 0xE5, 0xFF, 0xDD, 0xFF, 0xDD, 0xFF, 0xE4, 0xFF, 0xF1, 0xFF, 0x00, 0x00,
        0x0C, 0x00, 0x14, 0x00, 0x18, 0x00, 0x1B, 0x00, 0x1B, 0x00, 0x1A, 0x00, 0x1B, 0x00, 0x1C, 0x00,
        0x1B, 0x00, 0x19, 0x00, 0x13, 0x00, 0x0B, 0x00, 0x01, 0x00, 0xF4, 0xFF, 0xE9, 0xFF, 0xE4, 0xFF,
        0xE7, 0xFF, 0xEF, 0xFF, 0xFE, 0xFF, 0x11, 0x00, 0x21, 0x00, 0x2D, 0x00, 0x35, 0x00, 0x32, 0x00,
        0x29, 0x00, 0x1C, 0x00, 0x0E, 0x00, 0x05, 0x00, 0x00, 0x00, 0xFB, 0xFF, 0xFA, 0xFF, 0xF7, 0xFF,
        0xF5, 0xFF, 0xF5, 0xFF, 0xF3, 0xFF, 0xF2, 0xFF, 0xF5, 0xFF, 0xFC, 0xFF, 0x0B, 0x00, 0x18, 0x00,
        0x23, 0x00, 0x2E, 0x00, 0x2F, 0x00, 0x28, 0x00, 0x1E, 0x00, 0x0C, 0x00, 0xFB, 0xFF, 0xEF, 0xFF,
        0xE4, 0xFF, 0xE1, 0xFF, 0xE6, 0xFF, 0xED, 0xFF, 0xF8, 0xFF, 0x01, 0x00, 0x08, 0x00, 0x0E, 0x00,
        0x0F, 0x00, 0x11, 0x00, 0x16, 0x00, 0x1A, 0x00, 0x1E, 0x00, 0x1F, 0x00, 0x1E, 0x00, 0x1A, 0x00,
        0x10, 0x00, 0x00, 0x00, 0xF1, 0xFF, 0xE5, 0xFF, 0xDE, 0xFF, 0xE0, 0xFF, 0xE8, 0xFF, 0xF5, 0xFF,
        0x08, 0x00, 0x1A, 0x00, 0x27, 0x00, 0x2E, 0x00, 0x2D, 0x00, 0x24, 0x00, 0x1D, 0x00, 0x16, 0x00,
        0x0F, 0x00, 0x0B, 0x00, 0x09, 0x00, 0x05, 0x00, 0x01, 0x00, 0xFC, 0xFF, 0xF4, 0xFF, 0xF0, 0xFF,
        0xEF, 0xFF, 0xF0, 0xFF, 0xF6, 0xFF, 0x04, 0x00, 0x16, 0x00, 0x25, 0x00, 0x32, 0x00, 0x36, 0x00,
        0x30, 0x00, 0x27, 0x00, 0x19, 0x00, 0x07, 0x00, 0xF7, 0xFF, 0xEF, 0xFF, 0xEB, 0xFF, 0xE9, 0xFF,
        0xEF, 0xFF, 0xF7, 0xFF, 0xF8, 0xFF, 0xFB, 0xFF, 0x00, 0x00, 0x03, 0x00, 0x07, 0x00, 0x0D, 0x00,
        0x15, 0x00, 0x1D, 0x00, 0x21, 0x00, 0x22, 0x00, 0x22, 0x00, 0x15, 0x00, 0x05, 0x00, 0xF6, 0xFF,
        0xE5, 0xFF, 0xDD, 0xFF, 0xDD, 0xFF, 0xE1, 0xFF, 0xEE, 0xFF, 0xFC, 0xFF, 0x0A, 0x00, 0x19, 0x00,
        0x1E, 0x00, 0x1F, 0x00, 0x21, 0x00, 0x1C, 0x00, 0x16, 0x00, 0x16, 0x00, 0x13, 0x00, 0x0E, 0x00,
        0x0C, 0x00, 0x07, 0x00, 0xFD, 0xFF, 0xF2, 0xFF, 0xEA, 0xFF, 0xE6, 0xFF, 0xE7, 0xFF, 0xEE, 0xFF,
        0xFA, 0xFF, 0x0B, 0x00, 0x1B, 0x00, 0x29, 0x00, 0x32, 0x00, 0x32, 0x00, 0x29, 0x00, 0x1E, 0x00,
        0x0E, 0x00, 0x00, 0x00, 0xF8, 0xFF, 0xF4, 0xFF, 0xF3, 0xFF, 0xF4, 0xFF, 0xF5, 0xFF, 0xF6, 0xFF,
        0xF6, 0xFF, 0xF6, 0xFF, 0xFC, 0xFF, 0x01, 0x00, 0x07, 0x00, 0x13, 0x00, 0x1F, 0x00, 0x26, 0x00,
        0x2C, 0x00, 0x2B, 0x00, 0x1F, 0x00, 0x0F, 0x00, 0xFC, 0xFF, 0xEC, 0xFF, 0xE3, 0xFF, 0xDD, 0xFF,
        0xDF, 0xFF, 0xE9, 0xFF, 0xF2, 0xFF, 0xFF, 0xFF, 0x0B, 0x00, 0x10, 0x00, 0x14, 0x00, 0x16, 0x00,
        0x13, 0x00, 0x13, 0x00, 0x13, 0x00, 0x14, 0x00, 0x16, 0x00, 0x12, 0x00, 0x0A, 0x00, 0xFF, 0xFF,
        0xF1, 0xFF, 0xE7, 0xFF, 0xDE, 0xFF, 0xDA, 0xFF, 0xE3, 0xFF, 0xEF, 0xFF, 0xFD, 0xFF, 0x12, 0x00,
        0x23, 0x00, 0x2A, 0x00, 0x2C, 0x00, 0x27, 0x00, 0x1E, 0x00, 0x12, 0x00, 0x07, 0x00, 0x03, 0x00,
        0xFD, 0xFF, 0xF9, 0xFF, 0xF9, 0xFF, 0xF6, 0xFF, 0xF5, 0xFF, 0xF6, 0xFF, 0xF3, 0xFF, 0xF4, 0xFF,
        0xFB, 0xFF, 0x01, 0x00, 0x0E, 0x00, 0x1D, 0x00, 0x27, 0x00, 0x2F, 0x00, 0x2E, 0x00, 0x23, 0x00,
        0x16, 0x00, 0x05, 0x00, 0xF2, 0xFF, 0xE8, 0xFF, 0xE3, 0xFF, 0xE0, 0xFF, 0xE7, 0xFF, 0xF2, 0xFF,
        0xF9, 0xFF, 0xFF, 0xFF, 0x07, 0x00, 0x0A, 0x00, 0x09, 0x00, 0x0B, 0x00, 0x11, 0x00, 0x15, 0x00,
        0x18, 0x00, 0x19, 0x00, 0x17, 0x00, 0x11, 0x00, 0x05, 0x00, 0xF5, 0xFF, 0xE8, 0xFF, 0xDC, 0xFF,
        0xD6, 0xFF, 0xDB, 0xFF, 0xE7, 0xFF, 0xF6, 0xFF, 0x07, 0x00, 0x17, 0x00, 0x21, 0x00, 0x24, 0x00,
        0x20, 0x00, 0x1C, 0x00, 0x15, 0x00, 0x0C, 0x00, 0x05, 0x00, 0x03, 0x00, 0x02, 0x00, 0xFF, 0xFF,
        0xF8, 0xFF, 0xF1, 0xFF, 0xEB, 0xFF, 0xE7, 0xFF, 0xE8, 0xFF, 0xED, 0xFF, 0xF6, 0xFF, 0x04, 0x00,
        0x15, 0x00, 0x24, 0x00, 0x2C, 0x00, 0x2E, 0x00, 0x2A, 0x00, 0x1F, 0x00, 0x0F, 0x00, 0xFF, 0xFF,
        0xF4, 0xFF, 0xEB, 0xFF, 0xE8, 0xFF, 0xEE, 0xFF, 0xF2, 0xFF, 0xF5, 0xFF, 0xFA, 0xFF, 0x01, 0x00,
        0x04, 0x00, 0x05, 0x00, 0x09, 0x00, 0x12, 0x00, 0x18, 0x00, 0x20, 0x00, 0x27, 0x00, 0x23, 0x00,
        0x19, 0x00, 0x0F, 0x00, 0xFD, 0xFF, 0xEA, 0xFF, 0xE1, 0xFF, 0xDC, 0xFF, 0xDA, 0xFF, 0xE0, 0xFF,
        0xEE, 0xFF, 0xFE, 0xFF, 0x0B, 0x00, 0x14, 0x00, 0x19, 0x00, 0x1B, 0x00, 0x17, 0x00, 0x12, 0x00,
        0x10, 0x00, 0x0E, 0x00, 0x0A, 0x00, 0x07, 0x00, 0x02, 0x00, 0xFB, 0xFF, 0xF3, 0xFF, 0xEB, 0xFF,
        0xE4, 0xFF, 0xE0, 0xFF, 0xE2, 0xFF, 0xED, 0xFF, 0xFE, 0xFF, 0x10, 0x00, 0x1F, 0x00, 0x28, 0x00,
        0x2D, 0x00, 0x2C, 0x00, 0x22, 0x00, 0x16, 0x00, 0x08, 0x00, 0xFB, 0xFF, 0xF5, 0xFF, 0xF3, 0xFF,
        0xF3, 0xFF, 0xF6, 0xFF, 0xF8, 0xFF, 0xF8, 0xFF, 0xF9, 0xFF, 0xFB, 0xFF, 0xFF, 0xFF, 0x05, 0x00,
        0x0E, 0x00, 0x19, 0x00, 0x20, 0x00, 0x28, 0x00, 0x2C, 0x00, 0x27, 0x00, 0x1A, 0x00, 0x09, 0x00,
        0xF6, 0xFF, 0xEA, 0xFF, 0xE1, 0xFF, 0xDE, 0xFF, 0xE2, 0xFF, 0xEB, 0xFF, 0xF9, 0xFF, 0x05, 0x00,
        0x0C, 0x00, 0x13, 0x00, 0x15, 0x00, 0x13, 0x00, 0x12, 0x00, 0x13, 0x00, 0x15, 0x00, 0x15, 0x00,
        0x11, 0x00, 0x0E, 0x00, 0x06, 0x00, 0xF8, 0xFF, 0xEC, 0xFF, 0xE2, 0xFF, 0xDB, 0xFF, 0xDE, 0xFF,
        0xE5, 0xFF, 0xF3, 0xFF, 0x05, 0x00, 0x14, 0x00, 0x20, 0x00, 0x26, 0x00, 0x26, 0x00, 0x20, 0x00,
        0x14, 0x00, 0x0A, 0x00, 0x02, 0x00, 0xFB, 0xFF, 0xF8, 0xFF, 0xF7, 0xFF, 0xF6, 0xFF, 0xF5, 0xFF,
        0xF1, 0xFF, 0xED, 0xFF, 0xEE, 0xFF, 0xF1, 0xFF, 0xF8, 0xFF, 0x04, 0x00, 0x12, 0x00, 0x22, 0x00,
        0x2B, 0x00, 0x2F, 0x00, 0x2E, 0x00, 0x23, 0x00, 0x14, 0x00, 0x04, 0x00, 0xF4, 0xFF, 0xEB, 0xFF,
        0xE7, 0xFF, 0xE9, 0xFF, 0xEF, 0xFF, 0xF7, 0xFF, 0xFF, 0xFF, 0x08, 0x00, 0x0B, 0x00, 0x0D, 0x00,
        0x10, 0x00, 0x13, 0x00, 0x16, 0x00, 0x1C, 0x00, 0x20, 0x00, 0x1F, 0x00, 0x1B, 0x00, 0x12, 0x00,
        0x03, 0x00, 0xF0, 0xFF, 0xE3, 0xFF, 0xDC, 0xFF, 0xD7, 0xFF, 0xDD, 0xFF, 0xEB, 0xFF, 0xFA, 0xFF,
        0x07, 0x00, 0x16, 0x00, 0x1F, 0x00, 0x20, 0x00, 0x1D, 0x00, 0x16, 0x00, 0x0F, 0x00, 0x0A, 0x00,
        0x04, 0x00, 0x00, 0x00, 0xFD, 0xFF, 0xFA, 0xFF, 0xF5, 0xFF, 0xEE, 0xFF, 0xE8, 0xFF, 0xE6, 0xFF,
        0xE6, 0xFF, 0xEC, 0xFF, 0xFA, 0xFF, 0x0A, 0x00, 0x1B, 0x00, 0x28, 0x00, 0x2D, 0x00, 0x2F, 0x00,
        0x28, 0x00, 0x17, 0x00, 0x09, 0x00, 0xFC, 0xFF, 0xEE, 0xFF, 0xE8, 0xFF, 0xEB, 0xFF, 0xEE, 0xFF,
        0xF3, 0xFF, 0xFA, 0xFF, 0xFD, 0xFF, 0xFE, 0xFF, 0x00, 0x00, 0x05, 0x00, 0x0A, 0x00, 0x14, 0x00,
        0x1F, 0x00, 0x23, 0x00, 0x25, 0x00, 0x24, 0x00, 0x1A, 0x00, 0x0B, 0x00, 0xF9, 0xFF, 0xE8, 0xFF,
        0xDF, 0xFF, 0xDD, 0xFF, 0xDF, 0xFF, 0xE9, 0xFF, 0xF7, 0xFF, 0x04, 0x00, 0x11, 0x00, 0x17, 0x00,
        0x19, 0x00, 0x1A, 0x00, 0x17, 0x00, 0x14, 0x00, 0x10, 0x00, 0x0E, 0x00, 0x0C, 0x00, 0x08, 0x00,
        0x02, 0x00, 0xFB, 0xFF, 0xEE, 0xFF, 0xE4, 0xFF, 0xDE, 0xFF, 0xDB, 0xFF, 0xE0, 0xFF, 0xEC, 0xFF,
        0xFB, 0xFF, 0x0F, 0x00, 0x1E, 0x00, 0x25, 0x00, 0x27, 0x00, 0x21, 0x00, 0x16, 0x00, 0x0A, 0x00,
        0xFF, 0xFF, 0xF4, 0xFF, 0xEC, 0xFF, 0xEC, 0xFF, 0xEF, 0xFF, 0xEE, 0xFF, 0xF1, 0xFF, 0xF5, 0xFF,
        0xF5, 0xFF, 0xF5, 0xFF, 0xFB, 0xFF, 0x04, 0x00, 0x11, 0x00, 0x1C, 0x00, 0x24, 0x00, 0x2D, 0x00,
        0x2C, 0x00, 0x24, 0x00, 0x18, 0x00, 0x04, 0x00, 0xF3, 0xFF, 0xE8, 0xFF, 0xE1, 0xFF, 0xE0, 0xFF,
        0xE8, 0xFF, 0xF4, 0xFF, 0x01, 0x00, 0x09, 0x00, 0x0C, 0x00, 0x13, 0x00, 0x17, 0x00, 0x16, 0x00,
        0x16, 0x00, 0x17, 0x00, 0x16, 0x00, 0x16, 0x00, 0x13, 0x00, 0x09, 0x00, 0xFF, 0xFF, 0xF3, 0xFF,
        0xE4, 0xFF, 0xDB, 0xFF, 0xD8, 0xFF, 0xD9, 0xFF, 0xE6, 0xFF, 0xF6, 0xFF, 0x04, 0x00, 0x14, 0x00,
        0x1F, 0x00, 0x22, 0x00, 0x1F, 0x00, 0x17, 0x00, 0x0E, 0x00, 0x05, 0x00, 0xFE, 0xFF, 0xFA, 0xFF,
        0xF7, 0xFF, 0xF4, 0xFF, 0xF4, 0xFF, 0xEF, 0xFF, 0xED, 0xFF, 0xED, 0xFF, 0xEA, 0xFF, 0xEE, 0xFF,
        0xF9, 0xFF, 0x04, 0x00, 0x15, 0x00, 0x22, 0x00, 0x28, 0x00, 0x2F, 0x00, 0x29, 0x00, 0x19, 0x00,
        0x0A, 0x00, 0xF7, 0xFF, 0xE9, 0xFF, 0xE5, 0xFF, 0xE2, 0xFF, 0xE5, 0xFF, 0xEE, 0xFF, 0xF5, 0xFF,
        0xFE, 0xFF, 0x03, 0x00, 0x04, 0x00, 0x0A, 0x00, 0x0D, 0x00, 0x0F, 0x00, 0x17, 0x00, 0x1D, 0x00,
        0x1F, 0x00, 0x1E, 0x00, 0x16, 0x00, 0x0C, 0x00, 0xFE, 0xFF, 0xEC, 0xFF, 0xE0, 0xFF, 0xDC, 0xFF,
        0xDC, 0xFF, 0xE3, 0xFF, 0xF2, 0xFF, 0x03, 0x00, 0x12, 0x00, 0x1B, 0x00, 0x1F, 0x00, 0x20, 0x00,
        0x1B, 0x00, 0x15, 0x00, 0x10, 0x00, 0x08, 0x00, 0x02, 0x00, 0x00, 0x00, 0xFC, 0xFF, 0xF5, 0xFF,
        0xEF, 0xFF, 0xE8, 0xFF, 0xE0, 0xFF, 0xDF, 0xFF, 0xE4, 0xFF, 0xEB, 0xFF, 0xFA, 0xFF, 0x0C, 0x00,
        0x17, 0x00, 0x1F, 0x00, 0x27, 0x00, 0x24, 0x00, 0x17, 0x00, 0x09, 0x00, 0xFA, 0xFF, 0xEF, 0xFF,
        0xE9, 0xFF, 0xE5, 0xFF, 0xE8, 0xFF, 0xED, 0xFF, 0xF0, 0xFF, 0xF2, 0xFF, 0xF6, 0xFF, 0xF9, 0xFF,
        0xFE, 0xFF, 0x04, 0x00, 0x0D, 0x00, 0x18, 0x00, 0x1F, 0x00, 0x25, 0x00, 0x28, 0x00, 0x20, 0x00,
        0x15, 0x00, 0x07, 0x00, 0xF3, 0xFF, 0xE5, 0xFF, 0xDF, 0xFF, 0xDA, 0xFF, 0xDF, 0xFF, 0xEE, 0xFF,
        0xFD, 0xFF, 0x08, 0x00, 0x11, 0x00, 0x16, 0x00, 0x1A, 0x00, 0x18, 0x00, 0x12, 0x00, 0x10, 0x00,
        0x11, 0x00, 0x0F, 0x00, 0x0B, 0x00, 0x06, 0x00, 0xFE, 0xFF, 0xF5, 0xFF, 0xEA, 0xFF, 0xE0, 0xFF,
        0xDA, 0xFF, 0xDC, 0xFF, 0xE4, 0xFF, 0xF1, 0xFF, 0x02, 0x00, 0x13, 0x00, 0x1F, 0x00, 0x25, 0x00,
        0x25, 0x00, 0x1D, 0x00, 0x0F, 0x00, 0x03, 0x00, 0xF9, 0xFF, 0xF0, 0xFF, 0xED, 0xFF, 0xED, 0xFF,
        0xEC, 0xFF, 0xEB, 0xFF, 0xEC, 0xFF, 0xEE, 0xFF, 0xEE, 0xFF, 0xF1, 0xFF, 0xF8, 0xFF, 0x01, 0x00,
        0x0E, 0x00, 0x1A, 0x00, 0x22, 0x00, 0x27, 0x00, 0x25, 0x00, 0x17, 0x00, 0x08, 0x00, 0xF8, 0xFF,
        0xE9, 0xFF, 0xE0, 0xFF, 0xDC, 0xFF, 0xDF, 0xFF, 0xE8, 0xFF, 0xF1, 0xFF, 0xFB, 0xFF, 0x06, 0x00,
        0x0D, 0x00, 0x0F, 0x00, 0x10, 0x00, 0x10, 0x00, 0x13, 0x00, 0x18, 0x00, 0x19, 0x00, 0x17, 0x00,
        0x12, 0x00, 0x0A, 0x00, 0x00, 0x00, 0xF0, 0xFF, 0xE2, 0xFF, 0xDC, 0xFF, 0xDA, 0xFF, 0xDD, 0xFF,
        0xEC, 0xFF, 0xFE, 0xFF, 0x0C, 0x00, 0x1A, 0x00, 0x22, 0x00, 0x23, 0x00, 0x1F, 0x00, 0x15, 0x00,
        0x0B, 0x00, 0x02, 0x00, 0xFA, 0xFF, 0xF6, 0xFF, 0xF5, 0xFF, 0xF2, 0xFF, 0xED, 0xFF, 0xE8, 0xFF,
        0xE4, 0xFF, 0xE2, 0xFF, 0xE2, 0xFF, 0xE9, 0xFF, 0xF6, 0xFF, 0x03, 0x00, 0x10, 0x00, 0x1E, 0x00,
        0x24, 0x00, 0x22, 0x00, 0x1B, 0x00, 0x0C, 0x00, 0xFA, 0xFF, 0xEC, 0xFF, 0xE2, 0xFF, 0xDD, 0xFF,
        0xDD, 0xFF, 0xE4, 0xFF, 0xED, 0xFF, 0xF4, 0xFF, 0xF9, 0xFF, 0x00, 0x00, 0x03, 0x00, 0x07, 0x00,
        0x0F, 0x00, 0x13, 0x00, 0x16, 0x00, 0x1D, 0x00, 0x1D, 0x00, 0x18, 0x00, 0x12, 0x00, 0x03, 0x00,
        0xF2, 0xFF, 0xE7, 0xFF, 0xDB, 0xFF, 0xD6, 0xFF, 0xDB, 0xFF, 0xE5, 0xFF, 0xF4, 0xFF, 0x05, 0x00,
        0x12, 0x00, 0x1A, 0x00, 0x1D, 0x00, 0x1C, 0x00, 0x18, 0x00, 0x12, 0x00, 0x0C, 0x00, 0x08, 0x00,
        0x05, 0x00, 0x01, 0x00, 0xFC, 0xFF, 0xF5, 0xFF, 0xEF, 0xFF, 0xE8, 0xFF, 0xE4, 0xFF, 0xE0, 0xFF,
        0xE2, 0xFF, 0xEE, 0xFF, 0x00, 0x00, 0x0E, 0x00, 0x1B, 0x00, 0x24, 0x00, 0x25, 0x00, 0x20, 0x00,
        0x15, 0x00, 0x05, 0x00, 0xF6, 0xFF, 0xEB, 0xFF, 0xE5, 0xFF, 0xE3, 0xFF, 0xE4, 0xFF, 0xE9, 0xFF,
        0xED, 0xFF, 0xEE, 0xFF, 0xF2, 0xFF, 0xF5, 0xFF, 0xF7, 0xFF, 0xFE, 0xFF, 0x07, 0x00, 0x0F, 0x00,
        0x19, 0x00, 0x1F, 0x00, 0x1D, 0x00, 0x15, 0x00, 0x09, 0x00, 0xFA, 0xFF, 0xEA, 0xFF, 0xDE, 0xFF,
        0xDB, 0xFF, 0xDB, 0xFF, 0xE1, 0xFF, 0xEE, 0xFF, 0xFB, 0xFF, 0x06, 0x00, 0x0F, 0x00, 0x14, 0x00,
        0x16, 0x00, 0x15, 0x00, 0x12, 0x00, 0x10, 0x00, 0x11, 0x00, 0x10, 0x00, 0x0C, 0x00, 0x06, 0x00,
        0xFF, 0xFF, 0xF3, 0xFF, 0xE8, 0xFF, 0xE4, 0xFF, 0xDF, 0xFF, 0xE1, 0xFF, 0xEE, 0xFF, 0xFA, 0xFF,
        0x09, 0x00, 0x18, 0x00, 0x21, 0x00, 0x25, 0x00, 0x22, 0x00, 0x17, 0x00, 0x0A, 0x00, 0xFD, 0xFF,
        0xF5, 0xFF, 0xF1, 0xFF, 0xED, 0xFF, 0xED, 0xFF, 0xEF, 0xFF, 0xEE, 0xFF, 0xEC, 0xFF, 0xEB, 0xFF,
        0xEC, 0xFF, 0xEF, 0xFF, 0xF6, 0xFF, 0x01, 0x00, 0x0D, 0x00, 0x17, 0x00, 0x21, 0x00, 0x24, 0x00,
        0x1C, 0x00, 0x10, 0x00, 0x00, 0x00, 0xF1, 0xFF, 0xE3, 0xFF, 0xD9, 0xFF, 0xD9, 0xFF, 0xE0, 0xFF,
        0xE7, 0xFF, 0xF2, 0xFF, 0xFC, 0xFF, 0x01, 0x00, 0x06, 0x00, 0x0B, 0x00, 0x0D, 0x00, 0x0C, 0x00,
        0x0E, 0x00, 0x14, 0x00, 0x14, 0x00, 0x12, 0x00, 0x0D, 0x00, 0x00, 0x00, 0xF4, 0xFF, 0xEA, 0xFF,
        0xDE, 0xFF, 0xD9, 0xFF, 0xDC, 0xFF, 0xE3, 0xFF, 0xF2, 0xFF, 0x03, 0x00, 0x11, 0x00, 0x1D, 0x00,
        0x21, 0x00, 0x20, 0x00, 0x1C, 0x00, 0x13, 0x00, 0x0B, 0x00, 0x06, 0x00, 0xFE, 0xFF, 0xFA, 0xFF,
        0xF9, 0xFF, 0xF5, 0xFF, 0xF2, 0xFF, 0xED, 0xFF, 0xE8, 0xFF, 0xE9, 0xFF, 0xEB, 0xFF, 0xF1, 0xFF,
        0xFF, 0xFF, 0x0E, 0x00, 0x17, 0x00, 0x20, 0x00, 0x25, 0x00, 0x20, 0x00, 0x14, 0x00, 0x06, 0x00,
        0xF4, 0xFF, 0xE6, 0xFF, 0xE0, 0xFF, 0xDD, 0xFF, 0xDE, 0xFF, 0xE3, 0xFF, 0xE9, 0xFF, 0xF0, 0xFF,
        0xF6, 0xFF, 0xFA, 0xFF, 0xFF, 0xFF, 0x02, 0x00, 0x05, 0x00, 0x0D, 0x00, 0x12, 0x00, 0x16, 0x00,
        0x17, 0x00, 0x11, 0x00, 0x08, 0x00, 0xFC, 0xFF, 0xE9, 0xFF, 0xDE, 0xFF, 0xD9, 0xFF, 0xD5, 0xFF,
        0xDB, 0xFF, 0xEA, 0xFF, 0xF8, 0xFF, 0x08, 0x00, 0x15, 0x00, 0x1C, 0x00, 0x1D, 0x00, 0x18, 0x00,
        0x14, 0x00, 0x0F, 0x00, 0x09, 0x00, 0x06, 0x00, 0x04, 0x00, 0x01, 0x00, 0xF8, 0xFF, 0xF0, 0xFF,
        0xEC, 0xFF, 0xE6, 0xFF, 0xDF, 0xFF, 0xE1, 0xFF, 0xEA, 0xFF, 0xF4, 0xFF, 0x05, 0x00, 0x15, 0x00,
        0x20, 0x00, 0x27, 0x00, 0x27, 0x00, 0x1E, 0x00, 0x0E, 0x00, 0x01, 0x00, 0xF6, 0xFF, 0xEA, 0xFF,
        0xE4, 0xFF, 0xE7, 0xFF, 0xE8, 0xFF, 0xEB, 0xFF, 0xF0, 0xFF, 0xEF, 0xFF, 0xEF, 0xFF, 0xF6, 0xFF,
        0xFA, 0xFF, 0x00, 0x00, 0x0B, 0x00, 0x13, 0x00, 0x17, 0x00, 0x1C, 0x00, 0x19, 0x00, 0x0D, 0x00,
        0x01, 0x00, 0xF1, 0xFF, 0xE0, 0xFF, 0xD9, 0xFF, 0xD5, 0xFF, 0xD5, 0xFF, 0xDF, 0xFF, 0xED, 0xFF,
        0xFC, 0xFF, 0x07, 0x00, 0x0B, 0x00, 0x0D, 0x00, 0x0E, 0x00, 0x0B, 0x00, 0x0A, 0x00, 0x0A, 0x00,
        0x09, 0x00, 0x08, 0x00, 0x05, 0x00, 0xFF, 0xFF, 0xF5, 0xFF, 0xEA, 0xFF, 0xE2, 0xFF, 0xDB, 0xFF,
        0xD9, 0xFF, 0xE2, 0xFF, 0xED, 0xFF, 0xFC, 0xFF, 0x10, 0x00, 0x1E, 0x00, 0x23, 0x00, 0x25, 0x00,
        0x20, 0x00, 0x15, 0x00, 0x0B, 0x00, 0x01, 0x00, 0xF7, 0xFF, 0xF2, 0xFF, 0xF2, 0xFF, 0xF2, 0xFF,
        0xEF, 0xFF, 0xED, 0xFF, 0xEC, 0xFF, 0xED, 0xFF, 0xF0, 0xFF, 0xF5, 0xFF, 0xFC, 0xFF, 0x07, 0x00,
        0x11, 0x00, 0x1D, 0x00, 0x23, 0x00, 0x20, 0x00, 0x17, 0x00, 0x08, 0x00, 0xF8, 0xFF, 0xE8, 0xFF,
        0xDA, 0xFF, 0xD5, 0xFF, 0xD9, 0xFF, 0xDE, 0xFF, 0xE6, 0xFF, 0xF0, 0xFF, 0xF9, 0xFF, 0xFF, 0xFF,
        0x03, 0x00, 0x05, 0x00, 0x09, 0x00, 0x0B, 0x00, 0x0C, 0x00, 0x0E, 0x00, 0x10, 0x00, 0x0B, 0x00,
        0x05, 0x00, 0xFC, 0xFF, 0xEE, 0xFF, 0xE0, 0xFF, 0xD8, 0xFF, 0xD4, 0xFF, 0xD9, 0xFF, 0xE4, 0xFF,
        0xF2, 0xFF, 0x03, 0x00, 0x11, 0x00, 0x1A, 0x00, 0x1F, 0x00, 0x1D, 0x00, 0x15, 0x00, 0x0C, 0x00,
        0x02, 0x00, 0xFD, 0xFF, 0xFA, 0xFF, 0xF6, 0xFF, 0xF3, 0xFF, 0xF0, 0xFF, 0xEC, 0xFF, 0xE8, 0xFF,
        0xE4, 0xFF, 0xE3, 0xFF, 0xEA, 0xFF, 0xF3, 0xFF, 0x00, 0x00, 0x10, 0x00, 0x1B, 0x00, 0x23, 0x00,
        0x26, 0x00, 0x1F, 0x00, 0x11, 0x00, 0x02, 0x00, 0xF4, 0xFF, 0xE9, 0xFF, 0xE2, 0xFF, 0xE1, 0xFF,
        0xE3, 0xFF, 0xE8, 0xFF, 0xF1, 0xFF, 0xF6, 0xFF, 0xF7, 0xFF, 0xFC, 0xFF, 0xFE, 0xFF, 0x03, 0x00,
        0x0B, 0x00, 0x0E, 0x00, 0x15, 0x00, 0x1A, 0x00, 0x14, 0x00, 0x0E, 0x00, 0x02, 0x00, 0xEE, 0xFF,
        0xE2, 0xFF, 0xD8, 0xFF, 0xCE, 0xFF, 0xD2, 0xFF, 0xDB, 0xFF, 0xE6, 0xFF, 0xF6, 0xFF, 0x03, 0x00,
        0x0C, 0x00, 0x10, 0x00, 0x0F, 0x00, 0x0E, 0x00, 0x0A, 0x00, 0x05, 0x00, 0x02, 0x00, 0xFE, 0xFF,
        0xFC, 0xFF, 0xFA, 0xFF, 0xF3, 0xFF, 0xEC, 0xFF, 0xE6, 0xFF, 0xDE, 0xFF, 0xDD, 0xFF, 0xE1, 0xFF,
        0xEA, 0xFF, 0xFA, 0xFF, 0x09, 0x00, 0x18, 0x00, 0x24, 0x00, 0x26, 0x00, 0x21, 0x00, 0x19, 0x00,
        0x0D, 0x00, 0x00, 0x00, 0xF5, 0xFF, 0xEE, 0xFF, 0xEC, 0xFF, 0xEB, 0xFF, 0xEC, 0xFF, 0xEF, 0xFF,
        0xF1, 0xFF, 0xF3, 0xFF, 0xF6, 0xFF, 0xFA, 0xFF, 0xFE, 0xFF, 0x02, 0x00, 0x0D, 0x00, 0x19, 0x00,
        0x1C, 0x00, 0x1B, 0x00, 0x19, 0x00, 0x0E, 0x00, 0xFC, 0xFF, 0xEB, 0xFF, 0xDE, 0xFF, 0xD5, 0xFF,
        0xD5, 0xFF, 0xDA, 0xFF, 0xE3, 0xFF, 0xF0, 0xFF, 0xFC, 0xFF, 0x03, 0x00, 0x08, 0x00, 0x0B, 0x00,
        0x0B, 0x00, 0x0A, 0x00, 0x08, 0x00, 0x09, 0x00, 0x09, 0x00, 0x05, 0x00, 0x01, 0x00, 0xF9, 0xFF,
        0xEE, 0xFF, 0xE4, 0xFF, 0xDB, 0xFF, 0xD8, 0xFF, 0xDB, 0xFF, 0xE0, 0xFF, 0xEC, 0xFF, 0xFD, 0xFF,
        0x0D, 0x00, 0x1C, 0x00, 0x22, 0x00, 0x1F, 0x00, 0x18, 0x00, 0x0C, 0x00, 0x03, 0x00, 0xFC, 0xFF,
        0xF2, 0xFF, 0xEA, 0xFF, 0xEB, 0xFF, 0xF0, 0xFF, 0xEE, 0xFF, 0xED, 0xFF, 0xEF, 0xFF, 0xEE, 0xFF,
        0xF0, 0xFF, 0xF8, 0xFF, 0xFF, 0xFF, 0x0A, 0x00, 0x18, 0x00, 0x20, 0x00, 0x24, 0x00, 0x21, 0x00,
        0x15, 0x00, 0x07, 0x00, 0xF9, 0xFF, 0xE9, 0xFF, 0xDE, 0xFF, 0xDA, 0xFF, 0xE0, 0xFF, 0xE8, 0xFF,
        0xEE, 0xFF, 0xF8, 0xFF, 0x00, 0x00, 0x05, 0x00, 0x09, 0x00, 0x0B, 0x00, 0x0C, 0x00, 0x0D, 0x00,
        0x10, 0x00, 0x12, 0x00, 0x12, 0x00, 0x0B, 0x00, 0x01, 0x00, 0xF4, 0xFF, 0xE6, 0xFF, 0xDB, 0xFF,
        0xD5, 0xFF, 0xD3, 0xFF, 0xD9, 0xFF, 0xE7, 0xFF, 0xF7, 0xFF, 0x03, 0x00, 0x0E, 0x00, 0x17, 0x00,
        0x17, 0x00, 0x14, 0x00, 0x0D, 0x00, 0x05, 0x00, 0xFF, 0xFF, 0xFA, 0xFF, 0xF7, 0xFF, 0xF5, 0xFF,
        0xEE, 0xFF, 0xEA, 0xFF, 0xE9, 0xFF, 0xE4, 0xFF, 0xE3, 0xFF, 0xE7, 0xFF, 0xEF, 0xFF, 0xFB, 0xFF,
        0x07, 0x00, 0x14, 0x00, 0x21, 0x00, 0x26, 0x00, 0x25, 0x00, 0x1C, 0x00, 0x0F, 0x00, 0x01, 0x00,
        0xF3, 0xFF, 0xEA, 0xFF, 0xE6, 0xFF, 0xE2, 0xFF, 0xE4, 0xFF, 0xEF, 0xFF, 0xF5, 0xFF, 0xF9, 0xFF,
        0xFF, 0xFF, 0x02, 0x00, 0x03, 0x00, 0x07, 0x00, 0x0D, 0x00, 0x12, 0x00, 0x17, 0x00, 0x19, 0x00,
        0x15, 0x00, 0x0C, 0x00, 0xFF, 0xFF, 0xEF, 0xFF, 0xE2, 0xFF, 0xD8, 0xFF, 0xD4, 0xFF, 0xD8, 0xFF,
        0xE4, 0xFF, 0xF1, 0xFF, 0xFD, 0xFF, 0x08, 0x00, 0x11, 0x00, 0x13, 0x00, 0x12, 0x00, 0x11, 0x00,
        0x0A, 0x00, 0x05, 0x00, 0x06, 0x00, 0x02, 0x00, 0xFB, 0xFF, 0xF8, 0xFF, 0xF0, 0xFF, 0xE7, 0xFF,
        0xE1, 0xFF, 0xDD, 0xFF, 0xDC, 0xFF, 0xE2, 0xFF, 0xEE, 0xFF, 0xFE, 0xFF, 0x0C, 0x00, 0x18, 0x00,
        0x22, 0x00, 0x21, 0x00, 0x1A, 0x00, 0x10, 0x00, 0x04, 0x00, 0xF9, 0xFF, 0xF0, 0xFF, 0xEA, 0xFF,
        0xE9, 0xFF, 0xEA, 0xFF, 0xEC, 0xFF, 0xF0, 0xFF, 0xF1, 0xFF, 0xF3, 0xFF, 0xF9, 0xFF, 0xFD, 0xFF,
        0x01, 0x00, 0x0C, 0x00, 0x17, 0x00, 0x1E, 0x00, 0x21, 0x00, 0x20, 0x00, 0x1A, 0x00, 0x0B, 0x00,
        0xFA, 0xFF, 0xEC, 0xFF, 0xE0, 0xFF, 0xDA, 0xFF, 0xDD, 0xFF, 0xE6, 0xFF, 0xEF, 0xFF, 0xFA, 0xFF,
        0x06, 0x00, 0x0C, 0x00, 0x0F, 0x00, 0x11, 0x00, 0x10, 0x00, 0x0E, 0x00, 0x0D, 0x00, 0x0E, 0x00,
        0x0D, 0x00, 0x08, 0x00, 0x00, 0x00, 0xF6, 0xFF, 0xEB, 0xFF, 0xE2, 0xFF, 0xDB, 0xFF, 0xD7, 0xFF,
        0xDC, 0xFF, 0xE5, 0xFF, 0xF0, 0xFF, 0x01, 0x00, 0x12, 0x00, 0x1B, 0x00, 0x1D, 0x00, 0x1A, 0x00,
        0x12, 0x00, 0x08, 0x00, 0xFE, 0xFF, 0xF6, 0xFF, 0xF0, 0xFF, 0xED, 0xFF, 0xEC, 0xFF, 0xEE, 0xFF,
        0xEE, 0xFF, 0xEA, 0xFF, 0xE9, 0xFF, 0xEC, 0xFF, 0xF0, 0xFF, 0xFA, 0xFF, 0x04, 0x00, 0x0E, 0x00,
        0x1D, 0x00, 0x23, 0x00, 0x20, 0x00, 0x1F, 0x00, 0x15, 0x00, 0x04, 0x00, 0xF5, 0xFF, 0xE7, 0xFF,
        0xE2, 0xFF, 0xE3, 0xFF, 0xE3, 0xFF, 0xEB, 0xFF, 0xF8, 0xFF, 0x01, 0x00, 0x06, 0x00, 0x09, 0x00,
        0x0D, 0x00, 0x11, 0x00, 0x0F, 0x00, 0x12, 0x00, 0x19, 0x00, 0x19, 0x00, 0x14, 0x00, 0x0C, 0x00,
        0x03, 0x00, 0xF9, 0xFF, 0xEA, 0xFF, 0xDE, 0xFF, 0xD8, 0xFF, 0xD8, 0xFF, 0xE2, 0xFF, 0xF1, 0xFF,
        0xFE, 0xFF, 0x0B, 0x00, 0x15, 0x00, 0x18, 0x00, 0x19, 0x00, 0x14, 0x00, 0x0B, 0x00, 0x04, 0x00,
        0xFF, 0xFF, 0xF9, 0xFF, 0xF5, 0xFF, 0xF5, 0xFF, 0xF0, 0xFF, 0xEA, 0xFF, 0xE6, 0xFF, 0xDF, 0xFF,
        0xDE, 0xFF, 0xE7, 0xFF, 0xED, 0xFF, 0xF8, 0xFF, 0x09, 0x00, 0x15, 0x00, 0x1F, 0x00, 0x24, 0x00,
        0x1E, 0x00, 0x16, 0x00, 0x0C, 0x00, 0xFC, 0xFF, 0xEE, 0xFF, 0xE7, 0xFF, 0xE5, 0xFF, 0xE8, 0xFF,
        0xEE, 0xFF, 0xF3, 0xFF, 0xF7, 0xFF, 0xFD, 0xFF, 0xFF, 0xFF, 0xFF, 0xFF, 0x07, 0x00, 0x0F, 0x00,
        0x12, 0x00, 0x1B, 0x00, 0x21, 0x00, 0x1E, 0x00, 0x18, 0x00, 0x0E, 0x00, 0xFF, 0xFF, 0xEF, 0xFF,
        0xE2, 0xFF, 0xDD, 0xFF, 0xDD, 0xFF, 0xE2, 0xFF, 0xEC, 0xFF, 0xF9, 0xFF, 0x06, 0x00, 0x10, 0x00,
        0x14, 0x00, 0x16, 0x00, 0x14, 0x00, 0x0F, 0x00, 0x0D, 0x00, 0x0C, 0x00, 0x06, 0x00, 0x02, 0x00,
        0xFF, 0xFF, 0xFA, 0xFF, 0xF1, 0xFF, 0xE9, 0xFF, 0xE4, 0xFF, 0xDF, 0xFF, 0xDF, 0xFF, 0xE8, 0xFF,
        0xF3, 0xFF, 0x01, 0x00, 0x10, 0x00, 0x1D, 0x00, 0x22, 0x00, 0x1E, 0x00, 0x18, 0x00, 0x0E, 0x00,
        0x00, 0x00, 0xF4, 0xFF, 0xEE, 0xFF, 0xEB, 0xFF, 0xEB, 0xFF, 0xEB, 0xFF, 0xEB, 0xFF, 0xEE, 0xFF,
        0xF0, 0xFF, 0xF3, 0xFF, 0xF7, 0xFF, 0xFC, 0xFF, 0x05, 0x00, 0x10, 0x00, 0x19, 0x00, 0x21, 0x00,
        0x25, 0x00, 0x1F, 0x00, 0x14, 0x00, 0x08, 0x00, 0xFA, 0xFF, 0xEC, 0xFF, 0xE2, 0xFF, 0xDE, 0xFF,
        0xE4, 0xFF, 0xEF, 0xFF, 0xF7, 0xFF, 0x02, 0x00, 0x0C, 0x00, 0x11, 0x00, 0x15, 0x00, 0x16, 0x00,
        0x14, 0x00, 0x17, 0x00, 0x16, 0x00, 0x13, 0x00, 0x14, 0x00, 0x10, 0x00, 0x06, 0x00, 0xFC, 0xFF,
        0xEF, 0xFF, 0xE4, 0xFF, 0xE0, 0xFF, 0xE0, 0xFF, 0xE5, 0xFF, 0xF0, 0xFF, 0xFE, 0xFF, 0x0D, 0x00,
        0x18, 0x00, 0x1F, 0x00, 0x20, 0x00, 0x1A, 0x00, 0x12, 0x00, 0x07, 0x00, 0xFC, 0xFF, 0xF8, 0xFF,
        0xF4, 0xFF, 0xF0, 0xFF, 0xEF, 0xFF, 0xEE, 0xFF, 0xEA, 0xFF, 0xE9, 0xFF, 0xEA, 0xFF, 0xEC, 0xFF,
        0xF1, 0xFF, 0xFA, 0xFF, 0x08, 0x00, 0x14, 0x00, 0x1C, 0x00, 0x23, 0x00, 0x24, 0x00, 0x1A, 0x00,
        0x0D, 0x00, 0x00, 0x00, 0xF1, 0xFF, 0xE6, 0xFF, 0xE2, 0xFF, 0xE4, 0xFF, 0xEA, 0xFF, 0xF1, 0xFF,
        0xF9, 0xFF, 0x03, 0x00, 0x08, 0x00, 0x09, 0x00, 0x0B, 0x00, 0x10, 0x00, 0x12, 0x00, 0x15, 0x00,
        0x19, 0x00, 0x17, 0x00, 0x15, 0x00, 0x10, 0x00, 0x04, 0x00, 0xF6, 0xFF, 0xE8, 0xFF, 0xDF, 0xFF,
        0xDD, 0xFF, 0xE4, 0xFF, 0xED, 0xFF, 0xF7, 0xFF, 0x06, 0x00, 0x15, 0x00, 0x1C, 0x00, 0x1E, 0x00,
        0x1F, 0x00, 0x18, 0x00, 0x0F, 0x00, 0x07, 0x00, 0x01, 0x00, 0x00, 0x00, 0xFE, 0xFF, 0xF8, 0xFF,
        0xF5, 0xFF, 0xF0, 0xFF, 0xE8, 0xFF, 0xE8, 0xFF, 0xE9, 0xFF, 0xEB, 0xFF, 0xF7, 0xFF, 0x05, 0x00,
        0x0F, 0x00, 0x1B, 0x00, 0x25, 0x00, 0x26, 0x00, 0x1E, 0x00, 0x13, 0x00, 0x05, 0x00, 0xF5, 0xFF,
        0xEB, 0xFF, 0xE7, 0xFF, 0xE5, 0xFF, 0xE6, 0xFF, 0xEA, 0xFF, 0xEF, 0xFF, 0xF4, 0xFF, 0xF9, 0xFF,
        0xFD, 0xFF, 0x00, 0x00, 0x04, 0x00, 0x0C, 0x00, 0x14, 0x00, 0x1A, 0x00, 0x1E, 0x00, 0x1A, 0x00,
        0x14, 0x00, 0x0B, 0x00, 0xF9, 0xFF, 0xEB, 0xFF, 0xE5, 0xFF, 0xDE, 0xFF, 0xE1, 0xFF, 0xEC, 0xFF,
        0xF5, 0xFF, 0x04, 0x00, 0x11, 0x00, 0x18, 0x00, 0x1C, 0x00, 0x1C, 0x00, 0x1B, 0x00, 0x19, 0x00,
        0x13, 0x00, 0x10, 0x00, 0x0E, 0x00, 0x0B, 0x00, 0x08, 0x00, 0x01, 0x00, 0xF7, 0xFF, 0xEE, 0xFF,
        0xE7, 0xFF, 0xE8, 0xFF, 0xEC, 0xFF, 0xF1, 0xFF, 0xFD, 0xFF, 0x0C, 0x00, 0x19, 0x00, 0x22, 0x00,
        0x24, 0x00, 0x20, 0x00, 0x17, 0x00, 0x0A, 0x00, 0xFE, 0xFF, 0xF2, 0xFF, 0xEB, 0xFF, 0xEC, 0xFF,
        0xED, 0xFF, 0xED, 0xFF, 0xF0, 0xFF, 0xF2, 0xFF, 0xF2, 0xFF, 0xF2, 0xFF, 0xF8, 0xFF, 0x01, 0x00,
        0x09, 0x00, 0x14, 0x00, 0x1F, 0x00, 0x22, 0x00, 0x21, 0x00, 0x1B, 0x00, 0x10, 0x00, 0x02, 0x00,
        0xF5, 0xFF, 0xEA, 0xFF, 0xE3, 0xFF, 0xE2, 0xFF, 0xE8, 0xFF, 0xF5, 0xFF, 0xFE, 0xFF, 0x05, 0x00,
        0x0E, 0x00, 0x13, 0x00, 0x14, 0x00, 0x16, 0x00, 0x17, 0x00, 0x14, 0x00, 0x15, 0x00, 0x17, 0x00,
        0x14, 0x00, 0x0D, 0x00, 0x04, 0x00, 0xFB, 0xFF, 0xF1, 0xFF, 0xE7, 0xFF, 0xE3, 0xFF, 0xE6, 0xFF,
        0xED, 0xFF, 0xF9, 0xFF, 0x06, 0x00, 0x15, 0x00, 0x22, 0x00, 0x24, 0x00, 0x22, 0x00, 0x1F, 0x00,
        0x14, 0x00, 0x0A, 0x00, 0x04, 0x00, 0xFE, 0xFF, 0xFC, 0xFF, 0xF9, 0xFF, 0xF5, 0xFF, 0xF5, 0xFF,
        0xF1, 0xFF, 0xEF, 0xFF, 0xF1, 0xFF, 0xF2, 0xFF, 0xFB, 0xFF, 0x08, 0x00, 0x10, 0x00, 0x1B, 0x00,
        0x26, 0x00, 0x28, 0x00, 0x23, 0x00, 0x18, 0x00, 0x08, 0x00, 0xFA, 0xFF, 0xEC, 0xFF, 0xE4, 0xFF,
        0xE3, 0xFF, 0xE3, 0xFF, 0xEA, 0xFF, 0xF3, 0xFF, 0xFC, 0xFF, 0x04, 0x00, 0x08, 0x00, 0x09, 0x00,
        0x0C, 0x00, 0x10, 0x00, 0x13, 0x00, 0x18, 0x00, 0x1C, 0x00, 0x1A, 0x00, 0x14, 0x00, 0x0F, 0x00,
        0x02, 0x00, 0xF3, 0xFF, 0xEB, 0xFF, 0xE6, 0xFF, 0xE3, 0xFF, 0xE9, 0xFF, 0xF5, 0xFF, 0x03, 0x00,
        0x13, 0x00, 0x1E, 0x00, 0x25, 0x00, 0x26, 0x00, 0x22, 0x00, 0x1C, 0x00, 0x17, 0x00, 0x12, 0x00,
        0x0E, 0x00, 0x0A, 0x00, 0x04, 0x00, 0xFF, 0xFF, 0xFC, 0xFF, 0xF6, 0xFF, 0xF0, 0xFF, 0xED, 0xFF,
        0xEE, 0xFF, 0xF4, 0xFF, 0x01, 0x00, 0x0F, 0x00, 0x1C, 0x00, 0x25, 0x00, 0x28, 0x00, 0x29, 0x00,
        0x22, 0x00, 0x13, 0x00, 0x05, 0x00, 0xFA, 0xFF, 0xF1, 0xFF, 0xEB, 0xFF, 0xEA, 0xFF, 0xEF, 0xFF,
        0xF3, 0xFF, 0xF6, 0xFF, 0xFA, 0xFF, 0xFE, 0xFF, 0x03, 0x00, 0x08, 0x00, 0x0C, 0x00, 0x13, 0x00,
        0x1D, 0x00, 0x22, 0x00, 0x22, 0x00, 0x1D, 0x00, 0x15, 0x00, 0x0A, 0x00, 0xFB, 0xFF, 0xED, 0xFF,
        0xE5, 0xFF, 0xE3, 0xFF, 0xE7, 0xFF, 0xF0, 0xFF, 0xFD, 0xFF, 0x0B, 0x00, 0x14, 0x00, 0x19, 0x00,
        0x1C, 0x00, 0x1F, 0x00, 0x1C, 0x00, 0x15, 0x00, 0x13, 0x00, 0x14, 0x00, 0x11, 0x00, 0x0F, 0x00,
        0x0B, 0x00, 0xFF, 0xFF, 0xF6, 0xFF, 0xF1, 0xFF, 0xE9, 0xFF, 0xE8, 0xFF, 0xF2, 0xFF, 0xFC, 0xFF,
        0x0A, 0x00, 0x1A, 0x00, 0x25, 0x00, 0x2C, 0x00, 0x2C, 0x00, 0x26, 0x00, 0x1F, 0x00, 0x13, 0x00,
        0x06, 0x00, 0xFF, 0xFF, 0xF9, 0xFF, 0xF6, 0xFF, 0xF7, 0xFF, 0xF8, 0xFF, 0xF9, 0xFF, 0xFA, 0xFF,
        0xFA, 0xFF, 0xFC, 0xFF, 0x00, 0x00, 0x08, 0x00, 0x13, 0x00, 0x1C, 0x00, 0x22, 0x00, 0x27, 0x00,
        0x25, 0x00, 0x1D, 0x00, 0x11, 0x00, 0x01, 0x00, 0xF2, 0xFF, 0xE9, 0xFF, 0xE6, 0xFF, 0xE5, 0xFF,
        0xE8, 0xFF, 0xF4, 0xFF, 0x00, 0x00, 0x09, 0x00, 0x0F, 0x00, 0x12, 0x00, 0x13, 0x00, 0x15, 0x00,
        0x16, 0x00, 0x14, 0x00, 0x16, 0x00, 0x18, 0x00, 0x14, 0x00, 0x0D, 0x00, 0x06, 0x00, 0xF9, 0xFF,
        0xEF, 0xFF, 0xEB, 0xFF, 0xE9, 0xFF, 0xEC, 0xFF, 0xF5, 0xFF, 0x00, 0x00, 0x10, 0x00, 0x20, 0x00,
        0x29, 0x00, 0x2C, 0x00, 0x28, 0x00, 0x21, 0x00, 0x1B, 0x00, 0x13, 0x00, 0x09, 0x00, 0x05, 0x00,
        0x01, 0x00, 0xFE, 0xFF, 0xFC, 0xFF, 0xFB, 0xFF, 0xFB, 0xFF, 0xF9, 0xFF, 0xF8, 0xFF, 0xFD, 0xFF,
        0x03, 0x00, 0x0E, 0x00, 0x1D, 0x00, 0x28, 0x00, 0x2B, 0x00, 0x2B, 0x00, 0x25, 0x00, 0x1A, 0x00,
        0x0D, 0x00, 0xFC, 0xFF, 0xEF, 0xFF, 0xEA, 0xFF, 0xEA, 0xFF, 0xED, 0xFF, 0xF3, 0xFF, 0xF9, 0xFF,
        0x00, 0x00, 0x07, 0x00, 0x0B, 0x00, 0x0B, 0x00, 0x0F, 0x00, 0x14, 0x00, 0x17, 0x00, 0x1C, 0x00,
        0x1E, 0x00, 0x19, 0x00, 0x14, 0x00, 0x0A, 0x00, 0xFD, 0xFF, 0xF1, 0xFF, 0xE6, 0xFF, 0xE1, 0xFF,
        0xE5, 0xFF, 0xED, 0xFF, 0xFA, 0xFF, 0x09, 0x00, 0x14, 0x00, 0x1C, 0x00, 0x20, 0x00, 0x21, 0x00,
        0x1F, 0x00, 0x1D, 0x00, 0x16, 0x00, 0x10, 0x00, 0x0C, 0x00, 0x08, 0x00, 0x06, 0x00, 0x04, 0x00,
        0xFA, 0xFF, 0xF3, 0xFF, 0xF3, 0xFF, 0xF1, 0xFF, 0xF4, 0xFF, 0xFE, 0xFF, 0x07, 0x00, 0x14, 0x00,
        0x24, 0x00, 0x2C, 0x00, 0x2D, 0x00, 0x2B, 0x00, 0x23, 0x00, 0x14, 0x00, 0x07, 0x00, 0xFD, 0xFF,
        0xF6, 0xFF, 0xF2, 0xFF, 0xF3, 0xFF, 0xF6, 0xFF, 0xFB, 0xFF, 0xFF, 0xFF, 0x01, 0x00, 0x04, 0x00,
        0x09, 0x00, 0x0C, 0x00, 0x13, 0x00, 0x1C, 0x00, 0x21, 0x00, 0x24, 0x00, 0x24, 0x00, 0x1E, 0x00,
        0x13, 0x00, 0x04, 0x00, 0xF6, 0xFF, 0xEB, 0xFF, 0xE2, 0xFF, 0xE3, 0xFF, 0xE9, 0xFF, 0xF1, 0xFF,
        0xFC, 0xFF, 0x0A, 0x00, 0x14, 0x00, 0x19, 0x00, 0x1D, 0x00, 0x1C, 0x00, 0x18, 0x00, 0x14, 0x00,
        0x15, 0x00, 0x14, 0x00, 0x10, 0x00, 0x0B, 0x00, 0x03, 0x00, 0xFB, 0xFF, 0xF2, 0xFF, 0xEC, 0xFF,
        0xEB, 0xFF, 0xEE, 0xFF, 0xF4, 0xFF, 0xFF, 0xFF, 0x11, 0x00, 0x1E, 0x00, 0x26, 0x00, 0x2E, 0x00,
        0x2E, 0x00, 0x26, 0x00, 0x1E, 0x00, 0x13, 0x00, 0x08, 0x00, 0x02, 0x00, 0xFE, 0xFF, 0xFE, 0xFF,
        0xFE, 0xFF, 0xFB, 0xFF, 0xFB, 0xFF, 0xFD, 0xFF, 0x00, 0x00, 0x03, 0x00, 0x05, 0x00, 0x0F, 0x00,
        0x1D, 0x00, 0x25, 0x00, 0x2A, 0x00, 0x2D, 0x00, 0x26, 0x00, 0x1B, 0x00, 0x10, 0x00, 0x00, 0x00,
        0xF3, 0xFF, 0xEC, 0xFF, 0xE9, 0xFF, 0xEB, 0xFF, 0xF2, 0xFF, 0xFC, 0xFF, 0x05, 0x00, 0x0E, 0x00,
        0x12, 0x00, 0x12, 0x00, 0x16, 0x00, 0x17, 0x00, 0x17, 0x00, 0x17, 0x00, 0x16, 0x00, 0x16, 0x00,
        0x15, 0x00, 0x0C, 0x00, 0xFF, 0xFF, 0xF4, 0xFF, 0xEB, 0xFF, 0xE5, 0xFF, 0xE3, 0xFF, 0xE9, 0xFF,
        0xF8, 0xFF, 0x05, 0x00, 0x13, 0x00, 0x23, 0x00, 0x29, 0x00, 0x28, 0x00, 0x25, 0x00, 0x1C, 0x00,
        0x14, 0x00, 0x10, 0x00, 0x08, 0x00, 0x02, 0x00, 0x02, 0x00, 0x01, 0x00, 0xFD, 0xFF, 0xFB, 0xFF,
        0xFB, 0xFF, 0xFA, 0xFF, 0xFA, 0xFF, 0x01, 0x00, 0x0B, 0x00, 0x15, 0x00, 0x24, 0x00, 0x30, 0x00,
        0x31, 0x00, 0x2F, 0x00, 0x26, 0x00, 0x18, 0x00, 0x0C, 0x00, 0xFE, 0xFF, 0xF2, 0xFF, 0xEE, 0xFF,
        0xEE, 0xFF, 0xF4, 0xFF, 0xFB, 0xFF, 0x00, 0x00, 0x06, 0x00, 0x0C, 0x00, 0x0D, 0x00, 0x13, 0x00,
        0x18, 0x00, 0x18, 0x00, 0x1F, 0x00, 0x22, 0x00, 0x20, 0x00, 0x1D, 0x00, 0x16, 0x00, 0x08, 0x00,
        0xFC, 0xFF, 0xF0, 0xFF, 0xE7, 0xFF, 0xE5, 0xFF, 0xE7, 0xFF, 0xF1, 0xFF, 0xFF, 0xFF, 0x0C, 0x00,
        0x17, 0x00, 0x1F, 0x00, 0x23, 0x00, 0x20, 0x00, 0x1E, 0x00, 0x1A, 0x00, 0x12, 0x00, 0x0F, 0x00,
        0x0D, 0x00, 0x06, 0x00, 0x01, 0x00, 0xFC, 0xFF, 0xF5, 0xFF, 0xF3, 0xFF, 0xF0, 0xFF, 0xEE, 0xFF,
        0xF5, 0xFF, 0x00, 0x00, 0x0D, 0x00, 0x1D, 0x00, 0x27, 0x00, 0x2C, 0x00, 0x2E, 0x00, 0x28, 0x00,
        0x1E, 0x00, 0x12, 0x00, 0x04, 0x00, 0xFB, 0xFF, 0xF7, 0xFF, 0xF6, 0xFF, 0xF8, 0xFF, 0xFA, 0xFF,
        0xFD, 0xFF, 0x03, 0x00, 0x08, 0x00, 0x0C, 0x00, 0x0F, 0x00, 0x13, 0x00, 0x19, 0x00, 0x22, 0x00,
        0x29, 0x00, 0x2A, 0x00, 0x28, 0x00, 0x24, 0x00, 0x17, 0x00, 0x07, 0x00, 0xFB, 0xFF, 0xF0, 0xFF,
        0xE7, 0xFF, 0xEA, 0xFF, 0xF2, 0xFF, 0xFB, 0xFF, 0x05, 0x00, 0x0F, 0x00, 0x17, 0x00, 0x1B, 0x00,
        0x1B, 0x00, 0x18, 0x00, 0x14, 0x00, 0x15, 0x00, 0x16, 0x00, 0x0F, 0x00, 0x0E, 0x00, 0x0C, 0x00,
        0x00, 0x00, 0xF5, 0xFF, 0xF0, 0xFF, 0xEB, 0xFF, 0xEA, 0xFF, 0xED, 0xFF, 0xF5, 0xFF, 0x02, 0x00,
        0x13, 0x00, 0x22, 0x00, 0x29, 0x00, 0x2D, 0x00, 0x2D, 0x00, 0x24, 0x00, 0x18, 0x00, 0x10, 0x00,
        0x07, 0x00, 0x00, 0x00, 0xFD, 0xFF, 0xFC, 0xFF, 0xFD, 0xFF, 0xFD, 0xFF, 0xFC, 0xFF, 0xFD, 0xFF,
        0xFF, 0xFF, 0x04, 0x00, 0x0D, 0x00, 0x16, 0x00, 0x1E, 0x00, 0x29, 0x00, 0x2F, 0x00, 0x2D, 0x00,
        0x29, 0x00, 0x1E, 0x00, 0x0F, 0x00, 0x01, 0x00, 0xF4, 0xFF, 0xEB, 0xFF, 0xEB, 0xFF, 0xF0, 0xFF,
        0xF8, 0xFF, 0x02, 0x00, 0x0D, 0x00, 0x12, 0x00, 0x16, 0x00, 0x1B, 0x00, 0x1A, 0x00, 0x1A, 0x00,
        0x1E, 0x00, 0x1F, 0x00, 0x1F, 0x00, 0x1C, 0x00, 0x14, 0x00, 0x0D, 0x00, 0x03, 0x00, 0xF5, 0xFF,
        0xEB, 0xFF, 0xE9, 0xFF, 0xEB, 0xFF, 0xF2, 0xFF, 0xFE, 0xFF, 0x0C, 0x00, 0x19, 0x00, 0x23, 0x00,
        0x29, 0x00, 0x29, 0x00, 0x24, 0x00, 0x1B, 0x00, 0x10, 0x00, 0x08, 0x00, 0x03, 0x00, 0xFF, 0xFF,
        0xFD, 0xFF, 0xFB, 0xFF, 0xF9, 0xFF, 0xF5, 0xFF, 0xF3, 0xFF, 0xF5, 0xFF, 0xFA, 0xFF, 0x00, 0x00,
        0x0A, 0x00, 0x1A, 0x00, 0x25, 0x00, 0x2C, 0x00, 0x2E, 0x00, 0x2A, 0x00, 0x21, 0x00, 0x16, 0x00,
        0x09, 0x00, 0xFF, 0xFF, 0xF8, 0xFF, 0xF3, 0xFF, 0xF2, 0xFF, 0xFA, 0xFF, 0x04, 0x00, 0x09, 0x00,
        0x0F, 0x00, 0x15, 0x00, 0x17, 0x00, 0x1B, 0x00, 0x1F, 0x00, 0x21, 0x00, 0x24, 0x00, 0x27, 0x00,
        0x27, 0x00, 0x21, 0x00, 0x16, 0x00, 0x09, 0x00, 0xFD, 0xFF, 0xF2, 0xFF, 0xEC, 0xFF, 0xEB, 0xFF,
        0xEE, 0xFF, 0xF8, 0xFF, 0x04, 0x00, 0x12, 0x00, 0x1E, 0x00, 0x22, 0x00, 0x22, 0x00, 0x21, 0x00,
        0x1D, 0x00, 0x18, 0x00, 0x12, 0x00, 0x0D, 0x00, 0x0C, 0x00, 0x08, 0x00, 0x01, 0x00, 0xFC, 0xFF,
        0xF7, 0xFF, 0xF0, 0xFF, 0xEC, 0xFF, 0xF0, 0xFF, 0xF9, 0xFF, 0x05, 0x00, 0x12, 0x00, 0x20, 0x00,
        0x2A, 0x00, 0x31, 0x00, 0x2F, 0x00, 0x25, 0x00, 0x1D, 0x00, 0x13, 0x00, 0x06, 0x00, 0xFD, 0xFF,
        0xF8, 0xFF, 0xF8, 0xFF, 0xFC, 0xFF, 0xFF, 0xFF, 0x02, 0x00, 0x06, 0x00, 0x08, 0x00, 0x0C, 0x00,
        0x10, 0x00, 0x15, 0x00, 0x1E, 0x00, 0x27, 0x00, 0x29, 0x00, 0x29, 0x00, 0x28, 0x00, 0x1F, 0x00,
        0x10, 0x00, 0x04, 0x00, 0xF9, 0xFF, 0xED, 0xFF, 0xEA, 0xFF, 0xEF, 0xFF, 0xF4, 0xFF, 0xFF, 0xFF,
        0x0F, 0x00, 0x18, 0x00, 0x1F, 0x00, 0x22, 0x00, 0x20, 0x00, 0x20, 0x00, 0x1F, 0x00, 0x1D, 0x00,
        0x1B, 0x00, 0x16, 0x00, 0x13, 0x00, 0x0E, 0x00, 0x04, 0x00, 0xFB, 0xFF, 0xF3, 0xFF, 0xED, 0xFF,
        0xF0, 0xFF, 0xF6, 0xFF, 0xFE, 0xFF, 0x0E, 0x00, 0x1A, 0x00, 0x24, 0x00, 0x2C, 0x00, 0x2C, 0x00,
        0x27, 0x00, 0x20, 0x00, 0x14, 0x00, 0x0A, 0x00, 0x05, 0x00, 0xFE, 0xFF, 0xFB, 0xFF, 0xFB, 0xFF,
        0xFA, 0xFF, 0xFA, 0xFF, 0xFA, 0xFF, 0xFA, 0xFF, 0xFD, 0xFF, 0x04, 0x00, 0x0D, 0x00, 0x17, 0x00,
        0x20, 0x00, 0x29, 0x00, 0x2E, 0x00, 0x2C, 0x00, 0x24, 0x00, 0x19, 0x00, 0x0B, 0x00, 0xFD, 0xFF,
        0xF4, 0xFF, 0xF1, 0xFF, 0xF2, 0xFF, 0xF6, 0xFF, 0xFF, 0xFF, 0x07, 0x00, 0x0E, 0x00, 0x17, 0x00,
        0x1C, 0x00, 0x1D, 0x00, 0x1E, 0x00, 0x1F, 0x00, 0x21, 0x00, 0x25, 0x00, 0x26, 0x00, 0x20, 0x00,
        0x16, 0x00, 0x0D, 0x00, 0x03, 0x00, 0xF7, 0xFF, 0xED, 0xFF, 0xEC, 0xFF, 0xF2, 0xFF, 0xFA, 0xFF,
        0x05, 0x00, 0x14, 0x00, 0x1F, 0x00, 0x28, 0x00, 0x2C, 0x00, 0x27, 0x00, 0x1E, 0x00, 0x18, 0x00,
        0x10, 0x00, 0x09, 0x00, 0x06, 0x00, 0x02, 0x00, 0xFE, 0xFF, 0xFC, 0xFF, 0xF8, 0xFF, 0xF4, 0xFF,
        0xF3, 0xFF, 0xF4, 0xFF, 0xF9, 0xFF, 0x03, 0x00, 0x10, 0x00, 0x1C, 0x00, 0x27, 0x00, 0x2D, 0x00,
        0x2D, 0x00, 0x26, 0x00, 0x1C, 0x00, 0x11, 0x00, 0x04, 0x00, 0xF8, 0xFF, 0xF4, 0xFF, 0xF2, 0xFF,
        0xF3, 0xFF, 0xF8, 0xFF, 0x00, 0x00, 0x06, 0x00, 0x0B, 0x00, 0x0D, 0x00, 0x13, 0x00, 0x19, 0x00,
        0x1A, 0x00, 0x1F, 0x00, 0x26, 0x00, 0x26, 0x00, 0x23, 0x00, 0x1E, 0x00, 0x13, 0x00, 0x07, 0x00,
        0xFB, 0xFF, 0xF0, 0xFF, 0xEB, 0xFF, 0xEE, 0xFF, 0xF6, 0xFF, 0x02, 0x00, 0x10, 0x00, 0x1B, 0x00,
        0x22, 0x00, 0x26, 0x00, 0x28, 0x00, 0x25, 0x00, 0x1F, 0x00, 0x1B, 0x00, 0x18, 0x00, 0x14, 0x00,
        0x0F, 0x00, 0x09, 0x00, 0x03, 0x00, 0xFD, 0xFF, 0xF6, 0xFF, 0xF2, 0xFF, 0xF1, 0xFF, 0xF5, 0xFF,
        0xFD, 0xFF, 0x09, 0x00, 0x17, 0x00, 0x21, 0x00, 0x29, 0x00, 0x2F, 0x00, 0x2B, 0x00, 0x20, 0x00,
        0x13, 0x00, 0x07, 0x00, 0xFF, 0xFF, 0xFA, 0xFF, 0xF5, 0xFF, 0xF5, 0xFF, 0xF8, 0xFF, 0xF9, 0xFF,
        0xFC, 0xFF, 0x00, 0x00, 0x01, 0x00, 0x04, 0x00, 0x0A, 0x00, 0x13, 0x00, 0x1C, 0x00, 0x25, 0x00,
        0x2A, 0x00, 0x26, 0x00, 0x21, 0x00, 0x1B, 0x00, 0x0C, 0x00, 0xFD, 0xFF, 0xF5, 0xFF, 0xEC, 0xFF,
        0xEA, 0xFF, 0xF4, 0xFF, 0xFD, 0xFF, 0x06, 0x00, 0x12, 0x00, 0x19, 0x00, 0x1C, 0x00, 0x20, 0x00,
        0x23, 0x00, 0x21, 0x00, 0x1D, 0x00, 0x1D, 0x00, 0x1C, 0x00, 0x19, 0x00, 0x17, 0x00, 0x0E, 0x00,
        0x01, 0x00, 0xFA, 0xFF, 0xF5, 0xFF, 0xEE, 0xFF, 0xF0, 0xFF, 0xF8, 0xFF, 0x04, 0x00, 0x12, 0x00,
        0x20, 0x00, 0x2A, 0x00, 0x2C, 0x00, 0x29, 0x00, 0x25, 0x00, 0x1B, 0x00, 0x0F, 0x00, 0x07, 0x00,
        0x01, 0x00, 0xFC, 0xFF, 0xFA, 0xFF, 0xF9, 0xFF, 0xF7, 0xFF, 0xF7, 0xFF, 0xF8, 0xFF, 0xF8, 0xFF,
        0xFC, 0xFF, 0x04, 0x00, 0x0E, 0x00, 0x18, 0x00, 0x23, 0x00, 0x28, 0x00, 0x28, 0x00, 0x25, 0x00,
        0x1C, 0x00, 0x0E, 0x00, 0x03, 0x00, 0xF7, 0xFF, 0xEE, 0xFF, 0xEC, 0xFF, 0xED, 0xFF, 0xF3, 0xFF,
        0xFD, 0xFF, 0x05, 0x00, 0x0D, 0x00, 0x14, 0x00, 0x19, 0x00, 0x1B, 0x00, 0x1B, 0x00, 0x1F, 0x00,
        0x23, 0x00, 0x20, 0x00, 0x1F, 0x00, 0x1E, 0x00, 0x14, 0x00, 0x07, 0x00, 0xFC, 0xFF, 0xF3, 0xFF,
        0xEE, 0xFF, 0xEE, 0xFF, 0xF3, 0xFF, 0x00, 0x00, 0x0D, 0x00, 0x19, 0x00, 0x24, 0x00, 0x29, 0x00,
        0x2B, 0x00, 0x27, 0x00, 0x20, 0x00, 0x1A, 0x00, 0x13, 0x00, 0x0C, 0x00, 0x0A, 0x00, 0x07, 0x00,
        0x01, 0x00, 0xFC, 0xFF, 0xF8, 0xFF, 0xF7, 0xFF, 0xF8, 0xFF, 0xF9, 0xFF, 0xFF, 0xFF, 0x09, 0x00,
        0x14, 0x00, 0x20, 0x00, 0x2B, 0x00, 0x2F, 0x00, 0x2D, 0x00, 0x24, 0x00, 0x17, 0x00, 0x09, 0x00,
        0xFD, 0xFF, 0xF4, 0xFF, 0xEF, 0xFF, 0xF1, 0xFF, 0xF7, 0xFF, 0xF8, 0xFF, 0xFB, 0xFF, 0x04, 0x00,
        0x0B, 0x00, 0x0B, 0x00, 0x0E, 0x00, 0x14, 0x00, 0x1A, 0x00, 0x21, 0x00, 0x25, 0x00, 0x22, 0x00,
        0x1D, 0x00, 0x18, 0x00, 0x0B, 0x00, 0xFF, 0xFF, 0xF7, 0xFF, 0xEB, 0xFF, 0xE7, 0xFF, 0xEE, 0xFF,
        0xF5, 0xFF, 0x02, 0x00, 0x11, 0x00, 0x19, 0x00, 0x21, 0x00, 0x27, 0x00, 0x25, 0x00, 0x21, 0x00,
        0x1F, 0x00, 0x1C, 0x00, 0x1A, 0x00, 0x15, 0x00, 0x10, 0x00, 0x0C, 0x00, 0x06, 0x00, 0xFE, 0xFF,
        0xF7, 0xFF, 0xF4, 0xFF, 0xF6, 0xFF, 0xFA, 0xFF, 0x01, 0x00, 0x0F, 0x00, 0x1E, 0x00, 0x28, 0x00,
        0x2D, 0x00, 0x2D, 0x00, 0x27, 0x00, 0x1F, 0x00, 0x15, 0x00, 0x08, 0x00, 0xFF, 0xFF, 0xFA, 0xFF,
        0xF6, 0xFF, 0xF8, 0xFF, 0xFA, 0xFF, 0xFA, 0xFF, 0xFB, 0xFF, 0xFE, 0xFF, 0x00, 0x00, 0x08, 0x00,
        0x0F, 0x00, 0x15, 0x00, 0x20, 0x00, 0x25, 0x00, 0x25, 0x00, 0x27, 0x00, 0x20, 0x00, 0x12, 0x00,
        0x06, 0x00, 0xF8, 0xFF, 0xED, 0xFF, 0xEC, 0xFF, 0xEF, 0xFF, 0xF5, 0xFF, 0xFB, 0xFF, 0x04, 0x00,
        0x11, 0x00, 0x18, 0x00, 0x1D, 0x00, 0x21, 0x00, 0x1F, 0x00, 0x1D, 0x00, 0x1D, 0x00, 0x1E, 0x00,
        0x1D, 0x00, 0x18, 0x00, 0x10, 0x00, 0x08, 0x00, 0xFF, 0xFF, 0xF8, 0xFF, 0xF2, 0xFF, 0xEE, 0xFF,
        0xF4, 0xFF, 0x00, 0x00, 0x0A, 0x00, 0x17, 0x00, 0x24, 0x00, 0x2B, 0x00, 0x2E, 0x00, 0x2B, 0x00,
        0x22, 0x00, 0x1A, 0x00, 0x11, 0x00, 0x08, 0x00, 0x05, 0x00, 0x01, 0x00, 0xFE, 0xFF, 0xFE, 0xFF,
        0xFD, 0xFF, 0xFB, 0xFF, 0xFC, 0xFF, 0xFF, 0xFF, 0x04, 0x00, 0x0A, 0x00, 0x13, 0x00, 0x1F, 0x00,
        0x28, 0x00, 0x2B, 0x00, 0x2C, 0x00, 0x26, 0x00, 0x19, 0x00, 0x0D, 0x00, 0x01, 0x00, 0xF3, 0xFF,
        0xEE, 0xFF, 0xEF, 0xFF, 0xF1, 0xFF, 0xFB, 0xFF, 0x03, 0x00, 0x07, 0x00, 0x0E, 0x00, 0x12, 0x00,
        0x15, 0x00, 0x1A, 0x00, 0x1B, 0x00, 0x1C, 0x00, 0x1F, 0x00, 0x1D, 0x00, 0x1B, 0x00, 0x16, 0x00,
        0x0B, 0x00, 0x02, 0x00, 0xF6, 0xFF, 0xEA, 0xFF, 0xEA, 0xFF, 0xED, 0xFF, 0xF3, 0xFF, 0x00, 0x00,
        0x0D, 0x00, 0x1C, 0x00, 0x26, 0x00, 0x27, 0x00, 0x2A, 0x00, 0x26, 0x00, 0x1A, 0x00, 0x17, 0x00,
        0x14, 0x00, 0x0D, 0x00, 0x0D, 0x00, 0x09, 0x00, 0x02, 0x00, 0x03, 0x00, 0xFF, 0xFF, 0xFA, 0xFF,
        0xFB, 0xFF, 0xFE, 0xFF, 0x07, 0x00, 0x13, 0x00, 0x1A, 0x00, 0x25, 0x00, 0x30, 0x00, 0x31, 0x00,
        0x2C, 0x00, 0x20, 0x00, 0x13, 0x00, 0x08, 0x00, 0xFD, 0xFF, 0xF5, 0xFF, 0xF4, 0xFF, 0xF3, 0xFF,
        0xF7, 0xFF, 0xFF, 0xFF, 0x00, 0x00, 0x01, 0x00, 0x09, 0x00, 0x0D, 0x00, 0x0E, 0x00, 0x16, 0x00,
        0x1C, 0x00, 0x1F, 0x00, 0x23, 0x00, 0x22, 0x00, 0x1B, 0x00, 0x12, 0x00, 0x05, 0x00, 0xF9, 0xFF,
        0xEF, 0xFF, 0xEA, 0xFF, 0xEB, 0xFF, 0xF1, 0xFF, 0xFB, 0xFF, 0x07, 0x00, 0x12, 0x00, 0x19, 0x00,
        0x1F, 0x00, 0x22, 0x00, 0x22, 0x00, 0x1E, 0x00, 0x1B, 0x00, 0x19, 0x00, 0x15, 0x00, 0x12, 0x00,
        0x10, 0x00, 0x08, 0x00, 0x01, 0x00, 0xFB, 0xFF, 0xF4, 0xFF, 0xF2, 0xFF, 0xF5, 0xFF, 0xFB, 0xFF,
        0x07, 0x00, 0x13, 0x00, 0x20, 0x00, 0x2C, 0x00, 0x2F, 0x00, 0x2C, 0x00, 0x26, 0x00, 0x1B, 0x00,
        0x10, 0x00, 0x06, 0x00, 0xFD, 0xFF, 0xFA, 0xFF, 0xFA, 0xFF, 0xFA, 0xFF, 0xFD, 0xFF, 0xFE, 0xFF,
        0xFF, 0xFF, 0x02, 0x00, 0x06, 0x00, 0x0B, 0x00, 0x13, 0x00, 0x1A, 0x00, 0x22, 0x00, 0x27, 0x00,
        0x29, 0x00, 0x26, 0x00, 0x1E, 0x00, 0x11, 0x00, 0x00, 0x00, 0xF3, 0xFF, 0xEF, 0xFF, 0xEC, 0xFF,
        0xED, 0xFF, 0xF4, 0xFF, 0xFD, 0xFF, 0x07, 0x00, 0x11, 0x00, 0x16, 0x00, 0x19, 0x00, 0x1D, 0x00,
        0x1B, 0x00, 0x17, 0x00, 0x18, 0x00, 0x1A, 0x00, 0x14, 0x00, 0x10, 0x00, 0x0B, 0x00, 0x00, 0x00,
        0xF7, 0xFF, 0xF3, 0xFF, 0xEC, 0xFF, 0xEB, 0xFF, 0xF2, 0xFF, 0xFC, 0xFF, 0x0B, 0x00, 0x1A, 0x00,
        0x22, 0x00, 0x29, 0x00, 0x2B, 0x00, 0x25, 0x00, 0x1E, 0x00, 0x19, 0x00, 0x12, 0x00, 0x0D, 0x00,
        0x09, 0x00, 0x04, 0x00, 0x01, 0x00, 0x01, 0x00, 0xFE, 0xFF, 0xFD, 0xFF, 0x00, 0x00, 0x01, 0x00,
        0x04, 0x00, 0x0F, 0x00, 0x1A, 0x00, 0x24, 0x00, 0x2C, 0x00, 0x2E, 0x00, 0x2B, 0x00, 0x24, 0x00,
        0x16, 0x00, 0x0A, 0x00, 0xFE, 0xFF, 0xF2, 0xFF, 0xEF, 0xFF, 0xF0, 0xFF, 0xF2, 0xFF, 0xFA, 0xFF,
        0x02, 0x00, 0x07, 0x00, 0x0D, 0x00, 0x0F, 0x00, 0x11, 0x00, 0x15, 0x00, 0x18, 0x00, 0x1B, 0x00,
        0x1D, 0x00, 0x1D, 0x00, 0x1A, 0x00, 0x13, 0x00, 0x07, 0x00, 0xF9, 0xFF, 0xF0, 0xFF, 0xED, 0xFF,
        0xEA, 0xFF, 0xED, 0xFF, 0xFA, 0xFF, 0x05, 0x00, 0x0E, 0x00, 0x1C, 0x00, 0x24, 0x00, 0x23, 0x00,
        0x24, 0x00, 0x20, 0x00, 0x16, 0x00, 0x12, 0x00, 0x10, 0x00, 0x09, 0x00, 0x03, 0x00, 0x01, 0x00,
        0xFE, 0xFF, 0xFA, 0xFF, 0xF8, 0xFF, 0xF6, 0xFF, 0xF7, 0xFF, 0xFD, 0xFF, 0x06, 0x00, 0x11, 0x00,
        0x1D, 0x00, 0x26, 0x00, 0x2C, 0x00, 0x2E, 0x00, 0x28, 0x00, 0x1B, 0x00, 0x0F, 0x00, 0x07, 0x00,
        0x00, 0x00, 0xF7, 0xFF, 0xF5, 0xFF, 0xF9, 0xFF, 0xFB, 0xFF, 0x00, 0x00, 0x05, 0x00, 0x08, 0x00,
        0x0B, 0x00, 0x11, 0x00, 0x15, 0x00, 0x19, 0x00, 0x1F, 0x00, 0x25, 0x00, 0x26, 0x00, 0x23, 0x00,
        0x1D, 0x00, 0x10, 0x00, 0x03, 0x00, 0xF7, 0xFF, 0xEE, 0xFF, 0xEC, 0xFF, 0xEE, 0xFF, 0xF1, 0xFF,
        0xF9, 0xFF, 0x05, 0x00, 0x10, 0x00, 0x18, 0x00, 0x19, 0x00, 0x1B, 0x00, 0x1B, 0x00, 0x18, 0x00,
        0x15, 0x00, 0x11, 0x00, 0x0E, 0x00, 0x0E, 0x00, 0x08, 0x00, 0xFE, 0xFF, 0xF9, 0xFF, 0xF2, 0xFF,
        0xEB, 0xFF, 0xEC, 0xFF, 0xF2, 0xFF, 0xFA, 0xFF, 0x05, 0x00, 0x13, 0x00, 0x20, 0x00, 0x28, 0x00,
        0x2C, 0x00, 0x29, 0x00, 0x1F, 0x00, 0x17, 0x00, 0x0F, 0x00, 0x05, 0x00, 0xFE, 0xFF, 0xFD, 0xFF,
        0xFD, 0xFF, 0xFF, 0xFF, 0xFE, 0xFF, 0x00, 0x00, 0x04, 0x00, 0x04, 0x00, 0x06, 0x00, 0x0D, 0x00,
        0x16, 0x00, 0x21, 0x00, 0x28, 0x00, 0x29, 0x00, 0x28, 0x00, 0x26, 0x00, 0x1C, 0x00, 0x0C, 0x00,
        0xFD, 0xFF, 0xF4, 0xFF, 0xED, 0xFF, 0xED, 0xFF, 0xF1, 0xFF, 0xFA, 0xFF, 0x03, 0x00, 0x09, 0x00,
        0x10, 0x00, 0x16, 0x00, 0x15, 0x00, 0x15, 0x00, 0x17, 0x00, 0x17, 0x00, 0x18, 0x00, 0x17, 0x00,
        0x13, 0x00, 0x0F, 0x00, 0x07, 0x00, 0xFC, 0xFF, 0xF2, 0xFF, 0xEB, 0xFF, 0xE8, 0xFF, 0xEB, 0xFF,
        0xF4, 0xFF, 0xFF, 0xFF, 0x0B, 0x00, 0x19, 0x00, 0x22, 0x00, 0x23, 0x00, 0x24, 0x00, 0x21, 0x00,
        0x17, 0x00, 0x11, 0x00, 0x09, 0x00, 0x00, 0x00, 0x01, 0x00, 0x00, 0x00, 0xFC, 0xFF, 0xFC, 0xFF,
        0xFB, 0xFF, 0xF7, 0xFF, 0xFB, 0xFF, 0x00, 0x00, 0x06, 0x00, 0x0F, 0x00, 0x18, 0x00, 0x23, 0x00,
        0x2C, 0x00, 0x2C, 0x00, 0x26, 0x00, 0x1D, 0x00, 0x11, 0x00, 0x06, 0x00, 0xFD, 0xFF, 0xF5, 0xFF,
        0xF2, 0xFF, 0xF5, 0xFF, 0xF9, 0xFF, 0xFF, 0xFF, 0x08, 0x00, 0x0E, 0x00, 0x0F, 0x00, 0x10, 0x00,
        0x16, 0x00, 0x1B, 0x00, 0x1C, 0x00, 0x1D, 0x00, 0x21, 0x00, 0x20, 0x00, 0x19, 0x00, 0x0F, 0x00,
        0x02, 0x00, 0xF9, 0xFF, 0xF1, 0xFF, 0xE9, 0xFF, 0xE8, 0xFF, 0xEE, 0xFF, 0xF8, 0xFF, 0x05, 0x00,
        0x11, 0x00, 0x18, 0x00, 0x20, 0x00, 0x23, 0x00, 0x1E, 0x00, 0x18, 0x00, 0x14, 0x00, 0x0F, 0x00,
        0x0A, 0x00, 0x07, 0x00, 0x04, 0x00, 0xFF, 0xFF, 0xFA, 0xFF, 0xF4, 0xFF, 0xF0, 0xFF, 0xF0, 0xFF,
        0xF2, 0xFF, 0xF8, 0xFF, 0x04, 0x00, 0x10, 0x00, 0x1B, 0x00, 0x27, 0x00, 0x2C, 0x00, 0x28, 0x00,
        0x21, 0x00, 0x16, 0x00, 0x08, 0x00, 0x00, 0x00, 0xFA, 0xFF, 0xF4, 0xFF, 0xF4, 0xFF, 0xF8, 0xFF,
        0xFD, 0xFF, 0x01, 0x00, 0x03, 0x00, 0x07, 0x00, 0x0C, 0x00, 0x0F, 0x00, 0x12, 0x00, 0x19, 0x00,
        0x21, 0x00, 0x25, 0x00, 0x23, 0x00, 0x1F, 0x00, 0x19, 0x00, 0x0D, 0x00, 0xFE, 0xFF, 0xF4, 0xFF,
        0xED, 0xFF, 0xE9, 0xFF, 0xEB, 0xFF, 0xF4, 0xFF, 0xFE, 0xFF, 0x0A, 0x00, 0x14, 0x00, 0x19, 0x00,
        0x1A, 0x00, 0x1C, 0x00, 0x19, 0x00, 0x15, 0x00, 0x15, 0x00, 0x12, 0x00, 0x0F, 0x00, 0x0B, 0x00,
        0x04, 0x00, 0xFD, 0xFF, 0xF6, 0xFF, 0xF1, 0xFF, 0xEE, 0xFF, 0xED, 0xFF, 0xF1, 0xFF, 0xFC, 0xFF,
        0x0A, 0x00, 0x15, 0x00, 0x1F, 0x00, 0x25, 0x00, 0x25, 0x00, 0x21, 0x00, 0x19, 0x00, 0x0F, 0x00,
        0x05, 0x00, 0xFC, 0xFF, 0xF7, 0xFF, 0xF7, 0xFF, 0xF6, 0xFF, 0xF4, 0xFF, 0xF7, 0xFF, 0xFA, 0xFF,
        0xFC, 0xFF, 0x00, 0x00, 0x04, 0x00, 0x0B, 0x00, 0x17, 0x00, 0x21, 0x00, 0x27, 0x00, 0x29, 0x00,
        0x25, 0x00, 0x1F, 0x00, 0x14, 0x00, 0x06, 0x00, 0xF8, 0xFF, 0xEE, 0xFF, 0xEC, 0xFF, 0xF1, 0xFF,
        0xF6, 0xFF, 0xFC, 0xFF, 0x04, 0x00, 0x0E, 0x00, 0x15, 0x00, 0x17, 0x00, 0x18, 0x00, 0x1A, 0x00,
        0x1A, 0x00, 0x1B, 0x00, 0x1C, 0x00, 0x18, 0x00, 0x12, 0x00, 0x0D, 0x00, 0x05, 0x00, 0xFA, 0xFF,
        0xF0, 0xFF, 0xE9, 0xFF, 0xE9, 0xFF, 0xEF, 0xFF, 0xF8, 0xFF, 0x04, 0x00, 0x0F, 0x00, 0x19, 0x00,
        0x22, 0x00, 0x25, 0x00, 0x22, 0x00, 0x1A, 0x00, 0x10, 0x00, 0x0A, 0x00, 0x06, 0x00, 0x00, 0x00,
        0xFC, 0xFF, 0xFA, 0xFF, 0xF6, 0xFF, 0xF4, 0xFF, 0xF4, 0xFF, 0xF5, 0xFF, 0xF8, 0xFF, 0xFC, 0xFF,
        0x02, 0x00, 0x0C, 0x00, 0x19, 0x00, 0x21, 0x00, 0x23, 0x00, 0x24, 0x00, 0x21, 0x00, 0x16, 0x00,
        0x0A, 0x00, 0xFF, 0xFF, 0xF7, 0xFF, 0xEF, 0xFF, 0xEC, 0xFF, 0xF1, 0xFF, 0xF9, 0xFF, 0x01, 0x00,
        0x07, 0x00, 0x0B, 0x00, 0x10, 0x00, 0x14, 0x00, 0x16, 0x00, 0x1B, 0x00, 0x1F, 0x00, 0x1F, 0x00,
        0x1F, 0x00, 0x1E, 0x00, 0x16, 0x00, 0x0D, 0x00, 0x00, 0x00, 0xF5, 0xFF, 0xEF, 0xFF, 0xEB, 0xFF,
        0xEC, 0xFF, 0xF5, 0xFF, 0x02, 0x00, 0x0B, 0x00, 0x13, 0x00, 0x1D, 0x00, 0x22, 0x00, 0x20, 0x00,
        0x1D, 0x00, 0x18, 0x00, 0x13, 0x00, 0x0F, 0x00, 0x08, 0x00, 0x02, 0x00, 0xFF, 0xFF, 0xFA, 0xFF,
        0xF4, 0xFF, 0xF0, 0xFF, 0xEE, 0xFF, 0xEE, 0xFF, 0xF1, 0xFF, 0xFA, 0xFF, 0x05, 0x00, 0x11, 0x00,
        0x1D, 0x00, 0x24, 0x00, 0x26, 0x00, 0x23, 0x00, 0x18, 0x00, 0x0D, 0x00, 0x04, 0x00, 0xFB, 0xFF,
        0xF5, 0xFF, 0xF1, 0xFF, 0xF1, 0xFF, 0xF6, 0xFF, 0xF9, 0xFF, 0xFB, 0xFF, 0x02, 0x00, 0x06, 0x00,
        0x07, 0x00, 0x0E, 0x00, 0x15, 0x00, 0x1A, 0x00, 0x1F, 0x00, 0x23, 0x00, 0x22, 0x00, 0x1B, 0x00,
        0x11, 0x00, 0x07, 0x00, 0xF9, 0xFF, 0xEF, 0xFF, 0xEB, 0xFF, 0xEB, 0xFF, 0xF0, 0xFF, 0xFA, 0xFF,
        0x04, 0x00, 0x0C, 0x00, 0x15, 0x00, 0x1A, 0x00, 0x1B, 0x00, 0x1D, 0x00, 0x1B, 0x00, 0x15, 0x00,
        0x13, 0x00, 0x12, 0x00, 0x0D, 0x00, 0x0A, 0x00, 0x02, 0x00, 0xF9, 0xFF, 0xF3, 0xFF, 0xEE, 0xFF,
        0xEC, 0xFF, 0xED, 0xFF, 0xF2, 0xFF, 0x00, 0x00, 0x0E, 0x00, 0x16, 0x00, 0x20, 0x00, 0x23, 0x00,
        0x21, 0x00, 0x20, 0x00, 0x14, 0x00, 0x06, 0x00, 0xFE, 0xFF, 0xF8, 0xFF, 0xF4, 0xFF, 0xF5, 0xFF,
        0xF4, 0xFF, 0xF2, 0xFF, 0xF3, 0xFF, 0xF5, 0xFF, 0xF8, 0xFF, 0xFC, 0xFF, 0x03, 0x00, 0x0B, 0x00,
        0x14, 0x00, 0x1C, 0x00, 0x21, 0x00, 0x22, 0x00, 0x1E, 0x00, 0x13, 0x00, 0x07, 0x00, 0xFB, 0xFF,
        0xF0, 0xFF, 0xEA, 0xFF, 0xE8, 0xFF, 0xEC, 0xFF, 0xF4, 0xFF, 0xFC, 0xFF, 0x04, 0x00, 0x0D, 0x00,
        0x13, 0x00, 0x18, 0x00, 0x1A, 0x00, 0x1A, 0x00, 0x1B, 0x00, 0x19, 0x00, 0x18, 0x00, 0x17, 0x00,
        0x12, 0x00, 0x09, 0x00, 0xFF, 0xFF, 0xF7, 0xFF, 0xEF, 0xFF, 0xEA, 0xFF, 0xEC, 0xFF, 0xF1, 0xFF,
        0xFA, 0xFF, 0x08, 0x00, 0x12, 0x00, 0x1C, 0x00, 0x24, 0x00, 0x20, 0x00, 0x1B, 0x00, 0x17, 0x00,
        0x0D, 0x00, 0x06, 0x00, 0x00, 0x00, 0xFA, 0xFF, 0xF9, 0xFF, 0xF8, 0xFF, 0xF4, 0xFF, 0xF1, 0xFF,
        0xED, 0xFF, 0xEE, 0xFF, 0xF4, 0xFF, 0xFA, 0xFF, 0x03, 0x00, 0x0F, 0x00, 0x16, 0x00, 0x1E, 0x00,
        0x23, 0x00, 0x20, 0x00, 0x19, 0x00, 0x0E, 0x00, 0x00, 0x00, 0xF5, 0xFF, 0xED, 0xFF, 0xE9, 0xFF,
        0xEA, 0xFF, 0xEE, 0xFF, 0xF4, 0xFF, 0xFC, 0xFF, 0x03, 0x00, 0x06, 0x00, 0x0A, 0x00, 0x0E, 0x00,
        0x11, 0x00, 0x16, 0x00, 0x1A, 0x00, 0x1D, 0x00, 0x1C, 0x00, 0x16, 0x00, 0x0F, 0x00, 0x05, 0x00,
        0xF8, 0xFF, 0xED, 0xFF, 0xE9, 0xFF, 0xE8, 0xFF, 0xEC, 0xFF, 0xF4, 0xFF, 0xFF, 0xFF, 0x0D, 0x00,
        0x19, 0x00, 0x1C, 0x00, 0x1C, 0x00, 0x1D, 0x00, 0x1B, 0x00, 0x15, 0x00, 0x0F, 0x00, 0x0C, 0x00,
        0x09, 0x00, 0x04, 0x00, 0xFE, 0xFF, 0xFA, 0xFF, 0xF7, 0xFF, 0xF1, 0xFF, 0xED, 0xFF, 0xF1, 0xFF,
        0xF7, 0xFF, 0xFF, 0xFF, 0x0A, 0x00, 0x17, 0x00, 0x21, 0x00, 0x25, 0x00, 0x24, 0x00, 0x1D, 0x00,
        0x12, 0x00, 0x06, 0x00, 0xFC, 0xFF, 0xF6, 0xFF, 0xEF, 0xFF, 0xEB, 0xFF, 0xEE, 0xFF, 0xF2, 0xFF,
        0xF4, 0xFF, 0xF6, 0xFF, 0xF9, 0xFF, 0xFE, 0xFF, 0x01, 0x00, 0x06, 0x00, 0x0F, 0x00, 0x16, 0x00,
        0x18, 0x00, 0x18, 0x00, 0x16, 0x00, 0x11, 0x00, 0x07, 0x00, 0xFA, 0xFF, 0xF0, 0xFF, 0xE9, 0xFF,
        0xE4, 0xFF, 0xE8, 0xFF, 0xF1, 0xFF, 0xFA, 0xFF, 0x04, 0x00, 0x0E, 0x00, 0x14, 0x00, 0x18, 0x00,
        0x1B, 0x00, 0x1A, 0x00, 0x16, 0x00, 0x14, 0x00, 0x12, 0x00, 0x0F, 0x00, 0x0C, 0x00, 0x09, 0x00,
        0x03, 0x00, 0xF9, 0xFF, 0xF0, 0xFF, 0xEB, 0xFF, 0xEC, 0xFF, 0xF2, 0xFF, 0xF9, 0xFF, 0x03, 0x00,
        0x12, 0x00, 0x1D, 0x00, 0x1F, 0x00, 0x21, 0x00, 0x22, 0x00, 0x17, 0x00, 0x0A, 0x00, 0x03, 0x00,
        0xFB, 0xFF, 0xF5, 0xFF, 0xF4, 0xFF, 0xF3, 0xFF, 0xF1, 0xFF, 0xEF, 0xFF, 0xF1, 0xFF, 0xF5, 0xFF,
        0xF7, 0xFF, 0xFA, 0xFF, 0x02, 0x00, 0x0B, 0x00, 0x12, 0x00, 0x1A, 0x00, 0x1F, 0x00, 0x1D, 0x00,
        0x16, 0x00, 0x0D, 0x00, 0x01, 0x00, 0xF5, 0xFF, 0xEC, 0xFF, 0xE7, 0xFF, 0xE7, 0xFF, 0xEA, 0xFF,
        0xF2, 0xFF, 0xFC, 0xFF, 0x02, 0x00, 0x0A, 0x00, 0x0F, 0x00, 0x0E, 0x00, 0x12, 0x00, 0x14, 0x00,
        0x13, 0x00, 0x13, 0x00, 0x13, 0x00, 0x12, 0x00, 0x0D, 0x00, 0x02, 0x00, 0xF9, 0xFF, 0xF0, 0xFF,
        0xE8, 0xFF, 0xE7, 0xFF, 0xEB, 0xFF, 0xF1, 0xFF, 0xFC, 0xFF, 0x08, 0x00, 0x14, 0x00, 0x1D, 0x00,
        0x1F, 0x00, 0x1F, 0x00, 0x1A, 0x00, 0x13, 0x00, 0x0D, 0x00, 0x07, 0x00, 0x04, 0x00, 0x01, 0x00,
        0xFB, 0xFF, 0xF7, 0xFF, 0xF5, 0xFF, 0xF3, 0xFF, 0xF2, 0xFF, 0xF3, 0xFF, 0xF8, 0xFF, 0x00, 0x00,
        0x08, 0x00, 0x13, 0x00, 0x1C, 0x00, 0x22, 0x00, 0x24, 0x00, 0x1D, 0x00, 0x12, 0x00, 0x07, 0x00,
        0xFC, 0xFF, 0xF2, 0xFF, 0xE9, 0xFF, 0xE5, 0xFF, 0xEA, 0xFF, 0xED, 0xFF, 0xEF, 0xFF, 0xF6, 0xFF,
        0xFC, 0xFF, 0x01, 0x00, 0x07, 0x00, 0x0B, 0x00, 0x0D, 0x00, 0x0F, 0x00, 0x12, 0x00, 0x15, 0x00,
        0x12, 0x00, 0x0C, 0x00, 0x06, 0x00, 0xF9, 0xFF, 0xEF, 0xFF, 0xE8, 0xFF, 0xE1, 0xFF, 0xE3, 0xFF,
        0xEC, 0xFF, 0xF5, 0xFF, 0xFF, 0xFF, 0x09, 0x00, 0x14, 0x00, 0x1A, 0x00, 0x1A, 0x00, 0x18, 0x00,
        0x12, 0x00, 0x0E, 0x00, 0x0F, 0x00, 0x0C, 0x00, 0x07, 0x00, 0x02, 0x00, 0xFA, 0xFF, 0xF8, 0xFF,
        0xF5, 0xFF, 0xED, 0xFF, 0xED, 0xFF, 0xF3, 0xFF, 0xF8, 0xFF, 0xFF, 0xFF, 0x0B, 0x00, 0x18, 0x00,
        0x20, 0x00, 0x22, 0x00, 0x1F, 0x00, 0x18, 0x00, 0x0E, 0x00, 0x03, 0x00, 0xF8, 0xFF, 0xEF, 0xFF,
        0xEC, 0xFF, 0xEB, 0xFF, 0xEC, 0xFF, 0xEE, 0xFF, 0xF3, 0xFF, 0xF6, 0xFF, 0xF8, 0xFF, 0xFC, 0xFF,
        0x02, 0x00, 0x07, 0x00, 0x0D, 0x00, 0x14, 0x00, 0x17, 0x00, 0x19, 0x00, 0x14, 0x00, 0x0A, 0x00,
        0xFF, 0xFF, 0xF4, 0xFF, 0xE9, 0xFF, 0xE3, 0xFF, 0xE3, 0xFF, 0xE6, 0xFF, 0xEE, 0xFF, 0xF8, 0xFF,
        0x02, 0x00, 0x0B, 0x00, 0x0E, 0x00, 0x0F, 0x00, 0x12, 0x00, 0x11, 0x00, 0x0E, 0x00, 0x0F, 0x00,
        0x0C, 0x00, 0x06, 0x00, 0x02, 0x00, 0xFD, 0xFF, 0xF5, 0xFF, 0xED, 0xFF, 0xE7, 0xFF, 0xE5, 0xFF,
        0xE6, 0xFF, 0xEB, 0xFF, 0xF6, 0xFF, 0x03, 0x00, 0x0E, 0x00, 0x19, 0x00, 0x20, 0x00, 0x21, 0x00,
        0x1A, 0x00, 0x11, 0x00, 0x08, 0x00, 0x01, 0x00, 0xFA, 0xFF, 0xF6, 0xFF, 0xF4, 0xFF, 0xF3, 0xFF,
        0xF3, 0xFF, 0xF3, 0xFF, 0xF3, 0xFF, 0xF3, 0xFF, 0xF6, 0xFF, 0xFF, 0xFF, 0x07, 0x00, 0x0D, 0x00,
        0x14, 0x00, 0x1D, 0x00, 0x20, 0x00, 0x1C, 0x00, 0x14, 0x00, 0x07, 0x00, 0xF8, 0xFF, 0xEC, 0xFF,
        0xE5, 0xFF, 0xE3, 0xFF, 0xE5, 0xFF, 0xE8, 0xFF, 0xEC, 0xFF, 0xF5, 0xFF, 0xFD, 0xFF, 0x01, 0x00,
        0x06, 0x00, 0x09, 0x00, 0x0A, 0x00, 0x0D, 0x00, 0x0E, 0x00, 0x0E, 0x00, 0x0E, 0x00, 0x09, 0x00,
        0x01, 0x00, 0xF8, 0xFF, 0xEC, 0xFF, 0xE4, 0xFF, 0xE1, 0xFF, 0xE0, 0xFF, 0xE2, 0xFF, 0xEC, 0xFF,
        0xFB, 0xFF, 0x06, 0x00, 0x0E, 0x00, 0x16, 0x00, 0x1A, 0x00, 0x18, 0x00, 0x13, 0x00, 0x0D, 0x00,
        0x08, 0x00, 0x01, 0x00, 0xFC, 0xFF, 0xF9, 0xFF, 0xF5, 0xFF, 0xF2, 0xFF, 0xF0, 0xFF, 0xEF, 0xFF,
        0xEF, 0xFF, 0xF0, 0xFF, 0xF5, 0xFF, 0xFF, 0xFF, 0x09, 0x00, 0x14, 0x00, 0x1D, 0x00, 0x1D, 0x00,
        0x1A, 0x00, 0x18, 0x00, 0x0D, 0x00, 0x00, 0x00, 0xF5, 0xFF, 0xEC, 0xFF, 0xE7, 0xFF, 0xE6, 0xFF,
        0xE9, 0xFF, 0xED, 0xFF, 0xF0, 0xFF, 0xF6, 0xFF, 0xFC, 0xFF, 0xFF, 0xFF, 0x04, 0x00, 0x07, 0x00,
        0x08, 0x00, 0x0E, 0x00, 0x12, 0x00, 0x13, 0x00, 0x11, 0x00, 0x07, 0x00, 0xFD, 0xFF, 0xF3, 0xFF,
        0xE6, 0xFF, 0xDF, 0xFF, 0xDC, 0xFF, 0xDD, 0xFF, 0xE7, 0xFF, 0xF3, 0xFF, 0xFC, 0xFF, 0x06, 0x00,
        0x0D, 0x00, 0x10, 0x00, 0x13, 0x00, 0x11, 0x00, 0x0C, 0x00, 0x07, 0x00, 0x05, 0x00, 0x02, 0x00,
        0xFB, 0xFF, 0xF6, 0xFF, 0xF7, 0xFF, 0xF2, 0xFF, 0xE8, 0xFF, 0xE6, 0xFF, 0xE9, 0xFF, 0xEB, 0xFF,
        0xF3, 0xFF, 0x01, 0x00, 0x0D, 0x00, 0x17, 0x00, 0x1E, 0x00, 0x1E, 0x00, 0x19, 0x00, 0x12, 0x00,
        0x08, 0x00, 0xFD, 0xFF, 0xF7, 0xFF, 0xF1, 0xFF, 0xEB, 0xFF, 0xEB, 0xFF, 0xEE, 0xFF, 0xF0, 0xFF,
        0xF3, 0xFF, 0xF5, 0xFF, 0xF9, 0xFF, 0xFE, 0xFF, 0x03, 0x00, 0x09, 0x00, 0x10, 0x00, 0x15, 0x00,
        0x18, 0x00, 0x17, 0x00, 0x10, 0x00, 0x04, 0x00, 0xF7, 0xFF, 0xED, 0xFF, 0xE5, 0xFF, 0xDE, 0xFF,
        0xDD, 0xFF, 0xE2, 0xFF, 0xEB, 0xFF, 0xF6, 0xFF, 0xFF, 0xFF, 0x04, 0x00, 0x09, 0x00, 0x0C, 0x00,
        0x0B, 0x00, 0x09, 0x00, 0x09, 0x00, 0x08, 0x00, 0x05, 0x00, 0x01, 0x00, 0xFB, 0xFF, 0xF5, 0xFF,
        0xEF, 0xFF, 0xE7, 0xFF, 0xE0, 0xFF, 0xE0, 0xFF, 0xE3, 0xFF, 0xE8, 0xFF, 0xF4, 0xFF, 0x01, 0x00,
        0x0D, 0x00, 0x16, 0x00, 0x18, 0x00, 0x15, 0x00, 0x11, 0x00, 0x0B, 0x00, 0x01, 0x00, 0xF7, 0xFF,
        0xF4, 0xFF, 0xF3, 0xFF, 0xEE, 0xFF, 0xEC, 0xFF, 0xF0, 0xFF, 0xF1, 0xFF, 0xF1, 0xFF, 0xF2, 0xFF,
        0xF5, 0xFF, 0xFE, 0xFF, 0x07, 0x00, 0x0E, 0x00, 0x16, 0x00, 0x1C, 0x00, 0x1C, 0x00, 0x16, 0x00,
        0x0C, 0x00, 0x00, 0x00, 0xF6, 0xFF, 0xED, 0xFF, 0xE4, 0xFF, 0xE0, 0xFF, 0xE5, 0xFF, 0xEC, 0xFF,
        0xF1, 0xFF, 0xF8, 0xFF, 0x00, 0x00, 0x05, 0x00, 0x06, 0x00, 0x06, 0x00, 0x07, 0x00, 0x0B, 0x00,
        0x0C, 0x00, 0x09, 0x00, 0x05, 0x00, 0x02, 0x00, 0xFB, 0xFF, 0xF0, 0xFF, 0xE5, 0xFF, 0xE0, 0xFF,
        0xDD, 0xFF, 0xDC, 0xFF, 0xE2, 0xFF, 0xEE, 0xFF, 0xF9, 0xFF, 0x05, 0x00, 0x0F, 0x00, 0x12, 0x00,
        0x13, 0x00, 0x11, 0x00, 0x09, 0x00, 0x02, 0x00, 0xFF, 0xFF, 0xFA, 0xFF, 0xF5, 0xFF, 0xF1, 0xFF,
        0xEE, 0xFF, 0xEE, 0xFF, 0xEA, 0xFF, 0xE8, 0xFF, 0xEC, 0xFF, 0xEE, 0xFF, 0xF3, 0xFF, 0xFF, 0xFF,
        0x0A, 0x00, 0x12, 0x00, 0x18, 0x00, 0x1C, 0x00, 0x1A, 0x00, 0x13, 0x00, 0x09, 0x00, 0xFD, 0xFF,
        0xEF, 0xFF, 0xE7, 0xFF, 0xE5, 0xFF, 0xE7, 0xFF, 0xEB, 0xFF, 0xEF, 0xFF, 0xF4, 0xFF, 0xF9, 0xFF,
        0xFC, 0xFF, 0xFF, 0xFF, 0x04, 0x00, 0x07, 0x00, 0x0C, 0x00, 0x12, 0x00, 0x14, 0x00, 0x12, 0x00,
        0x0D, 0x00, 0x05, 0x00, 0xF9, 0xFF, 0xEE, 0xFF, 0xE4, 0xFF, 0xDE, 0xFF, 0xDD, 0xFF, 0xE1, 0xFF,
        0xE9, 0xFF, 0xF5, 0xFF, 0x00, 0x00, 0x08, 0x00, 0x0C, 0x00, 0x0E, 0x00, 0x0D, 0x00, 0x0A, 0x00,
        0x07, 0x00, 0x04, 0x00, 0x01, 0x00, 0xFD, 0xFF, 0xF9, 0xFF, 0xF4, 0xFF, 0xEE, 0xFF, 0xE6, 0xFF,
        0xE0, 0xFF, 0xE0, 0xFF, 0xE1, 0xFF, 0xE5, 0xFF, 0xF2, 0xFF, 0x01, 0x00, 0x0C, 0x00, 0x15, 0x00,
        0x19, 0x00, 0x16, 0x00, 0x10, 0x00, 0x07, 0x00, 0x00, 0x00, 0xF8, 0xFF, 0xEE, 0xFF, 0xE8, 0xFF,
        0xE8, 0xFF, 0xEB, 0xFF, 0xED, 0xFF, 0xED, 0xFF, 0xF2, 0xFF, 0xF6, 0xFF, 0xF8, 0xFF, 0xFE, 0xFF,
        0x05, 0x00, 0x0D, 0x00, 0x17, 0x00, 0x1A, 0x00, 0x18, 0x00, 0x13, 0x00, 0x0D, 0x00, 0x06, 0x00,
        0xF9, 0xFF, 0xEB, 0xFF, 0xE4, 0xFF, 0xE1, 0xFF, 0xE1, 0xFF, 0xE8, 0xFF, 0xF2, 0xFF, 0xFC, 0xFF,
        0x03, 0x00, 0x07, 0x00, 0x0C, 0x00, 0x0E, 0x00, 0x0B, 0x00, 0x09, 0x00, 0x09, 0x00, 0x08, 0x00,
        0x05, 0x00, 0xFF, 0xFF, 0xF9, 0xFF, 0xF1, 0xFF, 0xE9, 0xFF, 0xE3, 0xFF, 0xDF, 0xFF, 0xDD, 0xFF,
        0xE2, 0xFF, 0xEB, 0xFF, 0xF5, 0xFF, 0x01, 0x00, 0x0C, 0x00, 0x13, 0x00, 0x13, 0x00, 0x0F, 0x00,
        0x0B, 0x00, 0x01, 0x00, 0xF9, 0xFF, 0xF4, 0xFF, 0xF0, 0xFF, 0xED, 0xFF, 0xEE, 0xFF, 0xEF, 0xFF,
        0xEB, 0xFF, 0xEA, 0xFF, 0xED, 0xFF, 0xF0, 0xFF, 0xF4, 0xFF, 0xFC, 0xFF, 0x07, 0x00, 0x0F, 0x00,
        0x15, 0x00, 0x19, 0x00, 0x19, 0x00, 0x13, 0x00, 0x09, 0x00, 0xFC, 0xFF, 0xF0, 0xFF, 0xE8, 0xFF,
        0xE4, 0xFF, 0xE2, 0xFF, 0xE6, 0xFF, 0xEE, 0xFF, 0xF7, 0xFF, 0xFC, 0xFF, 0x00, 0x00, 0x07, 0x00,
        0x0A, 0x00, 0x0A, 0x00, 0x0E, 0x00, 0x0F, 0x00, 0x0F, 0x00, 0x0F, 0x00, 0x0A, 0x00, 0x03, 0x00,
        0xFC, 0xFF, 0xF2, 0xFF, 0xE9, 0xFF, 0xE2, 0xFF, 0xDD, 0xFF, 0xE0, 0xFF, 0xE7, 0xFF, 0xF3, 0xFF,
        0x00, 0x00, 0x09, 0x00, 0x0F, 0x00, 0x14, 0x00, 0x12, 0x00, 0x0C, 0x00, 0x06, 0x00, 0x01, 0x00,
        0xFD, 0xFF, 0xF7, 0xFF, 0xF4, 0xFF, 0xF0, 0xFF, 0xEB, 0xFF, 0xE9, 0xFF, 0xE6, 0xFF, 0xE3, 0xFF,
        0xE6, 0xFF, 0xE9, 0xFF, 0xF0, 0xFF, 0xFE, 0xFF, 0x08, 0x00, 0x10, 0x00, 0x17, 0x00, 0x17, 0x00,
        0x14, 0x00, 0x0C, 0x00, 0xFD, 0xFF, 0xF2, 0xFF, 0xED, 0xFF, 0xE6, 0xFF, 0xE3, 0xFF, 0xE6, 0xFF,
        0xEB, 0xFF, 0xF0, 0xFF, 0xF5, 0xFF, 0xFA, 0xFF, 0xFE, 0xFF, 0x03, 0x00, 0x08, 0x00, 0x0C, 0x00,
        0x10, 0x00, 0x13, 0x00, 0x15, 0x00, 0x13, 0x00, 0x0C, 0x00, 0x03, 0x00, 0xF8, 0xFF, 0xEC, 0xFF,
        0xE3, 0xFF, 0xE1, 0xFF, 0xE2, 0xFF, 0xE7, 0xFF, 0xF0, 0xFF, 0xFB, 0xFF, 0x05, 0x00, 0x0C, 0x00,
        0x0F, 0x00, 0x11, 0x00, 0x10, 0x00, 0x0A, 0x00, 0x06, 0x00, 0x04, 0x00, 0xFF, 0xFF, 0xFA, 0xFF,
        0xF7, 0xFF, 0xF0, 0xFF, 0xE8, 0xFF, 0xE4, 0xFF, 0xE1, 0xFF, 0xE0, 0xFF, 0xE4, 0xFF, 0xE8, 0xFF,
        0xF2, 0xFF, 0x02, 0x00, 0x0D, 0x00, 0x11, 0x00, 0x15, 0x00, 0x13, 0x00, 0x0C, 0x00, 0x03, 0x00,
        0xF9, 0xFF, 0xEF, 0xFF, 0xEC, 0xFF, 0xEB, 0xFF, 0xE8, 0xFF, 0xE8, 0xFF, 0xEB, 0xFF, 0xED, 0xFF,
        0xF0, 0xFF, 0xF5, 0xFF, 0xF7, 0xFF, 0xFA, 0xFF, 0x02, 0x00, 0x0C, 0x00, 0x12, 0x00, 0x17, 0x00,
        0x16, 0x00, 0x0E, 0x00, 0x06, 0x00, 0xFB, 0xFF, 0xEF, 0xFF, 0xE7, 0xFF, 0xE0, 0xFF, 0xDF, 0xFF,
        0xE4, 0xFF, 0xEB, 0xFF, 0xF3, 0xFF, 0xFC, 0xFF, 0x02, 0x00, 0x08, 0x00, 0x0D, 0x00, 0x0D, 0x00,
        0x0C, 0x00, 0x0A, 0x00, 0x0B, 0x00, 0x0B, 0x00, 0x05, 0x00, 0x01, 0x00, 0xFB, 0xFF, 0xF1, 0xFF,
        0xEA, 0xFF, 0xE5, 0xFF, 0xE1, 0xFF, 0xE3, 0xFF, 0xE7, 0xFF, 0xF1, 0xFF, 0x00, 0x00, 0x09, 0x00,
        0x10, 0x00, 0x14, 0x00, 0x12, 0x00, 0x0F, 0x00, 0x07, 0x00, 0xFE, 0xFF, 0xF8, 0xFF, 0xF0, 0xFF,
        0xEC, 0xFF, 0xEC, 0xFF, 0xE9, 0xFF, 0xE6, 0xFF, 0xE6, 0xFF, 0xE6, 0xFF, 0xE7, 0xFF, 0xEC, 0xFF,
        0xF3, 0xFF, 0xFB, 0xFF, 0x03, 0x00, 0x0B, 0x00, 0x11, 0x00, 0x12, 0x00, 0x0F, 0x00, 0x09, 0x00,
        0xFF, 0xFF, 0xF4, 0xFF, 0xE9, 0xFF, 0xE1, 0xFF, 0xE0, 0xFF, 0xE1, 0xFF, 0xE5, 0xFF, 0xEC, 0xFF,
        0xF5, 0xFF, 0xFB, 0xFF, 0xFE, 0xFF, 0x02, 0x00, 0x06, 0x00, 0x09, 0x00, 0x0F, 0x00, 0x12, 0x00,
        0x10, 0x00, 0x0D, 0x00, 0x0B, 0x00, 0x02, 0x00, 0xF7, 0xFF, 0xEE, 0xFF, 0xE6, 0xFF, 0xE2, 0xFF,
        0xE3, 0xFF, 0xE5, 0xFF, 0xEE, 0xFF, 0xFC, 0xFF, 0x04, 0x00, 0x0B, 0x00, 0x14, 0x00, 0x13, 0x00,
        0x10, 0x00, 0x0E, 0x00, 0x08, 0x00, 0x01, 0x00, 0xFC, 0xFF, 0xF7, 0xFF, 0xF5, 0xFF, 0xF0, 0xFF,
        0xE9, 0xFF, 0xE6, 0xFF, 0xE6, 0xFF, 0xE5, 0xFF, 0xE4, 0xFF, 0xE9, 0xFF, 0xF6, 0xFF, 0x01, 0x00,
        0x08, 0x00, 0x12, 0x00, 0x16, 0x00, 0x11, 0x00, 0x0D, 0x00, 0x06, 0x00, 0xFB, 0xFF, 0xF0, 0xFF,
        0xE7, 0xFF, 0xE2, 0xFF, 0xE3, 0xFF, 0xE5, 0xFF, 0xE8, 0xFF, 0xEC, 0xFF, 0xF1, 0xFF, 0xF6, 0xFF,
        0xF9, 0xFF, 0xFD, 0xFF, 0x03, 0x00, 0x08, 0x00, 0x0C, 0x00, 0x10, 0x00, 0x11, 0x00, 0x0E, 0x00,
        0x06, 0x00, 0xFD, 0xFF, 0xF2, 0xFF, 0xE7, 0xFF, 0xE1, 0xFF, 0xDE, 0xFF, 0xE2, 0xFF, 0xEA, 0xFF,
        0xF2, 0xFF, 0xFD, 0xFF, 0x08, 0x00, 0x0E, 0x00, 0x11, 0x00, 0x0F, 0x00, 0x0E, 0x00, 0x0C, 0x00,
        0x0A, 0x00, 0x06, 0x00, 0x03, 0x00, 0x00, 0x00, 0xFA, 0xFF, 0xF2, 0xFF, 0xEF, 0xFF, 0xEA, 0xFF,
        0xE1, 0xFF, 0xE3, 0xFF, 0xE8, 0xFF, 0xF0, 0xFF, 0xFD, 0xFF, 0x08, 0x00, 0x11, 0x00, 0x19, 0x00,
        0x16, 0x00, 0x12, 0x00, 0x0C, 0x00, 0x00, 0x00, 0xF6, 0xFF, 0xEF, 0xFF, 0xEA, 0xFF, 0xE7, 0xFF,
        0xE4, 0xFF, 0xE6, 0xFF, 0xE9, 0xFF, 0xE7, 0xFF, 0xED, 0xFF, 0xF2, 0xFF, 0xF3, 0xFF, 0xFA, 0xFF,
        0x02, 0x00, 0x08, 0x00, 0x10, 0x00, 0x13, 0x00, 0x10, 0x00, 0x0A, 0x00, 0xFE, 0xFF, 0xF2, 0xFF,
        0xEA, 0xFF, 0xE2, 0xFF, 0xE0, 0xFF, 0xDE, 0xFF, 0xE1, 0xFF, 0xED, 0xFF, 0xF7, 0xFF, 0xFF, 0xFF,
        0x06, 0x00, 0x08, 0x00, 0x0B, 0x00, 0x0E, 0x00, 0x0C, 0x00, 0x0A, 0x00, 0x0C, 0x00, 0x0D, 0x00,
        0x08, 0x00, 0x00, 0x00, 0xF9, 0xFF, 0xF0, 0xFF, 0xE8, 0xFF, 0xE4, 0xFF, 0xE1, 0xFF, 0xE5, 0xFF,
        0xEF, 0xFF, 0xF8, 0xFF, 0x03, 0x00, 0x0F, 0x00, 0x16, 0x00, 0x19, 0x00, 0x15, 0x00, 0x0F, 0x00,
        0x09, 0x00, 0x01, 0x00, 0xF9, 0xFF, 0xF4, 0xFF, 0xF0, 0xFF, 0xEF, 0xFF, 0xED, 0xFF, 0xEB, 0xFF,
        0xEA, 0xFF, 0xEB, 0xFF, 0xEC, 0xFF, 0xEE, 0xFF, 0xF8, 0xFF, 0x03, 0x00, 0x08, 0x00, 0x0F, 0x00,
        0x17, 0x00, 0x16, 0x00, 0x11, 0x00, 0x0A, 0x00, 0xFD, 0xFF, 0xF0, 0xFF, 0xE8, 0xFF, 0xE4, 0xFF,
        0xE1, 0xFF, 0xE2, 0xFF, 0xE8, 0xFF, 0xEE, 0xFF, 0xF4, 0xFF, 0xFD, 0xFF, 0x01, 0x00, 0x04, 0x00,
        0x07, 0x00, 0x07, 0x00, 0x0A, 0x00, 0x0E, 0x00, 0x0D, 0x00, 0x0D, 0x00, 0x06, 0x00, 0xFC, 0xFF,
        0xF6, 0xFF, 0xEB, 0xFF, 0xE2, 0xFF, 0xE1, 0xFF, 0xE3, 0xFF, 0xE9, 0xFF, 0xF3, 0xFF, 0xFE, 0xFF,
        0x0A, 0x00, 0x10, 0x00, 0x13, 0x00, 0x15, 0x00, 0x13, 0x00, 0x0F, 0x00, 0x0A, 0x00, 0x04, 0x00,
        0x01, 0x00, 0xFC, 0xFF, 0xF6, 0xFF, 0xF5, 0xFF, 0xF2, 0xFF, 0xEE, 0xFF, 0xED, 0xFF, 0xEA, 0xFF,
        0xED, 0xFF, 0xF4, 0xFF, 0xFE, 0xFF, 0x0A, 0x00, 0x13, 0x00, 0x19, 0x00, 0x1A, 0x00, 0x14, 0x00,
        0x0E, 0x00, 0x06, 0x00, 0xF8, 0xFF, 0xEE, 0xFF, 0xE9, 0xFF, 0xE4, 0xFF, 0xE4, 0xFF, 0xE7, 0xFF,
        0xEB, 0xFF, 0xF0, 0xFF, 0xF5, 0xFF, 0xF8, 0xFF, 0xFC, 0xFF, 0x02, 0x00, 0x06, 0x00, 0x0B, 0x00,
        0x0F, 0x00, 0x11, 0x00, 0x11, 0x00, 0x0E, 0x00, 0x05, 0x00, 0xF9, 0xFF, 0xEF, 0xFF, 0xE5, 0xFF,
        0xDE, 0xFF, 0xDC, 0xFF, 0xE2, 0xFF, 0xED, 0xFF, 0xF5, 0xFF, 0xFE, 0xFF, 0x0A, 0x00, 0x0F, 0x00,
        0x10, 0x00, 0x11, 0x00, 0x10, 0x00, 0x0D, 0x00, 0x0A, 0x00, 0x05, 0x00, 0x04, 0x00, 0x01, 0x00,
        0xFB, 0xFF, 0xF6, 0xFF, 0xF0, 0xFF, 0xE9, 0xFF, 0xE6, 0xFF, 0xE8, 0xFF, 0xEF, 0xFF, 0xFB, 0xFF,
        0x06, 0x00, 0x0F, 0x00, 0x18, 0x00, 0x1D, 0x00, 0x1B, 0x00, 0x16, 0x00, 0x0E, 0x00, 0x02, 0x00,
        0xF9, 0xFF, 0xF4, 0xFF, 0xEF, 0xFF, 0xEC, 0xFF, 0xEB, 0xFF, 0xEB, 0xFF, 0xEC, 0xFF, 0xEF, 0xFF,
        0xF2, 0xFF, 0xF5, 0xFF, 0xFC, 0xFF, 0x05, 0x00, 0x0D, 0x00, 0x12, 0x00, 0x14, 0x00, 0x14, 0x00,
        0x11, 0x00, 0x0B, 0x00, 0xFE, 0xFF, 0xF0, 0xFF, 0xE8, 0xFF, 0xE3, 0xFF, 0xDF, 0xFF, 0xE0, 0xFF,
        0xE7, 0xFF, 0xF0, 0xFF, 0xF9, 0xFF, 0x01, 0x00, 0x06, 0x00, 0x08, 0x00, 0x0A, 0x00, 0x0D, 0x00,
        0x0D, 0x00, 0x0D, 0x00, 0x0C, 0x00, 0x07, 0x00, 0x03, 0x00, 0x00, 0x00, 0xF7, 0xFF, 0xEC, 0xFF,
        0xE6, 0xFF, 0xE2, 0xFF, 0xE3, 0xFF, 0xEA, 0xFF, 0xF2, 0xFF, 0xFD, 0xFF, 0x0B, 0x00, 0x14, 0x00,
        0x18, 0x00, 0x1A, 0x00, 0x17, 0x00, 0x12, 0x00, 0x0B, 0x00, 0x04, 0x00, 0xFD, 0xFF, 0xF7, 0xFF,
        0xF5, 0xFF, 0xF3, 0xFF, 0xEE, 0xFF, 0xEC, 0xFF, 0xEE, 0xFF, 0xEE, 0xFF, 0xEF, 0xFF, 0xF6, 0xFF,
        0x00, 0x00, 0x09, 0x00, 0x10, 0x00, 0x18, 0x00, 0x1C, 0x00, 0x19, 0x00, 0x14, 0x00, 0x0B, 0x00,
        0xFD, 0xFF, 0xF2, 0xFF, 0xEA, 0xFF, 0xE2, 0xFF, 0xE4, 0xFF, 0xE9, 0xFF, 0xEC, 0xFF, 0xF3, 0xFF,
        0xFB, 0xFF, 0xFD, 0xFF, 0x01, 0x00, 0x06, 0x00, 0x07, 0x00, 0x09, 0x00, 0x0D, 0x00, 0x0E, 0x00,
        0x0D, 0x00, 0x0A, 0x00, 0x02, 0x00, 0xF8, 0xFF, 0xEE, 0xFF, 0xE5, 0xFF, 0xE1, 0xFF, 0xE0, 0xFF,
        0xE3, 0xFF, 0xE9, 0xFF, 0xF1, 0xFF, 0xFE, 0xFF, 0x0B, 0x00, 0x12, 0x00, 0x17, 0x00, 0x17, 0x00,
        0x11, 0x00, 0x0E, 0x00, 0x08, 0x00, 0x00, 0x00, 0xFF, 0xFF, 0xFE, 0xFF, 0xF8, 0xFF, 0xF4, 0xFF,
        0xF0, 0xFF, 0xEE, 0xFF, 0xEB, 0xFF, 0xEB, 0xFF, 0xF3, 0xFF, 0xFC, 0xFF, 0x04, 0x00, 0x10, 0x00,
        0x19, 0x00, 0x1D, 0x00, 0x1B, 0x00, 0x16, 0x00, 0x0F, 0x00, 0x06, 0x00, 0xFB, 0xFF, 0xF1, 0xFF,
        0xEC, 0xFF, 0xEA, 0xFF, 0xEA, 0xFF, 0xEC, 0xFF, 0xEE, 0xFF, 0xF2, 0xFF, 0xF8, 0xFF, 0xFB, 0xFF,
        0xFF, 0xFF, 0x05, 0x00, 0x09, 0x00, 0x0E, 0x00, 0x14, 0x00, 0x14, 0x00, 0x12, 0x00, 0x0C, 0x00,
        0xFF, 0xFF, 0xF5, 0xFF, 0xEB, 0xFF, 0xE1, 0xFF, 0xDE, 0xFF, 0xE0, 0xFF, 0xE4, 0xFF, 0xF1, 0xFF,
        0xFB, 0xFF, 0x00, 0x00, 0x08, 0x00, 0x0D, 0x00, 0x0E, 0x00, 0x11, 0x00, 0x0F, 0x00, 0x09, 0x00,
        0x07, 0x00, 0x06, 0x00, 0x01, 0x00, 0xFE, 0xFF, 0xFA, 0xFF, 0xF0, 0xFF, 0xE9, 0xFF, 0xE7, 0xFF,
        0xE8, 0xFF, 0xE9, 0xFF, 0xF0, 0xFF, 0xFC, 0xFF, 0x08, 0x00, 0x11, 0x00, 0x1A, 0x00, 0x1C, 0x00,
        0x17, 0x00, 0x13, 0x00, 0x0B, 0x00, 0xFE, 0xFF, 0xF9, 0xFF, 0xF6, 0xFF, 0xEF, 0xFF, 0xEE, 0xFF,
        0xF2, 0xFF, 0xF2, 0xFF, 0xF3, 0xFF, 0xF5, 0xFF, 0xF9, 0xFF, 0xFE, 0xFF, 0x00, 0x00, 0x06, 0x00,
        0x12, 0x00, 0x17, 0x00, 0x19, 0x00, 0x1A, 0x00, 0x16, 0x00, 0x0A, 0x00, 0xFE, 0xFF, 0xF5, 0xFF,
        0xEB, 0xFF, 0xE3, 0xFF, 0xE4, 0xFF, 0xE8, 0xFF, 0xED, 0xFF, 0xF5, 0xFF, 0xFC, 0xFF, 0x01, 0x00,
        0x07, 0x00, 0x0B, 0x00, 0x0D, 0x00, 0x0E, 0x00, 0x0B, 0x00, 0x0B, 0x00, 0x0A, 0x00, 0x05, 0x00,
        0xFF, 0xFF, 0xF7, 0xFF, 0xF1, 0xFF, 0xE9, 0xFF, 0xE1, 0xFF, 0xDF, 0xFF, 0xE1, 0xFF, 0xE8, 0xFF,
        0xF3, 0xFF, 0xFE, 0xFF, 0x08, 0x00, 0x11, 0x00, 0x14, 0x00, 0x16, 0x00, 0x13, 0x00, 0x0B, 0x00,
        0x04, 0x00, 0x00, 0x00, 0xFC, 0xFF, 0xF6, 0xFF, 0xF1, 0xFF, 0xF2, 0xFF, 0xF2, 0xFF, 0xEE, 0xFF,
        0xEF, 0xFF, 0xF4, 0xFF, 0xF5, 0xFF, 0xFB, 0xFF, 0x06, 0x00, 0x0F, 0x00, 0x16, 0x00, 0x1D, 0x00,
        0x20, 0x00, 0x1B, 0x00, 0x11, 0x00, 0x07, 0x00, 0xFD, 0xFF, 0xF1, 0xFF, 0xEA, 0xFF, 0xE8, 0xFF,
        0xE9, 0xFF, 0xEC, 0xFF, 0xF3, 0xFF, 0xF7, 0xFF, 0xFB, 0xFF, 0x02, 0x00, 0x07, 0x00, 0x09, 0x00,
        0x0D, 0x00, 0x10, 0x00, 0x11, 0x00, 0x11, 0x00, 0x0F, 0x00, 0x0A, 0x00, 0x02, 0x00, 0xF8, 0xFF,
        0xEE, 0xFF, 0xE6, 0xFF, 0xE0, 0xFF, 0xE1, 0xFF, 0xE8, 0xFF, 0xF0, 0xFF, 0xF7, 0xFF, 0x02, 0x00,
        0x0C, 0x00, 0x13, 0x00, 0x16, 0x00, 0x14, 0x00, 0x0E, 0x00, 0x0A, 0x00, 0x05, 0x00, 0x01, 0x00,
        0xFE, 0xFF, 0xF9, 0xFF, 0xF5, 0xFF, 0xF2, 0xFF, 0xEB, 0xFF, 0xE7, 0xFF, 0xEA, 0xFF, 0xED, 0xFF,
        0xF2, 0xFF, 0xFA, 0xFF, 0x06, 0x00, 0x12, 0x00, 0x18, 0x00, 0x1C, 0x00, 0x1C, 0x00, 0x16, 0x00,
        0x0D, 0x00, 0x04, 0x00, 0xFB, 0xFF, 0xF3, 0xFF, 0xEC, 0xFF, 0xEA, 0xFF, 0xEE, 0xFF, 0xF1, 0xFF,
        0xF5, 0xFF, 0xFA, 0xFF, 0xFD, 0xFF, 0x02, 0x00, 0x07, 0x00, 0x0A, 0x00, 0x10, 0x00, 0x16, 0x00,
        0x18, 0x00, 0x19, 0x00, 0x17, 0x00, 0x0E, 0x00, 0x03, 0x00, 0xF8, 0xFF, 0xEF, 0xFF, 0xE7, 0xFF,
        0xE4, 0xFF, 0xE6, 0xFF, 0xED, 0xFF, 0xF6, 0xFF, 0xFF, 0xFF, 0x06, 0x00, 0x0B, 0x00, 0x0F, 0x00,
        0x0F, 0x00, 0x0D, 0x00, 0x0D, 0x00, 0x0D, 0x00, 0x07, 0x00, 0x03, 0x00, 0x01, 0x00, 0xF9, 0xFF,
        0xF0, 0xFF, 0xEB, 0xFF, 0xE4, 0xFF, 0xE3, 0xFF, 0xE7, 0xFF, 0xE9, 0xFF, 0xF0, 0xFF, 0xFD, 0xFF,
        0x09, 0x00, 0x14, 0x00, 0x18, 0x00, 0x18, 0x00, 0x18, 0x00, 0x12, 0x00, 0x07, 0x00, 0x01, 0x00,
        0xFC, 0xFF, 0xF7, 0xFF, 0xF3, 0xFF, 0xF0, 0xFF, 0xF1, 0xFF, 0xF5, 0xFF, 0xF7, 0xFF, 0xF6, 0xFF,
        0xF9, 0xFF, 0xFF, 0xFF, 0x03, 0x00, 0x0D, 0x00, 0x16, 0x00, 0x18, 0x00, 0x1A, 0x00, 0x1B, 0x00,
        0x13, 0x00, 0x09, 0x00, 0xFF, 0xFF, 0xF3, 0xFF, 0xEB, 0xFF, 0xE8, 0xFF, 0xE7, 0xFF, 0xEB, 0xFF,
        0xF3, 0xFF, 0xFB, 0xFF, 0x01, 0x00, 0x07, 0x00, 0x0C, 0x00, 0x0D, 0x00, 0x0D, 0x00, 0x10, 0x00,
        0x11, 0x00, 0x0F, 0x00, 0x0E, 0x00, 0x0A, 0x00, 0x02, 0x00, 0xFA, 0xFF, 0xF0, 0xFF, 0xE9, 0xFF,
        0xE6, 0xFF, 0xE4, 0xFF, 0xE6, 0xFF, 0xED, 0xFF, 0xF7, 0xFF, 0x04, 0x00, 0x10, 0x00, 0x13, 0x00,
        0x15, 0x00, 0x16, 0x00, 0x12, 0x00, 0x0A, 0x00, 0x04, 0x00, 0xFE, 0xFF, 0xFB, 0xFF, 0xF7, 0xFF,
        0xF3, 0xFF, 0xF0, 0xFF, 0xEE, 0xFF, 0xEF, 0xFF, 0xEF, 0xFF, 0xEF, 0xFF, 0xF3, 0xFF, 0xFC, 0xFF,
        0x07, 0x00, 0x11, 0x00, 0x18, 0x00, 0x1D, 0x00, 0x1F, 0x00, 0x17, 0x00, 0x0E, 0x00, 0x06, 0x00,
        0xFB, 0xFF, 0xF2, 0xFF, 0xEE, 0xFF, 0xEC, 0xFF, 0xF0, 0xFF, 0xF5, 0xFF, 0xFB, 0xFF, 0xFF, 0xFF,
        0x01, 0x00, 0x06, 0x00, 0x0B, 0x00, 0x0D, 0x00, 0x12, 0x00, 0x16, 0x00, 0x17, 0x00, 0x18, 0x00,
        0x16, 0x00, 0x0E, 0x00, 0x05, 0x00, 0xFB, 0xFF, 0xF3, 0xFF, 0xEB, 0xFF, 0xE6, 0xFF, 0xE8, 0xFF,
        0xEE, 0xFF, 0xF7, 0xFF, 0x01, 0x00, 0x0A, 0x00, 0x10, 0x00, 0x15, 0x00, 0x16, 0x00, 0x13, 0x00,
        0x0E, 0x00, 0x0A, 0x00, 0x07, 0x00, 0x02, 0x00, 0xFE, 0xFF, 0xFA, 0xFF, 0xF5, 0xFF, 0xF3, 0xFF,
        0xEE, 0xFF, 0xE6, 0xFF, 0xE8, 0xFF, 0xEF, 0xFF, 0xF3, 0xFF, 0xFD, 0xFF, 0x0B, 0x00, 0x11, 0x00,
        0x17, 0x00, 0x1B, 0x00, 0x19, 0x00, 0x15, 0x00, 0x08, 0x00, 0xFD, 0xFF, 0xF8, 0xFF, 0xF3, 0xFF,
        0xF1, 0xFF, 0xF2, 0xFF, 0xEF, 0xFF, 0xF2, 0xFF, 0xFA, 0xFF, 0xFC, 0xFF, 0xFD, 0xFF, 0x03, 0x00,
        0x08, 0x00, 0x0F, 0x00, 0x16, 0x00, 0x19, 0x00, 0x1C, 0x00, 0x1C, 0x00, 0x18, 0x00, 0x0E, 0x00,
        0x03, 0x00, 0xF9, 0xFF, 0xF0, 0xFF, 0xEA, 0xFF, 0xEB, 0xFF, 0xEE, 0xFF, 0xF5, 0xFF, 0xFF, 0xFF,
        0x07, 0x00, 0x0C, 0x00, 0x12, 0x00, 0x16, 0x00, 0x14, 0x00, 0x12, 0x00, 0x14, 0x00, 0x10, 0x00,
        0x0B, 0x00, 0x0A, 0x00, 0x05, 0x00, 0xFD, 0xFF, 0xF6, 0xFF, 0xED, 0xFF, 0xE8, 0xFF, 0xEA, 0xFF,
        0xEA, 0xFF, 0xEF, 0xFF, 0xFA, 0xFF, 0x05, 0x00, 0x0F, 0x00, 0x19, 0x00, 0x1B, 0x00, 0x19, 0x00,
        0x17, 0x00, 0x10, 0x00, 0x05, 0x00, 0xFD, 0xFF, 0xF8, 0xFF, 0xF3, 0xFF, 0xF2, 0xFF, 0xF3, 0xFF,
        0xF2, 0xFF, 0xF0, 0xFF, 0xF1, 0xFF, 0xF6, 0xFF, 0xFA, 0xFF, 0x00, 0x00, 0x0A, 0x00, 0x11, 0x00,
        0x16, 0x00, 0x1C, 0x00, 0x1D, 0x00, 0x19, 0x00, 0x14, 0x00, 0x0B, 0x00, 0xFE, 0xFF, 0xF2, 0xFF,
        0xEC, 0xFF, 0xED, 0xFF, 0xED, 0xFF, 0xF2, 0xFF, 0xFB, 0xFF, 0x02, 0x00, 0x0A, 0x00, 0x0D, 0x00,
        0x0D, 0x00, 0x11, 0x00, 0x13, 0x00, 0x14, 0x00, 0x17, 0x00, 0x16, 0x00, 0x11, 0x00, 0x0E, 0x00,
        0x05, 0x00, 0xFA, 0xFF, 0xF4, 0xFF, 0xED, 0xFF, 0xE9, 0xFF, 0xE9, 0xFF, 0xED, 0xFF, 0xF5, 0xFF,
        0x00, 0x00, 0x0E, 0x00, 0x17, 0x00, 0x1A, 0x00, 0x1B, 0x00, 0x16, 0x00, 0x10, 0x00, 0x0D, 0x00,
        0x06, 0x00, 0x00, 0x00, 0xFD, 0xFF, 0xF8, 0xFF, 0xF4, 0xFF, 0xF1, 0xFF, 0xF0, 0xFF, 0xEE, 0xFF,
        0xED, 0xFF, 0xF1, 0xFF, 0xF7, 0xFF, 0xFD, 0xFF, 0x09, 0x00, 0x15, 0x00, 0x1A, 0x00, 0x1B, 0x00,
        0x19, 0x00, 0x13, 0x00, 0x0B, 0x00, 0xFF, 0xFF, 0xF6, 0xFF, 0xF0, 0xFF, 0xEB, 0xFF, 0xEC, 0xFF,
        0xF0, 0xFF, 0xF4, 0xFF, 0xFA, 0xFF, 0xFF, 0xFF, 0x03, 0x00, 0x07, 0x00, 0x0B, 0x00, 0x10, 0x00,
        0x14, 0x00, 0x15, 0x00, 0x19, 0x00, 0x1A, 0x00, 0x14, 0x00, 0x0D, 0x00, 0x05, 0x00, 0xFC, 0xFF,
        0xF2, 0xFF, 0xEC, 0xFF, 0xEB, 0xFF, 0xEE, 0xFF, 0xF5, 0xFF, 0xFF, 0xFF, 0x0A, 0x00, 0x12, 0x00,
        0x16, 0x00, 0x1A, 0x00, 0x1A, 0x00, 0x14, 0x00, 0x10, 0x00, 0x0E, 0x00, 0x08, 0x00, 0x04, 0x00,
        0x01, 0x00, 0xFB, 0xFF, 0xF6, 0xFF, 0xF1, 0xFF, 0xED, 0xFF, 0xED, 0xFF, 0xEE, 0xFF, 0xF0, 0xFF,
        0xF9, 0xFF, 0x04, 0x00, 0x0D, 0x00, 0x16, 0x00, 0x1A, 0x00, 0x19, 0x00, 0x18, 0x00, 0x12, 0x00,
        0x06, 0x00, 0xFA, 0xFF, 0xF3, 0xFF, 0xEF, 0xFF, 0xEF, 0xFF, 0xEF, 0xFF, 0xEF, 0xFF, 0xF3, 0xFF,
        0xF7, 0xFF, 0xF8, 0xFF, 0xFA, 0xFF, 0x01, 0x00, 0x09, 0x00, 0x0F, 0x00, 0x13, 0x00, 0x19, 0x00,
        0x1B, 0x00, 0x18, 0x00, 0x13, 0x00, 0x0B, 0x00, 0x00, 0x00, 0xF6, 0xFF, 0xEE, 0xFF, 0xEA, 0xFF,
        0xEC, 0xFF, 0xF2, 0xFF, 0xF9, 0xFF, 0x02, 0x00, 0x0B, 0x00, 0x12, 0x00, 0x13, 0x00, 0x14, 0x00,
        0x15, 0x00, 0x15, 0x00, 0x15, 0x00, 0x12, 0x00, 0x0F, 0x00, 0x0A, 0x00, 0x03, 0x00, 0xFD, 0xFF,
        0xF7, 0xFF, 0xEF, 0xFF, 0xEA, 0xFF, 0xEB, 0xFF, 0xF1, 0xFF, 0xF9, 0xFF, 0x00, 0x00, 0x09, 0x00,
        0x15, 0x00, 0x1B, 0x00, 0x1D, 0x00, 0x1B, 0x00, 0x17, 0x00, 0x0F, 0x00, 0x06, 0x00, 0xFF, 0xFF,
        0xF8, 0xFF, 0xF5, 0xFF, 0xF5, 0xFF, 0xF5, 0xFF, 0xF3, 0xFF, 0xF3, 0xFF, 0xF6, 0xFF, 0xF8, 0xFF,
        0xFC, 0xFF, 0x03, 0x00, 0x0B, 0x00, 0x10, 0x00, 0x18, 0x00, 0x1F, 0x00, 0x1E, 0x00, 0x17, 0x00,
        0x0C, 0x00, 0x01, 0x00, 0xF7, 0xFF, 0xF0, 0xFF, 0xEB, 0xFF, 0xE9, 0xFF, 0xED, 0xFF, 0xF2, 0xFF,
        0xF7, 0xFF, 0xFF, 0xFF, 0x07, 0x00, 0x0B, 0x00, 0x0F, 0x00, 0x12, 0x00, 0x14, 0x00, 0x16, 0x00,
        0x17, 0x00, 0x15, 0x00, 0x12, 0x00, 0x0D, 0x00, 0x07, 0x00, 0xFE, 0xFF, 0xF3, 0xFF, 0xEE, 0xFF,
        0xEE, 0xFF, 0xEE, 0xFF, 0xF4, 0xFF, 0xFF, 0xFF, 0x0A, 0x00, 0x12, 0x00, 0x19, 0x00, 0x1F, 0x00,
        0x20, 0x00, 0x1A, 0x00, 0x15, 0x00, 0x0F, 0x00, 0x08, 0x00, 0x03, 0x00, 0x01, 0x00, 0xFD, 0xFF,
        0xF9, 0xFF, 0xF5, 0xFF, 0xF2, 0xFF, 0xF1, 0xFF, 0xF2, 0xFF, 0xF6, 0xFF, 0xFB, 0xFF, 0x04, 0x00,
        0x0F, 0x00, 0x18, 0x00, 0x1E, 0x00, 0x1D, 0x00, 0x19, 0x00, 0x11, 0x00, 0x08, 0x00, 0x01, 0x00,
        0xF8, 0xFF, 0xF0, 0xFF, 0xEF, 0xFF, 0xF0, 0xFF, 0xF1, 0xFF, 0xF5, 0xFF, 0xFA, 0xFF, 0xFF, 0xFF,
        0x04, 0x00, 0x05, 0x00, 0x0A, 0x00, 0x11, 0x00, 0x15, 0x00, 0x19, 0x00, 0x1B, 0x00, 0x19, 0x00,
        0x14, 0x00, 0x0B, 0x00, 0x00, 0x00, 0xF6, 0xFF, 0xEF, 0xFF, 0xEB, 0xFF, 0xEA, 0xFF, 0xF1, 0xFF,
        0xFA, 0xFF, 0x01, 0x00, 0x0C, 0x00, 0x13, 0x00, 0x16, 0x00, 0x1B, 0x00, 0x1B, 0x00, 0x18, 0x00,
        0x14, 0x00, 0x0F, 0x00, 0x0D, 0x00, 0x09, 0x00, 0x01, 0x00, 0xFE, 0xFF, 0xFA, 0xFF, 0xF2, 0xFF,
        0xEF, 0xFF, 0xF0, 0xFF, 0xF4, 0xFF, 0xFC, 0xFF, 0x04, 0x00, 0x0C, 0x00, 0x16, 0x00, 0x1D, 0x00,
        0x20, 0x00, 0x1F, 0x00, 0x1C, 0x00, 0x12, 0x00, 0x05, 0x00, 0x00, 0x00, 0xFC, 0xFF, 0xF5, 0xFF,
        0xF3, 0xFF, 0xF4, 0xFF, 0xF3, 0xFF, 0xF6, 0xFF, 0xFB, 0xFF, 0xFB, 0xFF, 0xFE, 0xFF, 0x06, 0x00,
        0x0D, 0x00, 0x10, 0x00, 0x16, 0x00, 0x1C, 0x00, 0x1A, 0x00, 0x14, 0x00, 0x0F, 0x00, 0x07, 0x00,
        0xFA, 0xFF, 0xF0, 0xFF, 0xEC, 0xFF, 0xEA, 0xFF, 0xEB, 0xFF, 0xF0, 0xFF, 0xF8, 0xFF, 0x03, 0x00,
        0x0B, 0x00, 0x0D, 0x00, 0x11, 0x00, 0x15, 0x00, 0x15, 0x00, 0x16, 0x00, 0x16, 0x00, 0x13, 0x00,
        0x11, 0x00, 0x0C, 0x00, 0x06, 0x00, 0xFF, 0xFF, 0xF8, 0xFF, 0xF4, 0xFF, 0xF0, 0xFF, 0xF0, 0xFF,
        0xF8, 0xFF, 0x00, 0x00, 0x0B, 0x00, 0x16, 0x00, 0x1C, 0x00, 0x20, 0x00, 0x21, 0x00, 0x1C, 0x00,
        0x17, 0x00, 0x10, 0x00, 0x07, 0x00, 0x02, 0x00, 0xFC, 0xFF, 0xF7, 0xFF, 0xF5, 0xFF, 0xF7, 0xFF,
        0xF5, 0xFF, 0xF3, 0xFF, 0xF6, 0xFF, 0xFC, 0xFF, 0x00, 0x00, 0x0A, 0x00, 0x12, 0x00, 0x15, 0x00,
        0x1B, 0x00, 0x1F, 0x00, 0x1B, 0x00, 0x16, 0x00, 0x0D, 0x00, 0x00, 0x00, 0xF8, 0xFF, 0xF1, 0xFF,
        0xED, 0xFF, 0xEE, 0xFF, 0xF0, 0xFF, 0xF5, 0xFF, 0xFD, 0xFF, 0x05, 0x00, 0x0A, 0x00, 0x0D, 0x00,
        0x11, 0x00, 0x13, 0x00, 0x14, 0x00, 0x16, 0x00, 0x18, 0x00, 0x15, 0x00, 0x12, 0x00, 0x0A, 0x00,
        0xFE, 0xFF, 0xF7, 0xFF, 0xF2, 0xFF, 0xED, 0xFF, 0xED, 0xFF, 0xF0, 0xFF, 0xF6, 0xFF, 0xFF, 0xFF,
        0x0B, 0x00, 0x15, 0x00, 0x1A, 0x00, 0x1C, 0x00, 0x1D, 0x00, 0x1A, 0x00, 0x14, 0x00, 0x0E, 0x00,
        0x08, 0x00, 0x05, 0x00, 0x02, 0x00, 0xFE, 0xFF, 0xFB, 0xFF, 0xF8, 0xFF, 0xF5, 0xFF, 0xF6, 0xFF,
        0xF9, 0xFF, 0xFD, 0xFF, 0x05, 0x00, 0x0E, 0x00, 0x17, 0x00, 0x21, 0x00, 0x24, 0x00, 0x22, 0x00,
        0x1E, 0x00, 0x15, 0x00, 0x0B, 0x00, 0x03, 0x00, 0xFA, 0xFF, 0xF8, 0xFF, 0xF8, 0xFF, 0xF5, 0xFF,
        0xF8, 0xFF, 0xFE, 0xFF, 0x00, 0x00, 0x02, 0x00, 0x06, 0x00, 0x0A, 0x00, 0x10, 0x00, 0x14, 0x00,
        0x14, 0x00, 0x17, 0x00, 0x1A, 0x00, 0x16, 0x00, 0x0F, 0x00, 0x07, 0x00, 0xFD, 0xFF, 0xF2, 0xFF,
        0xEA, 0xFF, 0xE8, 0xFF, 0xEB, 0xFF, 0xF1, 0xFF, 0xF9, 0xFF, 0x02, 0x00, 0x0B, 0x00, 0x12, 0x00,
        0x17, 0x00, 0x19, 0x00, 0x1A, 0x00, 0x17, 0x00, 0x13, 0x00, 0x0E, 0x00, 0x0B, 0x00, 0x09, 0x00,
        0x05, 0x00, 0x01, 0x00, 0xFB, 0xFF, 0xF4, 0xFF, 0xF2, 0xFF, 0xF5, 0xFF, 0xF8, 0xFF, 0xFE, 0xFF,
        0x07, 0x00, 0x11, 0x00, 0x1C, 0x00, 0x22, 0x00, 0x22, 0x00, 0x1F, 0x00, 0x1B, 0x00, 0x15, 0x00,
        0x08, 0x00, 0xFE, 0xFF, 0xFA, 0xFF, 0xF7, 0xFF, 0xF6, 0xFF, 0xF7, 0xFF, 0xF8, 0xFF, 0xF9, 0xFF,
        0xFC, 0xFF, 0x01, 0x00, 0x04, 0x00, 0x08, 0x00, 0x10, 0x00, 0x18, 0x00, 0x1C, 0x00, 0x1C, 0x00,
        0x19, 0x00, 0x14, 0x00, 0x0F, 0x00, 0x04, 0x00, 0xF9, 0xFF, 0xF0, 0xFF, 0xEB, 0xFF, 0xEB, 0xFF,
        0xEF, 0xFF, 0xF4, 0xFF, 0xFD, 0xFF, 0x06, 0x00, 0x0C, 0x00, 0x11, 0x00, 0x14, 0x00, 0x13, 0x00,
        0x12, 0x00, 0x14, 0x00, 0x13, 0x00, 0x0E, 0x00, 0x0C, 0x00, 0x08, 0x00, 0x00, 0x00, 0xF9, 0xFF,
        0xF4, 0xFF, 0xF0, 0xFF, 0xF0, 0xFF, 0xF2, 0xFF, 0xF5, 0xFF, 0xFE, 0xFF, 0x0C, 0x00, 0x16, 0x00,
        0x1B, 0x00, 0x1F, 0x00, 0x1E, 0x00, 0x17, 0x00, 0x13, 0x00, 0x0F, 0x00, 0x08, 0x00, 0x01, 0x00,
        0x00, 0x00, 0xFF, 0xFF, 0xFB, 0xFF, 0xF8, 0xFF, 0xFA, 0xFF, 0xFC, 0xFF, 0xFD, 0xFF, 0x02, 0x00,
        0x0A, 0x00, 0x11, 0x00, 0x18, 0x00, 0x1F, 0x00, 0x24, 0x00, 0x24, 0x00, 0x1F, 0x00, 0x17, 0x00,
        0x0D, 0x00, 0x03, 0x00, 0xFB, 0xFF, 0xF4, 0xFF, 0xF0, 0xFF, 0xF2, 0xFF, 0xF6, 0xFF, 0xFB, 0xFF,
        0x01, 0x00, 0x07, 0x00, 0x0C, 0x00, 0x0F, 0x00, 0x11, 0x00, 0x14, 0x00, 0x15, 0x00, 0x16, 0x00,
        0x15, 0x00, 0x12, 0x00, 0x0E, 0x00, 0x07, 0x00, 0xFD, 0xFF, 0xF4, 0xFF, 0xF0, 0xFF, 0xEB, 0xFF,
        0xE9, 0xFF, 0xF0, 0xFF, 0xFA, 0xFF, 0x03, 0x00, 0x0E, 0x00, 0x14, 0x00, 0x18, 0x00, 0x1D, 0x00,
        0x1B, 0x00, 0x14, 0x00, 0x14, 0x00, 0x0F, 0x00, 0x08, 0x00, 0x07, 0x00, 0x04, 0x00, 0xFF, 0xFF,
        0xFC, 0xFF, 0xF9, 0xFF, 0xF6, 0xFF, 0xF7, 0xFF, 0xFA, 0xFF, 0x01, 0x00, 0x0A, 0x00, 0x13, 0x00,
        0x1A, 0x00, 0x20, 0x00, 0x23, 0x00, 0x22, 0x00, 0x1D, 0x00, 0x16, 0x00, 0x0B, 0x00, 0x00, 0x00,
        0xFB, 0xFF, 0xF7, 0xFF, 0xF6, 0xFF, 0xF8, 0xFF, 0xFC, 0xFF, 0xFF, 0xFF, 0x02, 0x00, 0x07, 0x00,
        0x0A, 0x00, 0x0D, 0x00, 0x12, 0x00, 0x15, 0x00, 0x19, 0x00, 0x20, 0x00, 0x1C, 0x00, 0x16, 0x00,
        0x11, 0x00, 0x05, 0x00, 0xFC, 0xFF, 0xF4, 0xFF, 0xEC, 0xFF, 0xED, 0xFF, 0xF0, 0xFF, 0xF3, 0xFF,
        0xFE, 0xFF, 0x07, 0x00, 0x0C, 0x00, 0x16, 0x00, 0x18, 0x00, 0x15, 0x00, 0x15, 0x00, 0x14, 0x00,
        0x11, 0x00, 0x0F, 0x00, 0x0A, 0x00, 0x06, 0x00, 0x04, 0x00, 0xFD, 0xFF, 0xF6, 0xFF, 0xF2, 0xFF,
        0xF0, 0xFF, 0xF4, 0xFF, 0xF9, 0xFF, 0xFE, 0xFF, 0x0A, 0x00, 0x15, 0x00, 0x1B, 0x00, 0x22, 0x00,
        0x24, 0x00, 0x1E, 0x00, 0x18, 0x00, 0x0E, 0x00, 0x05, 0x00, 0x01, 0x00, 0xFC, 0xFF, 0xF7, 0xFF,
        0xF8, 0xFF, 0xF8, 0xFF, 0xF9, 0xFF, 0xFE, 0xFF, 0x02, 0x00, 0x06, 0x00, 0x09, 0x00, 0x0F, 0x00,
        0x16, 0x00, 0x1B, 0x00, 0x1F, 0x00, 0x23, 0x00, 0x21, 0x00, 0x19, 0x00, 0x11, 0x00, 0x06, 0x00,
        0xFA, 0xFF, 0xF3, 0xFF, 0xF1, 0xFF, 0xF2, 0xFF, 0xF5, 0xFF, 0xFB, 0xFF, 0x03, 0x00, 0x0C, 0x00,
        0x12, 0x00, 0x13, 0x00, 0x16, 0x00, 0x18, 0x00, 0x16, 0x00, 0x16, 0x00, 0x15, 0x00, 0x11, 0x00,
        0x0C, 0x00, 0x07, 0x00, 0x00, 0x00, 0xF8, 0xFF, 0xF1, 0xFF, 0xEE, 0xFF, 0xEB, 0xFF, 0xEF, 0xFF,
        0xFA, 0xFF, 0x01, 0x00, 0x0A, 0x00, 0x15, 0x00, 0x1A, 0x00, 0x1C, 0x00, 0x1D, 0x00, 0x19, 0x00,
        0x11, 0x00, 0x0A, 0x00, 0x06, 0x00, 0x01, 0x00, 0xFB, 0xFF, 0xFB, 0xFF, 0xFB, 0xFF, 0xFA, 0xFF,
        0xFA, 0xFF, 0xFB, 0xFF, 0xFF, 0xFF, 0x06, 0x00, 0x0B, 0x00, 0x13, 0x00, 0x1C, 0x00, 0x22, 0x00,
        0x25, 0x00, 0x24, 0x00, 0x1F, 0x00, 0x16, 0x00, 0x0A, 0x00, 0x02, 0x00, 0xFD, 0xFF, 0xF7, 0xFF,
        0xF5, 0xFF, 0xF7, 0xFF, 0xF9, 0xFF, 0x00, 0x00, 0x07, 0x00, 0x0C, 0x00, 0x0F, 0x00, 0x13, 0x00,
        0x18, 0x00, 0x1A, 0x00, 0x19, 0x00, 0x1C, 0x00, 0x1B, 0x00, 0x15, 0x00, 0x11, 0x00, 0x0B, 0x00,
        0x00, 0x00, 0xF5, 0xFF, 0xEE, 0xFF, 0xEC, 0xFF, 0xED, 0xFF, 0xF3, 0xFF, 0xFE, 0xFF, 0x07, 0x00,
        0x0E, 0x00, 0x16, 0x00, 0x1B, 0x00, 0x1B, 0x00, 0x19, 0x00, 0x15, 0x00, 0x11, 0x00, 0x0D, 0x00,
        0x08, 0x00, 0x03, 0x00, 0x00, 0x00, 0xFD, 0xFF, 0xF9, 0xFF, 0xF6, 0xFF, 0xF6, 0xFF, 0xF6, 0xFF,
        0xFA, 0xFF, 0x02, 0x00, 0x0B, 0x00, 0x14, 0x00, 0x1C, 0x00, 0x22, 0x00, 0x23, 0x00, 0x20, 0x00,
        0x1A, 0x00, 0x11, 0x00, 0x08, 0x00, 0x01, 0x00, 0xFB, 0xFF, 0xF9, 0xFF, 0xF9, 0xFF, 0xFA, 0xFF,
        0xFE, 0xFF, 0x03, 0x00, 0x06, 0x00, 0x0B, 0x00, 0x0F, 0x00, 0x12, 0x00, 0x17, 0x00, 0x1B, 0x00,
        0x1E, 0x00, 0x21, 0x00, 0x1D, 0x00, 0x1A, 0x00, 0x14, 0x00, 0x09, 0x00, 0x01, 0x00, 0xF8, 0xFF,
        0xEF, 0xFF, 0xF2, 0xFF, 0xF8, 0xFF, 0xFB, 0xFF, 0x05, 0x00, 0x10, 0x00, 0x16, 0x00, 0x19, 0x00,
        0x1A, 0x00, 0x1B, 0x00, 0x1A, 0x00, 0x16, 0x00, 0x13, 0x00, 0x10, 0x00, 0x0B, 0x00, 0x06, 0x00,
        0x01, 0x00, 0xFC, 0xFF, 0xF8, 0xFF, 0xF2, 0xFF, 0xF2, 0xFF, 0xF5, 0xFF, 0xF9, 0xFF, 0x03, 0x00,
        0x0F, 0x00, 0x17, 0x00, 0x1C, 0x00, 0x1F, 0x00, 0x1E, 0x00, 0x1A, 0x00, 0x13, 0x00, 0x0C, 0x00,
        0x03, 0x00, 0xFE, 0xFF, 0xFC, 0xFF, 0xFA, 0xFF, 0xFA, 0xFF, 0xFA, 0xFF, 0xFA, 0xFF, 0xFE, 0xFF,
        0x01, 0x00, 0x05, 0x00, 0x0B, 0x00, 0x11, 0x00, 0x18, 0x00, 0x1F, 0x00, 0x21, 0x00, 0x22, 0x00,
        0x20, 0x00, 0x19, 0x00, 0x10, 0x00, 0x06, 0x00, 0xFB, 0xFF, 0xF6, 0xFF, 0xF6, 0xFF, 0xF9, 0xFF,
        0xFC, 0xFF, 0x03, 0x00, 0x0B, 0x00, 0x10, 0x00, 0x14, 0x00, 0x19, 0x00, 0x19, 0x00, 0x1A, 0x00,
        0x1B, 0x00, 0x18, 0x00, 0x17, 0x00, 0x14, 0x00, 0x0D, 0x00, 0x07, 0x00, 0x00, 0x00, 0xF9, 0xFF,
        0xF2, 0xFF, 0xEC, 0xFF, 0xF0, 0xFF, 0xF8, 0xFF, 0xFB, 0xFF, 0x04, 0x00, 0x10, 0x00, 0x18, 0x00,
        0x1D, 0x00, 0x1D, 0x00, 0x19, 0x00, 0x16, 0x00, 0x10, 0x00, 0x0A, 0x00, 0x06, 0x00, 0x00, 0x00,
        0xFD, 0xFF, 0xFC, 0xFF, 0xF7, 0xFF, 0xF5, 0xFF, 0xFA, 0xFF, 0xFC, 0xFF, 0xFE, 0xFF, 0x03, 0x00,
        0x08, 0x00, 0x10, 0x00, 0x1B, 0x00, 0x22, 0x00, 0x23, 0x00, 0x21, 0x00, 0x1B, 0x00, 0x12, 0x00,
        0x0A, 0x00, 0x01, 0x00, 0xF8, 0xFF, 0xF5, 0xFF, 0xF6, 0xFF, 0xF7, 0xFF, 0xFC, 0xFF, 0x03, 0x00,
        0x08, 0x00, 0x0C, 0x00, 0x11, 0x00, 0x14, 0x00, 0x16, 0x00, 0x18, 0x00, 0x1C, 0x00, 0x1F, 0x00,
        0x1B, 0x00, 0x17, 0x00, 0x11, 0x00, 0x0A, 0x00, 0x02, 0x00, 0xF8, 0xFF, 0xF2, 0xFF, 0xF4, 0xFF,
        0xF5, 0xFF, 0xF9, 0xFF, 0x06, 0x00, 0x10, 0x00, 0x18, 0x00, 0x1D, 0x00, 0x1E, 0x00, 0x1E, 0x00,
        0x1C, 0x00, 0x16, 0x00, 0x13, 0x00, 0x10, 0x00, 0x0A, 0x00, 0x03, 0x00, 0xFE, 0xFF, 0xFB, 0xFF,
        0xF9, 0xFF, 0xF6, 0xFF, 0xF4, 0xFF, 0xF7, 0xFF, 0xFC, 0xFF, 0x03, 0x00, 0x0D, 0x00, 0x16, 0x00,
        0x1D, 0x00, 0x23, 0x00, 0x21, 0x00, 0x1A, 0x00, 0x16, 0x00, 0x0B, 0x00, 0xFE, 0xFF, 0xFA, 0xFF,
        0xF8, 0xFF, 0xF3, 0xFF, 0xF3, 0xFF, 0xF8, 0xFF, 0xFD, 0xFF, 0xFF, 0xFF, 0x02, 0x00, 0x08, 0x00,
        0x0C, 0x00, 0x11, 0x00, 0x18, 0x00, 0x1C, 0x00, 0x1E, 0x00, 0x20, 0x00, 0x1B, 0x00, 0x17, 0x00,
        0x10, 0x00, 0x03, 0x00, 0xFB, 0xFF, 0xF6, 0xFF, 0xF3, 0xFF, 0xF4, 0xFF, 0xF8, 0xFF, 0x01, 0x00,
        0x0B, 0x00, 0x11, 0x00, 0x17, 0x00, 0x1C, 0x00, 0x1C, 0x00, 0x1C, 0x00, 0x1A, 0x00, 0x16, 0x00,
        0x14, 0x00, 0x12, 0x00, 0x0F, 0x00, 0x09, 0x00, 0x00, 0x00, 0xF9, 0xFF, 0xF5, 0xFF, 0xF3, 0xFF,
        0xF3, 0xFF, 0xF5, 0xFF, 0xFE, 0xFF, 0x08, 0x00, 0x10, 0x00, 0x18, 0x00, 0x1D, 0x00, 0x20, 0x00,
        0x1E, 0x00, 0x17, 0x00, 0x11, 0x00, 0x09, 0x00, 0x01, 0x00, 0xFE, 0xFF, 0xFA, 0xFF, 0xF6, 0xFF,
        0xF5, 0xFF, 0xF5, 0xFF, 0xFA, 0xFF, 0xFF, 0xFF, 0xFF, 0xFF, 0x05, 0x00, 0x0C, 0x00, 0x11, 0x00,
        0x19, 0x00, 0x1E, 0x00, 0x1F, 0x00, 0x1F, 0x00, 0x1A, 0x00, 0x12, 0x00, 0x08, 0x00, 0xFE, 0xFF,
        0xF6, 0xFF, 0xF3, 0xFF, 0xF3, 0xFF, 0xF5, 0xFF, 0xF8, 0xFF, 0x02, 0x00, 0x0A, 0x00, 0x0D, 0x00,
        0x14, 0x00, 0x17, 0x00, 0x17, 0x00, 0x1B, 0x00, 0x1D, 0x00, 0x1A, 0x00, 0x18, 0x00, 0x13, 0x00,
        0x0D, 0x00, 0x07, 0x00, 0x01, 0x00, 0xFB, 0xFF, 0xF3, 0xFF, 0xF1, 0xFF, 0xF5, 0xFF, 0xFC, 0xFF,
        0x05, 0x00, 0x0D, 0x00, 0x15, 0x00, 0x1F, 0x00, 0x22, 0x00, 0x1F, 0x00, 0x1C, 0x00, 0x15, 0x00,
        0x0F, 0x00, 0x0C, 0x00, 0x04, 0x00, 0xFF, 0xFF, 0xFE, 0xFF, 0xF9, 0xFF, 0xF5, 0xFF, 0xF6, 0xFF,
        0xF6, 0xFF, 0xF7, 0xFF, 0xFD, 0xFF, 0x03, 0x00, 0x0A, 0x00, 0x12, 0x00, 0x19, 0x00, 0x1D, 0x00,
        0x1F, 0x00, 0x1C, 0x00, 0x13, 0x00, 0x09, 0x00, 0x00, 0x00, 0xF9, 0xFF, 0xF3, 0xFF, 0xF1, 0xFF,
        0xF4, 0xFF, 0xF6, 0xFF, 0xF8, 0xFF, 0xFF, 0xFF, 0x05, 0x00, 0x0B, 0x00, 0x0F, 0x00, 0x12, 0x00,
        0x16, 0x00, 0x19, 0x00, 0x1B, 0x00, 0x1D, 0x00, 0x1B, 0x00, 0x15, 0x00, 0x0C, 0x00, 0x03, 0x00,
        0xFC, 0xFF, 0xF6, 0xFF, 0xF2, 0xFF, 0xF4, 0xFF, 0xF9, 0xFF, 0xFF, 0xFF, 0x08, 0x00, 0x12, 0x00,
        0x18, 0x00, 0x1D, 0x00, 0x1F, 0x00, 0x1D, 0x00, 0x19, 0x00, 0x16, 0x00, 0x12, 0x00, 0x0D, 0x00,
        0x09, 0x00, 0x03, 0x00, 0xFF, 0xFF, 0xFC, 0xFF, 0xF8, 0xFF, 0xF6, 0xFF, 0xF8, 0xFF, 0xFA, 0xFF,
        0xFC, 0xFF, 0x03, 0x00, 0x0E, 0x00, 0x1A, 0x00, 0x21, 0x00, 0x21, 0x00, 0x1F, 0x00, 0x1B, 0x00,
        0x13, 0x00, 0x09, 0x00, 0xFF, 0xFF, 0xF8, 0xFF, 0xF6, 0xFF, 0xF6, 0xFF, 0xF6, 0xFF, 0xF9, 0xFF,
        0xFD, 0xFF, 0xFF, 0xFF, 0x03, 0x00, 0x08, 0x00, 0x0D, 0x00, 0x12, 0x00, 0x15, 0x00, 0x18, 0x00,
        0x1D, 0x00, 0x1E, 0x00, 0x17, 0x00, 0x0F, 0x00, 0x07, 0x00, 0xFE, 0xFF, 0xF6, 0xFF, 0xF0, 0xFF,
        0xEF, 0xFF, 0xF3, 0xFF, 0xFA, 0xFF, 0x02, 0x00, 0x0B, 0x00, 0x12, 0x00, 0x18, 0x00, 0x1A, 0x00,
        0x1B, 0x00, 0x1A, 0x00, 0x19, 0x00, 0x18, 0x00, 0x16, 0x00, 0x12, 0x00, 0x0B, 0x00, 0x06, 0x00,
        0x02, 0x00, 0xFC, 0xFF, 0xF8, 0xFF, 0xF7, 0xFF, 0xF7, 0xFF, 0xFC, 0xFF, 0x05, 0x00, 0x0F, 0x00,
        0x17, 0x00, 0x1D, 0x00, 0x22, 0x00, 0x22, 0x00, 0x1D, 0x00, 0x17, 0x00, 0x10, 0x00, 0x06, 0x00,
        0x01, 0x00, 0xFE, 0xFF, 0xFA, 0xFF, 0xF9, 0xFF, 0xF9, 0xFF, 0xF8, 0xFF, 0xF9, 0xFF, 0xFE, 0xFF,
        0x02, 0x00, 0x04, 0x00, 0x0A, 0x00, 0x14, 0x00, 0x18, 0x00, 0x1B, 0x00, 0x1F, 0x00, 0x1C, 0x00,
        0x14, 0x00, 0x0C, 0x00, 0x01, 0x00, 0xF6, 0xFF, 0xF1, 0xFF, 0xEF, 0xFF, 0xF1, 0xFF, 0xF5, 0xFF,
        0xF9, 0xFF, 0x00, 0x00, 0x07, 0x00, 0x0C, 0x00, 0x12, 0x00, 0x16, 0x00, 0x18, 0x00, 0x17, 0x00,
        0x18, 0x00, 0x19, 0x00, 0x15, 0x00, 0x12, 0x00, 0x0E, 0x00, 0x04, 0x00, 0xFC, 0xFF, 0xF6, 0xFF,
        0xF2, 0xFF, 0xF2, 0xFF, 0xF7, 0xFF, 0xFE, 0xFF, 0x08, 0x00, 0x11, 0x00, 0x17, 0x00, 0x1E, 0x00,
        0x21, 0x00, 0x1F, 0x00, 0x1B, 0x00, 0x14, 0x00, 0x0D, 0x00, 0x09, 0x00, 0x04, 0x00, 0x01, 0x00,
        0xFE, 0xFF, 0xFB, 0xFF, 0xFA, 0xFF, 0xFA, 0xFF, 0xF9, 0xFF, 0xFA, 0xFF, 0xFF, 0xFF, 0x07, 0x00,
        0x10, 0x00, 0x17, 0x00, 0x1A, 0x00, 0x1F, 0x00, 0x20, 0x00, 0x1A, 0x00, 0x12, 0x00, 0x08, 0x00,
        0xFE, 0xFF, 0xF8, 0xFF, 0xF4, 0xFF, 0xF2, 0xFF, 0xF3, 0xFF, 0xF5, 0xFF, 0xFA, 0xFF, 0x00, 0x00,
        0x04, 0x00, 0x07, 0x00, 0x0C, 0x00, 0x10, 0x00, 0x13, 0x00, 0x14, 0x00, 0x17, 0x00, 0x1A, 0x00,
        0x16, 0x00, 0x0C, 0x00, 0x04, 0x00, 0xFD, 0xFF, 0xF4, 0xFF, 0xEE, 0xFF, 0xEC, 0xFF, 0xF0, 0xFF,
        0xF6, 0xFF, 0xFD, 0xFF, 0x06, 0x00, 0x12, 0x00, 0x17, 0x00, 0x18, 0x00, 0x1C, 0x00, 0x1C, 0x00,
        0x15, 0x00, 0x12, 0x00, 0x0F, 0x00, 0x0B, 0x00, 0x0A, 0x00, 0x06, 0x00, 0xFF, 0xFF, 0xFA, 0xFF,
        0xF6, 0xFF, 0xF5, 0xFF, 0xF8, 0xFF, 0xF9, 0xFF, 0x01, 0x00, 0x0B, 0x00, 0x12, 0x00, 0x1C, 0x00,
        0x22, 0x00, 0x22, 0x00, 0x21, 0x00, 0x19, 0x00, 0x0F, 0x00, 0x07, 0x00, 0xFD, 0xFF, 0xF9, 0xFF,
        0xF8, 0xFF, 0xF4, 0xFF, 0xF7, 0xFF, 0xFB, 0xFF, 0xFB, 0xFF, 0xFE, 0xFF, 0x02, 0x00, 0x06, 0x00,
        0x0B, 0x00, 0x10, 0x00, 0x14, 0x00, 0x17, 0x00, 0x19, 0x00, 0x19, 0x00, 0x12, 0x00, 0x09, 0x00,
        0x03, 0x00, 0xF7, 0xFF, 0xEE, 0xFF, 0xEE, 0xFF, 0xED, 0xFF, 0xEE, 0xFF, 0xF8, 0xFF, 0x00, 0x00,
        0x06, 0x00, 0x0D, 0x00, 0x12, 0x00, 0x16, 0x00, 0x16, 0x00, 0x14, 0x00, 0x14, 0x00, 0x12, 0x00,
        0x0E, 0x00, 0x0B, 0x00, 0x08, 0x00, 0x02, 0x00, 0xFB, 0xFF, 0xF6, 0xFF, 0xF3, 0xFF, 0xF1, 0xFF,
        0xF4, 0xFF, 0xFC, 0xFF, 0x04, 0x00, 0x0E, 0x00, 0x17, 0x00, 0x1D, 0x00, 0x20, 0x00, 0x20, 0x00,
        0x1A, 0x00, 0x12, 0x00, 0x0A, 0x00, 0x05, 0x00, 0x01, 0x00, 0xFD, 0xFF, 0xFA, 0xFF, 0xF9, 0xFF,
        0xFA, 0xFF, 0xF9, 0xFF, 0xFB, 0xFF, 0xFE, 0xFF, 0x01, 0x00, 0x06, 0x00, 0x0E, 0x00, 0x13, 0x00,
        0x19, 0x00, 0x1D, 0x00, 0x1A, 0x00, 0x18, 0x00, 0x11, 0x00, 0x06, 0x00, 0xFE, 0xFF, 0xF6, 0xFF,
        0xF0, 0xFF, 0xEE, 0xFF, 0xF0, 0xFF, 0xF4, 0xFF, 0xF9, 0xFF, 0xFE, 0xFF, 0x06, 0x00, 0x0D, 0x00,
        0x0F, 0x00, 0x0F, 0x00, 0x12, 0x00, 0x14, 0x00, 0x14, 0x00, 0x13, 0x00, 0x11, 0x00, 0x0B, 0x00,
        0x02, 0x00, 0xFB, 0xFF, 0xF5, 0xFF, 0xF0, 0xFF, 0xEE, 0xFF, 0xF0, 0xFF, 0xF3, 0xFF, 0xFB, 0xFF,
        0x05, 0x00, 0x0E, 0x00, 0x14, 0x00, 0x1A, 0x00, 0x1B, 0x00, 0x18, 0x00, 0x15, 0x00, 0x12, 0x00,
        0x0B, 0x00, 0x03, 0x00, 0x00, 0x00, 0xFE, 0xFF, 0xF9, 0xFF, 0xF7, 0xFF, 0xF9, 0xFF, 0xF6, 0xFF,
        0xF6, 0xFF, 0xFC, 0xFF, 0x01, 0x00, 0x08, 0x00, 0x12, 0x00, 0x1B, 0x00, 0x20, 0x00, 0x21, 0x00,
        0x1C, 0x00, 0x15, 0x00, 0x0D, 0x00, 0x06, 0x00, 0xFE, 0xFF, 0xF6, 0xFF, 0xF4, 0xFF, 0xF4, 0xFF,
        0xF3, 0xFF, 0xF8, 0xFF, 0xFD, 0xFF, 0x01, 0x00, 0x07, 0x00, 0x0B, 0x00, 0x0C, 0x00, 0x0F, 0x00,
        0x15, 0x00, 0x18, 0x00, 0x16, 0x00, 0x13, 0x00, 0x0F, 0x00, 0x08, 0x00, 0x00, 0x00, 0xF7, 0xFF,
        0xEE, 0xFF, 0xE9, 0xFF, 0xE9, 0xFF, 0xEC, 0xFF, 0xF2, 0xFF, 0xFC, 0xFF, 0x06, 0x00, 0x0B, 0x00,
        0x11, 0x00, 0x13, 0x00, 0x15, 0x00, 0x15, 0x00, 0x10, 0x00, 0x0A, 0x00, 0x09, 0x00, 0x07, 0x00,
        0x02, 0x00, 0xFD, 0xFF, 0xF7, 0xFF, 0xF4, 0xFF, 0xF2, 0xFF, 0xF0, 0xFF, 0xF3, 0xFF, 0xF9, 0xFF,
        0x01, 0x00, 0x0A, 0x00, 0x13, 0x00, 0x1B, 0x00, 0x20, 0x00, 0x1E, 0x00, 0x19, 0x00, 0x14, 0x00,
        0x0D, 0x00, 0x04, 0x00, 0xFD, 0xFF, 0xF9, 0xFF, 0xF4, 0xFF, 0xF2, 0xFF, 0xF7, 0xFF, 0xFA, 0xFF,
        0xFA, 0xFF, 0xFD, 0xFF, 0x02, 0x00, 0x07, 0x00, 0x0C, 0x00, 0x11, 0x00, 0x17, 0x00, 0x1A, 0x00,
        0x19, 0x00, 0x16, 0x00, 0x0F, 0x00, 0x04, 0x00, 0xFB, 0xFF, 0xF6, 0xFF, 0xED, 0xFF, 0xE8, 0xFF,
        0xED, 0xFF, 0xF2, 0xFF, 0xF8, 0xFF, 0x01, 0x00, 0x07, 0x00, 0x0B, 0x00, 0x11, 0x00, 0x11, 0x00,
        0x11, 0x00, 0x12, 0x00, 0x11, 0x00, 0x0E, 0x00, 0x0B, 0x00, 0x04, 0x00, 0xFD, 0xFF, 0xF8, 0xFF,
        0xF3, 0xFF, 0xED, 0xFF, 0xE9, 0xFF, 0xEC, 0xFF, 0xF2, 0xFF, 0xF6, 0xFF, 0x00, 0x00, 0x0B, 0x00,
        0x14, 0x00, 0x1A, 0x00, 0x1A, 0x00, 0x18, 0x00, 0x14, 0x00, 0x0C, 0x00, 0x06, 0x00, 0x00, 0x00,
        0xFA, 0xFF, 0xF7, 0xFF, 0xF6, 0xFF, 0xF4, 0xFF, 0xF5, 0xFF, 0xF8, 0xFF, 0xFA, 0xFF, 0xFC, 0xFF,
        0xFF, 0xFF, 0x08, 0x00, 0x0F, 0x00, 0x15, 0x00, 0x1B, 0x00, 0x1C, 0x00, 0x1B, 0x00, 0x17, 0x00,
        0x0C, 0x00, 0x03, 0x00, 0xFC, 0xFF, 0xF4, 0xFF, 0xEF, 0xFF, 0xEE, 0xFF, 0xF0, 0xFF, 0xF7, 0xFF,
        0xFF, 0xFF, 0x03, 0x00, 0x07, 0x00, 0x0C, 0x00, 0x0F, 0x00, 0x10, 0x00, 0x10, 0x00, 0x12, 0x00,
        0x11, 0x00, 0x0D, 0x00, 0x09, 0x00, 0x04, 0x00, 0xFB, 0xFF, 0xF4, 0xFF, 0xEE, 0xFF, 0xE7, 0xFF,
        0xE6, 0xFF, 0xE9, 0xFF, 0xEE, 0xFF, 0xF7, 0xFF, 0x02, 0x00, 0x0A, 0x00, 0x10, 0x00, 0x13, 0x00,
        0x13, 0x00, 0x10, 0x00, 0x0C, 0x00, 0x08, 0x00, 0x02, 0x00, 0xFC, 0xFF, 0xFB, 0xFF, 0xF6, 0xFF,
        0xF1, 0xFF, 0xF5, 0xFF, 0xF3, 0xFF, 0xEF, 0xFF, 0xF2, 0xFF, 0xF7, 0xFF, 0x00, 0x00, 0x09, 0x00,
        0x0E, 0x00, 0x18, 0x00, 0x1E, 0x00, 0x1C, 0x00, 0x1B, 0x00, 0x15, 0x00, 0x09, 0x00, 0xFF, 0xFF,
        0xF7, 0xFF, 0xF4, 0xFF, 0xF2, 0xFF, 0xEF, 0xFF, 0xF1, 0xFF, 0xF7, 0xFF, 0xFC, 0xFF, 0x00, 0x00,
        0x04, 0x00, 0x07, 0x00, 0x09, 0x00, 0x0F, 0x00, 0x14, 0x00, 0x13, 0x00, 0x14, 0x00, 0x14, 0x00,
        0x0B, 0x00, 0x03, 0x00, 0xFB, 0xFF, 0xF2, 0xFF, 0xED, 0xFF, 0xE9, 0xFF, 0xE8, 0xFF, 0xEE, 0xFF,
        0xF4, 0xFF, 0xFC, 0xFF, 0x07, 0x00, 0x0E, 0x00, 0x10, 0x00, 0x12, 0x00, 0x11, 0x00, 0x0E, 0x00,
        0x0B, 0x00, 0x0A, 0x00, 0x06, 0x00, 0xFE, 0xFF, 0xFA, 0xFF, 0xF7, 0xFF, 0xF1, 0xFF, 0xED, 0xFF,
        0xEA, 0xFF, 0xEC, 0xFF, 0xF1, 0xFF, 0xF4, 0xFF, 0xFA, 0xFF, 0x07, 0x00, 0x0F, 0x00, 0x13, 0x00,
        0x17, 0x00, 0x16, 0x00, 0x11, 0x00, 0x0C, 0x00, 0x03, 0x00, 0xF7, 0xFF, 0xF3, 0xFF, 0xF1, 0xFF,
        0xEF, 0xFF, 0xEF, 0xFF, 0xF0, 0xFF, 0xF3, 0xFF, 0xFA, 0xFF, 0xFF, 0xFF, 0x01, 0x00, 0x05, 0x00,
        0x0C, 0x00, 0x12, 0x00, 0x15, 0x00, 0x17, 0x00, 0x18, 0x00, 0x14, 0x00, 0x0C, 0x00, 0x01, 0x00,
        0xF8, 0xFF, 0xF2, 0xFF, 0xEC, 0xFF, 0xE8, 0xFF, 0xEE, 0xFF, 0xF5, 0xFF, 0xFB, 0xFF, 0x02, 0x00,
        0x07, 0x00, 0x0D, 0x00, 0x13, 0x00, 0x13, 0x00, 0x11, 0x00, 0x0E, 0x00, 0x0D, 0x00, 0x0B, 0x00,
        0x06, 0x00, 0x01, 0x00, 0xFB, 0xFF, 0xF4, 0xFF, 0xEF, 0xFF, 0xE9, 0xFF, 0xE6, 0xFF, 0xE9, 0xFF,
        0xED, 0xFF, 0xF4, 0xFF, 0x00, 0x00, 0x09, 0x00, 0x10, 0x00, 0x15, 0x00, 0x14, 0x00, 0x10, 0x00,
        0x0A, 0x00, 0x04, 0x00, 0x00, 0x00, 0xF9, 0xFF, 0xF3, 0xFF, 0xF1, 0xFF, 0xEF, 0xFF, 0xF1, 0xFF,
        0xF2, 0xFF, 0xF2, 0xFF, 0xF4, 0xFF, 0xF8, 0xFF, 0xFE, 0xFF, 0x05, 0x00, 0x0D, 0x00, 0x15, 0x00,
        0x19, 0x00, 0x19, 0x00, 0x18, 0x00, 0x11, 0x00, 0x09, 0x00, 0x00, 0x00, 0xF6, 0xFF, 0xF0, 0xFF,
        0xEE, 0xFF, 0xF0, 0xFF, 0xF3, 0xFF, 0xF5, 0xFF, 0xFC, 0xFF, 0x03, 0x00, 0x07, 0x00, 0x0B, 0x00,
        0x0D, 0x00, 0x0F, 0x00, 0x13, 0x00, 0x15, 0x00, 0x12, 0x00, 0x0F, 0x00, 0x0C, 0x00, 0x06, 0x00,
        0xFD, 0xFF, 0xF4, 0xFF, 0xEE, 0xFF, 0xE9, 0xFF, 0xE8, 0xFF, 0xEA, 0xFF, 0xF2, 0xFF, 0xFE, 0xFF,
        0x07, 0x00, 0x0C, 0x00, 0x13, 0x00, 0x15, 0x00, 0x12, 0x00, 0x10, 0x00, 0x0B, 0x00, 0x03, 0x00,
        0xFD, 0xFF, 0xFA, 0xFF, 0xF9, 0xFF, 0xF4, 0xFF, 0xEF, 0xFF, 0xEE, 0xFF, 0xED, 0xFF, 0xEE, 0xFF,
        0xF1, 0xFF, 0xF6, 0xFF, 0xFE, 0xFF, 0x06, 0x00, 0x0F, 0x00, 0x16, 0x00, 0x18, 0x00, 0x18, 0x00,
        0x15, 0x00, 0x0A, 0x00, 0x01, 0x00, 0xF9, 0xFF, 0xF2, 0xFF, 0xF0, 0xFF, 0xEF, 0xFF, 0xEE, 0xFF,
        0xF2, 0xFF, 0xF6, 0xFF, 0xF9, 0xFF, 0x00, 0x00, 0x05, 0x00, 0x06, 0x00, 0x09, 0x00, 0x0F, 0x00,
        0x13, 0x00, 0x15, 0x00, 0x16, 0x00, 0x15, 0x00, 0x0D, 0x00, 0x01, 0x00, 0xF8, 0xFF, 0xF3, 0xFF,
        0xEE, 0xFF, 0xED, 0xFF, 0xED, 0xFF, 0xF0, 0xFF, 0xFB, 0xFF, 0x04, 0x00, 0x09, 0x00, 0x0F, 0x00,
        0x12, 0x00, 0x13, 0x00, 0x11, 0x00, 0x0C, 0x00, 0x0A, 0x00, 0x09, 0x00, 0x03, 0x00, 0xFE, 0xFF,
        0xFB, 0xFF, 0xF6, 0xFF, 0xF1, 0xFF, 0xEC, 0xFF, 0xE9, 0xFF, 0xEA, 0xFF, 0xF0, 0xFF, 0xF6, 0xFF,
        0xFB, 0xFF, 0x04, 0x00, 0x0F, 0x00, 0x14, 0x00, 0x13, 0x00, 0x10, 0x00, 0x0A, 0x00, 0x03, 0x00,
        0xFB, 0xFF, 0xF3, 0xFF, 0xF1, 0xFF, 0xF1, 0xFF, 0xEF, 0xFF, 0xEE, 0xFF, 0xF0, 0xFF, 0xF1, 0xFF,
        0xF5, 0xFF, 0xFB, 0xFF, 0xFF, 0xFF, 0x03, 0x00, 0x0B, 0x00, 0x11, 0x00, 0x14, 0x00, 0x18, 0x00,
        0x15, 0x00, 0x0F, 0x00, 0x07, 0x00, 0xFE, 0xFF, 0xF6, 0xFF, 0xF0, 0xFF, 0xEB, 0xFF, 0xEC, 0xFF,
        0xEF, 0xFF, 0xF1, 0xFF, 0xFB, 0xFF, 0x05, 0x00, 0x0B, 0x00, 0x0E, 0x00, 0x10, 0x00, 0x10, 0x00,
        0x12, 0x00, 0x11, 0x00, 0x0D, 0x00, 0x0A, 0x00, 0x06, 0x00, 0x01, 0x00, 0xFA, 0xFF, 0xF6, 0xFF,
        0xEF, 0xFF, 0xE7, 0xFF, 0xE8, 0xFF, 0xEA, 0xFF, 0xF0, 0xFF, 0xFB, 0xFF, 0x05, 0x00, 0x0C, 0x00,
        0x11, 0x00, 0x12, 0x00, 0x14, 0x00, 0x12, 0x00, 0x08, 0x00, 0x01, 0x00, 0xFB, 0xFF, 0xF4, 0xFF,
        0xF1, 0xFF, 0xEF, 0xFF, 0xEE, 0xFF, 0xF0, 0xFF, 0xEE, 0xFF, 0xED, 0xFF, 0xF2, 0xFF, 0xF6, 0xFF,
        0xF9, 0xFF, 0x00, 0x00, 0x0A, 0x00, 0x13, 0x00, 0x16, 0x00, 0x14, 0x00, 0x0E, 0x00, 0x09, 0x00,
        0x01, 0x00, 0xF7, 0xFF, 0xF1, 0xFF, 0xEE, 0xFF, 0xEB, 0xFF, 0xEC, 0xFF, 0xEE, 0xFF, 0xF2, 0xFF,
        0xFC, 0xFF, 0x04, 0x00, 0x06, 0x00, 0x07, 0x00, 0x0B, 0x00, 0x0C, 0x00, 0x0C, 0x00, 0x10, 0x00,
        0x10, 0x00, 0x0C, 0x00, 0x07, 0x00, 0x00, 0x00, 0xF7, 0xFF, 0xF2, 0xFF, 0xEB, 0xFF, 0xE7, 0xFF,
        0xEB, 0xFF, 0xF1, 0xFF, 0xF7, 0xFF, 0x01, 0x00, 0x08, 0x00, 0x0F, 0x00, 0x14, 0x00, 0x13, 0x00,
        0x11, 0x00, 0x0F, 0x00, 0x08, 0x00, 0x04, 0x00, 0x00, 0x00, 0xFA, 0xFF, 0xF6, 0xFF, 0xF1, 0xFF,
        0xEE, 0xFF, 0xEE, 0xFF, 0xEC, 0xFF, 0xEA, 0xFF, 0xF0, 0xFF, 0xF6, 0xFF, 0xFB, 0xFF, 0x03, 0x00,
        0x0D, 0x00, 0x12, 0x00, 0x13, 0x00, 0x12, 0x00, 0x0B, 0x00, 0x02, 0x00, 0xFD, 0xFF, 0xF4, 0xFF,
        0xEB, 0xFF, 0xE9, 0xFF, 0xE9, 0xFF, 0xE9, 0xFF, 0xEE, 0xFF, 0xF2, 0xFF, 0xF5, 0xFF, 0xFA, 0xFF,
        0xFE, 0xFF, 0x03, 0x00, 0x09, 0x00, 0x0C, 0x00, 0x0E, 0x00, 0x10, 0x00, 0x11, 0x00, 0x0E, 0x00,
        0x03, 0x00, 0xFB, 0xFF, 0xF8, 0xFF, 0xEF, 0xFF, 0xE8, 0xFF, 0xE9, 0xFF, 0xEA, 0xFF, 0xEF, 0xFF,
        0xFA, 0xFF, 0x02, 0x00, 0x09, 0x00, 0x10, 0x00, 0x11, 0x00, 0x10, 0x00, 0x10, 0x00, 0x0D, 0x00,
        0x09, 0x00, 0x08, 0x00, 0x05, 0x00, 0xFF, 0xFF, 0xFB, 0xFF, 0xF6, 0xFF, 0xEF, 0xFF, 0xE9, 0xFF,
        0xE9, 0xFF, 0xEE, 0xFF, 0xF2, 0xFF, 0xF8, 0xFF, 0x00, 0x00, 0x08, 0x00, 0x10, 0x00, 0x16, 0x00,
        0x14, 0x00, 0x0F, 0x00, 0x0B, 0x00, 0x05, 0x00, 0xFC, 0xFF, 0xF5, 0xFF, 0xEF, 0xFF, 0xED, 0xFF,
        0xEB, 0xFF, 0xEB, 0xFF, 0xEF, 0xFF, 0xF3, 0xFF, 0xF3, 0xFF, 0xF3, 0xFF, 0xFA, 0xFF, 0x03, 0x00,
        0x09, 0x00, 0x0D, 0x00, 0x10, 0x00, 0x11, 0x00, 0x0F, 0x00, 0x0B, 0x00, 0x00, 0x00, 0xF7, 0xFF,
        0xF0, 0xFF, 0xE9, 0xFF, 0xE7, 0xFF, 0xEA, 0xFF, 0xED, 0xFF, 0xF2, 0xFF, 0xFB, 0xFF, 0x01, 0x00,
        0x06, 0x00, 0x0A, 0x00, 0x0B, 0x00, 0x0C, 0x00, 0x0D, 0x00, 0x0D, 0x00, 0x0A, 0x00, 0x06, 0x00,
        0x04, 0x00, 0x01, 0x00, 0xF8, 0xFF, 0xF1, 0xFF, 0xEE, 0xFF, 0xEA, 0xFF, 0xE8, 0xFF, 0xED, 0xFF,
        0xF5, 0xFF, 0xFF, 0xFF, 0x08, 0x00, 0x0C, 0x00, 0x11, 0x00, 0x15, 0x00, 0x15, 0x00, 0x10, 0x00,
        0x08, 0x00, 0x02, 0x00, 0xFF, 0xFF, 0xF7, 0xFF, 0xF2, 0xFF, 0xF1, 0xFF, 0xEF, 0xFF, 0xED, 0xFF,
        0xEC, 0xFF, 0xED, 0xFF, 0xF3, 0xFF, 0xF8, 0xFF, 0xFD, 0xFF, 0x05, 0x00, 0x0B, 0x00, 0x10, 0x00,
        0x13, 0x00, 0x10, 0x00, 0x0C, 0x00, 0x05, 0x00, 0xFA, 0xFF, 0xF1, 0xFF, 0xEA, 0xFF, 0xE4, 0xFF,
        0xE6, 0xFF, 0xEC, 0xFF, 0xED, 0xFF, 0xEF, 0xFF, 0xF6, 0xFF, 0xFF, 0xFF, 0x05, 0x00, 0x04, 0x00,
        0x05, 0x00, 0x0A, 0x00, 0x0C, 0x00, 0x0B, 0x00, 0x0A, 0x00, 0x08, 0x00, 0x01, 0x00, 0xFA, 0xFF,
        0xF4, 0xFF, 0xEF, 0xFF, 0xEA, 0xFF, 0xE7, 0xFF, 0xEB, 0xFF, 0xF1, 0xFF, 0xF9, 0xFF, 0x04, 0x00,
        0x09, 0x00, 0x0D, 0x00, 0x14, 0x00, 0x14, 0x00, 0x11, 0x00, 0x0D, 0x00, 0x07, 0x00, 0x04, 0x00,
        0xFF, 0xFF, 0xF9, 0xFF, 0xF7, 0xFF, 0xF3, 0xFF, 0xF0, 0xFF, 0xEF, 0xFF, 0xEB, 0xFF, 0xEE, 0xFF,
        0xF3, 0xFF, 0xF7, 0xFF, 0x01, 0x00, 0x09, 0x00, 0x0D, 0x00, 0x14, 0x00, 0x13, 0x00, 0x0D, 0x00,
        0x08, 0x00, 0xFF, 0xFF, 0xF8, 0xFF, 0xF1, 0xFF, 0xEB, 0xFF, 0xEB, 0xFF, 0xE9, 0xFF, 0xE7, 0xFF,
        0xEF, 0xFF, 0xF4, 0xFF, 0xF7, 0xFF, 0xFB, 0xFF, 0xFE, 0xFF, 0x03, 0x00, 0x08, 0x00, 0x0A, 0x00,
        0x0D, 0x00, 0x0F, 0x00, 0x0D, 0x00, 0x08, 0x00, 0xFF, 0xFF, 0xF6, 0xFF, 0xED, 0xFF, 0xE5, 0xFF,
        0xE4, 0xFF, 0xE6, 0xFF, 0xEA, 0xFF, 0xEF, 0xFF, 0xF6, 0xFF, 0x00, 0x00, 0x04, 0x00, 0x08, 0x00,
        0x0E, 0x00, 0x0C, 0x00, 0x0A, 0x00, 0x0A, 0x00, 0x04, 0x00, 0x01, 0x00, 0x01, 0x00, 0xF9, 0xFF,
        0xF4, 0xFF, 0xF0, 0xFF, 0xEC, 0xFF, 0xED, 0xFF, 0xEA, 0xFF, 0xEC, 0xFF, 0xF6, 0xFF, 0xFD, 0xFF,
        0x04, 0x00, 0x0F, 0x00, 0x14, 0x00, 0x16, 0x00, 0x13, 0x00, 0x0C, 0x00, 0x0A, 0x00, 0x04, 0x00,
        0xFA, 0xFF, 0xF6, 0xFF, 0xF4, 0xFF, 0xF0, 0xFF, 0xF1, 0xFF, 0xF2, 0xFF, 0xF2, 0xFF, 0xF3, 0xFF,
        0xF7, 0xFF, 0xFD, 0xFF, 0x00, 0x00, 0x04, 0x00, 0x0A, 0x00, 0x0F, 0x00, 0x12, 0x00, 0x11, 0x00,
        0x0A, 0x00, 0x05, 0x00, 0xFA, 0xFF, 0xEF, 0xFF, 0xEC, 0xFF, 0xE7, 0xFF, 0xE2, 0xFF, 0xE5, 0xFF,
        0xEA, 0xFF, 0xF0, 0xFF, 0xFA, 0xFF, 0x00, 0x00, 0x04, 0x00, 0x06, 0x00, 0x09, 0x00, 0x0B, 0x00,
        0x08, 0x00, 0x06, 0x00, 0x08, 0x00, 0x04, 0x00, 0xFF, 0xFF, 0xFC, 0xFF, 0xF5, 0xFF, 0xEE, 0xFF,
        0xEB, 0xFF, 0xE9, 0xFF, 0xEA, 0xFF, 0xEF, 0xFF, 0xF9, 0xFF, 0x03, 0x00, 0x0A, 0x00, 0x10, 0x00,
        0x13, 0x00, 0x13, 0x00, 0x11, 0x00, 0x0A, 0x00, 0x04, 0x00, 0x01, 0x00, 0xFB, 0xFF, 0xF9, 0xFF,
        0xF7, 0xFF, 0xF1, 0xFF, 0xEF, 0xFF, 0xF0, 0xFF, 0xEE, 0xFF, 0xF2, 0xFF, 0xF7, 0xFF, 0xFA, 0xFF,
        0x01, 0x00, 0x09, 0x00, 0x0D, 0x00, 0x12, 0x00, 0x16, 0x00, 0x11, 0x00, 0x08, 0x00, 0x01, 0x00,
        0xFA, 0xFF, 0xF3, 0xFF, 0xEC, 0xFF, 0xE7, 0xFF, 0xE4, 0xFF, 0xE8, 0xFF, 0xF0, 0xFF, 0xF5, 0xFF,
        0xFA, 0xFF, 0xFF, 0xFF, 0x01, 0x00, 0x03, 0x00, 0x0A, 0x00, 0x0E, 0x00, 0x0D, 0x00, 0x0C, 0x00,
        0x09, 0x00, 0x05, 0x00, 0xFE, 0xFF, 0xF5, 0xFF, 0xF0, 0xFF, 0xE9, 0xFF, 0xE2, 0xFF, 0xE4, 0xFF,
        0xE9, 0xFF, 0xEE, 0xFF, 0xF8, 0xFF, 0x01, 0x00, 0x07, 0x00, 0x0D, 0x00, 0x0E, 0x00, 0x0E, 0x00,
        0x0F, 0x00, 0x08, 0x00, 0x02, 0x00, 0xFF, 0xFF, 0xFA, 0xFF, 0xF8, 0xFF, 0xF8, 0xFF, 0xF3, 0xFF,
        0xEF, 0xFF, 0xED, 0xFF, 0xEE, 0xFF, 0xF2, 0xFF, 0xF5, 0xFF, 0xFC, 0xFF, 0x06, 0x00, 0x0E, 0x00,
        0x13, 0x00, 0x17, 0x00, 0x17, 0x00, 0x11, 0x00, 0x09, 0x00, 0x01, 0x00, 0xF8, 0xFF, 0xF1, 0xFF,
        0xF0, 0xFF, 0xEF, 0xFF, 0xEF, 0xFF, 0xF1, 0xFF, 0xF3, 0xFF, 0xF4, 0xFF, 0xFB, 0xFF, 0x00, 0x00,
        0x00, 0x00, 0x04, 0x00, 0x0A, 0x00, 0x0D, 0x00, 0x0F, 0x00, 0x0E, 0x00, 0x0B, 0x00, 0x04, 0x00,
        0xF9, 0xFF, 0xF2, 0xFF, 0xEC, 0xFF, 0xE3, 0xFF, 0xE3, 0xFF, 0xE8, 0xFF, 0xE9, 0xFF, 0xF1, 0xFF,
        0xF8, 0xFF, 0xFD, 0xFF, 0x05, 0x00, 0x09, 0x00, 0x0C, 0x00, 0x0D, 0x00, 0x06, 0x00, 0x04, 0x00,
        0x04, 0x00, 0xFE, 0xFF, 0xFB, 0xFF, 0xF9, 0xFF, 0xF3, 0xFF, 0xEF, 0xFF, 0xEB, 0xFF, 0xE9, 0xFF,
        0xEA, 0xFF, 0xEE, 0xFF, 0xF6, 0xFF, 0xFF, 0xFF, 0x07, 0x00, 0x11, 0x00, 0x16, 0x00, 0x14, 0x00,
        0x13, 0x00, 0x0D, 0x00, 0x06, 0x00, 0xFF, 0xFF, 0xF7, 0xFF, 0xF4, 0xFF, 0xF2, 0xFF, 0xEF, 0xFF,
        0xF1, 0xFF, 0xF1, 0xFF, 0xF0, 0xFF, 0xF4, 0xFF, 0xF8, 0xFF, 0xFB, 0xFF, 0x01, 0x00, 0x06, 0x00,
        0x0D, 0x00, 0x12, 0x00, 0x13, 0x00, 0x0F, 0x00, 0x09, 0x00, 0x01, 0x00, 0xFA, 0xFF, 0xF2, 0xFF,
        0xEA, 0xFF, 0xE5, 0xFF, 0xE7, 0xFF, 0xEB, 0xFF, 0xF0, 0xFF, 0xF7, 0xFF, 0xFB, 0xFF, 0x00, 0x00,
        0x06, 0x00, 0x07, 0x00, 0x07, 0x00, 0x08, 0x00, 0x08, 0x00, 0x08, 0x00, 0x05, 0x00, 0x00, 0x00,
        0xFC, 0xFF, 0xF5, 0xFF, 0xEE, 0xFF, 0xE8, 0xFF, 0xE4, 0xFF, 0xE4, 0xFF, 0xE6, 0xFF, 0xEB, 0xFF,
        0xF6, 0xFF, 0x00, 0x00, 0x07, 0x00, 0x0E, 0x00, 0x11, 0x00, 0x0E, 0x00, 0x0A, 0x00, 0x06, 0x00,
        0x02, 0x00, 0xFB, 0xFF, 0xF7, 0xFF, 0xF5, 0xFF, 0xF0, 0xFF, 0xEF, 0xFF, 0xF0, 0xFF, 0xED, 0xFF,
        0xEF, 0xFF, 0xF3, 0xFF, 0xF7, 0xFF, 0xFD, 0xFF, 0x02, 0x00, 0x09, 0x00, 0x12, 0x00, 0x14, 0x00,
        0x14, 0x00, 0x13, 0x00, 0x0A, 0x00, 0x03, 0x00, 0xFB, 0xFF, 0xF0, 0xFF, 0xEE, 0xFF, 0xEC, 0xFF,
        0xE9, 0xFF, 0xF1, 0xFF, 0xF5, 0xFF, 0xF6, 0xFF, 0xFA, 0xFF, 0xFC, 0xFF, 0x01, 0x00, 0x0A, 0x00,
        0x08, 0x00, 0x08, 0x00, 0x0D, 0x00, 0x0A, 0x00, 0x06, 0x00, 0x03, 0x00, 0xFA, 0xFF, 0xF3, 0xFF,
        0xEB, 0xFF, 0xE3, 0xFF, 0xE3, 0xFF, 0xE5, 0xFF, 0xE7, 0xFF, 0xEE, 0xFF, 0xF6, 0xFF, 0xFE, 0xFF,
        0x06, 0x00, 0x09, 0x00, 0x0B, 0x00, 0x0A, 0x00, 0x06, 0x00, 0x02, 0x00, 0xFE, 0xFF, 0xFA, 0xFF,
        0xF8, 0xFF, 0xF3, 0xFF, 0xEF, 0xFF, 0xED, 0xFF, 0xEA, 0xFF, 0xE9, 0xFF, 0xEC, 0xFF, 0xED, 0xFF,
        0xF4, 0xFF, 0x00, 0x00, 0x05, 0x00, 0x0A, 0x00, 0x11, 0x00, 0x14, 0x00, 0x11, 0x00, 0x0E, 0x00,
        0x07, 0x00, 0xFD, 0xFF, 0xF6, 0xFF, 0xF1, 0xFF, 0xEE, 0xFF, 0xEE, 0xFF, 0xEF, 0xFF, 0xF2, 0xFF,
        0xF5, 0xFF, 0xF9, 0xFF, 0xFC, 0xFF, 0xFF, 0xFF, 0x01, 0x00, 0x07, 0x00, 0x0C, 0x00, 0x0E, 0x00,
        0x0F, 0x00, 0x10, 0x00, 0x0B, 0x00, 0x00, 0x00, 0xF7, 0xFF, 0xF0, 0xFF, 0xE9, 0xFF, 0xE6, 0xFF,
        0xE4, 0xFF, 0xE6, 0xFF, 0xED, 0xFF, 0xF5, 0xFF, 0xFD, 0xFF, 0x04, 0x00, 0x07, 0x00, 0x08, 0x00,
        0x0A, 0x00, 0x09, 0x00, 0x06, 0x00, 0x02, 0x00, 0x00, 0x00, 0x00, 0x00, 0xFA, 0xFF, 0xF3, 0xFF,
        0xEE, 0xFF, 0xE9, 0xFF, 0xE7, 0xFF, 0xE8, 0xFF, 0xE8, 0xFF, 0xEC, 0xFF, 0xF3, 0xFF, 0xFC, 0xFF,
        0x06, 0x00, 0x0C, 0x00, 0x0F, 0x00, 0x10, 0x00, 0x0C, 0x00, 0x06, 0x00, 0xFF, 0xFF, 0xF8, 0xFF,
        0xF3, 0xFF, 0xF1, 0xFF, 0xF1, 0xFF, 0xED, 0xFF, 0xEB, 0xFF, 0xEE, 0xFF, 0xF3, 0xFF, 0xF7, 0xFF,
        0xFA, 0xFF, 0xFD, 0xFF, 0x02, 0x00, 0x0B, 0x00, 0x0F, 0x00, 0x11, 0x00, 0x12, 0x00, 0x0E, 0x00,
        0x08, 0x00, 0x01, 0x00, 0xF8, 0xFF, 0xEF, 0xFF, 0xEC, 0xFF, 0xEA, 0xFF, 0xE9, 0xFF, 0xEC, 0xFF,
        0xF4, 0xFF, 0xF9, 0xFF, 0xFE, 0xFF, 0x05, 0x00, 0x08, 0x00, 0x08, 0x00, 0x0A, 0x00, 0x0A, 0x00,
        0x09, 0x00, 0x08, 0x00, 0x05, 0x00, 0xFF, 0xFF, 0xF9, 0xFF, 0xF2, 0xFF, 0xED, 0xFF, 0xE8, 0xFF,
        0xE5, 0xFF, 0xE5, 0xFF, 0xE9, 0xFF, 0xEF, 0xFF, 0xF8, 0xFF, 0x01, 0x00, 0x08, 0x00, 0x0F, 0x00,
        0x0E, 0x00, 0x08, 0x00, 0x07, 0x00, 0x03, 0x00, 0xFB, 0xFF, 0xF9, 0xFF, 0xF8, 0xFF, 0xF1, 0xFF,
        0xED, 0xFF, 0xEE, 0xFF, 0xEC, 0xFF, 0xEA, 0xFF, 0xED, 0xFF, 0xF1, 0xFF, 0xF5, 0xFF, 0xF9, 0xFF,
        0x03, 0x00, 0x0D, 0x00, 0x12, 0x00, 0x12, 0x00, 0x11, 0x00, 0x0C, 0x00, 0x04, 0x00, 0xFF, 0xFF,
        0xF9, 0xFF, 0xF1, 0xFF, 0xED, 0xFF, 0xED, 0xFF, 0xEC, 0xFF, 0xF0, 0xFF, 0xF7, 0xFF, 0xF9, 0xFF,
        0xFD, 0xFF, 0x03, 0x00, 0x06, 0x00, 0x08, 0x00, 0x0C, 0x00, 0x0C, 0x00, 0x0B, 0x00, 0x0C, 0x00,
        0x07, 0x00, 0x00, 0x00, 0xFB, 0xFF, 0xF4, 0xFF, 0xEA, 0xFF, 0xE6, 0xFF, 0xE6, 0xFF, 0xE8, 0xFF,
        0xEC, 0xFF, 0xF4, 0xFF, 0xFE, 0xFF, 0x04, 0x00, 0x09, 0x00, 0x0D, 0x00, 0x0C, 0x00, 0x0A, 0x00,
        0x08, 0x00, 0x02, 0x00, 0x00, 0x00, 0xFC, 0xFF, 0xF4, 0xFF, 0xF1, 0xFF, 0xED, 0xFF, 0xE7, 0xFF,
        0xE6, 0xFF, 0xE8, 0xFF, 0xEA, 0xFF, 0xEF, 0xFF, 0xF5, 0xFF, 0xFD, 0xFF, 0x05, 0x00, 0x0C, 0x00,
        0x11, 0x00, 0x0F, 0x00, 0x0C, 0x00, 0x07, 0x00, 0xFE, 0xFF, 0xF8, 0xFF, 0xF2, 0xFF, 0xEC, 0xFF,
        0xEB, 0xFF, 0xEA, 0xFF, 0xE9, 0xFF, 0xF0, 0xFF, 0xF3, 0xFF, 0xF4, 0xFF, 0xF9, 0xFF, 0xFE, 0xFF,
        0x03, 0x00, 0x0A, 0x00, 0x0B, 0x00, 0x0C, 0x00, 0x10, 0x00, 0x0E, 0x00, 0x07, 0x00, 0xFF, 0xFF,
        0xF7, 0xFF, 0xF1, 0xFF, 0xEA, 0xFF, 0xE6, 0xFF, 0xE7, 0xFF, 0xEB, 0xFF, 0xF3, 0xFF, 0xFC, 0xFF,
        0x01, 0x00, 0x05, 0x00, 0x0A, 0x00, 0x0E, 0x00, 0x0D, 0x00, 0x0A, 0x00, 0x0A, 0x00, 0x08, 0x00,
        0x03, 0x00, 0xFF, 0xFF, 0xFA, 0xFF, 0xF5, 0xFF, 0xF0, 0xFF, 0xEC, 0xFF, 0xE7, 0xFF, 0xE6, 0xFF,
        0xEB, 0xFF, 0xF3, 0xFF, 0xFA, 0xFF, 0x02, 0x00, 0x09, 0x00, 0x0E, 0x00, 0x10, 0x00, 0x0C, 0x00,
        0x08, 0x00, 0x03, 0x00, 0xFB, 0xFF, 0xF3, 0xFF, 0xF1, 0xFF, 0xEF, 0xFF, 0xEC, 0xFF, 0xEB, 0xFF,
        0xEB, 0xFF, 0xEE, 0xFF, 0xF1, 0xFF, 0xF2, 0xFF, 0xF6, 0xFF, 0xFE, 0xFF, 0x03, 0x00, 0x08, 0x00,
        0x0F, 0x00, 0x13, 0x00, 0x10, 0x00, 0x0C, 0x00, 0x07, 0x00, 0xFE, 0xFF, 0xF5, 0xFF, 0xEF, 0xFF,
        0xEA, 0xFF, 0xE9, 0xFF, 0xEE, 0xFF, 0xF1, 0xFF, 0xF5, 0xFF, 0xFB, 0xFF, 0x00, 0x00, 0x04, 0x00,
        0x07, 0x00, 0x09, 0x00, 0x0B, 0x00, 0x0C, 0x00, 0x0A, 0x00, 0x07, 0x00, 0x05, 0x00, 0x01, 0x00,
        0xFB, 0xFF, 0xF5, 0xFF, 0xEF, 0xFF, 0xE6, 0xFF, 0xE4, 0xFF, 0xE9, 0xFF, 0xEE, 0xFF, 0xF4, 0xFF,
        0xFE, 0xFF, 0x07, 0x00, 0x0B, 0x00, 0x0E, 0x00, 0x0D, 0x00, 0x0B, 0x00, 0x08, 0x00, 0x02, 0x00,
        0xFD, 0xFF, 0xF8, 0xFF, 0xF2, 0xFF, 0xF0, 0xFF, 0xF0, 0xFF, 0xEC, 0xFF, 0xEA, 0xFF, 0xED, 0xFF,
        0xEE, 0xFF, 0xF0, 0xFF, 0xF7, 0xFF, 0xFE, 0xFF, 0x05, 0x00, 0x0B, 0x00, 0x10, 0x00, 0x10, 0x00,
        0x0D, 0x00, 0x08, 0x00, 0x00, 0x00, 0xF8, 0xFF, 0xF2, 0xFF, 0xED, 0xFF, 0xEA, 0xFF, 0xEB, 0xFF,
        0xED, 0xFF, 0xEF, 0xFF, 0xF5, 0xFF, 0xFA, 0xFF, 0xFD, 0xFF, 0x00, 0x00, 0x04, 0x00, 0x07, 0x00,
        0x0A, 0x00, 0x0D, 0x00, 0x0C, 0x00, 0x0A, 0x00, 0x06, 0x00, 0x00, 0x00, 0xF8, 0xFF, 0xF2, 0xFF,
        0xEE, 0xFF, 0xE8, 0xFF, 0xE6, 0xFF, 0xEC, 0xFF, 0xF3, 0xFF, 0xFA, 0xFF, 0x03, 0x00, 0x0A, 0x00,
        0x0D, 0x00, 0x0E, 0x00, 0x0F, 0x00, 0x0D, 0x00, 0x0A, 0x00, 0x07, 0x00, 0x02, 0x00, 0xFF, 0xFF,
        0xFD, 0xFF, 0xF7, 0xFF, 0xF0, 0xFF, 0xEE, 0xFF, 0xEC, 0xFF, 0xE9, 0xFF, 0xEC, 0xFF, 0xF4, 0xFF,
        0xFA, 0xFF, 0x01, 0x00, 0x0A, 0x00, 0x11, 0x00, 0x11, 0x00, 0x0D, 0x00, 0x09, 0x00, 0x03, 0x00,
        0xFD, 0xFF, 0xF6, 0xFF, 0xEE, 0xFF, 0xEA, 0xFF, 0xEB, 0xFF, 0xEA, 0xFF, 0xEB, 0xFF, 0xED, 0xFF,
        0xF2, 0xFF, 0xF6, 0xFF, 0xF8, 0xFF, 0xFE, 0xFF, 0x04, 0x00, 0x06, 0x00, 0x0D, 0x00, 0x12, 0x00,
        0x0F, 0x00, 0x0D, 0x00, 0x08, 0x00, 0xFE, 0xFF, 0xF6, 0xFF, 0xEF, 0xFF, 0xE9, 0xFF, 0xEA, 0xFF,
        0xEB, 0xFF, 0xEE, 0xFF, 0xF7, 0xFF, 0xFE, 0xFF, 0x06, 0x00, 0x0B, 0x00, 0x0C, 0x00, 0x0E, 0x00,
        0x0E, 0x00, 0x0C, 0x00, 0x0A, 0x00, 0x06, 0x00, 0x04, 0x00, 0x01, 0x00, 0xFA, 0xFF, 0xF5, 0xFF,
        0xF2, 0xFF, 0xEC, 0xFF, 0xEB, 0xFF, 0xED, 0xFF, 0xF1, 0xFF, 0xF6, 0xFF, 0xFD, 0xFF, 0x06, 0x00,
        0x0E, 0x00, 0x11, 0x00, 0x12, 0x00, 0x10, 0x00, 0x0A, 0x00, 0x03, 0x00, 0xFD, 0xFF, 0xF8, 0xFF,
        0xF4, 0xFF, 0xEE, 0xFF, 0xEE, 0xFF, 0xF0, 0xFF, 0xEF, 0xFF, 0xEE, 0xFF, 0xF0, 0xFF, 0xF3, 0xFF,
        0xFA, 0xFF, 0xFF, 0xFF, 0x04, 0x00, 0x0D, 0x00, 0x11, 0x00, 0x0F, 0x00, 0x0E, 0x00, 0x0C, 0x00,
        0x03, 0x00, 0xFB, 0xFF, 0xF2, 0xFF, 0xEA, 0xFF, 0xE8, 0xFF, 0xE8, 0xFF, 0xE8, 0xFF, 0xEE, 0xFF,
        0xF7, 0xFF, 0xFC, 0xFF, 0x00, 0x00, 0x03, 0x00, 0x08, 0x00, 0x0C, 0x00, 0x0B, 0x00, 0x09, 0x00,
        0x0B, 0x00, 0x0B, 0x00, 0x05, 0x00, 0xFF, 0xFF, 0xFB, 0xFF, 0xF4, 0xFF, 0xEA, 0xFF, 0xE8, 0xFF,
        0xEB, 0xFF, 0xED, 0xFF, 0xF1, 0xFF, 0xF9, 0xFF, 0x01, 0x00, 0x0B, 0x00, 0x12, 0x00, 0x13, 0x00,
        0x14, 0x00, 0x10, 0x00, 0x09, 0x00, 0x05, 0x00, 0x01, 0x00, 0xFB, 0xFF, 0xF9, 0xFF, 0xF6, 0xFF,
        0xF1, 0xFF, 0xEF, 0xFF, 0xEF, 0xFF, 0xEF, 0xFF, 0xF2, 0xFF, 0xF7, 0xFF, 0xFC, 0xFF, 0x02, 0x00,
        0x0A, 0x00, 0x11, 0x00, 0x11, 0x00, 0x11, 0x00, 0x0E, 0x00, 0x05, 0x00, 0xFE, 0xFF, 0xF8, 0xFF,
        0xEF, 0xFF, 0xEA, 0xFF, 0xEA, 0xFF, 0xE8, 0xFF, 0xEA, 0xFF, 0xEF, 0xFF, 0xF3, 0xFF, 0xFA, 0xFF,
        0xFF, 0xFF, 0x01, 0x00, 0x05, 0x00, 0x07, 0x00, 0x0B, 0x00, 0x0F, 0x00, 0x0D, 0x00, 0x09, 0x00,
        0x05, 0x00, 0xFE, 0xFF, 0xF6, 0xFF, 0xF0, 0xFF, 0xEC, 0xFF, 0xEA, 0xFF, 0xEB, 0xFF, 0xEF, 0xFF,
        0xF5, 0xFF, 0xFC, 0xFF, 0x06, 0x00, 0x0D, 0x00, 0x0E, 0x00, 0x0F, 0x00, 0x0F, 0x00, 0x0C, 0x00,
        0x0C, 0x00, 0x09, 0x00, 0x02, 0x00, 0xFF, 0xFF, 0xFD, 0xFF, 0xF7, 0xFF, 0xF3, 0xFF, 0xEE, 0xFF,
        0xEC, 0xFF, 0xF0, 0xFF, 0xF4, 0xFF, 0xF7, 0xFF, 0xFE, 0xFF, 0x07, 0x00, 0x10, 0x00, 0x14, 0x00,
        0x14, 0x00, 0x12, 0x00, 0x0C, 0x00, 0x05, 0x00, 0xFD, 0xFF, 0xF6, 0xFF, 0xF3, 0xFF, 0xF2, 0xFF,
        0xEF, 0xFF, 0xED, 0xFF, 0xF1, 0xFF, 0xF4, 0xFF, 0xF7, 0xFF, 0xFA, 0xFF, 0xFD, 0xFF, 0x01, 0x00,
        0x07, 0x00, 0x0A, 0x00, 0x0D, 0x00, 0x0E, 0x00, 0x0E, 0x00, 0x0C, 0x00, 0x04, 0x00, 0xF9, 0xFF,
        0xF2, 0xFF, 0xEC, 0xFF, 0xE9, 0xFF, 0xE9, 0xFF, 0xEA, 0xFF, 0xEF, 0xFF, 0xF7, 0xFF, 0xFF, 0xFF,
        0x06, 0x00, 0x09, 0x00, 0x0A, 0x00, 0x0B, 0x00, 0x09, 0x00, 0x08, 0x00, 0x09, 0x00, 0x08, 0x00,
        0x05, 0x00, 0x00, 0x00, 0xF9, 0xFF, 0xF6, 0xFF, 0xF3, 0xFF, 0xEF, 0xFF, 0xEF, 0xFF, 0xEF, 0xFF,
        0xF2, 0xFF, 0xFC, 0xFF, 0x05, 0x00, 0x0B, 0x00, 0x12, 0x00, 0x15, 0x00, 0x14, 0x00, 0x12, 0x00,
        0x0E, 0x00, 0x07, 0x00, 0x01, 0x00, 0xFD, 0xFF, 0xF8, 0xFF, 0xF4, 0xFF, 0xF2, 0xFF, 0xF1, 0xFF,
        0xF3, 0xFF, 0xF4, 0xFF, 0xF6, 0xFF, 0xF9, 0xFF, 0xFF, 0xFF, 0x04, 0x00, 0x0B, 0x00, 0x10, 0x00,
        0x12, 0x00, 0x11, 0x00, 0x0D, 0x00, 0x05, 0x00, 0x00, 0x00, 0xFB, 0xFF, 0xF2, 0xFF, 0xEB, 0xFF,
        0xE9, 0xFF, 0xEA, 0xFF, 0xEE, 0xFF, 0xF2, 0xFF, 0xF6, 0xFF, 0xFC, 0xFF, 0x01, 0x00, 0x04, 0x00,
        0x07, 0x00, 0x09, 0x00, 0x0A, 0x00, 0x0B, 0x00, 0x0A, 0x00, 0x07, 0x00, 0x05, 0x00, 0xFF, 0xFF,
        0xF6, 0xFF, 0xF0, 0xFF, 0xED, 0xFF, 0xEA, 0xFF, 0xEB, 0xFF, 0xEF, 0xFF, 0xF5, 0xFF, 0xFE, 0xFF,
        0x07, 0x00, 0x0E, 0x00, 0x12, 0x00, 0x12, 0x00, 0x10, 0x00, 0x0E, 0x00, 0x0A, 0x00, 0x07, 0x00,
        0x03, 0x00, 0xFF, 0xFF, 0xFB, 0xFF, 0xF7, 0xFF, 0xF4, 0xFF, 0xF3, 0xFF, 0xF2, 0xFF, 0xF2, 0xFF,
        0xF5, 0xFF, 0xFA, 0xFF, 0x00, 0x00, 0x09, 0x00, 0x12, 0x00, 0x15, 0x00, 0x14, 0x00, 0x13, 0x00,
        0x10, 0x00, 0x09, 0x00, 0x01, 0x00, 0xF9, 0xFF, 0xF3, 0xFF, 0xF0, 0xFF, 0xED, 0xFF, 0xEC, 0xFF,
        0xF0, 0xFF, 0xF4, 0xFF, 0xF8, 0xFF, 0xFD, 0xFF, 0x00, 0x00, 0x04, 0x00, 0x09, 0x00, 0x0A, 0x00,
        0x0B, 0x00, 0x0B, 0x00, 0x0B, 0x00, 0x0B, 0x00, 0x07, 0x00, 0xFC, 0xFF, 0xF3, 0xFF, 0xED, 0xFF,
        0xE9, 0xFF, 0xEA, 0xFF, 0xEC, 0xFF, 0xEE, 0xFF, 0xF5, 0xFF, 0xFF, 0xFF, 0x06, 0x00, 0x0B, 0x00,
        0x0F, 0x00, 0x12, 0x00, 0x0F, 0x00, 0x0A, 0x00, 0x09, 0x00, 0x06, 0x00, 0x01, 0x00, 0xFF, 0xFF,
        0xFB, 0xFF, 0xF7, 0xFF, 0xF3, 0xFF, 0xF0, 0xFF, 0xEF, 0xFF, 0xF0, 0xFF, 0xF5, 0xFF, 0xFE, 0xFF,
        0x06, 0x00, 0x0C, 0x00, 0x12, 0x00, 0x16, 0x00, 0x17, 0x00, 0x14, 0x00, 0x0D, 0x00, 0x07, 0x00,
        0x01, 0x00, 0xF9, 0xFF, 0xF5, 0xFF, 0xF5, 0xFF, 0xF4, 0xFF, 0xF4, 0xFF, 0xF5, 0xFF, 0xF5, 0xFF,
        0xFA, 0xFF, 0xFD, 0xFF, 0x00, 0x00, 0x08, 0x00, 0x0F, 0x00, 0x10, 0x00, 0x13, 0x00, 0x15, 0x00,
        0x10, 0x00, 0x0B, 0x00, 0x05, 0x00, 0xFC, 0xFF, 0xF2, 0xFF, 0xEB, 0xFF, 0xE8, 0xFF, 0xEA, 0xFF,
        0xEF, 0xFF, 0xF2, 0xFF, 0xF6, 0xFF, 0xFF, 0xFF, 0x05, 0x00, 0x06, 0x00, 0x0A, 0x00, 0x0C, 0x00,
        0x0C, 0x00, 0x0E, 0x00, 0x0B, 0x00, 0x05, 0x00, 0x04, 0x00, 0xFF, 0xFF, 0xF9, 0xFF, 0xF4, 0xFF,
        0xEF, 0xFF, 0xEA, 0xFF, 0xEB, 0xFF, 0xF0, 0xFF, 0xF6, 0xFF, 0xFE, 0xFF, 0x06, 0x00, 0x0F, 0x00,
        0x13, 0x00, 0x14, 0x00, 0x14, 0x00, 0x10, 0x00, 0x0B, 0x00, 0x07, 0x00, 0x01, 0x00, 0xFB, 0xFF,
        0xF9, 0xFF, 0xF7, 0xFF, 0xF5, 0xFF, 0xF5, 0xFF, 0xF6, 0xFF, 0xF7, 0xFF, 0xF9, 0xFF, 0xFD, 0xFF,
        0x04, 0x00, 0x09, 0x00, 0x0F, 0x00, 0x14, 0x00, 0x17, 0x00, 0x17, 0x00, 0x12, 0x00, 0x0C, 0x00,
        0x03, 0x00, 0xF8, 0xFF, 0xF2, 0xFF, 0xF1, 0xFF, 0xEE, 0xFF, 0xEE, 0xFF, 0xF2, 0xFF, 0xF8, 0xFF,
        0xFD, 0xFF, 0x00, 0x00, 0x03, 0x00, 0x07, 0x00, 0x09, 0x00, 0x0A, 0x00, 0x0C, 0x00, 0x0D, 0x00,
        0x0B, 0x00, 0x07, 0x00, 0x04, 0x00, 0xFE, 0xFF, 0xF6, 0xFF, 0xF2, 0xFF, 0xEC, 0xFF, 0xE6, 0xFF,
        0xEA, 0xFF, 0xF1, 0xFF, 0xF7, 0xFF, 0xFF, 0xFF, 0x08, 0x00, 0x0F, 0x00, 0x14, 0x00, 0x13, 0x00,
        0x10, 0x00, 0x0C, 0x00, 0x09, 0x00, 0x06, 0x00, 0x01, 0x00, 0xFC, 0xFF, 0xF9, 0xFF, 0xF6, 0xFF,
        0xF5, 0xFF, 0xF5, 0xFF, 0xF1, 0xFF, 0xF3, 0xFF, 0xF9, 0xFF, 0xFD, 0xFF, 0x05, 0x00, 0x0D, 0x00,
        0x13, 0x00, 0x17, 0x00, 0x16, 0x00, 0x14, 0x00, 0x10, 0x00, 0x09, 0x00, 0x02, 0x00, 0xFB, 0xFF,
        0xF4, 0xFF, 0xF4, 0xFF, 0xF4, 0xFF, 0xF4, 0xFF, 0xF7, 0xFF, 0xF9, 0xFF, 0xFA, 0xFF, 0x00, 0x00,
        0x06, 0x00, 0x09, 0x00, 0x0D, 0x00, 0x12, 0x00, 0x14, 0x00, 0x13, 0x00, 0x12, 0x00, 0x0C, 0x00,
        0x04, 0x00, 0xFF, 0xFF, 0xF7, 0xFF, 0xED, 0xFF, 0xED, 0xFF, 0xED, 0xFF, 0xED, 0xFF, 0xF5, 0xFF,
        0xFC, 0xFF, 0x01, 0x00, 0x08, 0x00, 0x0C, 0x00, 0x0E, 0x00, 0x0F, 0x00, 0x0D, 0x00, 0x0A, 0x00,
        0x07, 0x00, 0x06, 0x00, 0x04, 0x00, 0xFF, 0xFF, 0xFA, 0xFF, 0xF5, 0xFF, 0xF0, 0xFF, 0xEF, 0xFF,
        0xF0, 0xFF, 0xF2, 0xFF, 0xF8, 0xFF, 0xFF, 0xFF, 0x06, 0x00, 0x0F, 0x00, 0x17, 0x00, 0x18, 0x00,
        0x17, 0x00, 0x14, 0x00, 0x10, 0x00, 0x09, 0x00, 0xFF, 0xFF, 0xF9, 0xFF, 0xF8, 0xFF, 0xF9, 0xFF,
        0xF9, 0xFF, 0xF6, 0xFF, 0xF8, 0xFF, 0xFE, 0xFF, 0x00, 0x00, 0x04, 0x00, 0x0A, 0x00, 0x0D, 0x00,
        0x12, 0x00, 0x17, 0x00, 0x17, 0x00, 0x18, 0x00, 0x16, 0x00, 0x0C, 0x00, 0x04, 0x00, 0xFC, 0xFF,
        0xF5, 0xFF, 0xF3, 0xFF, 0xF0, 0xFF, 0xEF, 0xFF, 0xF5, 0xFF, 0xFB, 0xFF, 0x00, 0x00, 0x05, 0x00,
        0x0A, 0x00, 0x0D, 0x00, 0x0E, 0x00, 0x10, 0x00, 0x12, 0x00, 0x10, 0x00, 0x0D, 0x00, 0x09, 0x00,
        0x04, 0x00, 0x00, 0x00, 0xFA, 0xFF, 0xF4, 0xFF, 0xF2, 0xFF, 0xF0, 0xFF, 0xEE, 0xFF, 0xF1, 0xFF,
        0xF8, 0xFF, 0x01, 0x00, 0x0A, 0x00, 0x10, 0x00, 0x12, 0x00, 0x12, 0x00, 0x14, 0x00, 0x14, 0x00,
        0x0C, 0x00, 0x05, 0x00, 0x02, 0x00, 0xFD, 0xFF, 0xFA, 0xFF, 0xF8, 0xFF, 0xF4, 0xFF, 0xF3, 0xFF,
        0xF6, 0xFF, 0xF9, 0xFF, 0xFA, 0xFF, 0x00, 0x00, 0x08, 0x00, 0x0E, 0x00, 0x13, 0x00, 0x17, 0x00,
        0x18, 0x00, 0x18, 0x00, 0x11, 0x00, 0x0A, 0x00, 0x06, 0x00, 0xFE, 0xFF, 0xF6, 0xFF, 0xF3, 0xFF,
        0xF3, 0xFF, 0xF7, 0xFF, 0xFB, 0xFF, 0xFF, 0xFF, 0x05, 0x00, 0x0A, 0x00, 0x0D, 0x00, 0x10, 0x00,
        0x10, 0x00, 0x13, 0x00, 0x16, 0x00, 0x13, 0x00, 0x11, 0x00, 0x0E, 0x00, 0x08, 0x00, 0x02, 0x00,
        0xFA, 0xFF, 0xF4, 0xFF, 0xF0, 0xFF, 0xED, 0xFF, 0xF0, 0xFF, 0xF7, 0xFF, 0xFD, 0xFF, 0x05, 0x00,
        0x0B, 0x00, 0x11, 0x00, 0x16, 0x00, 0x13, 0x00, 0x0F, 0x00, 0x0E, 0x00, 0x0A, 0x00, 0x05, 0x00,
        0x03, 0x00, 0xFE, 0xFF, 0xFB, 0xFF, 0xF8, 0xFF, 0xF4, 0xFF, 0xF1, 0xFF, 0xF1, 0xFF, 0xF4, 0xFF,
        0xF9, 0xFF, 0x00, 0x00, 0x0A, 0x00, 0x11, 0x00, 0x16, 0x00, 0x18, 0x00, 0x19, 0x00, 0x18, 0x00,
        0x12, 0x00, 0x09, 0x00, 0x03, 0x00, 0xFD, 0xFF, 0xF7, 0xFF, 0xF5, 0xFF, 0xF7, 0xFF, 0xFB, 0xFF,
        0xFC, 0xFF, 0xFE, 0xFF, 0x03, 0x00, 0x08, 0x00, 0x0C, 0x00, 0x10, 0x00, 0x12, 0x00, 0x16, 0x00,
        0x19, 0x00, 0x18, 0x00, 0x15, 0x00, 0x10, 0x00, 0x08, 0x00, 0x01, 0x00, 0xFA, 0xFF, 0xF2, 0xFF,
        0xF0, 0xFF, 0xF3, 0xFF, 0xF7, 0xFF, 0xFC, 0xFF, 0x01, 0x00, 0x07, 0x00, 0x0E, 0x00, 0x14, 0x00,
        0x15, 0x00, 0x13, 0x00, 0x10, 0x00, 0x0F, 0x00, 0x0C, 0x00, 0x06, 0x00, 0x03, 0x00, 0x02, 0x00,
        0xFB, 0xFF, 0xF5, 0xFF, 0xF2, 0xFF, 0xEF, 0xFF, 0xF2, 0xFF, 0xF9, 0xFF, 0xFC, 0xFF, 0x02, 0x00,
        0x0A, 0x00, 0x0F, 0x00, 0x14, 0x00, 0x17, 0x00, 0x15, 0x00, 0x10, 0x00, 0x0A, 0x00, 0x05, 0x00,
        0x00, 0x00, 0xFB, 0xFF, 0xF8, 0xFF, 0xF6, 0xFF, 0xF6, 0xFF, 0xF5, 0xFF, 0xF7, 0xFF, 0xFB, 0xFF,
        0xFF, 0xFF, 0x02, 0x00, 0x09, 0x00, 0x0E, 0x00, 0x11, 0x00, 0x17, 0x00, 0x1A, 0x00, 0x19, 0x00,
        0x15, 0x00, 0x0D, 0x00, 0x06, 0x00, 0xFF, 0xFF, 0xF9, 0xFF, 0xF6, 0xFF, 0xF5, 0xFF, 0xF6, 0xFF,
        0xFB, 0xFF, 0x02, 0x00, 0x08, 0x00, 0x0D, 0x00, 0x12, 0x00, 0x13, 0x00, 0x13, 0x00, 0x16, 0x00,
        0x15, 0x00, 0x13, 0x00, 0x12, 0x00, 0x0D, 0x00, 0x05, 0x00, 0x01, 0x00, 0xFC, 0xFF, 0xF5, 0xFF,
        0xF1, 0xFF, 0xF1, 0xFF, 0xF2, 0xFF, 0xF6, 0xFF, 0xFE, 0xFF, 0x07, 0x00, 0x0E, 0x00, 0x12, 0x00,
        0x14, 0x00, 0x14, 0x00, 0x12, 0x00, 0x0D, 0x00, 0x08, 0x00, 0x04, 0x00, 0xFF, 0xFF, 0xFA, 0xFF,
        0xF6, 0xFF, 0xF4, 0xFF, 0xF6, 0xFF, 0xF5, 0xFF, 0xF5, 0xFF, 0xF8, 0xFF, 0xFC, 0xFF, 0x00, 0x00,
        0x07, 0x00, 0x0F, 0x00, 0x15, 0x00, 0x18, 0x00, 0x18, 0x00, 0x16, 0x00, 0x0F, 0x00, 0x09, 0x00,
        0x02, 0x00, 0xFB, 0xFF, 0xF6, 0xFF, 0xF4, 0xFF, 0xF3, 0xFF, 0xF8, 0xFF, 0xFF, 0xFF, 0x01, 0x00,
        0x04, 0x00, 0x0A, 0x00, 0x0E, 0x00, 0x10, 0x00, 0x14, 0x00, 0x16, 0x00, 0x15, 0x00, 0x15, 0x00,
        0x14, 0x00, 0x0D, 0x00, 0x07, 0x00, 0x02, 0x00, 0xFA, 0xFF, 0xF3, 0xFF, 0xF0, 0xFF, 0xF2, 0xFF,
        0xF6, 0xFF, 0xFA, 0xFF, 0x03, 0x00, 0x0C, 0x00, 0x11, 0x00, 0x15, 0x00, 0x16, 0x00, 0x16, 0x00,
        0x16, 0x00, 0x11, 0x00, 0x0B, 0x00, 0x07, 0x00, 0x01, 0x00, 0xFF, 0xFF, 0xFC, 0xFF, 0xF7, 0xFF,
        0xF5, 0xFF, 0xF4, 0xFF, 0xF2, 0xFF, 0xF6, 0xFF, 0xFC, 0xFF, 0x03, 0x00, 0x0A, 0x00, 0x10, 0x00,
        0x18, 0x00, 0x1A, 0x00, 0x18, 0x00, 0x15, 0x00, 0x0D, 0x00, 0x03, 0x00, 0xFE, 0xFF, 0xF7, 0xFF,
        0xF2, 0xFF, 0xF1, 0xFF, 0xF2, 0xFF, 0xF6, 0xFF, 0xFA, 0xFF, 0xFC, 0xFF, 0x01, 0x00, 0x07, 0x00,
        0x0A, 0x00, 0x0F, 0x00, 0x13, 0x00, 0x15, 0x00, 0x15, 0x00, 0x15, 0x00, 0x13, 0x00, 0x0C, 0x00,
        0x05, 0x00, 0xFF, 0xFF, 0xF9, 0xFF, 0xF5, 0xFF, 0xF4, 0xFF, 0xF5, 0xFF, 0xFB, 0xFF, 0x02, 0x00,
        0x09, 0x00, 0x10, 0x00, 0x14, 0x00, 0x17, 0x00, 0x17, 0x00, 0x16, 0x00, 0x15, 0x00, 0x11, 0x00,
        0x0F, 0x00, 0x0F, 0x00, 0x07, 0x00, 0x01, 0x00, 0x01, 0x00, 0xFB, 0xFF, 0xF5, 0xFF, 0xF6, 0xFF,
        0xF7, 0xFF, 0xFA, 0xFF, 0xFE, 0xFF, 0x06, 0x00, 0x11, 0x00, 0x15, 0x00, 0x14, 0x00, 0x17, 0x00,
        0x17, 0x00, 0x11, 0x00, 0x0A, 0x00, 0x03, 0x00, 0xFD, 0xFF, 0xF9, 0xFF, 0xF7, 0xFF, 0xF7, 0xFF,
        0xF7, 0xFF, 0xF6, 0xFF, 0xF7, 0xFF, 0xFC, 0xFF, 0x01, 0x00, 0x03, 0x00, 0x08, 0x00, 0x10, 0x00,
        0x15, 0x00, 0x16, 0x00, 0x17, 0x00, 0x16, 0x00, 0x11, 0x00, 0x09, 0x00, 0xFF, 0xFF, 0xF9, 0xFF,
        0xF7, 0xFF, 0xF2, 0xFF, 0xF0, 0xFF, 0xF6, 0xFF, 0xFD, 0xFF, 0x02, 0x00, 0x08, 0x00, 0x0E, 0x00,
        0x12, 0x00, 0x14, 0x00, 0x17, 0x00, 0x17, 0x00, 0x15, 0x00, 0x13, 0x00, 0x11, 0x00, 0x0E, 0x00,
        0x09, 0x00, 0x05, 0x00, 0x00, 0x00, 0xF9, 0xFF, 0xF7, 0xFF, 0xF5, 0xFF, 0xF5, 0xFF, 0xFD, 0xFF,
        0x07, 0x00, 0x0D, 0x00, 0x12, 0x00, 0x16, 0x00, 0x1A, 0x00, 0x1A, 0x00, 0x16, 0x00, 0x12, 0x00,
        0x0C, 0x00, 0x06, 0x00, 0x02, 0x00, 0xFE, 0xFF, 0xFC, 0xFF, 0xFB, 0xFF, 0xF9, 0xFF, 0xF8, 0xFF,
        0xFA, 0xFF, 0xFD, 0xFF, 0x01, 0x00, 0x05, 0x00, 0x0D, 0x00, 0x14, 0x00, 0x16, 0x00, 0x18, 0x00,
        0x1A, 0x00, 0x14, 0x00, 0x0E, 0x00, 0x09, 0x00, 0x01, 0x00, 0xF9, 0xFF, 0xF4, 0xFF, 0xF3, 0xFF,
        0xF7, 0xFF, 0xF8, 0xFF, 0xFA, 0xFF, 0x00, 0x00, 0x06, 0x00, 0x0A, 0x00, 0x0E, 0x00, 0x11, 0x00,
        0x14, 0x00, 0x16, 0x00, 0x16, 0x00, 0x14, 0x00, 0x11, 0x00, 0x0D, 0x00, 0x07, 0x00, 0x00, 0x00,
        0xF9, 0xFF, 0xF5, 0xFF, 0xF4, 0xFF, 0xF6, 0xFF, 0xFC, 0xFF, 0x02, 0x00, 0x08, 0x00, 0x10, 0x00,
        0x17, 0x00, 0x18, 0x00, 0x18, 0x00, 0x19, 0x00, 0x15, 0x00, 0x12, 0x00, 0x10, 0x00, 0x0B, 0x00,
        0x07, 0x00, 0x03, 0x00, 0xFE, 0xFF, 0xFB, 0xFF, 0xF8, 0xFF, 0xF6, 0xFF, 0xF8, 0xFF, 0xFD, 0xFF,
        0x03, 0x00, 0x08, 0x00, 0x10, 0x00, 0x19, 0x00, 0x1B, 0x00, 0x1B, 0x00, 0x1A, 0x00, 0x14, 0x00,
        0x0C, 0x00, 0x05, 0x00, 0xFD, 0xFF, 0xF9, 0xFF, 0xF6, 0xFF, 0xF5, 0xFF, 0xF7, 0xFF, 0xFB, 0xFF,
        0xFA, 0xFF, 0xFC, 0xFF, 0x02, 0x00, 0x05, 0x00, 0x08, 0x00, 0x10, 0x00, 0x14, 0x00, 0x15, 0x00,
        0x18, 0x00, 0x18, 0x00, 0x11, 0x00, 0x0C, 0x00, 0x05, 0x00, 0xFC, 0xFF, 0xF6, 0xFF, 0xF4, 0xFF,
        0xF5, 0xFF, 0xF7, 0xFF, 0xFB, 0xFF, 0x03, 0x00, 0x0B, 0x00, 0x10, 0x00, 0x12, 0x00, 0x15, 0x00,
        0x19, 0x00, 0x19, 0x00, 0x16, 0x00, 0x13, 0x00, 0x10, 0x00, 0x0C, 0x00, 0x08, 0x00, 0x02, 0x00,
        0xFF, 0xFF, 0xFC, 0xFF, 0xF8, 0xFF, 0xF9, 0xFF, 0xFA, 0xFF, 0xFF, 0xFF, 0x09, 0x00, 0x0E, 0x00,
        0x13, 0x00, 0x1B, 0x00, 0x1D, 0x00, 0x1D, 0x00, 0x1A, 0x00, 0x11, 0x00, 0x0D, 0x00, 0x08, 0x00,
        0x00, 0x00, 0xFE, 0xFF, 0xFB, 0xFF, 0xF7, 0xFF, 0xFB, 0xFF, 0xFC, 0xFF, 0xFB, 0xFF, 0xFF, 0xFF,
        0x03, 0x00, 0x09, 0x00, 0x0E, 0x00, 0x12, 0x00, 0x18, 0x00, 0x1A, 0x00, 0x17, 0x00, 0x15, 0x00,
        0x0F, 0x00, 0x06, 0x00, 0x00, 0x00, 0xF9, 0xFF, 0xF3, 0xFF, 0xF2, 0xFF, 0xF5, 0xFF, 0xF9, 0xFF,
        0xFE, 0xFF, 0x03, 0x00, 0x09, 0x00, 0x0F, 0x00, 0x12, 0x00, 0x11, 0x00, 0x15, 0x00, 0x16, 0x00,
        0x14, 0x00, 0x13, 0x00, 0x11, 0x00, 0x0A, 0x00, 0x05, 0x00, 0x01, 0x00, 0xFB, 0xFF, 0xF6, 0xFF,
        0xF5, 0xFF, 0xF9, 0xFF, 0xFC, 0xFF, 0x00, 0x00, 0x09, 0x00, 0x12, 0x00, 0x16, 0x00, 0x1A, 0x00,
        0x1C, 0x00, 0x1C, 0x00, 0x18, 0x00, 0x13, 0x00, 0x0E, 0x00, 0x08, 0x00, 0x04, 0x00, 0x03, 0x00,
        0xFF, 0xFF, 0xFC, 0xFF, 0xFC, 0xFF, 0xFB, 0xFF, 0xFD, 0xFF, 0x01, 0x00, 0x04, 0x00, 0x0B, 0x00,
        0x12, 0x00, 0x14, 0x00, 0x18, 0x00, 0x1F, 0x00, 0x1C, 0x00, 0x13, 0x00, 0x0F, 0x00, 0x09, 0x00,
        0x00, 0x00, 0xF9, 0xFF, 0xF5, 0xFF, 0xF4, 0xFF, 0xF7, 0xFF, 0xFA, 0xFF, 0xFF, 0xFF, 0x04, 0x00,
        0x05, 0x00, 0x0A, 0x00, 0x10, 0x00, 0x11, 0x00, 0x13, 0x00, 0x15, 0x00, 0x14, 0x00, 0x13, 0x00,
        0x10, 0x00, 0x0B, 0x00, 0x06, 0x00, 0x00, 0x00, 0xFA, 0xFF, 0xF6, 0xFF, 0xF4, 0xFF, 0xF8, 0xFF,
        0xFE, 0xFF, 0x06, 0x00, 0x0C, 0x00, 0x10, 0x00, 0x16, 0x00, 0x1A, 0x00, 0x1C, 0x00, 0x1C, 0x00,
        0x18, 0x00, 0x10, 0x00, 0x0C, 0x00, 0x0B, 0x00, 0x09, 0x00, 0x03, 0x00, 0xFF, 0xFF, 0xFD, 0xFF,
        0xFA, 0xFF, 0xFC, 0xFF, 0xFF, 0xFF, 0x00, 0x00, 0x07, 0x00, 0x0F, 0x00, 0x13, 0x00, 0x19, 0x00,
        0x1C, 0x00, 0x1A, 0x00, 0x1A, 0x00, 0x16, 0x00, 0x0D, 0x00, 0x06, 0x00, 0x00, 0x00, 0xFD, 0xFF,
        0xF9, 0xFF, 0xF7, 0xFF, 0xF8, 0xFF, 0xFA, 0xFF, 0xFF, 0xFF, 0x04, 0x00, 0x07, 0x00, 0x0C, 0x00,
        0x10, 0x00, 0x10, 0x00, 0x13, 0x00, 0x17, 0x00, 0x17, 0x00, 0x13, 0x00, 0x0E, 0x00, 0x08, 0x00,
        0x01, 0x00, 0xFA, 0xFF, 0xF6, 0xFF, 0xF4, 0xFF, 0xF2, 0xFF, 0xF6, 0xFF, 0xFD, 0xFF, 0x03, 0x00,
        0x09, 0x00, 0x0E, 0x00, 0x14, 0x00, 0x16, 0x00, 0x14, 0x00, 0x13, 0x00, 0x12, 0x00, 0x10, 0x00,
        0x0E, 0x00, 0x0B, 0x00, 0x06, 0x00, 0x00, 0x00, 0xFC, 0xFF, 0xF8, 0xFF, 0xF6, 0xFF, 0xF6, 0xFF,
        0xFB, 0xFF, 0x01, 0x00, 0x08, 0x00, 0x11, 0x00, 0x18, 0x00, 0x1A, 0x00, 0x1C, 0x00, 0x1D, 0x00,
        0x18, 0x00, 0x13, 0x00, 0x0E, 0x00, 0x08, 0x00, 0x05, 0x00, 0x02, 0x00, 0xFD, 0xFF, 0xFD, 0xFF,
        0xFE, 0xFF, 0xFD, 0xFF, 0xFF, 0xFF, 0x06, 0x00, 0x0A, 0x00, 0x0B, 0x00, 0x0F, 0x00, 0x15, 0x00,
        0x18, 0x00, 0x18, 0x00, 0x18, 0x00, 0x16, 0x00, 0x11, 0x00, 0x06, 0x00, 0xFE, 0xFF, 0xFC, 0xFF,
        0xF7, 0xFF, 0xF4, 0xFF, 0xF7, 0xFF, 0xF6, 0xFF, 0xFB, 0xFF, 0x06, 0x00, 0x08, 0x00, 0x0B, 0x00,
        0x11, 0x00, 0x11, 0x00, 0x12, 0x00, 0x15, 0x00, 0x15, 0x00, 0x10, 0x00, 0x0A, 0x00, 0x08, 0x00,
        0x03, 0x00, 0xFB, 0xFF, 0xF8, 0xFF, 0xF6, 0xFF, 0xF3, 0xFF, 0xF5, 0xFF, 0xF9, 0xFF, 0x00, 0x00,
        0x09, 0x00, 0x0E, 0x00, 0x14, 0x00, 0x1A, 0x00, 0x18, 0x00, 0x17, 0x00, 0x15, 0x00, 0x10, 0x00,
        0x0D, 0x00, 0x08, 0x00, 0x02, 0x00, 0x00, 0x00, 0xFD, 0xFF, 0xFC, 0xFF, 0xFD, 0xFF, 0xFC, 0xFF,
        0xFD, 0xFF, 0x02, 0x00, 0x09, 0x00, 0x10, 0x00, 0x14, 0x00, 0x19, 0x00, 0x1D, 0x00, 0x1D, 0x00,
        0x1A, 0x00, 0x13, 0x00, 0x0B, 0x00, 0x05, 0x00, 0xFF, 0xFF, 0xFA, 0xFF, 0xF7, 0xFF, 0xF7, 0xFF,
        0xF8, 0xFF, 0xFB, 0xFF, 0x00, 0x00, 0x02, 0x00, 0x05, 0x00, 0x0C, 0x00, 0x0E, 0x00, 0x10, 0x00,
        0x15, 0x00, 0x15, 0x00, 0x13, 0x00, 0x11, 0x00, 0x0C, 0x00, 0x06, 0x00, 0xFF, 0xFF, 0xF9, 0xFF,
        0xF6, 0xFF, 0xF4, 0xFF, 0xF2, 0xFF, 0xF6, 0xFF, 0xF9, 0xFF, 0xFF, 0xFF, 0x09, 0x00, 0x0D, 0x00,
        0x0F, 0x00, 0x14, 0x00, 0x16, 0x00, 0x12, 0x00, 0x0E, 0x00, 0x0B, 0x00, 0x07, 0x00, 0x04, 0x00,
        0x02, 0x00, 0xFD, 0xFF, 0xF7, 0xFF, 0xF6, 0xFF, 0xF7, 0xFF, 0xF6, 0xFF, 0xF8, 0xFF, 0xFD, 0xFF,
        0x04, 0x00, 0x0B, 0x00, 0x11, 0x00, 0x17, 0x00, 0x1B, 0x00, 0x1A, 0x00, 0x16, 0x00, 0x10, 0x00,
        0x0C, 0x00, 0x05, 0x00, 0xFD, 0xFF, 0xFB, 0xFF, 0xF9, 0xFF, 0xF6, 0xFF, 0xFA, 0xFF, 0xFE, 0xFF,
        0x00, 0x00, 0x04, 0x00, 0x07, 0x00, 0x0B, 0x00, 0x12, 0x00, 0x16, 0x00, 0x19, 0x00, 0x1A, 0x00,
        0x17, 0x00, 0x13, 0x00, 0x0F, 0x00, 0x08, 0x00, 0x02, 0x00, 0xF9, 0xFF, 0xF2, 0xFF, 0xF2, 0xFF,
        0xF5, 0xFF, 0xF9, 0xFF, 0xFE, 0xFF, 0x04, 0x00, 0x07, 0x00, 0x0B, 0x00, 0x11, 0x00, 0x12, 0x00,
        0x10, 0x00, 0x10, 0x00, 0x0E, 0x00, 0x0B, 0x00, 0x08, 0x00, 0x04, 0x00, 0x00, 0x00, 0xFB, 0xFF,
        0xF4, 0xFF, 0xF3, 0xFF, 0xF4, 0xFF, 0xF2, 0xFF, 0xF6, 0xFF, 0xFE, 0xFF, 0x07, 0x00, 0x0F, 0x00,
        0x14, 0x00, 0x16, 0x00, 0x17, 0x00, 0x16, 0x00, 0x12, 0x00, 0x0C, 0x00, 0x06, 0x00, 0x02, 0x00,
        0xFF, 0xFF, 0xFB, 0xFF, 0xFA, 0xFF, 0xFA, 0xFF, 0xFA, 0xFF, 0xFD, 0xFF, 0x00, 0x00, 0x02, 0x00,
        0x06, 0x00, 0x0C, 0x00, 0x12, 0x00, 0x17, 0x00, 0x1A, 0x00, 0x1B, 0x00, 0x19, 0x00, 0x13, 0x00,
        0x0C, 0x00, 0x03, 0x00, 0xFD, 0xFF, 0xFB, 0xFF, 0xF8, 0xFF, 0xF5, 0xFF, 0xF7, 0xFF, 0xFC, 0xFF,
        0x01, 0x00, 0x07, 0x00, 0x0B, 0x00, 0x0E, 0x00, 0x12, 0x00, 0x12, 0x00, 0x13, 0x00, 0x14, 0x00,
        0x10, 0x00, 0x0F, 0x00, 0x0C, 0x00, 0x03, 0x00, 0xFD, 0xFF, 0xF9, 0xFF, 0xF4, 0xFF, 0xF0, 0xFF,
        0xF0, 0xFF, 0xF3, 0xFF, 0xFA, 0xFF, 0x02, 0x00, 0x08, 0x00, 0x0F, 0x00, 0x14, 0x00, 0x13, 0x00,
        0x13, 0x00, 0x15, 0x00, 0x0D, 0x00, 0x05, 0x00, 0x05, 0x00, 0x01, 0x00, 0xFB, 0xFF, 0xFB, 0xFF,
        0xF9, 0xFF, 0xF5, 0xFF, 0xF5, 0xFF, 0xF7, 0xFF, 0xFB, 0xFF, 0x00, 0x00, 0x06, 0x00, 0x0D, 0x00,
        0x12, 0x00, 0x19, 0x00, 0x1C, 0x00, 0x18, 0x00, 0x16, 0x00, 0x12, 0x00, 0x08, 0x00, 0x02, 0x00,
        0xFE, 0xFF, 0xF9, 0xFF, 0xF8, 0xFF, 0xF8, 0xFF, 0xFA, 0xFF, 0xFE, 0xFF, 0x01, 0x00, 0x06, 0x00,
        0x0B, 0x00, 0x0D, 0x00, 0x10, 0x00, 0x13, 0x00, 0x16, 0x00, 0x16, 0x00, 0x13, 0x00, 0x11, 0x00,
        0x0C, 0x00, 0x05, 0x00, 0xFF, 0xFF, 0xF7, 0xFF, 0xF3, 0xFF, 0xF3, 0xFF, 0xF1, 0xFF, 0xF5, 0xFF,
        0xFE, 0xFF, 0x06, 0x00, 0x0D, 0x00, 0x10, 0x00, 0x10, 0x00, 0x13, 0x00, 0x13, 0x00, 0x10, 0x00,
        0x0E, 0x00, 0x08, 0x00, 0x03, 0x00, 0x04, 0x00, 0xFF, 0xFF, 0xF7, 0xFF, 0xF6, 0xFF, 0xF5, 0xFF,
        0xF2, 0xFF, 0xF4, 0xFF, 0xF9, 0xFF, 0xFF, 0xFF, 0x08, 0x00, 0x10, 0x00, 0x14, 0x00, 0x19, 0x00,
        0x18, 0x00, 0x15, 0x00, 0x14, 0x00, 0x0E, 0x00, 0x05, 0x00, 0x01, 0x00, 0xFC, 0xFF, 0xF9, 0xFF,
        0xFA, 0xFF, 0xFA, 0xFF, 0xF9, 0xFF, 0xFC, 0xFF, 0x00, 0x00, 0x03, 0x00, 0x06, 0x00, 0x0E, 0x00,
        0x13, 0x00, 0x14, 0x00, 0x16, 0x00, 0x1A, 0x00, 0x16, 0x00, 0x10, 0x00, 0x0D, 0x00, 0x04, 0x00,
        0xFB, 0xFF, 0xF8, 0xFF, 0xF4, 0xFF, 0xF3, 0xFF, 0xF7, 0xFF, 0xFA, 0xFF, 0x00, 0x00, 0x06, 0x00,
        0x0C, 0x00, 0x11, 0x00, 0x12, 0x00, 0x11, 0x00, 0x14, 0x00, 0x12, 0x00, 0x0E, 0x00, 0x0D, 0x00,
        0x08, 0x00, 0x04, 0x00, 0x01, 0x00, 0xF9, 0xFF, 0xF6, 0xFF, 0xF4, 0xFF, 0xF1, 0xFF, 0xF3, 0xFF,
        0xFB, 0xFF, 0x00, 0x00, 0x06, 0x00, 0x0C, 0x00, 0x13, 0x00, 0x17, 0x00, 0x15, 0x00, 0x14, 0x00,
        0x10, 0x00, 0x08, 0x00, 0x04, 0x00, 0x00, 0x00, 0xFC, 0xFF, 0xFA, 0xFF, 0xF6, 0xFF, 0xF7, 0xFF,
        0xFA, 0xFF, 0xFA, 0xFF, 0xFC, 0xFF, 0xFF, 0xFF, 0x03, 0x00, 0x0A, 0x00, 0x10, 0x00, 0x14, 0x00,
        0x18, 0x00, 0x17, 0x00, 0x12, 0x00, 0x0F, 0x00, 0x09, 0x00, 0x02, 0x00, 0xFD, 0xFF, 0xF9, 0xFF,
        0xF5, 0xFF, 0xF6, 0xFF, 0xF9, 0xFF, 0xFC, 0xFF, 0x02, 0x00, 0x09, 0x00, 0x0C, 0x00, 0x0F, 0x00,
        0x11, 0x00, 0x13, 0x00, 0x15, 0x00, 0x14, 0x00, 0x11, 0x00, 0x0F, 0x00, 0x0B, 0x00, 0x06, 0x00,
        0xFF, 0xFF, 0xF8, 0xFF, 0xF5, 0xFF, 0xF3, 0xFF, 0xF3, 0xFF, 0xF6, 0xFF, 0xFB, 0xFF, 0x04, 0x00,
        0x0A, 0x00, 0x0E, 0x00, 0x15, 0x00, 0x15, 0x00, 0x13, 0x00, 0x11, 0x00, 0x0B, 0x00, 0x05, 0x00,
        0x02, 0x00, 0xFD, 0xFF, 0xFA, 0xFF, 0xF8, 0xFF, 0xF6, 0xFF, 0xF5, 0xFF, 0xF4, 0xFF, 0xF5, 0xFF,
        0xF9, 0xFF, 0xFE, 0xFF, 0x04, 0x00, 0x0A, 0x00, 0x11, 0x00, 0x15, 0x00, 0x15, 0x00, 0x15, 0x00,
        0x12, 0x00, 0x0A, 0x00, 0x04, 0x00, 0xFE, 0xFF, 0xF8, 0xFF, 0xF8, 0xFF, 0xF7, 0xFF, 0xF6, 0xFF,
        0xFB, 0xFF, 0xFC, 0xFF, 0x00, 0x00, 0x08, 0x00, 0x0C, 0x00, 0x10, 0x00, 0x13, 0x00, 0x14, 0x00,
        0x15, 0x00, 0x14, 0x00, 0x13, 0x00, 0x11, 0x00, 0x0A, 0x00, 0x03, 0x00, 0xFC, 0xFF, 0xF6, 0xFF,
        0xF3, 0xFF, 0xF3, 0xFF, 0xF7, 0xFF, 0xFC, 0xFF, 0xFF, 0xFF, 0x06, 0x00, 0x0E, 0x00, 0x11, 0x00,
        0x14, 0x00, 0x15, 0x00, 0x13, 0x00, 0x10, 0x00, 0x0E, 0x00, 0x09, 0x00, 0x03, 0x00, 0x00, 0x00,
        0xFC, 0xFF, 0xF7, 0xFF, 0xF4, 0xFF, 0xF3, 0xFF, 0xF1, 0xFF, 0xF3, 0xFF, 0xF8, 0xFF, 0xFE, 0xFF,
        0x05, 0x00, 0x0D, 0x00, 0x12, 0x00, 0x14, 0x00, 0x14, 0x00, 0x13, 0x00, 0x0D, 0x00, 0x06, 0x00,
        0x00, 0x00, 0xFC, 0xFF, 0xF7, 0xFF, 0xF4, 0xFF, 0xF4, 0xFF, 0xF4, 0xFF, 0xF5, 0xFF, 0xF9, 0xFF,
        0xFD, 0xFF, 0x02, 0x00, 0x07, 0x00, 0x09, 0x00, 0x0F, 0x00, 0x14, 0x00, 0x13, 0x00, 0x15, 0x00,
        0x13, 0x00, 0x0C, 0x00, 0x07, 0x00, 0x01, 0x00, 0xF9, 0xFF, 0xF6, 0xFF, 0xF3, 0xFF, 0xF3, 0xFF,
        0xF6, 0xFF, 0xFC, 0xFF, 0x03, 0x00, 0x07, 0x00, 0x0C, 0x00, 0x13, 0x00, 0x12, 0x00, 0x11, 0x00,
        0x13, 0x00, 0x12, 0x00, 0x11, 0x00, 0x0E, 0x00, 0x07, 0x00, 0x02, 0x00, 0xFC, 0xFF, 0xF8, 0xFF,
        0xF7, 0xFF, 0xF6, 0xFF, 0xF5, 0xFF, 0xF7, 0xFF, 0xFC, 0xFF, 0x05, 0x00, 0x0D, 0x00, 0x11, 0x00,
        0x13, 0x00, 0x14, 0x00, 0x15, 0x00, 0x11, 0x00, 0x0A, 0x00, 0x05, 0x00, 0xFE, 0xFF, 0xFB, 0xFF,
        0xF8, 0xFF, 0xF3, 0xFF, 0xF3, 0xFF, 0xF5, 0xFF, 0xF3, 0xFF, 0xF6, 0xFF, 0xFC, 0xFF, 0xFF, 0xFF,
        0x03, 0x00, 0x09, 0x00, 0x0E, 0x00, 0x14, 0x00, 0x15, 0x00, 0x13, 0x00, 0x12, 0x00, 0x0C, 0x00,
        0x01, 0x00, 0xF9, 0xFF, 0xF6, 0xFF, 0xF5, 0xFF, 0xF4, 0xFF, 0xF4, 0xFF, 0xF7, 0xFF, 0xFD, 0xFF,
        0x03, 0x00, 0x05, 0x00, 0x08, 0x00, 0x0E, 0x00, 0x0F, 0x00, 0x0F, 0x00, 0x12, 0x00, 0x12, 0x00,
        0x10, 0x00, 0x0D, 0x00, 0x07, 0x00, 0x03, 0x00, 0xFB, 0xFF, 0xF4, 0xFF, 0xF3, 0xFF, 0xF3, 0xFF,
        0xF2, 0xFF, 0xF6, 0xFF, 0xFD, 0xFF, 0x05, 0x00, 0x0D, 0x00, 0x10, 0x00, 0x10, 0x00, 0x12, 0x00,
        0x11, 0x00, 0x0E, 0x00, 0x0B, 0x00, 0x05, 0x00, 0xFF, 0xFF, 0xFC, 0xFF, 0xF8, 0xFF, 0xF6, 0xFF,
        0xF5, 0xFF, 0xF0, 0xFF, 0xF1, 0xFF, 0xF5, 0xFF, 0xFA, 0xFF, 0x01, 0x00, 0x05, 0x00, 0x0B, 0x00,
        0x13, 0x00, 0x14, 0x00, 0x13, 0x00, 0x12, 0x00, 0x0C, 0x00, 0x04, 0x00, 0xFF, 0xFF, 0xF8, 0xFF,
        0xF2, 0xFF, 0xF1, 0xFF, 0xF2, 0xFF, 0xF3, 0xFF, 0xF5, 0xFF, 0xF9, 0xFF, 0xFD, 0xFF, 0x00, 0x00,
        0x04, 0x00, 0x09, 0x00, 0x0C, 0x00, 0x0E, 0x00, 0x0E, 0x00, 0x0D, 0x00, 0x0E, 0x00, 0x0C, 0x00,
        0x05, 0x00, 0xFC, 0xFF, 0xF7, 0xFF, 0xF2, 0xFF, 0xEE, 0xFF, 0xF1, 0xFF, 0xF8, 0xFF, 0xF9, 0xFF,
        0xFE, 0xFF, 0x08, 0x00, 0x0E, 0x00, 0x0F, 0x00, 0x12, 0x00, 0x13, 0x00, 0x12, 0x00, 0x10, 0x00,
        0x0B, 0x00, 0x07, 0x00, 0x05, 0x00, 0x01, 0x00, 0xFD, 0xFF, 0xF7, 0xFF, 0xF3, 0xFF, 0xF5, 0xFF,
        0xF4, 0xFF, 0xF4, 0xFF, 0xFB, 0xFF, 0x02, 0x00, 0x06, 0x00, 0x0C, 0x00, 0x0F, 0x00, 0x13, 0x00,
        0x15, 0x00, 0x0E, 0x00, 0x09, 0x00, 0x04, 0x00, 0xFB, 0xFF, 0xF7, 0xFF, 0xF4, 0xFF, 0xF1, 0xFF,
        0xF0, 0xFF, 0xEF, 0xFF, 0xF2, 0xFF, 0xF8, 0xFF, 0xFB, 0xFF, 0xFE, 0xFF, 0x00, 0x00, 0x04, 0x00,
        0x0E, 0x00, 0x0F, 0x00, 0x0C, 0x00, 0x10, 0x00, 0x0C, 0x00, 0x05, 0x00, 0x02, 0x00, 0xFB, 0xFF,
        0xF3, 0xFF, 0xEE, 0xFF, 0xEC, 0xFF, 0xF1, 0xFF, 0xF6, 0xFF, 0xF7, 0xFF, 0xFE, 0xFF, 0x05, 0x00,
        0x09, 0x00, 0x0B, 0x00, 0x0D, 0x00, 0x0F, 0x00, 0x0D, 0x00, 0x0B, 0x00, 0x0B, 0x00, 0x08, 0x00,
        0x02, 0x00, 0x00, 0x00, 0xFB, 0xFF, 0xF4, 0xFF, 0xF0, 0xFF, 0xF0, 0xFF, 0xF1, 0xFF, 0xF5, 0xFF,
        0xFB, 0xFF, 0x03, 0x00, 0x0A, 0x00, 0x0F, 0x00, 0x14, 0x00, 0x15, 0x00, 0x12, 0x00, 0x0F, 0x00,
        0x08, 0x00, 0x03, 0x00, 0x00, 0x00, 0xFA, 0xFF, 0xF5, 0xFF, 0xF4, 0xFF, 0xF3, 0xFF, 0xF3, 0xFF,
        0xF4, 0xFF, 0xF5, 0xFF, 0xF9, 0xFF, 0xFD, 0xFF, 0x03, 0x00, 0x0B, 0x00, 0x0F, 0x00, 0x11, 0x00,
        0x11, 0x00, 0x10, 0x00, 0x0B, 0x00, 0x03, 0x00, 0xFD, 0xFF, 0xF8, 0xFF, 0xF1, 0xFF, 0xED, 0xFF,
        0xED, 0xFF, 0xEF, 0xFF, 0xF5, 0xFF, 0xFB, 0xFF, 0xFC, 0xFF, 0x00, 0x00, 0x05, 0x00, 0x08, 0x00,
        0x0B, 0x00, 0x0E, 0x00, 0x0E, 0x00, 0x0C, 0x00, 0x09, 0x00, 0x08, 0x00, 0x00, 0x00, 0xF7, 0xFF,
        0xF4, 0xFF, 0xF0, 0xFF, 0xED, 0xFF, 0xEE, 0xFF, 0xF1, 0xFF, 0xF5, 0xFF, 0xFD, 0xFF, 0x05, 0x00,
        0x0B, 0x00, 0x0F, 0x00, 0x0F, 0x00, 0x10, 0x00, 0x10, 0x00, 0x0E, 0x00, 0x07, 0x00, 0x04, 0x00,
        0x02, 0x00, 0xFC, 0xFF, 0xF8, 0xFF, 0xF7, 0xFF, 0xF4, 0xFF, 0xF4, 0xFF, 0xF6, 0xFF, 0xF7, 0xFF,
        0xF9, 0xFF, 0x00, 0x00, 0x07, 0x00, 0x0C, 0x00, 0x11, 0x00, 0x13, 0x00, 0x11, 0x00, 0x0E, 0x00,
        0x09, 0x00, 0x02, 0x00, 0xFA, 0xFF, 0xF5, 0xFF, 0xF2, 0xFF, 0xEF, 0xFF, 0xED, 0xFF, 0xF0, 0xFF,
        0xF4, 0xFF, 0xF5, 0xFF, 0xFB, 0xFF, 0x00, 0x00, 0x02, 0x00, 0x06, 0x00, 0x0A, 0x00, 0x0D, 0x00,
        0x0E, 0x00, 0x0B, 0x00, 0x08, 0x00, 0x05, 0x00, 0xFE, 0xFF, 0xF6, 0xFF, 0xF1, 0xFF, 0xED, 0xFF,
        0xEB, 0xFF, 0xED, 0xFF, 0xF0, 0xFF, 0xF5, 0xFF, 0xFD, 0xFF, 0x05, 0x00, 0x09, 0x00, 0x0B, 0x00,
        0x0F, 0x00, 0x11, 0x00, 0x0E, 0x00, 0x0B, 0x00, 0x0A, 0x00, 0x07, 0x00, 0x02, 0x00, 0xFF, 0xFF,
        0xFA, 0xFF, 0xF4, 0xFF, 0xF1, 0xFF, 0xF0, 0xFF, 0xF1, 0xFF, 0xF7, 0xFF, 0xFC, 0xFF, 0xFF, 0xFF,
        0x06, 0x00, 0x0E, 0x00, 0x12, 0x00, 0x12, 0x00, 0x11, 0x00, 0x0E, 0x00, 0x07, 0x00, 0x00, 0x00,
        0xFB, 0xFF, 0xF8, 0xFF, 0xF4, 0xFF, 0xF1, 0xFF, 0xF1, 0xFF, 0xF1, 0xFF, 0xF3, 0xFF, 0xF8, 0xFF,
        0xF9, 0xFF, 0xFD, 0xFF, 0x04, 0x00, 0x08, 0x00, 0x0C, 0x00, 0x10, 0x00, 0x0F, 0x00, 0x0F, 0x00,
        0x0C, 0x00, 0x06, 0x00, 0x00, 0x00, 0xF7, 0xFF, 0xF0, 0xFF, 0xEF, 0xFF, 0xED, 0xFF, 0xEF, 0xFF,
        0xF6, 0xFF, 0xF9, 0xFF, 0xFE, 0xFF, 0x03, 0x00, 0x05, 0x00, 0x09, 0x00, 0x0D, 0x00, 0x0C, 0x00,
        0x0C, 0x00, 0x0A, 0x00, 0x07, 0x00, 0x03, 0x00, 0x00, 0x00, 0xFC, 0xFF, 0xF5, 0xFF, 0xF0, 0xFF,
        0xEF, 0xFF, 0xED, 0xFF, 0xEF, 0xFF, 0xF3, 0xFF, 0xF9, 0xFF, 0x03, 0x00, 0x09, 0x00, 0x0D, 0x00,
        0x12, 0x00, 0x13, 0x00, 0x10, 0x00, 0x0E, 0x00, 0x09, 0x00, 0x02, 0x00, 0xFE, 0xFF, 0xFB, 0xFF,
        0xF8, 0xFF, 0xF8, 0xFF, 0xF8, 0xFF, 0xF4, 0xFF, 0xF4, 0xFF, 0xFB, 0xFF, 0xFE, 0xFF, 0x01, 0x00,
        0x08, 0x00, 0x0C, 0x00, 0x10, 0x00, 0x15, 0x00, 0x13, 0x00, 0x0E, 0x00, 0x0B, 0x00, 0x02, 0x00,
        0xFA, 0xFF, 0xF6, 0xFF, 0xF0, 0xFF, 0xEE, 0xFF, 0xEF, 0xFF, 0xF0, 0xFF, 0xF2, 0xFF, 0xF7, 0xFF,
        0xFF, 0xFF, 0x03, 0x00, 0x05, 0x00, 0x07, 0x00, 0x08, 0x00, 0x08, 0x00, 0x0B, 0x00, 0x0A, 0x00,
        0x04, 0x00, 0x01, 0x00, 0xFF, 0xFF, 0xF8, 0xFF, 0xF0, 0xFF, 0xEE, 0xFF, 0xED, 0xFF, 0xEB, 0xFF,
        0xED, 0xFF, 0xF4, 0xFF, 0xFD, 0xFF, 0x04, 0x00, 0x08, 0x00, 0x0D, 0x00, 0x10, 0x00, 0x10, 0x00,
        0x0D, 0x00, 0x08, 0x00, 0x05, 0x00, 0x02, 0x00, 0xFE, 0xFF, 0xF9, 0xFF, 0xF7, 0xFF, 0xF5, 0xFF,
        0xF2, 0xFF, 0xF1, 0xFF, 0xF4, 0xFF, 0xF6, 0xFF, 0xFA, 0xFF, 0x01, 0x00, 0x0A, 0x00, 0x10, 0x00,
        0x12, 0x00, 0x13, 0x00, 0x13, 0x00, 0x0D, 0x00, 0x07, 0x00, 0x03, 0x00, 0xFC, 0xFF, 0xF5, 0xFF,
        0xF2, 0xFF, 0xF0, 0xFF, 0xF0, 0xFF, 0xF3, 0xFF, 0xF6, 0xFF, 0xF8, 0xFF, 0xFB, 0xFF, 0x00, 0x00,
        0x03, 0x00, 0x05, 0x00, 0x09, 0x00, 0x0C, 0x00, 0x0B, 0x00, 0x0A, 0x00, 0x08, 0x00, 0x03, 0x00,
        0xFB, 0xFF, 0xF2, 0xFF, 0xEF, 0xFF, 0xED, 0xFF, 0xEB, 0xFF, 0xEC, 0xFF, 0xEF, 0xFF, 0xF5, 0xFF,
        0xFC, 0xFF, 0xFF, 0xFF, 0x03, 0x00, 0x06, 0x00, 0x08, 0x00, 0x0B, 0x00, 0x0A, 0x00, 0x05, 0x00,
        0x02, 0x00, 0xFF, 0xFF, 0xFC, 0xFF, 0xF9, 0xFF, 0xF4, 0xFF, 0xF2, 0xFF, 0xF0, 0xFF, 0xED, 0xFF,
        0xF1, 0xFF, 0xF4, 0xFF, 0xF7, 0xFF, 0xFF, 0xFF, 0x07, 0x00, 0x0D, 0x00, 0x11, 0x00, 0x10, 0x00,
        0x0F, 0x00, 0x0B, 0x00, 0x04, 0x00, 0xFF, 0xFF, 0xFA, 0xFF, 0xF8, 0xFF, 0xF6, 0xFF, 0xF1, 0xFF,
        0xF1, 0xFF, 0xF5, 0xFF, 0xF5, 0xFF, 0xF7, 0xFF, 0xFB, 0xFF, 0xFF, 0xFF, 0x05, 0x00, 0x09, 0x00,
        0x0E, 0x00, 0x11, 0x00, 0x0F, 0x00, 0x0D, 0x00, 0x09, 0x00, 0x02, 0x00, 0xFA, 0xFF, 0xF3, 0xFF,
        0xEF, 0xFF, 0xEF, 0xFF, 0xEC, 0xFF, 0xEC, 0xFF, 0xF2, 0xFF, 0xF6, 0xFF, 0xFB, 0xFF, 0x02, 0x00,
        0x04, 0x00, 0x06, 0x00, 0x08, 0x00, 0x08, 0x00, 0x08, 0x00, 0x06, 0x00, 0x01, 0x00, 0xFD, 0xFF,
        0xFA, 0xFF, 0xF3, 0xFF, 0xEF, 0xFF, 0xED, 0xFF, 0xE9, 0xFF, 0xEA, 0xFF, 0xEE, 0xFF, 0xF3, 0xFF,
        0xFA, 0xFF, 0x01, 0x00, 0x06, 0x00, 0x0A, 0x00, 0x0B, 0x00, 0x0C, 0x00, 0x0B, 0x00, 0x05, 0x00,
        0x02, 0x00, 0xFF, 0xFF, 0xF9, 0xFF, 0xF6, 0xFF, 0xF3, 0xFF, 0xEF, 0xFF, 0xF0, 0xFF, 0xF1, 0xFF,
        0xF4, 0xFF, 0xF8, 0xFF, 0xF9, 0xFF, 0x00, 0x00, 0x08, 0x00, 0x0A, 0x00, 0x0F, 0x00, 0x12, 0x00,
        0x10, 0x00, 0x0D, 0x00, 0x06, 0x00, 0xFE, 0xFF, 0xFB, 0xFF, 0xF5, 0xFF, 0xEF, 0xFF, 0xEF, 0xFF,
        0xF1, 0xFF, 0xF5, 0xFF, 0xF8, 0xFF, 0xF9, 0xFF, 0xFD, 0xFF, 0x03, 0x00, 0x06, 0x00, 0x07, 0x00,
        0x08, 0x00, 0x0C, 0x00, 0x0B, 0x00, 0x08, 0x00, 0x07, 0x00, 0x02, 0x00, 0xFB, 0xFF, 0xF4, 0xFF,
        0xED, 0xFF, 0xEA, 0xFF, 0xE8, 0xFF, 0xE9, 0xFF, 0xF0, 0xFF, 0xF4, 0xFF, 0xF9, 0xFF, 0x01, 0x00,
        0x06, 0x00, 0x07, 0x00, 0x09, 0x00, 0x09, 0x00, 0x07, 0x00, 0x03, 0x00, 0xFF, 0xFF, 0xFE, 0xFF,
        0xF9, 0xFF, 0xF2, 0xFF, 0xF2, 0xFF, 0xF1, 0xFF, 0xEE, 0xFF, 0xEF, 0xFF, 0xEF, 0xFF, 0xF2, 0xFF,
        0xFA, 0xFF, 0x00, 0x00, 0x08, 0x00, 0x0E, 0x00, 0x0F, 0x00, 0x0F, 0x00, 0x0D, 0x00, 0x09, 0x00,
        0x03, 0x00, 0xFC, 0xFF, 0xF4, 0xFF, 0xF2, 0xFF, 0xF3, 0xFF, 0xF1, 0xFF, 0xF0, 0xFF, 0xF4, 0xFF,
        0xF4, 0xFF, 0xF7, 0xFF, 0xFF, 0xFF, 0x02, 0x00, 0x03, 0x00, 0x09, 0x00, 0x0D, 0x00, 0x0D, 0x00,
        0x0E, 0x00, 0x0A, 0x00, 0x06, 0x00, 0x02, 0x00, 0xF9, 0xFF, 0xF2, 0xFF, 0xF0, 0xFF, 0xEC, 0xFF,
        0xEB, 0xFF, 0xEE, 0xFF, 0xF2, 0xFF, 0xF8, 0xFF, 0xFF, 0xFF, 0x03, 0x00, 0x04, 0x00, 0x06, 0x00,
        0x0A, 0x00, 0x0A, 0x00, 0x06, 0x00, 0x03, 0x00, 0x02, 0x00, 0xFB, 0xFF, 0xF5, 0xFF, 0xF3, 0xFF,
        0xEE, 0xFF, 0xEA, 0xFF, 0xE9, 0xFF, 0xE9, 0xFF, 0xED, 0xFF, 0xF2, 0xFF, 0xF6, 0xFF, 0xFF, 0xFF,
        0x07, 0x00, 0x0B, 0x00, 0x0D, 0x00, 0x0D, 0x00, 0x09, 0x00, 0x06, 0x00, 0x01, 0x00, 0xFA, 0xFF,
        0xF4, 0xFF, 0xF2, 0xFF, 0xF1, 0xFF, 0xEF, 0xFF, 0xEF, 0xFF, 0xF1, 0xFF, 0xF3, 0xFF, 0xF8, 0xFF,
        0xFC, 0xFF, 0xFE, 0xFF, 0x05, 0x00, 0x0B, 0x00, 0x0D, 0x00, 0x10, 0x00, 0x0F, 0x00, 0x09, 0x00,
        0x06, 0x00, 0x01, 0x00, 0xFA, 0xFF, 0xF2, 0xFF, 0xEB, 0xFF, 0xEB, 0xFF, 0xEE, 0xFF, 0xEF, 0xFF,
        0xF5, 0xFF, 0xFD, 0xFF, 0x01, 0x00, 0x03, 0x00, 0x06, 0x00, 0x0A, 0x00, 0x09, 0x00, 0x07, 0x00,
        0x07, 0x00, 0x06, 0x00, 0x02, 0x00, 0x00, 0x00, 0xF9, 0xFF, 0xF2, 0xFF, 0xF1, 0xFF, 0xED, 0xFF,
        0xEA, 0xFF, 0xEC, 0xFF, 0xEF, 0xFF, 0xF6, 0xFF, 0xFD, 0xFF, 0x00, 0x00, 0x05, 0x00, 0x0B, 0x00,
        0x0D, 0x00, 0x0B, 0x00, 0x08, 0x00, 0x02, 0x00, 0xFB, 0xFF, 0xF9, 0xFF, 0xF7, 0xFF, 0xF3, 0xFF,
        0xF1, 0xFF, 0xED, 0xFF, 0xEA, 0xFF, 0xEF, 0xFF, 0xF2, 0xFF, 0xF3, 0xFF, 0xF9, 0xFF, 0xFD, 0xFF,
        0x03, 0x00, 0x09, 0x00, 0x0B, 0x00, 0x0E, 0x00, 0x0E, 0x00, 0x07, 0x00, 0x02, 0x00, 0xFC, 0xFF,
        0xF3, 0xFF, 0xF2, 0xFF, 0xF1, 0xFF, 0xED, 0xFF, 0xED, 0xFF, 0xF1, 0xFF, 0xF5, 0xFF, 0xFA, 0xFF,
        0xFF, 0xFF, 0x03, 0x00, 0x06, 0x00, 0x0A, 0x00, 0x0A, 0x00, 0x09, 0x00, 0x09, 0x00, 0x08, 0x00,
        0x05, 0x00, 0x01, 0x00, 0xF9, 0xFF, 0xF4, 0xFF, 0xF0, 0xFF, 0xE9, 0xFF, 0xE9, 0xFF, 0xEC, 0xFF,
        0xF0, 0xFF, 0xF6, 0xFF, 0xFE, 0xFF, 0x05, 0x00, 0x09, 0x00, 0x09, 0x00, 0x08, 0x00, 0x09, 0x00,
        0x06, 0x00, 0x00, 0x00, 0xFD, 0xFF, 0xF9, 0xFF, 0xF4, 0xFF, 0xEF, 0xFF, 0xED, 0xFF, 0xEC, 0xFF,
        0xEC, 0xFF, 0xEA, 0xFF, 0xEC, 0xFF, 0xF3, 0xFF, 0xFA, 0xFF, 0xFF, 0xFF, 0x04, 0x00, 0x0A, 0x00,
        0x0D, 0x00, 0x0B, 0x00, 0x08, 0x00, 0x04, 0x00, 0xFE, 0xFF, 0xF8, 0xFF, 0xF3, 0xFF, 0xED, 0xFF,
        0xEB, 0xFF, 0xEB, 0xFF, 0xED, 0xFF, 0xF1, 0xFF, 0xF5, 0xFF, 0xF9, 0xFF, 0xFD, 0xFF, 0xFF, 0xFF,
        0x04, 0x00, 0x0A, 0x00, 0x0C, 0x00, 0x0C, 0x00, 0x0B, 0x00, 0x08, 0x00, 0x03, 0x00, 0xFC, 0xFF,
        0xF6, 0xFF, 0xF0, 0xFF, 0xEB, 0xFF, 0xEB, 0xFF, 0xEE, 0xFF, 0xEF, 0xFF, 0xF4, 0xFF, 0xFA, 0xFF,
        0xFF, 0xFF, 0x06, 0x00, 0x09, 0x00, 0x09, 0x00, 0x09, 0x00, 0x09, 0x00, 0x08, 0x00, 0x02, 0x00,
        0xFE, 0xFF, 0xFD, 0xFF, 0xF9, 0xFF, 0xF4, 0xFF, 0xEF, 0xFF, 0xEB, 0xFF, 0xE8, 0xFF, 0xE8, 0xFF,
        0xEC, 0xFF, 0xF3, 0xFF, 0xFB, 0xFF, 0x01, 0x00, 0x05, 0x00, 0x08, 0x00, 0x0C, 0x00, 0x09, 0x00,
        0x04, 0x00, 0x01, 0x00, 0xFB, 0xFF, 0xF5, 0xFF, 0xF1, 0xFF, 0xEE, 0xFF, 0xED, 0xFF, 0xEC, 0xFF,
        0xED, 0xFF, 0xEE, 0xFF, 0xEF, 0xFF, 0xF3, 0xFF, 0xFA, 0xFF, 0xFE, 0xFF, 0x03, 0x00, 0x07, 0x00,
        0x09, 0x00, 0x0A, 0x00, 0x07, 0x00, 0x04, 0x00, 0x01, 0x00, 0xFA, 0xFF, 0xF2, 0xFF, 0xEF, 0xFF,
        0xED, 0xFF, 0xEB, 0xFF, 0xEB, 0xFF, 0xED, 0xFF, 0xF4, 0xFF, 0xFC, 0xFF, 0x02, 0x00, 0x05, 0x00,
        0x08, 0x00, 0x09, 0x00, 0x09, 0x00, 0x0A, 0x00, 0x08, 0x00, 0x05, 0x00, 0x01, 0x00, 0xFC, 0xFF,
        0xF9, 0xFF, 0xF5, 0xFF, 0xED, 0xFF, 0xE9, 0xFF, 0xE9, 0xFF, 0xEA, 0xFF, 0xF0, 0xFF, 0xF8, 0xFF,
        0xFE, 0xFF, 0x04, 0x00, 0x08, 0x00, 0x09, 0x00, 0x0A, 0x00, 0x07, 0x00, 0x02, 0x00, 0xFE, 0xFF,
        0xF9, 0xFF, 0xF3, 0xFF, 0xF1, 0xFF, 0xF0, 0xFF, 0xEB, 0xFF, 0xE7, 0xFF, 0xE8, 0xFF, 0xEB, 0xFF,
        0xED, 0xFF, 0xF3, 0xFF, 0xF8, 0xFF, 0xFD, 0xFF, 0x03, 0x00, 0x08, 0x00, 0x0B, 0x00, 0x0B, 0x00,
        0x07, 0x00, 0x02, 0x00, 0xFC, 0xFF, 0xF6, 0xFF, 0xF1, 0xFF, 0xEE, 0xFF, 0xEA, 0xFF, 0xE8, 0xFF,
        0xEA, 0xFF, 0xF1, 0xFF, 0xF4, 0xFF, 0xF6, 0xFF, 0xFC, 0xFF, 0xFF, 0xFF, 0x01, 0x00, 0x06, 0x00,
        0x08, 0x00, 0x07, 0x00, 0x08, 0x00, 0x06, 0x00, 0x03, 0x00, 0xFD, 0xFF, 0xF2, 0xFF, 0xEC, 0xFF,
        0xEB, 0xFF, 0xEA, 0xFF, 0xE9, 0xFF, 0xEB, 0xFF, 0xF1, 0xFF, 0xFB, 0xFF, 0x01, 0x00, 0x04, 0x00,
        0x08, 0x00, 0x0A, 0x00, 0x09, 0x00, 0x08, 0x00, 0x05, 0x00, 0x01, 0x00, 0xFC, 0xFF, 0xF7, 0xFF,
        0xF4, 0xFF, 0xF0, 0xFF, 0xED, 0xFF, 0xEB, 0xFF, 0xE8, 0xFF, 0xE9, 0xFF, 0xF0, 0xFF, 0xF3, 0xFF,
        0xF7, 0xFF, 0xFF, 0xFF, 0x04, 0x00, 0x07, 0x00, 0x09, 0x00, 0x07, 0x00, 0x03, 0x00, 0xFF, 0xFF,
        0xF8, 0xFF, 0xF1, 0xFF, 0xEE, 0xFF, 0xED, 0xFF, 0xEA, 0xFF, 0xE8, 0xFF, 0xEA, 0xFF, 0xED, 0xFF,
        0xEF, 0xFF, 0xF4, 0xFF, 0xF7, 0xFF, 0xFC, 0xFF, 0x01, 0x00, 0x03, 0x00, 0x06, 0x00, 0x05, 0x00,
        0x02, 0x00, 0x01, 0x00, 0xFD, 0xFF, 0xF6, 0xFF, 0xF1, 0xFF, 0xEB, 0xFF, 0xE7, 0xFF, 0xE7, 0xFF,
        0xEA, 0xFF, 0xF0, 0xFF, 0xF4, 0xFF, 0xF8, 0xFF, 0xFF, 0xFF, 0x04, 0x00, 0x07, 0x00, 0x09, 0x00,
        0x08, 0x00, 0x07, 0x00, 0x05, 0x00, 0x02, 0x00, 0x00, 0x00, 0xFD, 0xFF, 0xF7, 0xFF, 0xF2, 0xFF,
        0xEE, 0xFF, 0xEB, 0xFF, 0xEA, 0xFF, 0xEC, 0xFF, 0xF2, 0xFF, 0xF5, 0xFF, 0xFA, 0xFF, 0x04, 0x00,
        0x08, 0x00, 0x08, 0x00, 0x09, 0x00, 0x06, 0x00, 0x02, 0x00, 0xFE, 0xFF, 0xF8, 0xFF, 0xF2, 0xFF,
        0xED, 0xFF, 0xED, 0xFF, 0xEC, 0xFF, 0xE9, 0xFF, 0xEA, 0xFF, 0xED, 0xFF, 0xEE, 0xFF, 0xF3, 0xFF,
        0xF7, 0xFF, 0xFA, 0xFF, 0x00, 0x00, 0x04, 0x00, 0x07, 0x00, 0x08, 0x00, 0x04, 0x00, 0x00, 0x00,
        0xFB, 0xFF, 0xF4, 0xFF, 0xED, 0xFF, 0xE7, 0xFF, 0xE8, 0xFF, 0xEA, 0xFF, 0xE9, 0xFF, 0xEE, 0xFF,
        0xF6, 0xFF, 0xFA, 0xFF, 0xFD, 0xFF, 0x00, 0x00, 0x04, 0x00, 0x07, 0x00, 0x03, 0x00, 0x02, 0x00,
        0x05, 0x00, 0x02, 0x00, 0x00, 0x00, 0xFA, 0xFF, 0xF2, 0xFF, 0xEF, 0xFF, 0xEC, 0xFF, 0xE9, 0xFF,
        0xE9, 0xFF, 0xED, 0xFF, 0xF2, 0xFF, 0xF8, 0xFF, 0xFE, 0xFF, 0x04, 0x00, 0x07, 0x00, 0x0A, 0x00,
        0x09, 0x00, 0x02, 0x00, 0x01, 0x00, 0xFF, 0xFF, 0xF7, 0xFF, 0xF4, 0xFF, 0xF1, 0xFF, 0xEE, 0xFF,
        0xEE, 0xFF, 0xEC, 0xFF, 0xEC, 0xFF, 0xEE, 0xFF, 0xEF, 0xFF, 0xF2, 0xFF, 0xF8, 0xFF, 0xFF, 0xFF,
        0x05, 0x00, 0x07, 0x00, 0x0A, 0x00, 0x0A, 0x00, 0x03, 0x00, 0xFD, 0xFF, 0xF9, 0xFF, 0xF0, 0xFF,
        0xEB, 0xFF, 0xEA, 0xFF, 0xE8, 0xFF, 0xE8, 0xFF, 0xEB, 0xFF, 0xED, 0xFF, 0xF1, 0xFF, 0xF6, 0xFF,
        0xFA, 0xFF, 0xFF, 0xFF, 0x02, 0x00, 0x03, 0x00, 0x05, 0x00, 0x07, 0x00, 0x04, 0x00, 0xFF, 0xFF,
        0xFB, 0xFF, 0xF8, 0xFF, 0xF0, 0xFF, 0xE9, 0xFF, 0xE8, 0xFF, 0xE8, 0xFF, 0xE7, 0xFF, 0xEC, 0xFF,
        0xF5, 0xFF, 0xFC, 0xFF, 0x02, 0x00, 0x06, 0x00, 0x09, 0x00, 0x09, 0x00, 0x06, 0x00, 0x05, 0x00,
        0x04, 0x00, 0xFE, 0xFF, 0xF9, 0xFF, 0xF8, 0xFF, 0xF3, 0xFF, 0xEF, 0xFF, 0xEF, 0xFF, 0xEE, 0xFF,
        0xED, 0xFF, 0xED, 0xFF, 0xF2, 0xFF, 0xFB, 0xFF, 0xFE, 0xFF, 0x00, 0x00, 0x06, 0x00, 0x0C, 0x00,
        0x0D, 0x00, 0x08, 0x00, 0x02, 0x00, 0xFE, 0xFF, 0xF9, 0xFF, 0xF2, 0xFF, 0xEC, 0xFF, 0xED, 0xFF,
        0xEE, 0xFF, 0xEC, 0xFF, 0xEB, 0xFF, 0xEE, 0xFF, 0xF1, 0xFF, 0xF4, 0xFF, 0xF9, 0xFF, 0xFC, 0xFF,
        0x01, 0x00, 0x04, 0x00, 0x05, 0x00, 0x05, 0x00, 0x04, 0x00, 0xFF, 0xFF, 0xF9, 0xFF, 0xF3, 0xFF,
        0xED, 0xFF, 0xE8, 0xFF, 0xE7, 0xFF, 0xE7, 0xFF, 0xE8, 0xFF, 0xF0, 0xFF, 0xF7, 0xFF, 0xFA, 0xFF,
        0x00, 0x00, 0x03, 0x00, 0x04, 0x00, 0x07, 0x00, 0x07, 0x00, 0x06, 0x00, 0x06, 0x00, 0x01, 0x00,
        0xFB, 0xFF, 0xF8, 0xFF, 0xF3, 0xFF, 0xED, 0xFF, 0xED, 0xFF, 0xED, 0xFF, 0xEB, 0xFF, 0xED, 0xFF,
        0xF3, 0xFF, 0xF8, 0xFF, 0xFE, 0xFF, 0x04, 0x00, 0x09, 0x00, 0x0C, 0x00, 0x0C, 0x00, 0x08, 0x00,
        0x03, 0x00, 0xFD, 0xFF, 0xFA, 0xFF, 0xF5, 0xFF, 0xEE, 0xFF, 0xEE, 0xFF, 0xF0, 0xFF, 0xED, 0xFF,
        0xEE, 0xFF, 0xEF, 0xFF, 0xEF, 0xFF, 0xF6, 0xFF, 0xFC, 0xFF, 0xFD, 0xFF, 0x02, 0x00, 0x09, 0x00,
        0x09, 0x00, 0x08, 0x00, 0x07, 0x00, 0x01, 0x00, 0xF8, 0xFF, 0xF1, 0xFF, 0xEC, 0xFF, 0xE7, 0xFF,
        0xE6, 0xFF, 0xE9, 0xFF, 0xEA, 0xFF, 0xED, 0xFF, 0xF3, 0xFF, 0xF8, 0xFF, 0xFD, 0xFF, 0xFF, 0xFF,
        0x01, 0x00, 0x04, 0x00, 0x05, 0x00, 0x04, 0x00, 0x03, 0x00, 0xFF, 0xFF, 0xFB, 0xFF, 0xF7, 0xFF,
        0xF1, 0xFF, 0xEC, 0xFF, 0xE7, 0xFF, 0xE7, 0xFF, 0xEC, 0xFF, 0xEE, 0xFF, 0xF1, 0xFF, 0xF9, 0xFF,
        0x00, 0x00, 0x04, 0x00, 0x09, 0x00, 0x0C, 0x00, 0x09, 0x00, 0x06, 0x00, 0x03, 0x00, 0xFE, 0xFF,
        0xFA, 0xFF, 0xF7, 0xFF, 0xF3, 0xFF, 0xF3, 0xFF, 0xF3, 0xFF, 0xEF, 0xFF, 0xEE, 0xFF, 0xF2, 0xFF,
        0xF3, 0xFF, 0xF7, 0xFF, 0xFD, 0xFF, 0x02, 0x00, 0x08, 0x00, 0x0D, 0x00, 0x0E, 0x00, 0x0D, 0x00,
        0x08, 0x00, 0xFE, 0xFF, 0xF8, 0xFF, 0xF5, 0xFF, 0xEF, 0xFF, 0xEB, 0xFF, 0xEB, 0xFF, 0xEA, 0xFF,
        0xED, 0xFF, 0xF2, 0xFF, 0xF4, 0xFF, 0xF7, 0xFF, 0xFB, 0xFF, 0xFE, 0xFF, 0x01, 0x00, 0x03, 0x00,
        0x05, 0x00, 0x07, 0x00, 0x04, 0x00, 0xFE, 0xFF, 0xF9, 0xFF, 0xF2, 0xFF, 0xEC, 0xFF, 0xE9, 0xFF,
        0xE5, 0xFF, 0xE6, 0xFF, 0xEB, 0xFF, 0xED, 0xFF, 0xF2, 0xFF, 0xFB, 0xFF, 0x02, 0x00, 0x05, 0x00,
        0x07, 0x00, 0x04, 0x00, 0x05, 0x00, 0x07, 0x00, 0x01, 0x00, 0xFD, 0xFF, 0xFE, 0xFF, 0xF9, 0xFF,
        0xF3, 0xFF, 0xF0, 0xFF, 0xEE, 0xFF, 0xEF, 0xFF, 0xEE, 0xFF, 0xEE, 0xFF, 0xF3, 0xFF, 0xFA, 0xFF,
        0x01, 0x00, 0x07, 0x00, 0x0B, 0x00, 0x0F, 0x00, 0x0D, 0x00, 0x09, 0x00, 0x07, 0x00, 0x01, 0x00,
        0xF9, 0xFF, 0xF3, 0xFF, 0xEF, 0xFF, 0xEF, 0xFF, 0xEE, 0xFF, 0xED, 0xFF, 0xF0, 0xFF, 0xF4, 0xFF,
        0xF5, 0xFF, 0xF8, 0xFF, 0xFC, 0xFF, 0x01, 0x00, 0x04, 0x00, 0x06, 0x00, 0x0A, 0x00, 0x09, 0x00,
        0x04, 0x00, 0x00, 0x00, 0xF9, 0xFF, 0xF2, 0xFF, 0xEF, 0xFF, 0xEA, 0xFF, 0xE7, 0xFF, 0xEB, 0xFF,
        0xED, 0xFF, 0xF0, 0xFF, 0xF7, 0xFF, 0xFC, 0xFF, 0xFF, 0xFF, 0x04, 0x00, 0x06, 0x00, 0x04, 0x00,
        0x05, 0x00, 0x06, 0x00, 0xFF, 0xFF, 0xFB, 0xFF, 0xFA, 0xFF, 0xF5, 0xFF, 0xF1, 0xFF, 0xEF, 0xFF,
        0xE9, 0xFF, 0xE6, 0xFF, 0xE9, 0xFF, 0xEE, 0xFF, 0xF5, 0xFF, 0xFB, 0xFF, 0xFF, 0xFF, 0x05, 0x00,
        0x0B, 0x00, 0x0D, 0x00, 0x09, 0x00, 0x06, 0x00, 0x04, 0x00, 0xFD, 0xFF, 0xF7, 0xFF, 0xF5, 0xFF,
        0xEF, 0xFF, 0xEF, 0xFF, 0xF3, 0xFF, 0xF1, 0xFF, 0xF0, 0xFF, 0xF3, 0xFF, 0xF5, 0xFF, 0xFB, 0xFF,
        0x00, 0x00, 0x03, 0x00, 0x0A, 0x00, 0x0D, 0x00, 0x0B, 0x00, 0x0B, 0x00, 0x08, 0x00, 0xFF, 0xFF,
        0xF9, 0xFF, 0xF5, 0xFF, 0xEF, 0xFF, 0xEB, 0xFF, 0xEC, 0xFF, 0xED, 0xFF, 0xEF, 0xFF, 0xF5, 0xFF,
        0xFA, 0xFF, 0xFC, 0xFF, 0xFF, 0xFF, 0x00, 0x00, 0x04, 0x00, 0x08, 0x00, 0x06, 0x00, 0x04, 0x00,
        0x04, 0x00, 0xFF, 0xFF, 0xF8, 0xFF, 0xF5, 0xFF, 0xF1, 0xFF, 0xEB, 0xFF, 0xE8, 0xFF, 0xE7, 0xFF,
        0xE8, 0xFF, 0xED, 0xFF, 0xF5, 0xFF, 0xFC, 0xFF, 0x02, 0x00, 0x06, 0x00, 0x09, 0x00, 0x0B, 0x00,
        0x09, 0x00, 0x04, 0x00, 0x01, 0x00, 0xFB, 0xFF, 0xF6, 0xFF, 0xF5, 0xFF, 0xF4, 0xFF, 0xF1, 0xFF,
        0xEF, 0xFF, 0xEE, 0xFF, 0xF0, 0xFF, 0xF3, 0xFF, 0xF4, 0xFF, 0xF8, 0xFF, 0x02, 0x00, 0x09, 0x00,
        0x0C, 0x00, 0x0F, 0x00, 0x0F, 0x00, 0x0B, 0x00, 0x09, 0x00, 0x04, 0x00, 0xFB, 0xFF, 0xF4, 0xFF,
        0xF1, 0xFF, 0xF0, 0xFF, 0xF0, 0xFF, 0xF0, 0xFF, 0xF2, 0xFF, 0xF6, 0xFF, 0xFB, 0xFF, 0xFE, 0xFF,
        0x00, 0x00, 0x03, 0x00, 0x06, 0x00, 0x07, 0x00, 0x06, 0x00, 0x05, 0x00, 0x06, 0x00, 0x03, 0x00,
        0xFC, 0xFF, 0xF6, 0xFF, 0xF2, 0xFF, 0xED, 0xFF, 0xEA, 0xFF, 0xEA, 0xFF, 0xEB, 0xFF, 0xF0, 0xFF,
        0xF6, 0xFF, 0xF9, 0xFF, 0x01, 0x00, 0x05, 0x00, 0x04, 0x00, 0x07, 0x00, 0x06, 0x00, 0x01, 0x00,
        0x00, 0x00, 0xFC, 0xFF, 0xF7, 0xFF, 0xF5, 0xFF, 0xF0, 0xFF, 0xEE, 0xFF, 0xEE, 0xFF, 0xE8, 0xFF,
        0xE8, 0xFF, 0xEE, 0xFF, 0xF2, 0xFF, 0xFA, 0xFF, 0x01, 0x00, 0x05, 0x00, 0x0C, 0x00, 0x0E, 0x00,
        0x0A, 0x00, 0x07, 0x00, 0x03, 0x00, 0xFF, 0xFF, 0xF9, 0xFF, 0xF4, 0xFF, 0xF1, 0xFF, 0xF0, 0xFF,
        0xF1, 0xFF, 0xF2, 0xFF, 0xF2, 0xFF, 0xF5, 0xFF, 0xFB, 0xFF, 0xFE, 0xFF, 0x00, 0x00, 0x07, 0x00,
        0x0A, 0x00, 0x0A, 0x00, 0x0C, 0x00, 0x0C, 0x00, 0x07, 0x00, 0x03, 0x00, 0xFE, 0xFF, 0xF4, 0xFF,
        0xEF, 0xFF, 0xEE, 0xFF, 0xEB, 0xFF, 0xEC, 0xFF, 0xF1, 0xFF, 0xF5, 0xFF, 0xFB, 0xFF, 0x00, 0x00,
        0x02, 0x00, 0x03, 0x00, 0x05, 0x00, 0x08, 0x00, 0x07, 0x00, 0x03, 0x00, 0x00, 0x00, 0xFD, 0xFF,
        0xF9, 0xFF, 0xF5, 0xFF, 0xEF, 0xFF, 0xEB, 0xFF, 0xEA, 0xFF, 0xEA, 0xFF, 0xEC, 0xFF, 0xF0, 0xFF,
        0xF6, 0xFF, 0xFD, 0xFF, 0x03, 0x00, 0x07, 0x00, 0x09, 0x00, 0x0A, 0x00, 0x08, 0x00, 0x05, 0x00,
        0x01, 0x00, 0xFA, 0xFF, 0xF6, 0xFF, 0xF4, 0xFF, 0xF2, 0xFF, 0xF1, 0xFF, 0xF1, 0xFF, 0xF1, 0xFF,
        0xF2, 0xFF, 0xF2, 0xFF, 0xF7, 0xFF, 0xFD, 0xFF, 0x00, 0x00, 0x05, 0x00, 0x0B, 0x00, 0x0C, 0x00,
        0x0E, 0x00, 0x0E, 0x00, 0x07, 0x00, 0x01, 0x00, 0xFC, 0xFF, 0xF6, 0xFF, 0xF0, 0xFF, 0xEE, 0xFF,
        0xEE, 0xFF, 0xF0, 0xFF, 0xF2, 0xFF, 0xF5, 0xFF, 0xFA, 0xFF, 0xFF, 0xFF, 0x01, 0x00, 0x03, 0x00,
        0x08, 0x00, 0x09, 0x00, 0x06, 0x00, 0x06, 0x00, 0x05, 0x00, 0x00, 0x00, 0xF9, 0xFF, 0xF4, 0xFF,
        0xF0, 0xFF, 0xEC, 0xFF, 0xEA, 0xFF, 0xEA, 0xFF, 0xED, 0xFF, 0xF3, 0xFF, 0xF9, 0xFF, 0xFE, 0xFF,
        0x03, 0x00, 0x06, 0x00, 0x07, 0x00, 0x08, 0x00, 0x06, 0x00, 0x02, 0x00, 0xFF, 0xFF, 0xFC, 0xFF,
        0xF9, 0xFF, 0xF5, 0xFF, 0xF3, 0xFF, 0xF1, 0xFF, 0xED, 0xFF, 0xED, 0xFF, 0xEE, 0xFF, 0xEF, 0xFF,
        0xF7, 0xFF, 0xFE, 0xFF, 0x01, 0x00, 0x08, 0x00, 0x0D, 0x00, 0x0D, 0x00, 0x0C, 0x00, 0x09, 0x00,
        0x04, 0x00, 0xFE, 0xFF, 0xF8, 0xFF, 0xF4, 0xFF, 0xF0, 0xFF, 0xEE, 0xFF, 0xF1, 0xFF, 0xF3, 0xFF,
        0xF5, 0xFF, 0xF8, 0xFF, 0xFA, 0xFF, 0x00, 0x00, 0x04, 0x00, 0x06, 0x00, 0x0B, 0x00, 0x0D, 0x00,
        0x0B, 0x00, 0x0C, 0x00, 0x09, 0x00, 0x03, 0x00, 0xFF, 0xFF, 0xF7, 0xFF, 0xEE, 0xFF, 0xED, 0xFF,
        0xEE, 0xFF, 0xEE, 0xFF, 0xF1, 0xFF, 0xF6, 0xFF, 0xFB, 0xFF, 0x01, 0x00, 0x06, 0x00, 0x08, 0x00,
        0x0A, 0x00, 0x0A, 0x00, 0x07, 0x00, 0x04, 0x00, 0x02, 0x00, 0xFF, 0xFF, 0xF9, 0xFF, 0xF4, 0xFF,
        0xF3, 0xFF, 0xF1, 0xFF, 0xED, 0xFF, 0xEC, 0xFF, 0xED, 0xFF, 0xEF, 0xFF, 0xF6, 0xFF, 0xFE, 0xFF,
        0x04, 0x00, 0x08, 0x00, 0x0C, 0x00, 0x0E, 0x00, 0x0A, 0x00, 0x05, 0x00, 0x02, 0x00, 0xFD, 0xFF,
        0xF7, 0xFF, 0xF3, 0xFF, 0xF1, 0xFF, 0xF0, 0xFF, 0xF2, 0xFF, 0xF4, 0xFF, 0xF6, 0xFF, 0xF8, 0xFF,
        0xFC, 0xFF, 0x00, 0x00, 0x03, 0x00, 0x08, 0x00, 0x0B, 0x00, 0x0C, 0x00, 0x0E, 0x00, 0x0C, 0x00,
        0x08, 0x00, 0x03, 0x00, 0xFD, 0xFF, 0xF7, 0xFF, 0xF3, 0xFF, 0xF0, 0xFF, 0xF0, 0xFF, 0xF1, 0xFF,
        0xF5, 0xFF, 0xFB, 0xFF, 0x00, 0x00, 0x05, 0x00, 0x08, 0x00, 0x0A, 0x00, 0x0B, 0x00, 0x0A, 0x00,
        0x0A, 0x00, 0x09, 0x00, 0x04, 0x00, 0x01, 0x00, 0xFE, 0xFF, 0xF7, 0xFF, 0xF4, 0xFF, 0xF1, 0xFF,
        0xEE, 0xFF, 0xEF, 0xFF, 0xEE, 0xFF, 0xF2, 0xFF, 0xFC, 0xFF, 0x02, 0x00, 0x08, 0x00, 0x0B, 0x00,
        0x0A, 0x00, 0x0A, 0x00, 0x07, 0x00, 0x03, 0x00, 0x01, 0x00, 0xFC, 0xFF, 0xF5, 0xFF, 0xF4, 0xFF,
        0xF1, 0xFF, 0xEF, 0xFF, 0xEE, 0xFF, 0xEF, 0xFF, 0xF0, 0xFF, 0xF4, 0xFF, 0xF9, 0xFF, 0xFF, 0xFF,
        0x01, 0x00, 0x06, 0x00, 0x0A, 0x00, 0x0D, 0x00, 0x0E, 0x00, 0x0A, 0x00, 0x04, 0x00, 0x01, 0x00,
        0xFB, 0xFF, 0xF3, 0xFF, 0xF0, 0xFF, 0xF0, 0xFF, 0xF1, 0xFF, 0xF3, 0xFF, 0xF7, 0xFF, 0xFD, 0xFF,
        0x01, 0x00, 0x05, 0x00, 0x08, 0x00, 0x09, 0x00, 0x0B, 0x00, 0x0D, 0x00, 0x0D, 0x00, 0x0D, 0x00,
        0x0A, 0x00, 0x04, 0x00, 0xFF, 0xFF, 0xFB, 0xFF, 0xF5, 0xFF, 0xEF, 0xFF, 0xF0, 0xFF, 0xF2, 0xFF,
        0xF4, 0xFF, 0xF9, 0xFF, 0x00, 0x00, 0x05, 0x00, 0x08, 0x00, 0x0B, 0x00, 0x0F, 0x00, 0x0F, 0x00,
        0x0A, 0x00, 0x06, 0x00, 0x02, 0x00, 0xFE, 0xFF, 0xFB, 0xFF, 0xF8, 0xFF, 0xF7, 0xFF, 0xF2, 0xFF,
        0xEE, 0xFF, 0xF0, 0xFF, 0xF2, 0xFF, 0xF3, 0xFF, 0xFA, 0xFF, 0xFF, 0xFF, 0x04, 0x00, 0x0A, 0x00,
        0x0C, 0x00, 0x0F, 0x00, 0x0D, 0x00, 0x05, 0x00, 0x01, 0x00, 0xFE, 0xFF, 0xF7, 0xFF, 0xF1, 0xFF,
        0xF0, 0xFF, 0xF2, 0xFF, 0xF1, 0xFF, 0xF0, 0xFF, 0xF5, 0xFF, 0xFB, 0xFF, 0xFE, 0xFF, 0x01, 0x00,
        0x08, 0x00, 0x0C, 0x00, 0x0B, 0x00, 0x0D, 0x00, 0x0E, 0x00, 0x0B, 0x00, 0x09, 0x00, 0x04, 0x00,
        0xFC, 0xFF, 0xFB, 0xFF, 0xF5, 0xFF, 0xEE, 0xFF, 0xF2, 0xFF, 0xF6, 0xFF, 0xF7, 0xFF, 0xFD, 0xFF,
        0x02, 0x00, 0x06, 0x00, 0x0A, 0x00, 0x09, 0x00, 0x0A, 0x00, 0x0D, 0x00, 0x0B, 0x00, 0x08, 0x00,
        0x04, 0x00, 0x01, 0x00, 0x01, 0x00, 0xFD, 0xFF, 0xF7, 0xFF, 0xF3, 0xFF, 0xF2, 0xFF, 0xF2, 0xFF,
        0xF1, 0xFF, 0xF6, 0xFF, 0xFF, 0xFF, 0x02, 0x00, 0x06, 0x00, 0x0D, 0x00, 0x11, 0x00, 0x0F, 0x00,
        0x0A, 0x00, 0x07, 0x00, 0x03, 0x00, 0xFD, 0xFF, 0xF8, 0xFF, 0xF5, 0xFF, 0xF2, 0xFF, 0xF0, 0xFF,
        0xF0, 0xFF, 0xF3, 0xFF, 0xF5, 0xFF, 0xF9, 0xFF, 0xFB, 0xFF, 0xFE, 0xFF, 0x05, 0x00, 0x0B, 0x00,
        0x0D, 0x00, 0x0E, 0x00, 0x0C, 0x00, 0x0A, 0x00, 0x07, 0x00, 0xFE, 0xFF, 0xF7, 0xFF, 0xF6, 0xFF,
        0xF2, 0xFF, 0xED, 0xFF, 0xEE, 0xFF, 0xF2, 0xFF, 0xF9, 0xFF, 0xFF, 0xFF, 0x03, 0x00, 0x08, 0x00,
        0x0A, 0x00, 0x0B, 0x00, 0x0F, 0x00, 0x10, 0x00, 0x0C, 0x00, 0x09, 0x00, 0x08, 0x00, 0x07, 0x00,
        0x03, 0x00, 0xFC, 0xFF, 0xF6, 0xFF, 0xF3, 0xFF, 0xF2, 0xFF, 0xF2, 0xFF, 0xF5, 0xFF, 0xFA, 0xFF,
        0x02, 0x00, 0x09, 0x00, 0x0D, 0x00, 0x0F, 0x00, 0x12, 0x00, 0x10, 0x00, 0x0A, 0x00, 0x07, 0x00,
        0x04, 0x00, 0xFE, 0xFF, 0xFB, 0xFF, 0xF8, 0xFF, 0xF4, 0xFF, 0xF2, 0xFF, 0xF3, 0xFF, 0xF3, 0xFF,
        0xF5, 0xFF, 0xF9, 0xFF, 0xFD, 0xFF, 0xFF, 0xFF, 0x03, 0x00, 0x09, 0x00, 0x0F, 0x00, 0x0F, 0x00,
        0x0B, 0x00, 0x08, 0x00, 0x03, 0x00, 0xFD, 0xFF, 0xF7, 0xFF, 0xF2, 0xFF, 0xF1, 0xFF, 0xF0, 0xFF,
        0xF0, 0xFF, 0xF3, 0xFF, 0xFA, 0xFF, 0xFC, 0xFF, 0x00, 0x00, 0x07, 0x00, 0x09, 0x00, 0x09, 0x00,
        0x0D, 0x00, 0x10, 0x00, 0x0F, 0x00, 0x0B, 0x00, 0x08, 0x00, 0x05, 0x00, 0xFF, 0xFF, 0xF9, 0xFF,
        0xF5, 0xFF, 0xF1, 0xFF, 0xF0, 0xFF, 0xF3, 0xFF, 0xF8, 0xFF, 0xFF, 0xFF, 0x02, 0x00, 0x07, 0x00,
        0x0E, 0x00, 0x11, 0x00, 0x10, 0x00, 0x10, 0x00, 0x0D, 0x00, 0x06, 0x00, 0x04, 0x00, 0x05, 0x00,
        0xFF, 0xFF, 0xFA, 0xFF, 0xF6, 0xFF, 0xF1, 0xFF, 0xF2, 0xFF, 0xF5, 0xFF, 0xF3, 0xFF, 0xF8, 0xFF,
        0x01, 0x00, 0x03, 0x00, 0x0B, 0x00, 0x14, 0x00, 0x13, 0x00, 0x12, 0x00, 0x11, 0x00, 0x0A, 0x00,
        0x03, 0x00, 0xFD, 0xFF, 0xF9, 0xFF, 0xF7, 0xFF, 0xF3, 0xFF, 0xF2, 0xFF, 0xF3, 0xFF, 0xF4, 0xFF,
        0xF9, 0xFF, 0xFE, 0xFF, 0xFF, 0xFF, 0x04, 0x00, 0x08, 0x00, 0x0C, 0x00, 0x0E, 0x00, 0x0D, 0x00,
        0x0E, 0x00, 0x0A, 0x00, 0x02, 0x00, 0xFE, 0xFF, 0xFA, 0xFF, 0xF5, 0xFF, 0xF2, 0xFF, 0xEF, 0xFF,
        0xF0, 0xFF, 0xF4, 0xFF, 0xF6, 0xFF, 0xFC, 0xFF, 0x05, 0x00, 0x08, 0x00, 0x09, 0x00, 0x0C, 0x00,
        0x0F, 0x00, 0x0F, 0x00, 0x0C, 0x00, 0x0B, 0x00, 0x0A, 0x00, 0x04, 0x00, 0xFF, 0xFF, 0xFC, 0xFF,
        0xF8, 0xFF, 0xF6, 0xFF, 0xF6, 0xFF, 0xF7, 0xFF, 0xF8, 0xFF, 0xFC, 0xFF, 0x04, 0x00, 0x0A, 0x00,
        0x0E, 0x00, 0x12, 0x00, 0x13, 0x00, 0x12, 0x00, 0x0F, 0x00, 0x0A, 0x00, 0x05, 0x00, 0x00, 0x00,
        0xFA, 0xFF, 0xF5, 0xFF, 0xF5, 0xFF, 0xF5, 0xFF, 0xF5, 0xFF, 0xF7, 0xFF, 0xF8, 0xFF, 0xFA, 0xFF,
        0xFF, 0xFF, 0x03, 0x00, 0x04, 0x00, 0x0A, 0x00, 0x0F, 0x00, 0x0D, 0x00, 0x0C, 0x00, 0x0A, 0x00,
        0x04, 0x00, 0x00, 0x00, 0xFB, 0xFF, 0xF3, 0xFF, 0xF0, 0xFF, 0xF0, 0xFF, 0xF1, 0xFF, 0xF6, 0xFF,
        0xFA, 0xFF, 0xFC, 0xFF, 0x01, 0x00, 0x07, 0x00, 0x0B, 0x00, 0x0C, 0x00, 0x0D, 0x00, 0x0E, 0x00,
        0x0D, 0x00, 0x0B, 0x00, 0x07, 0x00, 0x03, 0x00, 0xFF, 0xFF, 0xFB, 0xFF, 0xF8, 0xFF, 0xF4, 0xFF,
        0xF2, 0xFF, 0xF5, 0xFF, 0xF7, 0xFF, 0xFD, 0xFF, 0x06, 0x00, 0x0B, 0x00, 0x0E, 0x00, 0x12, 0x00,
        0x11, 0x00, 0x0E, 0x00, 0x0C, 0x00, 0x09, 0x00, 0x06, 0x00, 0x01, 0x00, 0xFD, 0xFF, 0xFB, 0xFF,
        0xF9, 0xFF, 0xF7, 0xFF, 0xF6, 0xFF, 0xF7, 0xFF, 0xFB, 0xFF, 0xFC, 0xFF, 0xFF, 0xFF, 0x07, 0x00,
        0x0C, 0x00, 0x0E, 0x00, 0x13, 0x00, 0x14, 0x00, 0x10, 0x00, 0x0D, 0x00, 0x09, 0x00, 0x01, 0x00,
        0xFA, 0xFF, 0xF5, 0xFF, 0xF1, 0xFF, 0xF1, 0xFF, 0xF3, 0xFF, 0xF5, 0xFF, 0xFA, 0xFF, 0xFC, 0xFF,
        0xFF, 0xFF, 0x05, 0x00, 0x08, 0x00, 0x0B, 0x00, 0x0E, 0x00, 0x0C, 0x00, 0x0C, 0x00, 0x0B, 0x00,
        0x04, 0x00, 0x00, 0x00, 0xFC, 0xFF, 0xF5, 0xFF, 0xF3, 0xFF, 0xF2, 0xFF, 0xF0, 0xFF, 0xF4, 0xFF,
        0xFA, 0xFF, 0xFE, 0xFF, 0x04, 0x00, 0x09, 0x00, 0x0D, 0x00, 0x11, 0x00, 0x11, 0x00, 0x10, 0x00,
        0x0E, 0x00, 0x08, 0x00, 0x05, 0x00, 0x02, 0x00, 0xFE, 0xFF, 0xFB, 0xFF, 0xFA, 0xFF, 0xF7, 0xFF,
        0xF8, 0xFF, 0xFA, 0xFF, 0xF9, 0xFF, 0xFC, 0xFF, 0x04, 0x00, 0x09, 0x00, 0x0F, 0x00, 0x14, 0x00,
        0x16, 0x00, 0x16, 0x00, 0x11, 0x00, 0x09, 0x00, 0x05, 0x00, 0x01, 0x00, 0xFB, 0xFF, 0xF7, 0xFF,
        0xF4, 0xFF, 0xF3, 0xFF, 0xF6, 0xFF, 0xFA, 0xFF, 0xFB, 0xFF, 0xFE, 0xFF, 0x03, 0x00, 0x07, 0x00,
        0x08, 0x00, 0x0A, 0x00, 0x0E, 0x00, 0x10, 0x00, 0x0F, 0x00, 0x0B, 0x00, 0x06, 0x00, 0xFF, 0xFF,
        0xF8, 0xFF, 0xF6, 0xFF, 0xF2, 0xFF, 0xEF, 0xFF, 0xF2, 0xFF, 0xF6, 0xFF, 0xFA, 0xFF, 0x01, 0x00,
        0x04, 0x00, 0x09, 0x00, 0x0B, 0x00, 0x0B, 0x00, 0x0E, 0x00, 0x0F, 0x00, 0x0B, 0x00, 0x0A, 0x00,
        0x07, 0x00, 0x02, 0x00, 0xFF, 0xFF, 0xFA, 0xFF, 0xF6, 0xFF, 0xF5, 0xFF, 0xF4, 0xFF, 0xF6, 0xFF,
        0xFB, 0xFF, 0xFE, 0xFF, 0x05, 0x00, 0x0D, 0x00, 0x0F, 0x00, 0x13, 0x00, 0x15, 0x00, 0x0F, 0x00,
        0x0C, 0x00, 0x0B, 0x00, 0x07, 0x00, 0x02, 0x00, 0xFC, 0xFF, 0xF9, 0xFF, 0xF8, 0xFF, 0xF6, 0xFF,
        0xF8, 0xFF, 0xFB, 0xFF, 0xFB, 0xFF, 0xFF, 0xFF, 0x02, 0x00, 0x05, 0x00, 0x0D, 0x00, 0x10, 0x00,
        0x11, 0x00, 0x13, 0x00, 0x12, 0x00, 0x0B, 0x00, 0x06, 0x00, 0x00, 0x00, 0xFA, 0xFF, 0xF5, 0xFF,
        0xF3, 0xFF, 0xF2, 0xFF, 0xF3, 0xFF, 0xF9, 0xFF, 0xFE, 0xFF, 0x00, 0x00, 0x06, 0x00, 0x09, 0x00,
        0x0A, 0x00, 0x0C, 0x00, 0x0C, 0x00, 0x0B, 0x00, 0x0D, 0x00, 0x0B, 0x00, 0x06, 0x00, 0x02, 0x00,
        0xFD, 0xFF, 0xF9, 0xFF, 0xF3, 0xFF, 0xF0, 0xFF, 0xF2, 0xFF, 0xF5, 0xFF, 0xF9, 0xFF, 0xFF, 0xFF,
        0x05, 0x00, 0x0A, 0x00, 0x0E, 0x00, 0x12, 0x00, 0x12, 0x00, 0x10, 0x00, 0x0E, 0x00, 0x09, 0x00,
        0x02, 0x00, 0x01, 0x00, 0x01, 0x00, 0xFE, 0xFF, 0xFA, 0xFF, 0xF8, 0xFF, 0xF8, 0xFF, 0xF9, 0xFF,
        0xFA, 0xFF, 0xFF, 0xFF, 0x05, 0x00, 0x0C, 0x00, 0x10, 0x00, 0x13, 0x00, 0x15, 0x00, 0x14, 0x00,
        0x12, 0x00, 0x0F, 0x00, 0x08, 0x00, 0x00, 0x00, 0xFC, 0xFF, 0xF7, 0xFF, 0xF6, 0xFF, 0xF8, 0xFF,
        0xFA, 0xFF, 0xFD, 0xFF, 0x00, 0x00, 0x03, 0x00, 0x07, 0x00, 0x09, 0x00, 0x0C, 0x00, 0x11, 0x00,
        0x11, 0x00, 0x0F, 0x00, 0x0D, 0x00, 0x0B, 0x00, 0x07, 0x00, 0x00, 0x00, 0xFA, 0xFF, 0xF6, 0xFF,
        0xF1, 0xFF, 0xF2, 0xFF, 0xF5, 0xFF, 0xF5, 0xFF, 0xFC, 0xFF, 0x04, 0x00, 0x05, 0x00, 0x09, 0x00,
        0x0D, 0x00, 0x0D, 0x00, 0x0F, 0x00, 0x0F, 0x00, 0x0D, 0x00, 0x09, 0x00, 0x04, 0x00, 0x01, 0x00,
        0x00, 0x00, 0xFB, 0xFF, 0xF7, 0xFF, 0xF5, 0xFF, 0xF6, 0xFF, 0xFB, 0xFF, 0xFE, 0xFF, 0x00, 0x00,
        0x05, 0x00, 0x0B, 0x00, 0x10, 0x00, 0x14, 0x00, 0x15, 0x00, 0x14, 0x00, 0x11, 0x00, 0x0C, 0x00,
        0x08, 0x00, 0x02, 0x00, 0xFB, 0xFF, 0xF9, 0xFF, 0xF7, 0xFF, 0xF6, 0xFF, 0xFA, 0xFF, 0xFC, 0xFF,
        0xFC, 0xFF, 0x01, 0x00, 0x04, 0x00, 0x07, 0x00, 0x0F, 0x00, 0x12, 0x00, 0x11, 0x00, 0x13, 0x00,
        0x11, 0x00, 0x0C, 0x00, 0x07, 0x00, 0x01, 0x00, 0xFC, 0xFF, 0xF6, 0xFF, 0xF1, 0xFF, 0xF3, 0xFF,
        0xF5, 0xFF, 0xF7, 0xFF, 0xFD, 0xFF, 0x01, 0x00, 0x07, 0x00, 0x0A, 0x00, 0x0C, 0x00, 0x11, 0x00,
        0x10, 0x00, 0x0B, 0x00, 0x0B, 0x00, 0x09, 0x00, 0x04, 0x00, 0x02, 0x00, 0xFE, 0xFF, 0xFA, 0xFF,
        0xF8, 0xFF, 0xF1, 0xFF, 0xF0, 0xFF, 0xF5, 0xFF, 0xFA, 0xFF, 0x00, 0x00, 0x05, 0x00, 0x0A, 0x00,
        0x12, 0x00, 0x14, 0x00, 0x12, 0x00, 0x10, 0x00, 0x0B, 0x00, 0x06, 0x00, 0x05, 0x00, 0x00, 0x00,
        0xFB, 0xFF, 0xF9, 0xFF, 0xF8, 0xFF, 0xF7, 0xFF, 0xFA, 0xFF, 0xFB, 0xFF, 0xFD, 0xFF, 0x01, 0x00,
        0x07, 0x00, 0x0B, 0x00, 0x10, 0x00, 0x13, 0x00, 0x16, 0x00, 0x16, 0x00, 0x12, 0x00, 0x0D, 0x00,
        0x07, 0x00, 0x01, 0x00, 0xFC, 0xFF, 0xF8, 0xFF, 0xF7, 0xFF, 0xF8, 0xFF, 0xFA, 0xFF, 0xFD, 0xFF,
        0x01, 0x00, 0x04, 0x00, 0x07, 0x00, 0x0B, 0x00, 0x0E, 0x00, 0x0F, 0x00, 0x10, 0x00, 0x0F, 0x00,
        0x0C, 0x00, 0x09, 0x00, 0x06, 0x00, 0x02, 0x00, 0xFA, 0xFF, 0xF4, 0xFF, 0xF3, 0xFF, 0xF1, 0xFF,
        0xF0, 0xFF, 0xF4, 0xFF, 0xF9, 0xFF, 0xFE, 0xFF, 0x05, 0x00, 0x0C, 0x00, 0x10, 0x00, 0x11, 0x00,
        0x0F, 0x00, 0x0B, 0x00, 0x09, 0x00, 0x06, 0x00, 0x01, 0x00, 0xFB, 0xFF, 0xF9, 0xFF, 0xFA, 0xFF,
        0xF7, 0xFF, 0xF4, 0xFF, 0xF7, 0xFF, 0xFA, 0xFF, 0xFC, 0xFF, 0x02, 0x00, 0x08, 0x00, 0x0B, 0x00,
        0x10, 0x00, 0x13, 0x00, 0x12, 0x00, 0x13, 0x00, 0x13, 0x00, 0x0C, 0x00, 0x04, 0x00, 0x02, 0x00,
        0xFC, 0xFF, 0xF5, 0xFF, 0xF5, 0xFF, 0xF8, 0xFF, 0xF9, 0xFF, 0xFD, 0xFF, 0x02, 0x00, 0x03, 0x00,
        0x06, 0x00, 0x0B, 0x00, 0x0D, 0x00, 0x0F, 0x00, 0x12, 0x00, 0x12, 0x00, 0x10, 0x00, 0x0D, 0x00,
        0x07, 0x00, 0x00, 0x00, 0xFB, 0xFF, 0xF7, 0xFF, 0xF3, 0xFF, 0xF2, 0xFF, 0xF6, 0xFF, 0xF9, 0xFF,
        0xFC, 0xFF, 0x03, 0x00, 0x0A, 0x00, 0x0C, 0x00, 0x0F, 0x00, 0x11, 0x00, 0x0E, 0x00, 0x0D, 0x00,
        0x0C, 0x00, 0x06, 0x00, 0x01, 0x00, 0xFF, 0xFF, 0xFB, 0xFF, 0xFA, 0xFF, 0xF7, 0xFF, 0xF3, 0xFF,
        0xF6, 0xFF, 0xF9, 0xFF, 0xF9, 0xFF, 0xFF, 0xFF, 0x07, 0x00, 0x0B, 0x00, 0x0E, 0x00, 0x11, 0x00,
        0x12, 0x00, 0x0F, 0x00, 0x0C, 0x00, 0x09, 0x00, 0x03, 0x00, 0xFE, 0xFF, 0xFA, 0xFF, 0xF6, 0xFF,
        0xF6, 0xFF, 0xF8, 0xFF, 0xF9, 0xFF, 0xFB, 0xFF, 0xFF, 0xFF, 0x02, 0x00, 0x05, 0x00, 0x0A, 0x00,
        0x10, 0x00, 0x11, 0x00, 0x11, 0x00, 0x14, 0x00, 0x11, 0x00, 0x0A, 0x00, 0x08, 0x00, 0x03, 0x00,
        0xFB, 0xFF, 0xF9, 0xFF, 0xF6, 0xFF, 0xF4, 0xFF, 0xF8, 0xFF, 0xFD, 0xFF, 0x02, 0x00, 0x07, 0x00,
        0x09, 0x00, 0x0D, 0x00, 0x12, 0x00, 0x10, 0x00, 0x0E, 0x00, 0x0D, 0x00, 0x0D, 0x00, 0x0B, 0x00,
        0x05, 0x00, 0x01, 0x00, 0xFF, 0xFF, 0xF8, 0xFF, 0xF3, 0xFF, 0xF4, 0xFF, 0xF3, 0xFF, 0xF6, 0xFF,
        0xFA, 0xFF, 0xFD, 0xFF, 0x04, 0x00, 0x0D, 0x00, 0x11, 0x00, 0x13, 0x00, 0x11, 0x00, 0x0D, 0x00,
        0x0A, 0x00, 0x07, 0x00, 0x02, 0x00, 0xFC, 0xFF, 0xF8, 0xFF, 0xF7, 0xFF, 0xF6, 0xFF, 0xF5, 0xFF,
        0xF6, 0xFF, 0xF9, 0xFF, 0xFE, 0xFF, 0x02, 0x00, 0x05, 0x00, 0x0A, 0x00, 0x0E, 0x00, 0x11, 0x00,
        0x13, 0x00, 0x12, 0x00, 0x0E, 0x00, 0x0B, 0x00, 0x06, 0x00, 0xFF, 0xFF, 0xFA, 0xFF, 0xF6, 0xFF,
        0xF6, 0xFF, 0xF9, 0xFF, 0xFA, 0xFF, 0xFD, 0xFF, 0x03, 0x00, 0x07, 0x00, 0x09, 0x00, 0x0C, 0x00,
        0x10, 0x00, 0x10, 0x00, 0x11, 0x00, 0x12, 0x00, 0x0F, 0x00, 0x0B, 0x00, 0x08, 0x00, 0x03, 0x00,
        0xFC, 0xFF, 0xF9, 0xFF, 0xF7, 0xFF, 0xF5, 0xFF, 0xF6, 0xFF, 0xFA, 0xFF, 0xFE, 0xFF, 0x04, 0x00,
        0x0B, 0x00, 0x0F, 0x00, 0x11, 0x00, 0x13, 0x00, 0x11, 0x00, 0x0D, 0x00, 0x0B, 0x00, 0x05, 0x00,
        0x01, 0x00, 0xFE, 0xFF, 0xF9, 0xFF, 0xF7, 0xFF, 0xF7, 0xFF, 0xF8, 0xFF, 0xF8, 0xFF, 0xF8, 0xFF,
        0xFB, 0xFF, 0x02, 0x00, 0x08, 0x00, 0x0C, 0x00, 0x0F, 0x00, 0x11, 0x00, 0x13, 0x00, 0x11, 0x00,
        0x0B, 0x00, 0x05, 0x00, 0x02, 0x00, 0xFF, 0xFF, 0xF9, 0xFF, 0xF5, 0xFF, 0xF7, 0xFF, 0xF9, 0xFF,
        0xFB, 0xFF, 0xFF, 0xFF, 0x01, 0x00, 0x04, 0x00, 0x08, 0x00, 0x0D, 0x00, 0x12, 0x00, 0x12, 0x00,
        0x11, 0x00, 0x14, 0x00, 0x12, 0x00, 0x0D, 0x00, 0x0B, 0x00, 0x04, 0x00, 0xFC, 0xFF, 0xF9, 0xFF,
        0xF8, 0xFF, 0xF8, 0xFF, 0xFB, 0xFF, 0xFE, 0xFF, 0x04, 0x00, 0x08, 0x00, 0x0C, 0x00, 0x12, 0x00,
        0x12, 0x00, 0x10, 0x00, 0x13, 0x00, 0x12, 0x00, 0x0C, 0x00, 0x06, 0x00, 0x01, 0x00, 0x00, 0x00,
        0xFF, 0xFF, 0xF9, 0xFF, 0xF4, 0xFF, 0xF5, 0xFF, 0xF6, 0xFF, 0xF7, 0xFF, 0xFA, 0xFF, 0x00, 0x00,
        0x05, 0x00, 0x0A, 0x00, 0x10, 0x00, 0x14, 0x00, 0x12, 0x00, 0x10, 0x00, 0x0D, 0x00, 0x07, 0x00,
        0x02, 0x00, 0xFD, 0xFF, 0xF9, 0xFF, 0xF8, 0xFF, 0xF7, 0xFF, 0xF7, 0xFF, 0xFA, 0xFF, 0xFD, 0xFF,
        0x00, 0x00, 0x04, 0x00, 0x08, 0x00, 0x0E, 0x00, 0x11, 0x00, 0x12, 0x00, 0x14, 0x00, 0x13, 0x00,
        0x0E, 0x00, 0x0B, 0x00, 0x07, 0x00, 0x01, 0x00, 0xFB, 0xFF, 0xF8, 0xFF, 0xF8, 0xFF, 0xF8, 0xFF,
        0xF9, 0xFF, 0x00, 0x00, 0x06, 0x00, 0x08, 0x00, 0x0B, 0x00, 0x0F, 0x00, 0x10, 0x00, 0x12, 0x00,
        0x12, 0x00, 0x10, 0x00, 0x0D, 0x00, 0x0A, 0x00, 0x06, 0x00, 0x03, 0x00, 0xFF, 0xFF, 0xFA, 0xFF,
        0xF9, 0xFF, 0xF8, 0xFF, 0xF9, 0xFF, 0xFC, 0xFF, 0xFF, 0xFF, 0x04, 0x00, 0x0A, 0x00, 0x0D, 0x00,
        0x0F, 0x00, 0x14, 0x00, 0x15, 0x00, 0x10, 0x00, 0x0B, 0x00, 0x06, 0x00, 0x01, 0x00, 0xFB, 0xFF,
        0xF8, 0xFF, 0xF7, 0xFF, 0xF7, 0xFF, 0xF8, 0xFF, 0xF8, 0xFF, 0xFA, 0xFF, 0xFE, 0xFF, 0x02, 0x00,
        0x06, 0x00, 0x0B, 0x00, 0x10, 0x00, 0x13, 0x00, 0x11, 0x00, 0x0F, 0x00, 0x0E, 0x00, 0x07, 0x00,
        0x00, 0x00, 0xFC, 0xFF, 0xF8, 0xFF, 0xF4, 0xFF, 0xF4, 0xFF, 0xF9, 0xFF, 0xFD, 0xFF, 0x00, 0x00,
        0x03, 0x00, 0x05, 0x00, 0x08, 0x00, 0x0D, 0x00, 0x11, 0x00, 0x13, 0x00, 0x12, 0x00, 0x0F, 0x00,
        0x10, 0x00, 0x10, 0x00, 0x06, 0x00, 0x00, 0x00, 0xFE, 0xFF, 0xF9, 0xFF, 0xF6, 0xFF, 0xF8, 0xFF,
        0xF9, 0xFF, 0xFD, 0xFF, 0x03, 0x00, 0x08, 0x00, 0x0D, 0x00, 0x10, 0x00, 0x13, 0x00, 0x16, 0x00,
        0x12, 0x00, 0x0D, 0x00, 0x0A, 0x00, 0x07, 0x00, 0x04, 0x00, 0x01, 0x00, 0xFC, 0xFF, 0xF9, 0xFF,
        0xFA, 0xFF, 0xF8, 0xFF, 0xF7, 0xFF, 0xFC, 0xFF, 0xFE, 0xFF, 0x01, 0x00, 0x09, 0x00, 0x0C, 0x00,
        0x0E, 0x00, 0x13, 0x00, 0x13, 0x00, 0x0F, 0x00, 0x0B, 0x00, 0x05, 0x00, 0xFF, 0xFF, 0xFA, 0xFF,
        0xF6, 0xFF, 0xF6, 0xFF, 0xF7, 0xFF, 0xF7, 0xFF, 0xF9, 0xFF, 0xFD, 0xFF, 0x02, 0x00, 0x07, 0x00,
        0x09, 0x00, 0x0C, 0x00, 0x10, 0x00, 0x13, 0x00, 0x10, 0x00, 0x0D, 0x00, 0x0E, 0x00, 0x0C, 0x00,
        0x06, 0x00, 0x02, 0x00, 0xFD, 0xFF, 0xF7, 0xFF, 0xF6, 0xFF, 0xF8, 0xFF, 0xFC, 0xFF, 0x00, 0x00,
        0x05, 0x00, 0x0B, 0x00, 0x0E, 0x00, 0x0F, 0x00, 0x14, 0x00, 0x14, 0x00, 0x11, 0x00, 0x12, 0x00,
        0x0F, 0x00, 0x09, 0x00, 0x05, 0x00, 0x02, 0x00, 0xFF, 0xFF, 0xFE, 0xFF, 0xFB, 0xFF, 0xF9, 0xFF,
        0xFB, 0xFF, 0xFD, 0xFF, 0xFE, 0xFF, 0x05, 0x00, 0x0B, 0x00, 0x0E, 0x00, 0x13, 0x00, 0x16, 0x00,
        0x12, 0x00, 0x10, 0x00, 0x0C, 0x00, 0x04, 0x00, 0x00, 0x00, 0xFB, 0xFF, 0xF7, 0xFF, 0xF8, 0xFF,
        0xF8, 0xFF, 0xF8, 0xFF, 0xF9, 0xFF, 0xFB, 0xFF, 0xFF, 0xFF, 0x04, 0x00, 0x07, 0x00, 0x0C, 0x00,
        0x0E, 0x00, 0x0F, 0x00, 0x11, 0x00, 0x10, 0x00, 0x0C, 0x00, 0x08, 0x00, 0x02, 0x00, 0xFC, 0xFF,
        0xF7, 0xFF, 0xF5, 0xFF, 0xF5, 0xFF, 0xF5, 0xFF, 0xF9, 0xFF, 0x00, 0x00, 0x04, 0x00, 0x08, 0x00,
        0x0D, 0x00, 0x0F, 0x00, 0x10, 0x00, 0x12, 0x00, 0x11, 0x00, 0x10, 0x00, 0x0E, 0x00, 0x09, 0x00,
        0x06, 0x00, 0x03, 0x00, 0xFE, 0xFF, 0xFA, 0xFF, 0xF7, 0xFF, 0xF8, 0xFF, 0xFC, 0xFF, 0x00, 0x00,
        0x05, 0x00, 0x0B, 0x00, 0x11, 0x00, 0x14, 0x00, 0x14, 0x00, 0x14, 0x00, 0x14, 0x00, 0x11, 0x00,
        0x0D, 0x00, 0x08, 0x00, 0x02, 0x00, 0xFF, 0xFF, 0xFC, 0xFF, 0xF7, 0xFF, 0xF8, 0xFF, 0xFB, 0xFF,
        0xFB, 0xFF, 0xFD, 0xFF, 0x00, 0x00, 0x03, 0x00, 0x09, 0x00, 0x0E, 0x00, 0x0F, 0x00, 0x12, 0x00,
        0x12, 0x00, 0x0E, 0x00, 0x0A, 0x00, 0x05, 0x00, 0xFF, 0xFF, 0xFC, 0xFF, 0xF8, 0xFF, 0xF4, 0xFF,
        0xF4, 0xFF, 0xF7, 0xFF, 0xF9, 0xFF, 0xFE, 0xFF, 0x06, 0x00, 0x08, 0x00, 0x09, 0x00, 0x0D, 0x00,
        0x0D, 0x00, 0x0F, 0x00, 0x13, 0x00, 0x0F, 0x00, 0x0A, 0x00, 0x08, 0x00, 0x03, 0x00, 0xFF, 0xFF,
        0xFC, 0xFF, 0xF8, 0xFF, 0xF5, 0xFF, 0xF7, 0xFF, 0xFA, 0xFF, 0x00, 0x00, 0x05, 0x00, 0x09, 0x00,
        0x0D, 0x00, 0x12, 0x00, 0x14, 0x00, 0x12, 0x00, 0x11, 0x00, 0x10, 0x00, 0x0C, 0x00, 0x06, 0x00,
        0x03, 0x00, 0x03, 0x00, 0x00, 0x00, 0xFD, 0xFF, 0xFB, 0xFF, 0xFA, 0xFF, 0xFC, 0xFF, 0x01, 0x00,
        0x05, 0x00, 0x08, 0x00, 0x0C, 0x00, 0x12, 0x00, 0x14, 0x00, 0x12, 0x00, 0x14, 0x00, 0x12, 0x00,
        0x0A, 0x00, 0x06, 0x00, 0x03, 0x00, 0xFC, 0xFF, 0xF9, 0xFF, 0xF8, 0xFF, 0xF7, 0xFF, 0xF9, 0xFF,
        0xFA, 0xFF, 0xFC, 0xFF, 0x00, 0x00, 0x02, 0x00, 0x07, 0x00, 0x0D, 0x00, 0x0E, 0x00, 0x11, 0x00,
        0x10, 0x00, 0x0D, 0x00, 0x0C, 0x00, 0x06, 0x00, 0x00, 0x00, 0xFB, 0xFF, 0xF6, 0xFF, 0xF6, 0xFF,
        0xF6, 0xFF, 0xF4, 0xFF, 0xF8, 0xFF, 0xFE, 0xFF, 0x04, 0x00, 0x0A, 0x00, 0x0D, 0x00, 0x10, 0x00,
        0x11, 0x00, 0x0F, 0x00, 0x11, 0x00, 0x0F, 0x00, 0x09, 0x00, 0x0A, 0x00, 0x06, 0x00, 0xFF, 0xFF,
        0xFE, 0xFF, 0xFC, 0xFF, 0xF7, 0xFF, 0xF7, 0xFF, 0xFA, 0xFF, 0xFF, 0xFF, 0x03, 0x00, 0x07, 0x00,
        0x0D, 0x00, 0x10, 0x00, 0x13, 0x00, 0x16, 0x00, 0x15, 0x00, 0x10, 0x00, 0x0B, 0x00, 0x08, 0x00,
        0x03, 0x00, 0xFD, 0xFF, 0xFA, 0xFF, 0xFB, 0xFF, 0xFC, 0xFF, 0xFB, 0xFF, 0xF9, 0xFF, 0xFF, 0xFF,
        0x04, 0x00, 0x04, 0x00, 0x07, 0x00, 0x0E, 0x00, 0x0F, 0x00, 0x10, 0x00, 0x11, 0x00, 0x10, 0x00,
        0x0C, 0x00, 0x07, 0x00, 0x01, 0x00, 0xFB, 0xFF, 0xF6, 0xFF, 0xF4, 0xFF, 0xF5, 0xFF, 0xF9, 0xFF,
        0xFC, 0xFF, 0xFD, 0xFF, 0x05, 0x00, 0x0A, 0x00, 0x0A, 0x00, 0x0E, 0x00, 0x12, 0x00, 0x0F, 0x00,
        0x0D, 0x00, 0x0D, 0x00, 0x0B, 0x00, 0x05, 0x00, 0xFF, 0xFF, 0xFD, 0xFF, 0xFA, 0xFF, 0xF7, 0xFF,
        0xF7, 0xFF, 0xF6, 0xFF, 0xF9, 0xFF, 0xFF, 0xFF, 0x05, 0x00, 0x0B, 0x00, 0x0F, 0x00, 0x12, 0x00,
        0x15, 0x00, 0x15, 0x00, 0x13, 0x00, 0x0F, 0x00, 0x08, 0x00, 0x06, 0x00, 0x04, 0x00, 0xFD, 0xFF,
        0xFB, 0xFF, 0xFC, 0xFF, 0xFB, 0xFF, 0xFB, 0xFF, 0xFB, 0xFF, 0xFF, 0xFF, 0x04, 0x00, 0x07, 0x00,
        0x0C, 0x00, 0x11, 0x00, 0x13, 0x00, 0x14, 0x00, 0x13, 0x00, 0x11, 0x00, 0x0C, 0x00, 0x04, 0x00,
        0xFE, 0xFF, 0xFD, 0xFF, 0xF9, 0xFF, 0xF6, 0xFF, 0xF8, 0xFF, 0xF9, 0xFF, 0xFC, 0xFF, 0x01, 0x00,
        0x04, 0x00, 0x09, 0x00, 0x0D, 0x00, 0x0B, 0x00, 0x0C, 0x00, 0x0F, 0x00, 0x0E, 0x00, 0x0B, 0x00,
        0x0A, 0x00, 0x06, 0x00, 0x01, 0x00, 0xFA, 0xFF, 0xF5, 0xFF, 0xF6, 0xFF, 0xF6, 0xFF, 0xF7, 0xFF,
        0xFA, 0xFF, 0xFC, 0xFF, 0x01, 0x00, 0x09, 0x00, 0x0E, 0x00, 0x12, 0x00, 0x13, 0x00, 0x0F, 0x00,
        0x0F, 0x00, 0x0E, 0x00, 0x08, 0x00, 0x04, 0x00, 0x00, 0x00, 0xFD, 0xFF, 0xFC, 0xFF, 0xFB, 0xFF,
        0xF9, 0xFF, 0xF8, 0xFF, 0xFA, 0xFF, 0x01, 0x00, 0x05, 0x00, 0x09, 0x00, 0x0F, 0x00, 0x11, 0x00,
        0x15, 0x00, 0x18, 0x00, 0x13, 0x00, 0x0E, 0x00, 0x0B, 0x00, 0x05, 0x00, 0x01, 0x00, 0xFD, 0xFF,
        0xF8, 0xFF, 0xF9, 0xFF, 0xFB, 0xFF, 0xFB, 0xFF, 0xFD, 0xFF, 0x01, 0x00, 0x03, 0x00, 0x07, 0x00,
        0x0A, 0x00, 0x0C, 0x00, 0x0D, 0x00, 0x0E, 0x00, 0x0F, 0x00, 0x0E, 0x00, 0x09, 0x00, 0x04, 0x00,
        0xFE, 0xFF, 0xFA, 0xFF, 0xF7, 0xFF, 0xF3, 0xFF, 0xF5, 0xFF, 0xF7, 0xFF, 0xF8, 0xFF, 0xFE, 0xFF,
        0x05, 0x00, 0x07, 0x00, 0x0B, 0x00, 0x0E, 0x00, 0x0E, 0x00, 0x0F, 0x00, 0x0A, 0x00, 0x06, 0x00,
        0x08, 0x00, 0x06, 0x00, 0x01, 0x00, 0xFD, 0xFF, 0xF9, 0xFF, 0xF5, 0xFF, 0xF7, 0xFF, 0xF8, 0xFF,
        0xF8, 0xFF, 0xFB, 0xFF, 0x01, 0x00, 0x07, 0x00, 0x0D, 0x00, 0x10, 0x00, 0x0F, 0x00, 0x11, 0x00,
        0x13, 0x00, 0x0D, 0x00, 0x08, 0x00, 0x05, 0x00, 0xFF, 0xFF, 0xFC, 0xFF, 0xFA, 0xFF, 0xF8, 0xFF,
        0xFB, 0xFF, 0xFC, 0xFF, 0xFC, 0xFF, 0x02, 0x00, 0x05, 0x00, 0x06, 0x00, 0x0A, 0x00, 0x0E, 0x00,
        0x10, 0x00, 0x12, 0x00, 0x13, 0x00, 0x10, 0x00, 0x09, 0x00, 0x06, 0x00, 0x02, 0x00, 0xFA, 0xFF,
        0xF6, 0xFF, 0xF7, 0xFF, 0xF8, 0xFF, 0xFB, 0xFF, 0xFE, 0xFF, 0x00, 0x00, 0x07, 0x00, 0x09, 0x00,
        0x0A, 0x00, 0x0F, 0x00, 0x10, 0x00, 0x0F, 0x00, 0x0E, 0x00, 0x0B, 0x00, 0x07, 0x00, 0x03, 0x00,
        0x00, 0x00, 0xFB, 0xFF, 0xF6, 0xFF, 0xF6, 0xFF, 0xF5, 0xFF, 0xF3, 0xFF, 0xF7, 0xFF, 0xFD, 0xFF,
        0x01, 0x00, 0x08, 0x00, 0x0D, 0x00, 0x0F, 0x00, 0x13, 0x00, 0x14, 0x00, 0x0F, 0x00, 0x07, 0x00,
        0x07, 0x00, 0x06, 0x00, 0xFE, 0xFF, 0xFA, 0xFF, 0xFC, 0xFF, 0xFA, 0xFF, 0xF8, 0xFF, 0xF9, 0xFF,
        0xFE, 0xFF, 0x02, 0x00, 0x03, 0x00, 0x08, 0x00, 0x10, 0x00, 0x10, 0x00, 0x10, 0x00, 0x15, 0x00,
        0x14, 0x00, 0x0F, 0x00, 0x0B, 0x00, 0x06, 0x00, 0x01, 0x00, 0xFB, 0xFF, 0xF7, 0xFF, 0xF8, 0xFF,
        0xF8, 0xFF, 0xFB, 0xFF, 0xFF, 0xFF, 0x02, 0x00, 0x05, 0x00, 0x08, 0x00, 0x0C, 0x00, 0x0F, 0x00,
        0x10, 0x00, 0x0F, 0x00, 0x0E, 0x00, 0x0B, 0x00, 0x09, 0x00, 0x06, 0x00, 0xFF, 0xFF, 0xF8, 0xFF,
        0xF4, 0xFF, 0xF3, 0xFF, 0xF4, 0xFF, 0xF5, 0xFF, 0xF8, 0xFF, 0xFE, 0xFF, 0x05, 0x00, 0x08, 0x00,
        0x0A, 0x00, 0x0E, 0x00, 0x0F, 0x00, 0x0D, 0x00, 0x0B, 0x00, 0x08, 0x00, 0x05, 0x00, 0x02, 0x00,
        0xFD, 0xFF, 0xFB, 0xFF, 0xFA, 0xFF, 0xF8, 0xFF, 0xF7, 0xFF, 0xF8, 0xFF, 0xF9, 0xFF, 0xFB, 0xFF,
        0x00, 0x00, 0x07, 0x00, 0x0C, 0x00, 0x0F, 0x00, 0x11, 0x00, 0x11, 0x00, 0x0F, 0x00, 0x0C, 0x00,
        0x07, 0x00, 0x02, 0x00, 0xFD, 0xFF, 0xF7, 0xFF, 0xF7, 0xFF, 0xFA, 0xFF, 0xFB, 0xFF, 0xFB, 0xFF,
        0xFD, 0xFF, 0x00, 0x00, 0x04, 0x00, 0x08, 0x00, 0x0A, 0x00, 0x0D, 0x00, 0x11, 0x00, 0x12, 0x00,
        0x11, 0x00, 0x0D, 0x00, 0x0A, 0x00, 0x05, 0x00, 0xFE, 0xFF, 0xFA, 0xFF, 0xF7, 0xFF, 0xF5, 0xFF,
        0xF5, 0xFF, 0xF7, 0xFF, 0xFE, 0xFF, 0x04, 0x00, 0x07, 0x00, 0x0A, 0x00, 0x0B, 0x00, 0x0E, 0x00,
        0x10, 0x00, 0x0E, 0x00, 0x0D, 0x00, 0x0C, 0x00, 0x06, 0x00, 0x01, 0x00, 0xFD, 0xFF, 0xF9, 0xFF,
        0xF7, 0xFF, 0xF4, 0xFF, 0xF3, 0xFF, 0xF4, 0xFF, 0xF8, 0xFF, 0xFD, 0xFF, 0x03, 0x00, 0x09, 0x00,
        0x0D, 0x00, 0x0F, 0x00, 0x11, 0x00, 0x11, 0x00, 0x0E, 0x00, 0x0B, 0x00, 0x06, 0x00, 0xFF, 0xFF,
        0xFC, 0xFF, 0xF9, 0xFF, 0xF5, 0xFF, 0xF5, 0xFF, 0xF5, 0xFF, 0xF9, 0xFF, 0xFD, 0xFF, 0xFD, 0xFF,
        0x02, 0x00, 0x08, 0x00, 0x0B, 0x00, 0x11, 0x00, 0x17, 0x00, 0x13, 0x00, 0x10, 0x00, 0x0F, 0x00,
        0x09, 0x00, 0x02, 0x00, 0xFD, 0xFF, 0xFA, 0xFF, 0xF6, 0xFF, 0xF4, 0xFF, 0xF6, 0xFF, 0xFA, 0xFF,
        0xFE, 0xFF, 0x02, 0x00, 0x06, 0x00, 0x09, 0x00, 0x0C, 0x00, 0x0E, 0x00, 0x0D, 0x00, 0x0D, 0x00,
        0x0D, 0x00, 0x0B, 0x00, 0x06, 0x00, 0x01, 0x00, 0xFE, 0xFF, 0xFA, 0xFF, 0xF4, 0xFF, 0xF1, 0xFF,
        0xF2, 0xFF, 0xF1, 0xFF, 0xF5, 0xFF, 0xFD, 0xFF, 0x01, 0x00, 0x07, 0x00, 0x0C, 0x00, 0x0D, 0x00,
        0x0E, 0x00, 0x0D, 0x00, 0x09, 0x00, 0x06, 0x00, 0x00, 0x00, 0xFD, 0xFF, 0xFC, 0xFF, 0xF9, 0xFF,
        0xF7, 0xFF, 0xF5, 0xFF, 0xF5, 0xFF, 0xF9, 0xFF, 0xFB, 0xFF, 0xFD, 0xFF, 0x02, 0x00, 0x06, 0x00,
        0x0B, 0x00, 0x10, 0x00, 0x10, 0x00, 0x0F, 0x00, 0x0D, 0x00, 0x09, 0x00, 0x04, 0x00, 0xFE, 0xFF,
        0xFC, 0xFF, 0xFA, 0xFF, 0xF6, 0xFF, 0xF7, 0xFF, 0xF8, 0xFF, 0xFA, 0xFF, 0x01, 0x00, 0x03, 0x00,
        0x04, 0x00, 0x0A, 0x00, 0x0C, 0x00, 0x0C, 0x00, 0x0E, 0x00, 0x0F, 0x00, 0x0E, 0x00, 0x0C, 0x00,
        0x07, 0x00, 0x03, 0x00, 0x00, 0x00, 0xFC, 0xFF, 0xF6, 0xFF, 0xF4, 0xFF, 0xF6, 0xFF, 0xF6, 0xFF,
        0xFA, 0xFF, 0x00, 0x00, 0x03, 0x00, 0x08, 0x00, 0x0C, 0x00, 0x0C, 0x00, 0x0D, 0x00, 0x0D, 0x00,
        0x0A, 0x00, 0x08, 0x00, 0x04, 0x00, 0xFF, 0xFF, 0xFB, 0xFF, 0xF8, 0xFF, 0xF6, 0xFF, 0xF2, 0xFF,
        0xF0, 0xFF, 0xF5, 0xFF, 0xFA, 0xFF, 0xFC, 0xFF, 0x01, 0x00, 0x07, 0x00, 0x0D, 0x00, 0x0D, 0x00,
        0x0C, 0x00, 0x0F, 0x00, 0x0E, 0x00, 0x07, 0x00, 0x02, 0x00, 0xFC, 0xFF, 0xF9, 0xFF, 0xF7, 0xFF,
        0xF3, 0xFF, 0xF5, 0xFF, 0xF8, 0xFF, 0xF7, 0xFF, 0xFC, 0xFF, 0xFF, 0xFF, 0x01, 0x00, 0x07, 0x00,
        0x09, 0x00, 0x0B, 0x00, 0x0F, 0x00, 0x0F, 0x00, 0x0F, 0x00, 0x0D, 0x00, 0x05, 0x00, 0x00, 0x00,
        0xFC, 0xFF, 0xF7, 0xFF, 0xF5, 0xFF, 0xF5, 0xFF, 0xF5, 0xFF, 0xF7, 0xFF, 0xFB, 0xFF, 0x01, 0x00,
        0x07, 0x00, 0x0B, 0x00, 0x0D, 0x00, 0x0F, 0x00, 0x0E, 0x00, 0x0E, 0x00, 0x0D, 0x00, 0x07, 0x00,
        0x04, 0x00, 0x05, 0x00, 0x00, 0x00, 0xF9, 0xFF, 0xF9, 0xFF, 0xF6, 0xFF, 0xF3, 0xFF, 0xF7, 0xFF,
        0xFA, 0xFF, 0xFB, 0xFF, 0x01, 0x00, 0x07, 0x00, 0x0B, 0x00, 0x0E, 0x00, 0x0E, 0x00, 0x0B, 0x00,
        0x09, 0x00, 0x04, 0x00, 0xFF, 0xFF, 0xFC, 0xFF, 0xF9, 0xFF, 0xF6, 0xFF, 0xF4, 0xFF, 0xF4, 0xFF,
        0xF5, 0xFF, 0xF7, 0xFF, 0xF8, 0xFF, 0xFB, 0xFF, 0x00, 0x00, 0x06, 0x00, 0x0C, 0x00, 0x0D, 0x00,
        0x0C, 0x00, 0x0D, 0x00, 0x0E, 0x00, 0x0A, 0x00, 0x06, 0x00, 0x01, 0x00, 0xFA, 0xFF, 0xF5, 0xFF,
        0xF4, 0xFF, 0xF6, 0xFF, 0xF8, 0xFF, 0xF9, 0xFF, 0xFB, 0xFF, 0x02, 0x00, 0x08, 0x00, 0x0A, 0x00,
        0x0A, 0x00, 0x0C, 0x00, 0x0C, 0x00, 0x0C, 0x00, 0x0B, 0x00, 0x09, 0x00, 0x05, 0x00, 0x01, 0x00,
        0xFD, 0xFF, 0xF9, 0xFF, 0xF5, 0xFF, 0xF2, 0xFF, 0xF4, 0xFF, 0xF8, 0xFF, 0xFC, 0xFF, 0x00, 0x00,
        0x05, 0x00, 0x0A, 0x00, 0x0E, 0x00, 0x0F, 0x00, 0x10, 0x00, 0x0F, 0x00, 0x09, 0x00, 0x04, 0x00,
        0x01, 0x00, 0xFE, 0xFF, 0xFB, 0xFF, 0xF8, 0xFF, 0xF7, 0xFF, 0xF5, 0xFF, 0xF3, 0xFF, 0xF6, 0xFF,
        0xFA, 0xFF, 0xFB, 0xFF, 0xFF, 0xFF, 0x04, 0x00, 0x08, 0x00, 0x0C, 0x00, 0x0D, 0x00, 0x0C, 0x00,
        0x0A, 0x00, 0x06, 0x00, 0x01, 0x00, 0xFC, 0xFF, 0xF7, 0xFF, 0xF2, 0xFF, 0xF1, 0xFF, 0xF4, 0xFF,
        0xF5, 0xFF, 0xF6, 0xFF, 0xFD, 0xFF, 0x02, 0x00, 0x03, 0x00, 0x08, 0x00, 0x0C, 0x00, 0x0B, 0x00,
        0x0D, 0x00, 0x0E, 0x00, 0x0C, 0x00, 0x09, 0x00, 0x05, 0x00, 0x02, 0x00, 0xFD, 0xFF, 0xF7, 0xFF,
        0xF5, 0xFF, 0xF5, 0xFF, 0xF4, 0xFF, 0xF6, 0xFF, 0xFC, 0xFF, 0x03, 0x00, 0x07, 0x00, 0x0B, 0x00,
        0x0D, 0x00, 0x0F, 0x00, 0x0E, 0x00, 0x0B, 0x00, 0x0A, 0x00, 0x06, 0x00, 0x00, 0x00, 0xFD, 0xFF,
        0xFA, 0xFF, 0xF7, 0xFF, 0xF5, 0xFF, 0xF3, 0xFF, 0xF1, 0xFF, 0xF4, 0xFF, 0xF8, 0xFF, 0xFB, 0xFF,
        0x01, 0x00, 0x08, 0x00, 0x0B, 0x00, 0x0C, 0x00, 0x0E, 0x00, 0x0E, 0x00, 0x08, 0x00, 0x03, 0x00,
        0xFE, 0xFF, 0xF6, 0xFF, 0xF5, 0xFF, 0xF5, 0xFF, 0xF2, 0xFF, 0xF2, 0xFF, 0xF4, 0xFF, 0xF5, 0xFF,
        0xF7, 0xFF, 0xFD, 0xFF, 0x03, 0x00, 0x04, 0x00, 0x05, 0x00, 0x0B, 0x00, 0x0D, 0x00, 0x0B, 0x00,
        0x0D, 0x00, 0x0A, 0x00, 0x01, 0x00, 0xFB, 0xFF, 0xF6, 0xFF, 0xF2, 0xFF, 0xF3, 0xFF, 0xF1, 0xFF,
        0xF2, 0xFF, 0xF9, 0xFF, 0xFC, 0xFF, 0xFE, 0xFF, 0x07, 0x00, 0x0A, 0x00, 0x0A, 0x00, 0x0D, 0x00,
        0x0E, 0x00, 0x0D, 0x00, 0x0B, 0x00, 0x06, 0x00, 0x02, 0x00, 0x01, 0x00, 0xFB, 0xFF, 0xF6, 0xFF,
        0xF5, 0xFF, 0xF2, 0xFF, 0xF2, 0xFF, 0xF6, 0xFF, 0xF9, 0xFF, 0xFC, 0xFF, 0x03, 0x00, 0x08, 0x00,
        0x0C, 0x00, 0x10, 0x00, 0x0E, 0x00, 0x0B, 0x00, 0x07, 0x00, 0x03, 0x00, 0xFF, 0xFF, 0xF9, 0xFF,
        0xF3, 0xFF, 0xF3, 0xFF, 0xF2, 0xFF, 0xF0, 0xFF, 0xF2, 0xFF, 0xF5, 0xFF, 0xF7, 0xFF, 0xFA, 0xFF,
        0xFF, 0xFF, 0x03, 0x00, 0x05, 0x00, 0x08, 0x00, 0x0C, 0x00, 0x0C, 0x00, 0x07, 0x00, 0x03, 0x00,
        0xFF, 0xFF, 0xF9, 0xFF, 0xF3, 0xFF, 0xEF, 0xFF, 0xEE, 0xFF, 0xF1, 0xFF, 0xF2, 0xFF, 0xF5, 0xFF,
        0xF8, 0xFF, 0xFB, 0xFF, 0x01, 0x00, 0x07, 0x00, 0x09, 0x00, 0x0B, 0x00, 0x0B, 0x00, 0x08, 0x00,
        0x06, 0x00, 0x06, 0x00, 0x04, 0x00, 0xFF, 0xFF, 0xF8, 0xFF, 0xF5, 0xFF, 0xF2, 0xFF, 0xEF, 0xFF,
        0xF1, 0xFF, 0xF4, 0xFF, 0xF9, 0xFF, 0xFE, 0xFF, 0x03, 0x00, 0x0A, 0x00, 0x0E, 0x00, 0x0C, 0x00,
        0x0C, 0x00, 0x0B, 0x00, 0x06, 0x00, 0x02, 0x00, 0xFE, 0xFF, 0xFB, 0xFF, 0xF8, 0xFF, 0xF6, 0xFF,
        0xF4, 0xFF, 0xF2, 0xFF, 0xF1, 0xFF, 0xF3, 0xFF, 0xF6, 0xFF, 0xFA, 0xFF, 0xFE, 0xFF, 0x04, 0x00,
        0x0A, 0x00, 0x0B, 0x00, 0x09, 0x00, 0x09, 0x00, 0x08, 0x00, 0x02, 0x00, 0xFA, 0xFF, 0xF5, 0xFF,
        0xF3, 0xFF, 0xF0, 0xFF, 0xED, 0xFF, 0xEE, 0xFF, 0xF1, 0xFF, 0xF5, 0xFF, 0xF8, 0xFF, 0xFB, 0xFF,
        0x01, 0x00, 0x02, 0x00, 0x02, 0x00, 0x07, 0x00, 0x09, 0x00, 0x09, 0x00, 0x07, 0x00, 0x00, 0x00,
        0xFC, 0xFF, 0xFC, 0xFF, 0xF4, 0xFF, 0xED, 0xFF, 0xEC, 0xFF, 0xEC, 0xFF, 0xEE, 0xFF, 0xF3, 0xFF,
        0xF8, 0xFF, 0xFF, 0xFF, 0x04, 0x00, 0x08, 0x00, 0x0A, 0x00, 0x0A, 0x00, 0x08, 0x00, 0x07, 0x00,
        0x04, 0x00, 0x01, 0x00, 0xFE, 0xFF, 0xFB, 0xFF, 0xF7, 0xFF, 0xF3, 0xFF, 0xF1, 0xFF, 0xF0, 0xFF,
        0xF1, 0xFF, 0xF4, 0xFF, 0xF8, 0xFF, 0xFC, 0xFF, 0x01, 0x00, 0x05, 0x00, 0x08, 0x00, 0x0C, 0x00,
        0x0C, 0x00, 0x0B, 0x00, 0x07, 0x00, 0x01, 0x00, 0xFC, 0xFF, 0xF8, 0xFF, 0xF2, 0xFF, 0xF0, 0xFF,
        0xF2, 0xFF, 0xF2, 0xFF, 0xF2, 0xFF, 0xF4, 0xFF, 0xF6, 0xFF, 0xFB, 0xFF, 0xFE, 0xFF, 0x01, 0x00,
        0x05, 0x00, 0x06, 0x00, 0x08, 0x00, 0x09, 0x00, 0x04, 0x00, 0x00, 0x00, 0xFC, 0xFF, 0xF5, 0xFF,
        0xF0, 0xFF, 0xED, 0xFF, 0xEB, 0xFF, 0xED, 0xFF, 0xF0, 0xFF, 0xF3, 0xFF, 0xF7, 0xFF, 0xFB, 0xFF,
        0x00, 0x00, 0x04, 0x00, 0x05, 0x00, 0x07, 0x00, 0x07, 0x00, 0x04, 0x00, 0x05, 0x00, 0x01, 0x00,
        0xFB, 0xFF, 0xF9, 0xFF, 0xF6, 0xFF, 0xF1, 0xFF, 0xF1, 0xFF, 0xEF, 0xFF, 0xEF, 0xFF, 0xF5, 0xFF,
        0xF9, 0xFF, 0xFD, 0xFF, 0x03, 0x00, 0x06, 0x00, 0x09, 0x00, 0x0A, 0x00, 0x09, 0x00, 0x08, 0x00,
        0x06, 0x00, 0x00, 0x00, 0xFA, 0xFF, 0xF8, 0xFF, 0xF5, 0xFF, 0xF2, 0xFF, 0xF2, 0xFF, 0xF3, 0xFF,
        0xF1, 0xFF, 0xF2, 0xFF, 0xF7, 0xFF, 0xFB, 0xFF, 0xFF, 0xFF, 0x03, 0x00, 0x05, 0x00, 0x07, 0x00,
        0x08, 0x00, 0x06, 0x00, 0x03, 0x00, 0x01, 0x00, 0xFA, 0xFF, 0xF3, 0xFF, 0xF0, 0xFF, 0xED, 0xFF,
        0xEC, 0xFF, 0xEF, 0xFF, 0xF0, 0xFF, 0xF2, 0xFF, 0xF7, 0xFF, 0xFD, 0xFF, 0xFE, 0xFF, 0xFF, 0xFF,
        0x04, 0x00, 0x08, 0x00, 0x05, 0x00, 0x05, 0x00, 0x04, 0x00, 0xFF, 0xFF, 0xFC, 0xFF, 0xF8, 0xFF,
        0xF1, 0xFF, 0xEE, 0xFF, 0xED, 0xFF, 0xEC, 0xFF, 0xED, 0xFF, 0xF2, 0xFF, 0xF9, 0xFF, 0xFE, 0xFF,
        0x03, 0x00, 0x07, 0x00, 0x08, 0x00, 0x08, 0x00, 0x0A, 0x00, 0x07, 0x00, 0x01, 0x00, 0x00, 0x00,
        0xFE, 0xFF, 0xFA, 0xFF, 0xF6, 0xFF, 0xF4, 0xFF, 0xF2, 0xFF, 0xF1, 0xFF, 0xF2, 0xFF, 0xF4, 0xFF,
        0xF8, 0xFF, 0xFE, 0xFF, 0x01, 0x00, 0x06, 0x00, 0x09, 0x00, 0x0C, 0x00, 0x0E, 0x00, 0x09, 0x00,
        0x03, 0x00, 0x00, 0x00, 0xFB, 0xFF, 0xF5, 0xFF, 0xF3, 0xFF, 0xF0, 0xFF, 0xEF, 0xFF, 0xF2, 0xFF,
        0xF2, 0xFF, 0xF3, 0xFF, 0xF8, 0xFF, 0xFB, 0xFF, 0xFD, 0xFF, 0x02, 0x00, 0x05, 0x00, 0x05, 0x00,
        0x06, 0x00, 0x07, 0x00, 0x06, 0x00, 0x00, 0x00, 0xF8, 0xFF, 0xF5, 0xFF, 0xF4, 0xFF, 0xEF, 0xFF,
        0xEC, 0xFF, 0xEF, 0xFF, 0xF0, 0xFF, 0xF2, 0xFF, 0xF8, 0xFF, 0xFC, 0xFF, 0x01, 0x00, 0x06, 0x00,
        0x05, 0x00, 0x04, 0x00, 0x03, 0x00, 0x00, 0x00, 0x00, 0x00, 0x02, 0x00, 0xFC, 0xFF, 0xF5, 0xFF,
        0xF3, 0xFF, 0xF4, 0xFF, 0xF2, 0xFF, 0xEF, 0xFF, 0xF1, 0xFF, 0xF3, 0xFF, 0xF8, 0xFF, 0x00, 0x00,
        0x04, 0x00, 0x08, 0x00, 0x0E, 0x00, 0x0E, 0x00, 0x0B, 0x00, 0x0B, 0x00, 0x07, 0x00, 0x01, 0x00,
        0xFC, 0xFF, 0xF6, 0xFF, 0xF2, 0xFF, 0xF1, 0xFF, 0xF1, 0xFF, 0xF1, 0xFF, 0xF2, 0xFF, 0xF5, 0xFF,
        0xF9, 0xFF, 0xFC, 0xFF, 0x00, 0x00, 0x04, 0x00, 0x05, 0x00, 0x06, 0x00, 0x07, 0x00, 0x05, 0x00,
        0x04, 0x00, 0x01, 0x00, 0xFB, 0xFF, 0xF4, 0xFF, 0xF0, 0xFF, 0xEE, 0xFF, 0xED, 0xFF, 0xEE, 0xFF,
        0xF0, 0xFF, 0xF4, 0xFF, 0xF9, 0xFF, 0xFD, 0xFF, 0xFF, 0xFF, 0x03, 0x00, 0x06, 0x00, 0x04, 0x00,
        0x06, 0x00, 0x05, 0x00, 0x00, 0x00, 0xFE, 0xFF, 0xFB, 0xFF, 0xF6, 0xFF, 0xF4, 0xFF, 0xF1, 0xFF,
        0xEB, 0xFF, 0xED, 0xFF, 0xF1, 0xFF, 0xF2, 0xFF, 0xF6, 0xFF, 0xFD, 0xFF, 0x02, 0x00, 0x06, 0x00,
        0x08, 0x00, 0x08, 0x00, 0x06, 0x00, 0x06, 0x00, 0x04, 0x00, 0xFD, 0xFF, 0xF9, 0xFF, 0xF8, 0xFF,
        0xF4, 0xFF, 0xF2, 0xFF, 0xF2, 0xFF, 0xF1, 0xFF, 0xF2, 0xFF, 0xF3, 0xFF, 0xF9, 0xFF, 0xFE, 0xFF,
        0x00, 0x00, 0x04, 0x00, 0x07, 0x00, 0x07, 0x00, 0x09, 0x00, 0x08, 0x00, 0x03, 0x00, 0x02, 0x00,
        0xFC, 0xFF, 0xF3, 0xFF, 0xF0, 0xFF, 0xF0, 0xFF, 0xF1, 0xFF, 0xF1, 0xFF, 0xF1, 0xFF, 0xF5, 0xFF,
        0xFA, 0xFF, 0xFE, 0xFF, 0x01, 0x00, 0x02, 0x00, 0x02, 0x00, 0x03, 0x00, 0x04, 0x00, 0x03, 0x00,
        0x01, 0x00, 0xFF, 0xFF, 0xFB, 0xFF, 0xF4, 0xFF, 0xF0, 0xFF, 0xEE, 0xFF, 0xED, 0xFF, 0xED, 0xFF,
        0xED, 0xFF, 0xF1, 0xFF, 0xF8, 0xFF, 0xFC, 0xFF, 0x00, 0x00, 0x04, 0x00, 0x04, 0x00, 0x05, 0x00,
        0x05, 0x00, 0x00, 0x00, 0xFD, 0xFF, 0xFB, 0xFF, 0xF9, 0xFF, 0xF5, 0xFF, 0xF1, 0xFF, 0xF0, 0xFF,
        0xF1, 0xFF, 0xEE, 0xFF, 0xEF, 0xFF, 0xF4, 0xFF, 0xF9, 0xFF, 0xFC, 0xFF, 0x00, 0x00, 0x06, 0x00,
        0x0B, 0x00, 0x0A, 0x00, 0x09, 0x00, 0x09, 0x00, 0x05, 0x00, 0xFD, 0xFF, 0xF9, 0xFF, 0xF6, 0xFF,
        0xF2, 0xFF, 0xF0, 0xFF, 0xF0, 0xFF, 0xF2, 0xFF, 0xF5, 0xFF, 0xF7, 0xFF, 0xF9, 0xFF, 0xFD, 0xFF,
        0x02, 0x00, 0x04, 0x00, 0x04, 0x00, 0x05, 0x00, 0x07, 0x00, 0x06, 0x00, 0x01, 0x00, 0xFE, 0xFF,
        0xF9, 0xFF, 0xF3, 0xFF, 0xEF, 0xFF, 0xEC, 0xFF, 0xEA, 0xFF, 0xEB, 0xFF, 0xEE, 0xFF, 0xF4, 0xFF,
        0xF8, 0xFF, 0xFB, 0xFF, 0x01, 0x00, 0x04, 0x00, 0x06, 0x00, 0x06, 0x00, 0x01, 0x00, 0xFF, 0xFF,
        0xFF, 0xFF, 0xF9, 0xFF, 0xF3, 0xFF, 0xF2, 0xFF, 0xF1, 0xFF, 0xF0, 0xFF, 0xEE, 0xFF, 0xEB, 0xFF,
        0xEC, 0xFF, 0xF1, 0xFF, 0xF7, 0xFF, 0xFC, 0xFF, 0xFF, 0xFF, 0x04, 0x00, 0x06, 0x00, 0x06, 0x00,
        0x07, 0x00, 0x06, 0x00, 0x00, 0x00, 0xFA, 0xFF, 0xF6, 0xFF, 0xF2, 0xFF, 0xF1, 0xFF, 0xF0, 0xFF,
        0xF0, 0xFF, 0xF3, 0xFF, 0xF3, 0xFF, 0xF4, 0xFF, 0xF9, 0xFF, 0xFC, 0xFF, 0x00, 0x00, 0x05, 0x00,
        0x05, 0x00, 0x06, 0x00, 0x09, 0x00, 0x09, 0x00, 0x06, 0x00, 0x00, 0x00, 0xF8, 0xFF, 0xF5, 0xFF,
        0xF2, 0xFF, 0xEC, 0xFF, 0xEE, 0xFF, 0xF0, 0xFF, 0xF1, 0xFF, 0xF6, 0xFF, 0xFC, 0xFF, 0x00, 0x00,
        0x02, 0x00, 0x03, 0x00, 0x04, 0x00, 0x05, 0x00, 0x03, 0x00, 0x01, 0x00, 0x00, 0x00, 0xFD, 0xFF,
        0xF7, 0xFF, 0xF1, 0xFF, 0xEF, 0xFF, 0xED, 0xFF, 0xEC, 0xFF, 0xEC, 0xFF, 0xEC, 0xFF, 0xEE, 0xFF,
        0xF6, 0xFF, 0xFD, 0xFF, 0x01, 0x00, 0x03, 0x00, 0x04, 0x00, 0x06, 0x00, 0x03, 0x00, 0xFF, 0xFF,
        0xFD, 0xFF, 0xF9, 0xFF, 0xF4, 0xFF, 0xF2, 0xFF, 0xF0, 0xFF, 0xF0, 0xFF, 0xEF, 0xFF, 0xEE, 0xFF,
        0xF1, 0xFF, 0xF6, 0xFF, 0xF6, 0xFF, 0xFA, 0xFF, 0x02, 0x00, 0x03, 0x00, 0x05, 0x00, 0x09, 0x00,
        0x09, 0x00, 0x03, 0x00, 0x00, 0x00, 0xFE, 0xFF, 0xFA, 0xFF, 0xF3, 0xFF, 0xF0, 0xFF, 0xF0, 0xFF,
        0xEF, 0xFF, 0xF2, 0xFF, 0xF9, 0xFF, 0xFA, 0xFF, 0xFD, 0xFF, 0x01, 0x00, 0xFF, 0xFF, 0x02, 0x00,
        0x07, 0x00, 0x06, 0x00, 0x06, 0x00, 0x04, 0x00, 0xFF, 0xFF, 0xFD, 0xFF, 0xF8, 0xFF, 0xF3, 0xFF,
        0xF2, 0xFF, 0xEE, 0xFF, 0xED, 0xFF, 0xEF, 0xFF, 0xF0, 0xFF, 0xF3, 0xFF, 0xF8, 0xFF, 0xFC, 0xFF,
        0x01, 0x00, 0x02, 0x00, 0x03, 0x00, 0x04, 0x00, 0x00, 0x00, 0xFC, 0xFF, 0xFD, 0xFF, 0xF9, 0xFF,
        0xF5, 0xFF, 0xF4, 0xFF, 0xF1, 0xFF, 0xEC, 0xFF, 0xEC, 0xFF, 0xEF, 0xFF, 0xF1, 0xFF, 0xF2, 0xFF,
        0xF7, 0xFF, 0xFB, 0xFF, 0xFD, 0xFF, 0x05, 0x00, 0x08, 0x00, 0x06, 0x00, 0x07, 0x00, 0x06, 0x00,
        0x00, 0x00, 0xF9, 0xFF, 0xF4, 0xFF, 0xF1, 0xFF, 0xF0, 0xFF, 0xEF, 0xFF, 0xF1, 0xFF, 0xF3, 0xFF,
        0xF3, 0xFF, 0xF7, 0xFF, 0xFB, 0xFF, 0xFC, 0xFF, 0x01, 0x00, 0x05, 0x00, 0x06, 0x00, 0x06, 0x00,
        0x06, 0x00, 0x05, 0x00, 0x03, 0x00, 0xFE, 0xFF, 0xF9, 0xFF, 0xF6, 0xFF, 0xF2, 0xFF, 0xF0, 0xFF,
        0xEF, 0xFF, 0xF0, 0xFF, 0xF4, 0xFF, 0xF7, 0xFF, 0xFB, 0xFF, 0x02, 0x00, 0x04, 0x00, 0x04, 0x00,
        0x07, 0x00, 0x06, 0x00, 0x03, 0x00, 0x02, 0x00, 0x00, 0x00, 0xFC, 0xFF, 0xF7, 0xFF, 0xF6, 0xFF,
        0xF4, 0xFF, 0xF0, 0xFF, 0xEE, 0xFF, 0xF0, 0xFF, 0xF3, 0xFF, 0xF4, 0xFF, 0xF6, 0xFF, 0xFB, 0xFF,
        0xFF, 0xFF, 0x03, 0x00, 0x06, 0x00, 0x07, 0x00, 0x04, 0x00, 0x00, 0x00, 0xFC, 0xFF, 0xF9, 0xFF,
        0xF4, 0xFF, 0xEF, 0xFF, 0xEE, 0xFF, 0xEE, 0xFF, 0xEE, 0xFF, 0xF0, 0xFF, 0xF3, 0xFF, 0xF6, 0xFF,
        0xFA, 0xFF, 0xFE, 0xFF, 0x00, 0x00, 0x03, 0x00, 0x06, 0x00, 0x07, 0x00, 0x07, 0x00, 0x07, 0x00,
        0x03, 0x00, 0xFD, 0xFF, 0xF9, 0xFF, 0xF4, 0xFF, 0xF1, 0xFF, 0xF2, 0xFF, 0xF0, 0xFF, 0xF1, 0xFF,
        0xF6, 0xFF, 0xF8, 0xFF, 0xFD, 0xFF, 0x03, 0x00, 0x06, 0x00, 0x06, 0x00, 0x05, 0x00, 0x06, 0x00,
        0x06, 0x00, 0x01, 0x00, 0x01, 0x00, 0x00, 0x00, 0xF8, 0xFF, 0xF4, 0xFF, 0xF4, 0xFF, 0xEF, 0xFF,
        0xED, 0xFF, 0xEE, 0xFF, 0xEE, 0xFF, 0xF3, 0xFF, 0xFA, 0xFF, 0xFF, 0xFF, 0x02, 0x00, 0x02, 0x00,
        0x06, 0x00, 0x08, 0x00, 0x03, 0x00, 0xFE, 0xFF, 0xFB, 0xFF, 0xF7, 0xFF, 0xF4, 0xFF, 0xF3, 0xFF,
        0xEF, 0xFF, 0xED, 0xFF, 0xEE, 0xFF, 0xEE, 0xFF, 0xEE, 0xFF, 0xF5, 0xFF, 0xFC, 0xFF, 0xFD, 0xFF,
        0xFF, 0xFF, 0x04, 0x00, 0x06, 0x00, 0x07, 0x00, 0x05, 0x00, 0x01, 0x00, 0xFE, 0xFF, 0xFC, 0xFF,
        0xF7, 0xFF, 0xF2, 0xFF, 0xF0, 0xFF, 0xEE, 0xFF, 0xF0, 0xFF, 0xF2, 0xFF, 0xF6, 0xFF, 0xFB, 0xFF,
        0xFC, 0xFF, 0xFD, 0xFF, 0x01, 0x00, 0x07, 0x00, 0x09, 0x00, 0x08, 0x00, 0x06, 0x00, 0x05, 0x00,
        0x01, 0x00, 0xFD, 0xFF, 0xF9, 0xFF, 0xF4, 0xFF, 0xF1, 0xFF, 0xF0, 0xFF, 0xEF, 0xFF, 0xF1, 0xFF,
        0xF5, 0xFF, 0xF7, 0xFF, 0xFB, 0xFF, 0x01, 0x00, 0x07, 0x00, 0x0A, 0x00, 0x07, 0x00, 0x03, 0x00,
        0x04, 0x00, 0x02, 0x00, 0xFE, 0xFF, 0xFC, 0xFF, 0xF8, 0xFF, 0xF3, 0xFF, 0xF2, 0xFF, 0xEF, 0xFF,
        0xEB, 0xFF, 0xED, 0xFF, 0xF1, 0xFF, 0xF3, 0xFF, 0xF9, 0xFF, 0xFC, 0xFF, 0xFF, 0xFF, 0x04, 0x00,
        0x07, 0x00, 0x05, 0x00, 0x04, 0x00, 0xFF, 0xFF, 0xFC, 0xFF, 0xF9, 0xFF, 0xF2, 0xFF, 0xEF, 0xFF,
        0xF0, 0xFF, 0xEF, 0xFF, 0xF0, 0xFF, 0xF3, 0xFF, 0xF5, 0xFF, 0xF8, 0xFF, 0xFA, 0xFF, 0xFC, 0xFF,
        0xFF, 0xFF, 0x02, 0x00, 0x06, 0x00, 0x08, 0x00, 0x06, 0x00, 0x06, 0x00, 0x03, 0x00, 0xFD, 0xFF,
        0xF8, 0xFF, 0xF3, 0xFF, 0xF2, 0xFF, 0xF3, 0xFF, 0xF2, 0xFF, 0xF2, 0xFF, 0xF5, 0xFF, 0xFA, 0xFF,
        0x01, 0x00, 0x05, 0x00, 0x06, 0x00, 0x07, 0x00, 0x09, 0x00, 0x09, 0x00, 0x05, 0x00, 0x02, 0x00,
        0x00, 0x00, 0xFD, 0xFF, 0xF9, 0xFF, 0xF7, 0xFF, 0xF3, 0xFF, 0xEF, 0xFF, 0xEE, 0xFF, 0xF0, 0xFF,
        0xF2, 0xFF, 0xF7, 0xFF, 0xFD, 0xFF, 0x01, 0x00, 0x05, 0x00, 0x09, 0x00, 0x08, 0x00, 0x06, 0x00,
        0x06, 0x00, 0x01, 0x00, 0xFB, 0xFF, 0xF6, 0xFF, 0xF4, 0xFF, 0xF2, 0xFF, 0xF0, 0xFF, 0xEF, 0xFF,
        0xEF, 0xFF, 0xF2, 0xFF, 0xF5, 0xFF, 0xF5, 0xFF, 0xF8, 0xFF, 0xFF, 0xFF, 0x01, 0x00, 0x02, 0x00,
        0x07, 0x00, 0x08, 0x00, 0x03, 0x00, 0x01, 0x00, 0x00, 0x00, 0xFC, 0xFF, 0xF6, 0xFF, 0xF3, 0xFF,
        0xF2, 0xFF, 0xF0, 0xFF, 0xF0, 0xFF, 0xF3, 0xFF, 0xF7, 0xFF, 0xFC, 0xFF, 0x02, 0x00, 0x04, 0x00,
        0x05, 0x00, 0x07, 0x00, 0x09, 0x00, 0x08, 0x00, 0x05, 0x00, 0x02, 0x00, 0x00, 0x00, 0xFF, 0xFF,
        0xFA, 0xFF, 0xF4, 0xFF, 0xF2, 0xFF, 0xF1, 0xFF, 0xEF, 0xFF, 0xF0, 0xFF, 0xF5, 0xFF, 0xF8, 0xFF,
        0xFC, 0xFF, 0x02, 0x00, 0x07, 0x00, 0x07, 0x00, 0x07, 0x00, 0x08, 0x00, 0x06, 0x00, 0x01, 0x00,
        0xFD, 0xFF, 0xFA, 0xFF, 0xF5, 0xFF, 0xF0, 0xFF, 0xF3, 0xFF, 0xF5, 0xFF, 0xF1, 0xFF, 0xF0, 0xFF,
        0xF5, 0xFF, 0xF7, 0xFF, 0xF9, 0xFF, 0xFE, 0xFF, 0x03, 0x00, 0x07, 0x00, 0x08, 0x00, 0x08, 0x00,
        0x07, 0x00, 0x00, 0x00, 0xFC, 0xFF, 0xF8, 0xFF, 0xF3, 0xFF, 0xEF, 0xFF, 0xEC, 0xFF, 0xEC, 0xFF,
        0xEF, 0xFF, 0xF0, 0xFF, 0xF2, 0xFF, 0xF6, 0xFF, 0xFA, 0xFF, 0xFF, 0xFF, 0x03, 0x00, 0x04, 0x00,
        0x05, 0x00, 0x06, 0x00, 0x06, 0x00, 0x04, 0x00, 0x00, 0x00, 0xFA, 0xFF, 0xF6, 0xFF, 0xF4, 0xFF,
        0xF1, 0xFF, 0xEF, 0xFF, 0xF2, 0xFF, 0xF2, 0xFF, 0xF5, 0xFF, 0xFD, 0xFF, 0x01, 0x00, 0x02, 0x00,
        0x05, 0x00, 0x09, 0x00, 0x09, 0x00, 0x06, 0x00, 0x05, 0x00, 0x04, 0x00, 0x00, 0x00, 0xFB, 0xFF,
        0xF8, 0xFF, 0xF5, 0xFF, 0xF5, 0xFF, 0xF4, 0xFF, 0xEF, 0xFF, 0xEF, 0xFF, 0xF4, 0xFF, 0xF8, 0xFF,
        0xFC, 0xFF, 0x00, 0x00, 0x04, 0x00, 0x05, 0x00, 0x07, 0x00, 0x09, 0x00, 0x08, 0x00, 0x01, 0x00,
        0xFB, 0xFF, 0xF7, 0xFF, 0xF2, 0xFF, 0xEF, 0xFF, 0xEC, 0xFF, 0xEC, 0xFF, 0xEF, 0xFF, 0xF3, 0xFF,
        0xF3, 0xFF, 0xF5, 0xFF, 0xFB, 0xFF, 0xFF, 0xFF, 0x00, 0x00, 0x02, 0x00, 0x03, 0x00, 0x03, 0x00,
        0x04, 0x00, 0x01, 0x00, 0xFC, 0xFF, 0xF9, 0xFF, 0xF7, 0xFF, 0xF1, 0xFF, 0xED, 0xFF, 0xED, 0xFF,
        0xEE, 0xFF, 0xF1, 0xFF, 0xF6, 0xFF, 0xFB, 0xFF, 0xFF, 0xFF, 0x03, 0x00, 0x04, 0x00, 0x06, 0x00,
        0x07, 0x00, 0x04, 0x00, 0x03, 0x00, 0x03, 0x00, 0x00, 0x00, 0xFD, 0xFF, 0xF9, 0xFF, 0xF4, 0xFF,
        0xF2, 0xFF, 0xF1, 0xFF, 0xF1, 0xFF, 0xF3, 0xFF, 0xF5, 0xFF, 0xF6, 0xFF, 0xFB, 0xFF, 0x02, 0x00,
        0x08, 0x00, 0x09, 0x00, 0x08, 0x00, 0x06, 0x00, 0x05, 0x00, 0x02, 0x00, 0xFC, 0xFF, 0xF9, 0xFF,
        0xF8, 0xFF, 0xF4, 0xFF, 0xF1, 0xFF, 0xF0, 0xFF, 0xF0, 0xFF, 0xF3, 0xFF, 0xF4, 0xFF, 0xF6, 0xFF,
        0xFC, 0xFF, 0xFF, 0xFF, 0x01, 0x00, 0x05, 0x00, 0x06, 0x00, 0x06, 0x00, 0x04, 0x00, 0x01, 0x00,
        0xFE, 0xFF, 0xFA, 0xFF, 0xF5, 0xFF, 0xF0, 0xFF, 0xEC, 0xFF, 0xEC, 0xFF, 0xEF, 0xFF, 0xF1, 0xFF,
        0xF2, 0xFF, 0xF4, 0xFF, 0xF9, 0xFF, 0xFF, 0xFF, 0x02, 0x00, 0x03, 0x00, 0x03, 0x00, 0x04, 0x00,
        0x05, 0x00, 0x01, 0x00, 0xFC, 0xFF, 0xFA, 0xFF, 0xF9, 0xFF, 0xF7, 0xFF, 0xF2, 0xFF, 0xEC, 0xFF,
        0xED, 0xFF, 0xF2, 0xFF, 0xF6, 0xFF, 0xFA, 0xFF, 0xFF, 0xFF, 0x03, 0x00, 0x07, 0x00, 0x09, 0x00,
        0x0A, 0x00, 0x0A, 0x00, 0x05, 0x00, 0x00, 0x00, 0xFD, 0xFF, 0xFC, 0xFF, 0xF8, 0xFF, 0xF3, 0xFF,
        0xF4, 0xFF, 0xF4, 0xFF, 0xF0, 0xFF, 0xF0, 0xFF, 0xF4, 0xFF, 0xF6, 0xFF, 0xF9, 0xFF, 0x00, 0x00,
        0x06, 0x00, 0x09, 0x00, 0x09, 0x00, 0x09, 0x00, 0x07, 0x00, 0x02, 0x00, 0xFD, 0xFF, 0xF8, 0xFF,
        0xF3, 0xFF, 0xEF, 0xFF, 0xED, 0xFF, 0xED, 0xFF, 0xF0, 0xFF, 0xF2, 0xFF, 0xF4, 0xFF, 0xF8, 0xFF,
        0xFE, 0xFF, 0x01, 0x00, 0x02, 0x00, 0x02, 0x00, 0x04, 0x00, 0x06, 0x00, 0x06, 0x00, 0x00, 0x00,
        0xFC, 0xFF, 0xFA, 0xFF, 0xF6, 0xFF, 0xF1, 0xFF, 0xEE, 0xFF, 0xEF, 0xFF, 0xF0, 0xFF, 0xF1, 0xFF,
        0xF6, 0xFF, 0xFD, 0xFF, 0x02, 0x00, 0x06, 0x00, 0x07, 0x00, 0x07, 0x00, 0x07, 0x00, 0x07, 0x00,
        0x06, 0x00, 0x02, 0x00, 0xFD, 0xFF, 0xFB, 0xFF, 0xF9, 0xFF, 0xF5, 0xFF, 0xF3, 0xFF, 0xF2, 0xFF,
        0xF1, 0xFF, 0xF3, 0xFF, 0xF6, 0xFF, 0xF9, 0xFF, 0x01, 0x00, 0x06, 0x00, 0x06, 0x00, 0x08, 0x00,
        0x0B, 0x00, 0x0A, 0x00, 0x07, 0x00, 0x02, 0x00, 0xFB, 0xFF, 0xF8, 0xFF, 0xF6, 0xFF, 0xF3, 0xFF,
        0xF1, 0xFF, 0xF1, 0xFF, 0xF4, 0xFF, 0xF7, 0xFF, 0xF7, 0xFF, 0xFB, 0xFF, 0xFE, 0xFF, 0xFF, 0xFF,
        0x04, 0x00, 0x07, 0x00, 0x06, 0x00, 0x05, 0x00, 0x04, 0x00, 0x01, 0x00, 0xFF, 0xFF, 0xFA, 0xFF,
        0xF5, 0xFF, 0xF1, 0xFF, 0xED, 0xFF, 0xEC, 0xFF, 0xF0, 0xFF, 0xF4, 0xFF, 0xF6, 0xFF, 0xFB, 0xFF,
        0xFF, 0xFF, 0x01, 0x00, 0x04, 0x00, 0x06, 0x00, 0x04, 0x00, 0x05, 0x00, 0x06, 0x00, 0x03, 0x00,
        0xFF, 0xFF, 0xFC, 0xFF, 0xF6, 0xFF, 0xF4, 0xFF, 0xF3, 0xFF, 0xF2, 0xFF, 0xF2, 0xFF, 0xF2, 0xFF,
        0xF6, 0xFF, 0xFD, 0xFF, 0xFF, 0xFF, 0x03, 0x00, 0x0A, 0x00, 0x0C, 0x00, 0x0B, 0x00, 0x09, 0x00,
        0x06, 0x00, 0x03, 0x00, 0xFD, 0xFF, 0xF8, 0xFF, 0xF8, 0xFF, 0xF7, 0xFF, 0xF2, 0xFF, 0xF1, 0xFF,
        0xF3, 0xFF, 0xF6, 0xFF, 0xF7, 0xFF, 0xFB, 0xFF, 0x01, 0x00, 0x02, 0x00, 0x04, 0x00, 0x0A, 0x00,
        0x0A, 0x00, 0x08, 0x00, 0x07, 0x00, 0x03, 0x00, 0xFD, 0xFF, 0xFB, 0xFF, 0xF7, 0xFF, 0xF1, 0xFF,
        0xF0, 0xFF, 0xEF, 0xFF, 0xEF, 0xFF, 0xF5, 0xFF, 0xFA, 0xFF, 0xFB, 0xFF, 0x01, 0x00, 0x04, 0x00,
        0x03, 0x00, 0x04, 0x00, 0x05, 0x00, 0x05, 0x00, 0x06, 0x00, 0x01, 0x00, 0xFE, 0xFF, 0xFC, 0xFF,
        0xF5, 0xFF, 0xF0, 0xFF, 0xEF, 0xFF, 0xEF, 0xFF, 0xF0, 0xFF, 0xF3, 0xFF, 0xF7, 0xFF, 0xFC, 0xFF,
        0xFE, 0xFF, 0x03, 0x00, 0x08, 0x00, 0x09, 0x00, 0x0B, 0x00, 0x09, 0x00, 0x03, 0x00, 0x02, 0x00,
        0xFD, 0xFF, 0xF7, 0xFF, 0xF8, 0xFF, 0xF6, 0xFF, 0xF2, 0xFF, 0xF5, 0xFF, 0xF5, 0xFF, 0xF4, 0xFF,
        0xFA, 0xFF, 0xFE, 0xFF, 0x00, 0x00, 0x04, 0x00, 0x0A, 0x00, 0x0C, 0x00, 0x0C, 0x00, 0x0D, 0x00,
        0x09, 0x00, 0x03, 0x00, 0xFE, 0xFF, 0xF9, 0xFF, 0xF7, 0xFF, 0xF5, 0xFF, 0xF3, 0xFF, 0xF3, 0xFF,
        0xF5, 0xFF, 0xF5, 0xFF, 0xF8, 0xFF, 0xFC, 0xFF, 0x01, 0x00, 0x07, 0x00, 0x06, 0x00, 0x04, 0x00,
        0x07, 0x00, 0x07, 0x00, 0x04, 0x00, 0x01, 0x00, 0xFD, 0xFF, 0xF8, 0xFF, 0xF5, 0xFF, 0xF1, 0xFF,
        0xED, 0xFF, 0xEF, 0xFF, 0xF1, 0xFF, 0xF1, 0xFF, 0xF7, 0xFF, 0xFD, 0xFF, 0x01, 0x00, 0x05, 0x00,
        0x06, 0x00, 0x07, 0x00, 0x09, 0x00, 0x06, 0x00, 0x02, 0x00, 0x01, 0x00, 0xFD, 0xFF, 0xFB, 0xFF,
        0xF9, 0xFF, 0xF3, 0xFF, 0xF2, 0xFF, 0xF3, 0xFF, 0xF2, 0xFF, 0xF4, 0xFF, 0xF9, 0xFF, 0xFE, 0xFF,
        0x03, 0x00, 0x05, 0x00, 0x09, 0x00, 0x0D, 0x00, 0x0C, 0x00, 0x0B, 0x00, 0x09, 0x00, 0x04, 0x00,
        0x01, 0x00, 0xFD, 0xFF, 0xF8, 0xFF, 0xF8, 0xFF, 0xF7, 0xFF, 0xF6, 0xFF, 0xF9, 0xFF, 0xFB, 0xFF,
        0xFC, 0xFF, 0x00, 0x00, 0x03, 0x00, 0x03, 0x00, 0x05, 0x00, 0x08, 0x00, 0x0C, 0x00, 0x0B, 0x00,
        0x06, 0x00, 0x04, 0x00, 0x00, 0x00, 0xFB, 0xFF, 0xF6, 0xFF, 0xF2, 0xFF, 0xF1, 0xFF, 0xF2, 0xFF,
        0xF3, 0xFF, 0xF4, 0xFF, 0xFA, 0xFF, 0xFD, 0xFF, 0x01, 0x00, 0x04, 0x00, 0x05, 0x00, 0x06, 0x00,
        0x0B, 0x00, 0x08, 0x00, 0x03, 0x00, 0x02, 0x00, 0xFF, 0xFF, 0xFA, 0xFF, 0xF7, 0xFF, 0xF5, 0xFF,
        0xF5, 0xFF, 0xF4, 0xFF, 0xF1, 0xFF, 0xF4, 0xFF, 0xF9, 0xFF, 0xFB, 0xFF, 0xFF, 0xFF, 0x06, 0x00,
        0x0A, 0x00, 0x0A, 0x00, 0x09, 0x00, 0x09, 0x00, 0x06, 0x00, 0x01, 0x00, 0xFD, 0xFF, 0xF9, 0xFF,
        0xF6, 0xFF, 0xF6, 0xFF, 0xF5, 0xFF, 0xF4, 0xFF, 0xF6, 0xFF, 0xF9, 0xFF, 0xFB, 0xFF, 0xFE, 0xFF,
        0x02, 0x00, 0x05, 0x00, 0x08, 0x00, 0x09, 0x00, 0x0C, 0x00, 0x0D, 0x00, 0x09, 0x00, 0x04, 0x00,
        0x01, 0x00, 0xFC, 0xFF, 0xF7, 0xFF, 0xF4, 0xFF, 0xF3, 0xFF, 0xF2, 0xFF, 0xF5, 0xFF, 0xF9, 0xFF,
        0xFB, 0xFF, 0x01, 0x00, 0x06, 0x00, 0x06, 0x00, 0x08, 0x00, 0x09, 0x00, 0x08, 0x00, 0x09, 0x00,
        0x0A, 0x00, 0x05, 0x00, 0xFF, 0xFF, 0xFA, 0xFF, 0xF7, 0xFF, 0xF4, 0xFF, 0xF1, 0xFF, 0xF0, 0xFF,
        0xF2, 0xFF, 0xF5, 0xFF, 0xF7, 0xFF, 0xFB, 0xFF, 0x00, 0x00, 0x04, 0x00, 0x07, 0x00, 0x08, 0x00,
        0x06, 0x00, 0x04, 0x00, 0x01, 0x00, 0xFF, 0xFF, 0xFB, 0xFF, 0xF8, 0xFF, 0xF8, 0xFF, 0xF8, 0xFF,
        0xF4, 0xFF, 0xF3, 0xFF, 0xF5, 0xFF, 0xF8, 0xFF, 0xF9, 0xFF, 0xFD, 0xFF, 0x02, 0x00, 0x03, 0x00,
        0x06, 0x00, 0x0D, 0x00, 0x0E, 0x00, 0x0B, 0x00, 0x0A, 0x00, 0x05, 0x00, 0xFF, 0xFF, 0xFC, 0xFF,
        0xF8, 0xFF, 0xF4, 0xFF, 0xF6, 0xFF, 0xF8, 0xFF, 0xF9, 0xFF, 0xFD, 0xFF, 0x00, 0x00, 0x01, 0x00,
        0x04, 0x00, 0x08, 0x00, 0x09, 0x00, 0x0B, 0x00, 0x0D, 0x00, 0x0A, 0x00, 0x07, 0x00, 0x06, 0x00,
        0x03, 0x00, 0xFD, 0xFF, 0xF7, 0xFF, 0xF3, 0xFF, 0xF3, 0xFF, 0xF4, 0xFF, 0xF4, 0xFF, 0xF7, 0xFF,
        0xFA, 0xFF, 0xFD, 0xFF, 0x03, 0x00, 0x05, 0x00, 0x07, 0x00, 0x0A, 0x00, 0x08, 0x00, 0x04, 0x00,
        0x05, 0x00, 0x00, 0x00, 0xFB, 0xFF, 0xFA, 0xFF, 0xF7, 0xFF, 0xF4, 0xFF, 0xF4, 0xFF, 0xF3, 0xFF,
        0xF4, 0xFF, 0xF7, 0xFF, 0xF9, 0xFF, 0xFC, 0xFF, 0x02, 0x00, 0x08, 0x00, 0x0B, 0x00, 0x0C, 0x00,
        0x0B, 0x00, 0x0B, 0x00, 0x0A, 0x00, 0x02, 0x00, 0xFD, 0xFF, 0xFC, 0xFF, 0xF8, 0xFF, 0xF6, 0xFF,
        0xF8, 0xFF, 0xF7, 0xFF, 0xF7, 0xFF, 0xFA, 0xFF, 0xFE, 0xFF, 0x04, 0x00, 0x06, 0x00, 0x07, 0x00,
        0x0A, 0x00, 0x0D, 0x00, 0x0D, 0x00, 0x0C, 0x00, 0x0A, 0x00, 0x07, 0x00, 0x01, 0x00, 0xFB, 0xFF,
        0xF9, 0xFF, 0xF6, 0xFF, 0xF3, 0xFF, 0xF5, 0xFF, 0xF8, 0xFF, 0xF8, 0xFF, 0xFD, 0xFF, 0x03, 0x00,
        0x07, 0x00, 0x09, 0x00, 0x0A, 0x00, 0x0B, 0x00, 0x0B, 0x00, 0x09, 0x00, 0x05, 0x00, 0x02, 0x00,
        0x00, 0x00, 0xFC, 0xFF, 0xF9, 0xFF, 0xF7, 0xFF, 0xF2, 0xFF, 0xF2, 0xFF, 0xF6, 0xFF, 0xF7, 0xFF,
        0xFA, 0xFF, 0x00, 0x00, 0x03, 0x00, 0x07, 0x00, 0x0A, 0x00, 0x0B, 0x00, 0x0A, 0x00, 0x06, 0x00,
        0x02, 0x00, 0xFF, 0xFF, 0xFA, 0xFF, 0xF8, 0xFF, 0xF7, 0xFF, 0xF4, 0xFF, 0xF2, 0xFF, 0xF4, 0xFF,
        0xF5, 0xFF, 0xF6, 0xFF, 0xFA, 0xFF, 0x00, 0x00, 0x03, 0x00, 0x08, 0x00, 0x0D, 0x00, 0x0D, 0x00,
        0x0B, 0x00, 0x0B, 0x00, 0x09, 0x00, 0x05, 0x00, 0xFF, 0xFF, 0xFC, 0xFF, 0xFB, 0xFF, 0xF6, 0xFF,
        0xF4, 0xFF, 0xF6, 0xFF, 0xF8, 0xFF, 0xFC, 0xFF, 0x00, 0x00, 0x03, 0x00, 0x08, 0x00, 0x0A, 0x00,
        0x0A, 0x00, 0x0D, 0x00, 0x0D, 0x00, 0x0A, 0x00, 0x09, 0x00, 0x07, 0x00, 0xFF, 0xFF, 0xF9, 0xFF,
        0xF9, 0xFF, 0xF6, 0xFF, 0xF1, 0xFF, 0xF4, 0xFF, 0xF7, 0xFF, 0xF8, 0xFF, 0xFD, 0xFF, 0x02, 0x00,
        0x06, 0x00, 0x09, 0x00, 0x0A, 0x00, 0x09, 0x00, 0x08, 0x00, 0x05, 0x00, 0x04, 0x00, 0xFF, 0xFF,
        0xFC, 0xFF, 0xFB, 0xFF, 0xF6, 0xFF, 0xF3, 0xFF, 0xF6, 0xFF, 0xF5, 0xFF, 0xF6, 0xFF, 0xF9, 0xFF,
        0xFA, 0xFF, 0x00, 0x00, 0x05, 0x00, 0x07, 0x00, 0x0B, 0x00, 0x0D, 0x00, 0x0B, 0x00, 0x09, 0x00,
        0x05, 0x00, 0x01, 0x00, 0xFD, 0xFF, 0xF8, 0xFF, 0xF7, 0xFF, 0xF6, 0xFF, 0xF5, 0xFF, 0xF7, 0xFF,
        0xF8, 0xFF, 0xFC, 0xFF, 0x02, 0x00, 0x05, 0x00, 0x05, 0x00, 0x09, 0x00, 0x0D, 0x00, 0x0E, 0x00,
        0x0F, 0x00, 0x0F, 0x00, 0x0B, 0x00, 0x08, 0x00, 0x04, 0x00, 0xFD, 0xFF, 0xFA, 0xFF, 0xF9, 0xFF,
        0xF6, 0xFF, 0xF6, 0xFF, 0xF7, 0xFF, 0xFA, 0xFF, 0x00, 0x00, 0x06, 0x00, 0x0A, 0x00, 0x0D, 0x00,
        0x0E, 0x00, 0x0C, 0x00, 0x0C, 0x00, 0x0C, 0x00, 0x0A, 0x00, 0x04, 0x00, 0xFF, 0xFF, 0xFE, 0xFF,
        0xFA, 0xFF, 0xF5, 0xFF, 0xF6, 0xFF, 0xF5, 0xFF, 0xF5, 0xFF, 0xFA, 0xFF, 0xFE, 0xFF, 0x01, 0x00,
        0x06, 0x00, 0x0A, 0x00, 0x0D, 0x00, 0x0E, 0x00, 0x0B, 0x00, 0x07, 0x00, 0x05, 0x00, 0x00, 0x00,
        0xFD, 0xFF, 0xFA, 0xFF, 0xF7, 0xFF, 0xF6, 0xFF, 0xF5, 0xFF, 0xF4, 0xFF, 0xF7, 0xFF, 0xF9, 0xFF,
        0xFC, 0xFF, 0x01, 0x00, 0x04, 0x00, 0x07, 0x00, 0x09, 0x00, 0x0B, 0x00, 0x0E, 0x00, 0x0D, 0x00,
        0x09, 0x00, 0x06, 0x00, 0x00, 0x00, 0xFC, 0xFF, 0xFA, 0xFF, 0xF5, 0xFF, 0xF4, 0xFF, 0xF7, 0xFF,
        0xFA, 0xFF, 0xFC, 0xFF, 0xFF, 0xFF, 0x04, 0x00, 0x08, 0x00, 0x08, 0x00, 0x0B, 0x00, 0x0F, 0x00,
        0x0D, 0x00, 0x0B, 0x00, 0x0A, 0x00, 0x07, 0x00, 0x04, 0x00, 0xFF, 0xFF, 0xF7, 0xFF, 0xF5, 0xFF,
        0xF7, 0xFF, 0xF7, 0xFF, 0xF7, 0xFF, 0xFA, 0xFF, 0xFF, 0xFF, 0x03, 0x00, 0x09, 0x00, 0x0D, 0x00,
        0x0D, 0x00, 0x0C, 0x00, 0x0D, 0x00, 0x0A, 0x00, 0x02, 0x00, 0xFE, 0xFF, 0xFE, 0xFF, 0xFA, 0xFF,
        0xF7, 0xFF, 0xF7, 0xFF, 0xF6, 0xFF, 0xF5, 0xFF, 0xF8, 0xFF, 0xF9, 0xFF, 0xFB, 0xFF, 0x01, 0x00,
        0x05, 0x00, 0x07, 0x00, 0x0A, 0x00, 0x0A, 0x00, 0x0D, 0x00, 0x0B, 0x00, 0x05, 0x00, 0x04, 0x00,
        0x00, 0x00, 0xF9, 0xFF, 0xF8, 0xFF, 0xF5, 0xFF, 0xF2, 0xFF, 0xF7, 0xFF, 0xFA, 0xFF, 0xFB, 0xFF,
        0x01, 0x00, 0x05, 0x00, 0x06, 0x00, 0x09, 0x00, 0x0C, 0x00, 0x0C, 0x00, 0x0C, 0x00, 0x0D, 0x00,
        0x0D, 0x00, 0x09, 0x00, 0x03, 0x00, 0xFD, 0xFF, 0xF8, 0xFF, 0xF5, 0xFF, 0xF6, 0xFF, 0xF7, 0xFF,
        0xFA, 0xFF, 0xFE, 0xFF, 0x03, 0x00, 0x07, 0x00, 0x09, 0x00, 0x0B, 0x00, 0x0E, 0x00, 0x10, 0x00,
        0x0E, 0x00, 0x09, 0x00, 0x04, 0x00, 0x02, 0x00, 0x01, 0x00, 0xFB, 0xFF, 0xF9, 0xFF, 0xFB, 0xFF,
        0xF8, 0xFF, 0xF5, 0xFF, 0xF8, 0xFF, 0xFB, 0xFF, 0xFF, 0xFF, 0x04, 0x00, 0x07, 0x00, 0x0A, 0x00,
        0x0B, 0x00, 0x0C, 0x00, 0x0E, 0x00, 0x09, 0x00, 0x03, 0x00, 0x02, 0x00, 0xFC, 0xFF, 0xF5, 0xFF,
        0xF4, 0xFF, 0xF4, 0xFF, 0xF6, 0xFF, 0xF8, 0xFF, 0xF9, 0xFF, 0xFB, 0xFF, 0xFF, 0xFF, 0x04, 0x00,
        0x08, 0x00, 0x08, 0x00, 0x0A, 0x00, 0x0E, 0x00, 0x0E, 0x00, 0x0B, 0x00, 0x08, 0x00, 0x05, 0x00,
        0x01, 0x00, 0xFC, 0xFF, 0xF9, 0xFF, 0xF7, 0xFF, 0xF6, 0xFF, 0xF8, 0xFF, 0xFB, 0xFF, 0xFE, 0xFF,
        0x04, 0x00, 0x08, 0x00, 0x0A, 0x00, 0x0C, 0x00, 0x0F, 0x00, 0x0F, 0x00, 0x0C, 0x00, 0x0C, 0x00,
        0x08, 0x00, 0x02, 0x00, 0x03, 0x00, 0x01, 0x00, 0xFA, 0xFF, 0xFA, 0xFF, 0xFA, 0xFF, 0xF8, 0xFF,
        0xFA, 0xFF, 0xFC, 0xFF, 0xFD, 0xFF, 0x05, 0x00, 0x0B, 0x00, 0x0C, 0x00, 0x0E, 0x00, 0x0D, 0x00,
        0x0B, 0x00, 0x08, 0x00, 0x06, 0x00, 0x03, 0x00, 0xFD, 0xFF, 0xF8, 0xFF, 0xF7, 0xFF, 0xF4, 0xFF,
        0xF3, 0xFF, 0xF8, 0xFF, 0xF8, 0xFF, 0xF9, 0xFF, 0xFE, 0xFF, 0x02, 0x00, 0x05, 0x00, 0x08, 0x00,
        0x0A, 0x00, 0x0B, 0x00, 0x0B, 0x00, 0x08, 0x00, 0x07, 0x00, 0x03, 0x00, 0xFE, 0xFF, 0xFD, 0xFF,
        0xF8, 0xFF, 0xF2, 0xFF, 0xF4, 0xFF, 0xF7, 0xFF, 0xF7, 0xFF, 0xFB, 0xFF, 0x02, 0x00, 0x05, 0x00,
        0x07, 0x00, 0x0A, 0x00, 0x0B, 0x00, 0x0B, 0x00, 0x0B, 0x00, 0x09, 0x00, 0x07, 0x00, 0x04, 0x00,
        0x00, 0x00, 0xFF, 0xFF, 0xFB, 0xFF, 0xF8, 0xFF, 0xF8, 0xFF, 0xF8, 0xFF, 0xFA, 0xFF, 0xFC, 0xFF,
        0x00, 0x00, 0x06, 0x00, 0x0A, 0x00, 0x0B, 0x00, 0x10, 0x00, 0x10, 0x00, 0x0A, 0x00, 0x08, 0x00,
        0x07, 0x00, 0x03, 0x00, 0x00, 0x00, 0xFB, 0xFF, 0xF8, 0xFF, 0xF8, 0xFF, 0xF7, 0xFF, 0xF7, 0xFF,
        0xF9, 0xFF, 0xFC, 0xFF, 0xFE, 0xFF, 0x01, 0x00, 0x05, 0x00, 0x09, 0x00, 0x0A, 0x00, 0x0D, 0x00,
        0x0C, 0x00, 0x08, 0x00, 0x07, 0x00, 0x03, 0x00, 0xFB, 0xFF, 0xF8, 0xFF, 0xF8, 0xFF, 0xF6, 0xFF,
        0xF6, 0xFF, 0xF5, 0xFF, 0xF7, 0xFF, 0xFD, 0xFF, 0x01, 0x00, 0x03, 0x00, 0x07, 0x00, 0x09, 0x00,
        0x0B, 0x00, 0x0C, 0x00, 0x0A, 0x00, 0x07, 0x00, 0x05, 0x00, 0x02, 0x00, 0xFE, 0xFF, 0xFA, 0xFF,
        0xF7, 0xFF, 0xF5, 0xFF, 0xF5, 0xFF, 0xF6, 0xFF, 0xF9, 0xFF, 0xFD, 0xFF, 0x02, 0x00, 0x07, 0x00,
        0x0D, 0x00, 0x0E, 0x00, 0x0D, 0x00, 0x0E, 0x00, 0x0E, 0x00, 0x0B, 0x00, 0x09, 0x00, 0x04, 0x00,
        0xFF, 0xFF, 0x01, 0x00, 0xFE, 0xFF, 0xF7, 0xFF, 0xF8, 0xFF, 0xFD, 0xFF, 0xFD, 0xFF, 0x00, 0x00,
        0x03, 0x00, 0x06, 0x00, 0x0D, 0x00, 0x0F, 0x00, 0x0D, 0x00, 0x0F, 0x00, 0x0D, 0x00, 0x09, 0x00,
        0x08, 0x00, 0x01, 0x00, 0xFA, 0xFF, 0xFB, 0xFF, 0xF8, 0xFF, 0xF6, 0xFF, 0xFA, 0xFF, 0xF9, 0xFF,
        0xFA, 0xFF, 0xFF, 0xFF, 0xFE, 0xFF, 0x02, 0x00, 0x08, 0x00, 0x09, 0x00, 0x0A, 0x00, 0x0B, 0x00,
        0x08, 0x00, 0x06, 0x00, 0x04, 0x00, 0x00, 0x00, 0xFC, 0xFF, 0xF9, 0xFF, 0xF5, 0xFF, 0xF4, 0xFF,
        0xF5, 0xFF, 0xF7, 0xFF, 0xF9, 0xFF, 0xFD, 0xFF, 0x01, 0x00, 0x06, 0x00, 0x0A, 0x00, 0x0A, 0x00,
        0x0C, 0x00, 0x0F, 0x00, 0x0C, 0x00, 0x08, 0x00, 0x08, 0x00, 0x07, 0x00, 0x01, 0x00, 0xFE, 0xFF,
        0xFC, 0xFF, 0xFA, 0xFF, 0xF8, 0xFF, 0xF9, 0xFF, 0xFC, 0xFF, 0xFF, 0xFF, 0x04, 0x00, 0x07, 0x00,
        0x0A, 0x00, 0x0E, 0x00, 0x11, 0x00, 0x10, 0x00, 0x0F, 0x00, 0x0B, 0x00, 0x06, 0x00, 0x04, 0x00,
        0x00, 0x00, 0xFA, 0xFF, 0xF9, 0xFF, 0xFA, 0xFF, 0xF9, 0xFF, 0xFA, 0xFF, 0xFC, 0xFF, 0xFE, 0xFF,
        0x02, 0x00, 0x06, 0x00, 0x0A, 0x00, 0x0B, 0x00, 0x0A, 0x00, 0x0B, 0x00, 0x0D, 0x00, 0x0A, 0x00,
        0x06, 0x00, 0x03, 0x00, 0xFF, 0xFF, 0xF9, 0xFF, 0xF5, 0xFF, 0xF5, 0xFF, 0xF4, 0xFF, 0xF5, 0xFF,
        0xFB, 0xFF, 0x00, 0x00, 0xFF, 0xFF, 0x03, 0x00, 0x09, 0x00, 0x0A, 0x00, 0x09, 0x00, 0x0C, 0x00,
        0x0B, 0x00, 0x08, 0x00, 0x05, 0x00, 0x03, 0x00, 0x01, 0x00, 0xFC, 0xFF, 0xF7, 0xFF, 0xF7, 0xFF,
        0xF7, 0xFF, 0xF8, 0xFF, 0xFE, 0xFF, 0x00, 0x00, 0x01, 0x00, 0x07, 0x00, 0x0D, 0x00, 0x10, 0x00,
        0x10, 0x00, 0x0D, 0x00, 0x0D, 0x00, 0x0C, 0x00, 0x07, 0x00, 0x04, 0x00, 0x00, 0x00, 0xFB, 0xFF,
        0xFD, 0xFF, 0xFC, 0xFF, 0xF8, 0xFF, 0xF9, 0xFF, 0xFD, 0xFF, 0xFF, 0xFF, 0x04, 0x00, 0x0A, 0x00,
        0x0A, 0x00, 0x0C, 0x00, 0x11, 0x00, 0x10, 0x00, 0x0D, 0x00, 0x0C, 0x00, 0x08, 0x00, 0x03, 0x00,
        0xFF, 0xFF, 0xFA, 0xFF, 0xF9, 0xFF, 0xF8, 0xFF, 0xF7, 0xFF, 0xF8, 0xFF, 0xFA, 0xFF, 0x00, 0x00,
        0x05, 0x00, 0x07, 0x00, 0x08, 0x00, 0x0A, 0x00, 0x0C, 0x00, 0x0B, 0x00, 0x0A, 0x00, 0x09, 0x00,
        0x05, 0x00, 0x01, 0x00, 0xFE, 0xFF, 0xF9, 0xFF, 0xF6, 0xFF, 0xF5, 0xFF, 0xF6, 0xFF, 0xF8, 0xFF,
        0xFB, 0xFF, 0x00, 0x00, 0x06, 0x00, 0x09, 0x00, 0x0A, 0x00, 0x0D, 0x00, 0x0E, 0x00, 0x0C, 0x00,
        0x0B, 0x00, 0x08, 0x00, 0x06, 0x00, 0x04, 0x00, 0xFF, 0xFF, 0xFC, 0xFF, 0xFB, 0xFF, 0xFA, 0xFF,
        0xFA, 0xFF, 0xFB, 0xFF, 0xFE, 0xFF, 0x02, 0x00, 0x04, 0x00, 0x07, 0x00, 0x0D, 0x00, 0x0F, 0x00,
        0x0E, 0x00, 0x0F, 0x00, 0x0E, 0x00, 0x0B, 0x00, 0x09, 0x00, 0x05, 0x00, 0x00, 0x00, 0xFB, 0xFF,
        0xFA, 0xFF, 0xF8, 0xFF, 0xF8, 0xFF, 0xFE, 0xFF, 0xFF, 0xFF, 0xFF, 0xFF, 0x05, 0x00, 0x09, 0x00,
        0x07, 0x00, 0x0A, 0x00, 0x0D, 0x00, 0x0F, 0x00, 0x0E, 0x00, 0x09, 0x00, 0x07, 0x00, 0x03, 0x00,
        0xFD, 0xFF, 0xFA, 0xFF, 0xF9, 0xFF, 0xF6, 0xFF, 0xF6, 0xFF, 0xF7, 0xFF, 0xF9, 0xFF, 0xFE, 0xFF,
        0x02, 0x00, 0x06, 0x00, 0x0B, 0x00, 0x0B, 0x00, 0x0C, 0x00, 0x0B, 0x00, 0x08, 0x00, 0x08, 0x00,
        0x06, 0x00, 0x01, 0x00, 0xFF, 0xFF, 0xFC, 0xFF, 0xF6, 0xFF, 0xF7, 0xFF, 0xF8, 0xFF, 0xF9, 0xFF,
        0xFE, 0xFF, 0x02, 0x00, 0x04, 0x00, 0x09, 0x00, 0x0C, 0x00, 0x0D, 0x00, 0x10, 0x00, 0x14, 0x00,
        0x10, 0x00, 0x09, 0x00, 0x06, 0x00, 0x03, 0x00, 0x00, 0x00, 0xFE, 0xFF, 0xFC, 0xFF, 0xFE, 0xFF,
        0xFE, 0xFF, 0xFB, 0xFF, 0xFE, 0xFF, 0x04, 0x00, 0x06, 0x00, 0x0A, 0x00, 0x0E, 0x00, 0x0F, 0x00,
        0x10, 0x00, 0x12, 0x00, 0x10, 0x00, 0x0C, 0x00, 0x06, 0x00, 0x02, 0x00, 0xFF, 0xFF, 0xFB, 0xFF,
        0xF8, 0xFF, 0xF7, 0xFF, 0xF7, 0xFF, 0xF9, 0xFF, 0xFE, 0xFF, 0x02, 0x00, 0x04, 0x00, 0x06, 0x00,
        0x08, 0x00, 0x0A, 0x00, 0x0D, 0x00, 0x0C, 0x00, 0x0A, 0x00, 0x0B, 0x00, 0x09, 0x00, 0x01, 0x00,
        0xFD, 0xFF, 0xFD, 0xFF, 0xF9, 0xFF, 0xF6, 0xFF, 0xF7, 0xFF, 0xF9, 0xFF, 0xFD, 0xFF, 0x02, 0x00,
        0x06, 0x00, 0x09, 0x00, 0x0A, 0x00, 0x0C, 0x00, 0x0C, 0x00, 0x0A, 0x00, 0x09, 0x00, 0x09, 0x00,
        0x06, 0x00, 0x02, 0x00, 0xFE, 0xFF, 0xFC, 0xFF, 0xFD, 0xFF, 0xFB, 0xFF, 0xF9, 0xFF, 0xFC, 0xFF,
        0xFF, 0xFF, 0x01, 0x00, 0x06, 0x00, 0x0A, 0x00, 0x0D, 0x00, 0x11, 0x00, 0x12, 0x00, 0x10, 0x00,
        0x0F, 0x00, 0x0C, 0x00, 0x07, 0x00, 0x04, 0x00, 0x00, 0x00, 0xFD, 0xFF, 0xFA, 0xFF, 0xFB, 0xFF,
        0xFE, 0xFF, 0xFF, 0xFF, 0x01, 0x00, 0x05, 0x00, 0x08, 0x00, 0x0A, 0x00, 0x0C, 0x00, 0x0E, 0x00,
        0x10, 0x00, 0x10, 0x00, 0x0F, 0x00, 0x0F, 0x00, 0x0A, 0x00, 0x05, 0x00, 0x03, 0x00, 0xFC, 0xFF,
        0xF7, 0xFF, 0xF7, 0xFF, 0xF7, 0xFF, 0xF9, 0xFF, 0xFD, 0xFF, 0x00, 0x00, 0x02, 0x00, 0x07, 0x00,
        0x0D, 0x00, 0x0F, 0x00, 0x0C, 0x00, 0x0A, 0x00, 0x0A, 0x00, 0x08, 0x00, 0x04, 0x00, 0x01, 0x00,
        0xFE, 0xFF, 0xFC, 0xFF, 0xFD, 0xFF, 0xFC, 0xFF, 0xF9, 0xFF, 0xFA, 0xFF, 0xFE, 0xFF, 0x00, 0x00,
        0x05, 0x00, 0x0C, 0x00, 0x0F, 0x00, 0x0F, 0x00, 0x10, 0x00, 0x13, 0x00, 0x11, 0x00, 0x09, 0x00,
        0x04, 0x00, 0x03, 0x00, 0xFF, 0xFF, 0xFD, 0xFF, 0xFE, 0xFF, 0xFC, 0xFF, 0xFD, 0xFF, 0x00, 0x00,
        0x01, 0x00, 0x03, 0x00, 0x09, 0x00, 0x0E, 0x00, 0x0E, 0x00, 0x11, 0x00, 0x13, 0x00, 0x10, 0x00,
        0x0F, 0x00, 0x0F, 0x00, 0x08, 0x00, 0x03, 0x00, 0x02, 0x00, 0xFE, 0xFF, 0xFB, 0xFF, 0xFA, 0xFF,
        0xF9, 0xFF, 0xFD, 0xFF, 0x03, 0x00, 0x04, 0x00, 0x05, 0x00, 0x08, 0x00, 0x0C, 0x00, 0x11, 0x00,
        0x0F, 0x00, 0x0C, 0x00, 0x0D, 0x00, 0x0B, 0x00, 0x07, 0x00, 0x02, 0x00, 0xFE, 0xFF, 0xFD, 0xFF,
        0xFA, 0xFF, 0xF7, 0xFF, 0xFB, 0xFF, 0xFC, 0xFF, 0xFD, 0xFF, 0x02, 0x00, 0x06, 0x00, 0x0A, 0x00,
        0x0E, 0x00, 0x0F, 0x00, 0x11, 0x00, 0x0F, 0x00, 0x0B, 0x00, 0x09, 0x00, 0x08, 0x00, 0x04, 0x00,
        0x00, 0x00, 0xFE, 0xFF, 0xFE, 0xFF, 0xFD, 0xFF, 0xFD, 0xFF, 0x01, 0x00, 0x03, 0x00, 0x04, 0x00,
        0x09, 0x00, 0x0E, 0x00, 0x10, 0x00, 0x0E, 0x00, 0x0F, 0x00, 0x12, 0x00, 0x12, 0x00, 0x10, 0x00,
        0x0B, 0x00, 0x05, 0x00, 0x03, 0x00, 0x00, 0x00, 0xFB, 0xFF, 0xFB, 0xFF, 0xFE, 0xFF, 0xFF, 0xFF,
        0x05, 0x00, 0x0B, 0x00, 0x0B, 0x00, 0x0C, 0x00, 0x0F, 0x00, 0x10, 0x00, 0x10, 0x00, 0x0F, 0x00,
        0x0E, 0x00, 0x0D, 0x00, 0x08, 0x00, 0x04, 0x00, 0x03, 0x00, 0xFF, 0xFF, 0xFA, 0xFF, 0xF9, 0xFF,
        0xFA, 0xFF, 0xFC, 0xFF, 0x00, 0x00, 0x04, 0x00, 0x09, 0x00, 0x0F, 0x00, 0x0E, 0x00, 0x0D, 0x00,
        0x0D, 0x00, 0x0D, 0x00, 0x0C, 0x00, 0x09, 0x00, 0x05, 0x00, 0x01, 0x00, 0xFE, 0xFF, 0xFD, 0xFF,
        0xFD, 0xFF, 0xFC, 0xFF, 0xFB, 0xFF, 0xFD, 0xFF, 0xFF, 0xFF, 0x01, 0x00, 0x05, 0x00, 0x08, 0x00,
        0x0D, 0x00, 0x11, 0x00, 0x10, 0x00, 0x10, 0x00, 0x0F, 0x00, 0x0A, 0x00, 0x05, 0x00, 0x02, 0x00,
        0xFF, 0xFF, 0xFC, 0xFF, 0xFA, 0xFF, 0xFB, 0xFF, 0xFD, 0xFF, 0xFF, 0xFF, 0x02, 0x00, 0x06, 0x00,
        0x09, 0x00, 0x0A, 0x00, 0x0E, 0x00, 0x10, 0x00, 0x10, 0x00, 0x0F, 0x00, 0x0E, 0x00, 0x0C, 0x00,
        0x09, 0x00, 0x05, 0x00, 0x00, 0x00, 0xFC, 0xFF, 0xF9, 0xFF, 0xFA, 0xFF, 0xFC, 0xFF, 0xFE, 0xFF,
        0xFF, 0xFF, 0x02, 0x00, 0x0B, 0x00, 0x10, 0x00, 0x0D, 0x00, 0x10, 0x00, 0x11, 0x00, 0x0E, 0x00,
        0x0C, 0x00, 0x09, 0x00, 0x05, 0x00, 0x02, 0x00, 0xFD, 0xFF, 0xFA, 0xFF, 0xFB, 0xFF, 0xFB, 0xFF,
        0xFC, 0xFF, 0xFD, 0xFF, 0xFE, 0xFF, 0x03, 0x00, 0x04, 0x00, 0x08, 0x00, 0x0E, 0x00, 0x10, 0x00,
        0x11, 0x00, 0x11, 0x00, 0x0B, 0x00, 0x08, 0x00, 0x06, 0x00, 0x02, 0x00, 0xFF, 0xFF, 0xFB, 0xFF,
        0xFB, 0xFF, 0xFE, 0xFF, 0xFD, 0xFF, 0xFE, 0xFF, 0x02, 0x00, 0x04, 0x00, 0x09, 0x00, 0x0B, 0x00,
        0x0D, 0x00, 0x11, 0x00, 0x11, 0x00, 0x0F, 0x00, 0x0F, 0x00, 0x0B, 0x00, 0x08, 0x00, 0x07, 0x00,
        0x01, 0x00, 0xFB, 0xFF, 0xFB, 0xFF, 0xFC, 0xFF, 0xFE, 0xFF, 0xFE, 0xFF, 0x01, 0x00, 0x07, 0x00,
        0x0C, 0x00, 0x0F, 0x00, 0x11, 0x00, 0x11, 0x00, 0x12, 0x00, 0x0F, 0x00, 0x0D, 0x00, 0x0D, 0x00,
        0x08, 0x00, 0x04, 0x00, 0x03, 0x00, 0x00, 0x00, 0xFE, 0xFF, 0xFC, 0xFF, 0xFB, 0xFF, 0xFB, 0xFF,
        0xFF, 0xFF, 0x04, 0x00, 0x07, 0x00, 0x08, 0x00, 0x0D, 0x00, 0x11, 0x00, 0x0F, 0x00, 0x0E, 0x00,
        0x0D, 0x00, 0x08, 0x00, 0x03, 0x00, 0x00, 0x00, 0xFE, 0xFF, 0xFC, 0xFF, 0xFC, 0xFF, 0xFB, 0xFF,
        0xFA, 0xFF, 0xFC, 0xFF, 0x00, 0x00, 0x02, 0x00, 0x05, 0x00, 0x09, 0x00, 0x0D, 0x00, 0x0F, 0x00,
        0x0E, 0x00, 0x0D, 0x00, 0x0C, 0x00, 0x0A, 0x00, 0x08, 0x00, 0x04, 0x00, 0x00, 0x00, 0xFE, 0xFF,
        0xFC, 0xFF, 0xFB, 0xFF, 0xFC, 0xFF, 0x00, 0x00, 0x03, 0x00, 0x06, 0x00, 0x0A, 0x00, 0x0E, 0x00,
        0x0F, 0x00, 0x10, 0x00, 0x11, 0x00, 0x11, 0x00, 0x0F, 0x00, 0x0C, 0x00, 0x0A, 0x00, 0x07, 0x00,
        0x00, 0x00, 0xFD, 0xFF, 0xFD, 0xFF, 0xFC, 0xFF, 0xFB, 0xFF, 0xFC, 0xFF, 0x00, 0x00, 0x06, 0x00,
        0x07, 0x00, 0x0C, 0x00, 0x13, 0x00, 0x0F, 0x00, 0x0D, 0x00, 0x10, 0x00, 0x09, 0x00, 0x03, 0x00,
        0x04, 0x00, 0x00, 0x00, 0xFC, 0xFF, 0xFD, 0xFF, 0xFB, 0xFF, 0xF9, 0xFF, 0xFA, 0xFF, 0xFB, 0xFF,
        0xFD, 0xFF, 0x02, 0x00, 0x07, 0x00, 0x0A, 0x00, 0x0A, 0x00, 0x0D, 0x00, 0x10, 0x00, 0x0F, 0x00,
        0x0C, 0x00, 0x08, 0x00, 0x02, 0x00, 0xFD, 0xFF, 0xFC, 0xFF, 0xFB, 0xFF, 0xFA, 0xFF, 0xFD, 0xFF,
        0xFF, 0xFF, 0x00, 0x00, 0x02, 0x00, 0x06, 0x00, 0x0A, 0x00, 0x0C, 0x00, 0x0C, 0x00, 0x0F, 0x00,
        0x10, 0x00, 0x0F, 0x00, 0x0E, 0x00, 0x0B, 0x00, 0x08, 0x00, 0x04, 0x00, 0xFF, 0xFF, 0xFD, 0xFF,
        0xFC, 0xFF, 0xFB, 0xFF, 0xFC, 0xFF, 0xFD, 0xFF, 0x01, 0x00, 0x06, 0x00, 0x09, 0x00, 0x0C, 0x00,
        0x10, 0x00, 0x0F, 0x00, 0x0D, 0x00, 0x0C, 0x00, 0x0B, 0x00, 0x09, 0x00, 0x07, 0x00, 0x05, 0x00,
        0x02, 0x00, 0xFD, 0xFF, 0xFB, 0xFF, 0xFC, 0xFF, 0xFD, 0xFF, 0x00, 0x00, 0xFF, 0xFF, 0x03, 0x00,
        0x09, 0x00, 0x0A, 0x00, 0x0C, 0x00, 0x11, 0x00, 0x10, 0x00, 0x0C, 0x00, 0x09, 0x00, 0x06, 0x00,
        0x03, 0x00, 0xFF, 0xFF, 0xFC, 0xFF, 0xFA, 0xFF, 0xF8, 0xFF, 0xFA, 0xFF, 0xFB, 0xFF, 0xFB, 0xFF,
        0xFE, 0xFF, 0x01, 0x00, 0x05, 0x00, 0x09, 0x00, 0x09, 0x00, 0x0B, 0x00, 0x10, 0x00, 0x0E, 0x00,
        0x09, 0x00, 0x08, 0x00, 0x06, 0x00, 0x02, 0x00, 0xFD, 0xFF, 0xF9, 0xFF, 0xF9, 0xFF, 0xF9, 0xFF,
        0xFB, 0xFF, 0x01, 0x00, 0x05, 0x00, 0x04, 0x00, 0x08, 0x00, 0x0F, 0x00, 0x0F, 0x00, 0x0F, 0x00,
        0x11, 0x00, 0x0E, 0x00, 0x0A, 0x00, 0x09, 0x00, 0x06, 0x00, 0x03, 0x00, 0x00, 0x00, 0xFC, 0xFF,
        0xFB, 0xFF, 0xFD, 0xFF, 0xFA, 0xFF, 0xFB, 0xFF, 0x01, 0x00, 0x04, 0x00, 0x0B, 0x00, 0x0D, 0x00,
        0x0B, 0x00, 0x0D, 0x00, 0x0C, 0x00, 0x09, 0x00, 0x08, 0x00, 0x04, 0x00, 0x00, 0x00, 0xFE, 0xFF,
        0xFA, 0xFF, 0xF7, 0xFF, 0xF8, 0xFF, 0xF9, 0xFF, 0xFA, 0xFF, 0xFC, 0xFF, 0xFE, 0xFF, 0x01, 0x00,
        0x04, 0x00, 0x08, 0x00, 0x0A, 0x00, 0x0B, 0x00, 0x0C, 0x00, 0x0B, 0x00, 0x08, 0x00, 0x06, 0x00,
        0x04, 0x00, 0x01, 0x00, 0xFC, 0xFF, 0xF7, 0xFF, 0xF8, 0xFF, 0xFB, 0xFF, 0xFC, 0xFF, 0xFF, 0xFF,
        0x01, 0x00, 0x04, 0x00, 0x0A, 0x00, 0x0B, 0x00, 0x0D, 0x00, 0x10, 0x00, 0x0E, 0x00, 0x0B, 0x00,
        0x0D, 0x00, 0x09, 0x00, 0x02, 0x00, 0x00, 0x00, 0xFF, 0xFF, 0xFC, 0xFF, 0xF9, 0xFF, 0xF9, 0xFF,
        0xFB, 0xFF, 0xFE, 0xFF, 0x04, 0x00, 0x08, 0x00, 0x08, 0x00, 0x0D, 0x00, 0x11, 0x00, 0x0E, 0x00,
        0x0C, 0x00, 0x0B, 0x00, 0x09, 0x00, 0x08, 0x00, 0x03, 0x00, 0xFC, 0xFF, 0xFC, 0xFF, 0xFB, 0xFF,
        0xF9, 0xFF, 0xF9, 0xFF, 0xFB, 0xFF, 0xFB, 0xFF, 0xFE, 0xFF, 0x04, 0x00, 0x09, 0x00, 0x09, 0x00,
        0x0C, 0x00, 0x0F, 0x00, 0x0D, 0x00, 0x0D, 0x00, 0x0C, 0x00, 0x03, 0x00, 0x01, 0x00, 0x00, 0x00,
        0xF9, 0xFF, 0xF8, 0xFF, 0xF7, 0xFF, 0xF7, 0xFF, 0xFD, 0xFF, 0xFF, 0xFF, 0xFF, 0xFF, 0x04, 0x00,
        0x07, 0x00, 0x08, 0x00, 0x0B, 0x00, 0x0A, 0x00, 0x0A, 0x00, 0x0C, 0x00, 0x09, 0x00, 0x06, 0x00,
        0x04, 0x00, 0xFF, 0xFF, 0xFA, 0xFF, 0xF9, 0xFF, 0xF8, 0xFF, 0xF9, 0xFF, 0xFA, 0xFF, 0xFD, 0xFF,
        0x02, 0x00, 0x06, 0x00, 0x09, 0x00, 0x0D, 0x00, 0x0F, 0x00, 0x0E, 0x00, 0x0E, 0x00, 0x0E, 0x00,
        0x0A, 0x00, 0x07, 0x00, 0x05, 0x00, 0x01, 0x00, 0xFE, 0xFF, 0xFC, 0xFF, 0xFA, 0xFF, 0xF9, 0xFF,
        0xFC, 0xFF, 0xFF, 0xFF, 0x01, 0x00, 0x03, 0x00, 0x0A, 0x00, 0x0E, 0x00, 0x0E, 0x00, 0x10, 0x00,
        0x10, 0x00, 0x0B, 0x00, 0x08, 0x00, 0x07, 0x00, 0x02, 0x00, 0xFD, 0xFF, 0xFB, 0xFF, 0xF8, 0xFF,
        0xF7, 0xFF, 0xF9, 0xFF, 0xFC, 0xFF, 0xFC, 0xFF, 0xFE, 0xFF, 0x03, 0x00, 0x04, 0x00, 0x04, 0x00,
        0x0A, 0x00, 0x0D, 0x00, 0x0B, 0x00, 0x0A, 0x00, 0x07, 0x00, 0x04, 0x00, 0x01, 0x00, 0xFB, 0xFF,
        0xF7, 0xFF, 0xF7, 0xFF, 0xF7, 0xFF, 0xF7, 0xFF, 0xF9, 0xFF, 0xFD, 0xFF, 0x02, 0x00, 0x05, 0x00,
        0x07, 0x00, 0x0B, 0x00, 0x0A, 0x00, 0x0A, 0x00, 0x0E, 0x00, 0x0E, 0x00, 0x0A, 0x00, 0x08, 0x00,
        0x05, 0x00, 0x02, 0x00, 0xFF, 0xFF, 0xFD, 0xFF, 0xFD, 0xFF, 0xFD, 0xFF, 0xFD, 0xFF, 0xFF, 0xFF,
        0x03, 0x00, 0x08, 0x00, 0x0A, 0x00, 0x0C, 0x00, 0x11, 0x00, 0x11, 0x00, 0x0B, 0x00, 0x0B, 0x00,
        0x0D, 0x00, 0x07, 0x00, 0x01, 0x00, 0xFE, 0xFF, 0xFC, 0xFF, 0xFA, 0xFF, 0xF9, 0xFF, 0xFA, 0xFF,
        0xFD, 0xFF, 0xFF, 0xFF, 0x02, 0x00, 0x05, 0x00, 0x08, 0x00, 0x0A, 0x00, 0x0A, 0x00, 0x0C, 0x00,
        0x0E, 0x00, 0x0C, 0x00, 0x09, 0x00, 0x04, 0x00, 0xFF, 0xFF, 0xFE, 0xFF, 0xFA, 0xFF, 0xF7, 0xFF,
        0xF8, 0xFF, 0xF8, 0xFF, 0xFB, 0xFF, 0x00, 0x00, 0x02, 0x00, 0x05, 0x00, 0x07, 0x00, 0x09, 0x00,
        0x0C, 0x00, 0x0D, 0x00, 0x0A, 0x00, 0x07, 0x00, 0x07, 0x00, 0x05, 0x00, 0x00, 0x00, 0xFC, 0xFF,
        0xFA, 0xFF, 0xF7, 0xFF, 0xF5, 0xFF, 0xF9, 0xFF, 0xF9, 0xFF, 0xFA, 0xFF, 0x01, 0x00, 0x07, 0x00,
        0x09, 0x00, 0x0B, 0x00, 0x0C, 0x00, 0x0D, 0x00, 0x0E, 0x00, 0x0A, 0x00, 0x07, 0x00, 0x06, 0x00,
        0x01, 0x00, 0xFF, 0xFF, 0xFE, 0xFF, 0xF9, 0xFF, 0xF8, 0xFF, 0xFA, 0xFF, 0xFC, 0xFF, 0xFF, 0xFF,
        0x02, 0x00, 0x05, 0x00, 0x09, 0x00, 0x0A, 0x00, 0x0B, 0x00, 0x10, 0x00, 0x10, 0x00, 0x0C, 0x00,
        0x08, 0x00, 0x03, 0x00, 0x00, 0x00, 0xFD, 0xFF, 0xF8, 0xFF, 0xF7, 0xFF, 0xF9, 0xFF, 0xF9, 0xFF,
        0xFA, 0xFF, 0xFD, 0xFF, 0xFF, 0xFF, 0x02, 0x00, 0x07, 0x00, 0x0B, 0x00, 0x09, 0x00, 0x08, 0x00,
        0x0B, 0x00, 0x0A, 0x00, 0x06, 0x00, 0x03, 0x00, 0x01, 0x00, 0xFB, 0xFF, 0xF8, 0xFF, 0xF6, 0xFF,
        0xF5, 0xFF, 0xF6, 0xFF, 0xFA, 0xFF, 0xFC, 0xFF, 0xFE, 0xFF, 0x04, 0x00, 0x0B, 0x00, 0x0D, 0x00,
        0x0D, 0x00, 0x0C, 0x00, 0x0B, 0x00, 0x0A, 0x00, 0x06, 0x00, 0x01, 0x00, 0x01, 0x00, 0xFF, 0xFF,
        0xFB, 0xFF, 0xFA, 0xFF, 0xF9, 0xFF, 0xF8, 0xFF, 0xFB, 0xFF, 0x00, 0x00, 0x04, 0x00, 0x06, 0x00,
        0x0A, 0x00, 0x0F, 0x00, 0x10, 0x00, 0x0E, 0x00, 0x0D, 0x00, 0x0B, 0x00, 0x08, 0x00, 0x04, 0x00,
        0xFF, 0xFF, 0xFE, 0xFF, 0xFB, 0xFF, 0xF7, 0xFF, 0xF9, 0xFF, 0xFC, 0xFF, 0xFB, 0xFF, 0xFD, 0xFF,
        0x02, 0x00, 0x05, 0x00, 0x08, 0x00, 0x0B, 0x00, 0x0C, 0x00, 0x09, 0x00, 0x0A, 0x00, 0x0E, 0x00,
        0x08, 0x00, 0x01, 0x00, 0x00, 0x00, 0xFC, 0xFF, 0xF8, 0xFF, 0xF9, 0xFF, 0xF8, 0xFF, 0xF6, 0xFF,
        0xFA, 0xFF, 0xFE, 0xFF, 0x02, 0x00, 0x06, 0x00, 0x06, 0x00, 0x07, 0x00, 0x09, 0x00, 0x09, 0x00,
        0x08, 0x00, 0x06, 0x00, 0x04, 0x00, 0x02, 0x00, 0xFD, 0xFF, 0xFA, 0xFF, 0xF9, 0xFF, 0xF4, 0xFF,
        0xF2, 0xFF, 0xF7, 0xFF, 0xF8, 0xFF, 0xFB, 0xFF, 0x00, 0x00, 0x04, 0x00, 0x07, 0x00, 0x0B, 0x00,
        0x0B, 0x00, 0x0B, 0x00, 0x0A, 0x00, 0x08, 0x00, 0x06, 0x00, 0x04, 0x00, 0x00, 0x00, 0xFC, 0xFF,
        0xFA, 0xFF, 0xF7, 0xFF, 0xF8, 0xFF, 0xFB, 0xFF, 0xFC, 0xFF, 0xFD, 0xFF, 0x00, 0x00, 0x04, 0x00,
        0x06, 0x00, 0x09, 0x00, 0x0E, 0x00, 0x0F, 0x00, 0x0D, 0x00, 0x0A, 0x00, 0x07, 0x00, 0x03, 0x00,
        0xFE, 0xFF, 0xFC, 0xFF, 0xF9, 0xFF, 0xF4, 0xFF, 0xF6, 0xFF, 0xFA, 0xFF, 0xFA, 0xFF, 0xFC, 0xFF,
        0x01, 0x00, 0x02, 0x00, 0x05, 0x00, 0x09, 0x00, 0x0A, 0x00, 0x09, 0x00, 0x08, 0x00, 0x06, 0x00,
        0x04, 0x00, 0x01, 0x00, 0xFE, 0xFF, 0xFB, 0xFF, 0xF5, 0xFF, 0xF2, 0xFF, 0xF3, 0xFF, 0xF3, 0xFF,
        0xF6, 0xFF, 0xFB, 0xFF, 0xFE, 0xFF, 0x01, 0x00, 0x06, 0x00, 0x09, 0x00, 0x0C, 0x00, 0x0A, 0x00,
        0x06, 0x00, 0x05, 0x00, 0x05, 0x00, 0x03, 0x00, 0x00, 0x00, 0xFB, 0xFF, 0xF8, 0xFF, 0xF9, 0xFF,
        0xFA, 0xFF, 0xF7, 0xFF, 0xF7, 0xFF, 0xFC, 0xFF, 0x02, 0x00, 0x04, 0x00, 0x05, 0x00, 0x09, 0x00,
        0x0B, 0x00, 0x0C, 0x00, 0x0E, 0x00, 0x0A, 0x00, 0x05, 0x00, 0x03, 0x00, 0xFE, 0xFF, 0xFA, 0xFF,
        0xFB, 0xFF, 0xF9, 0xFF, 0xF8, 0xFF, 0xFB, 0xFF, 0xFC, 0xFF, 0xFE, 0xFF, 0x01, 0x00, 0x03, 0x00,
        0x06, 0x00, 0x08, 0x00, 0x09, 0x00, 0x0A, 0x00, 0x0A, 0x00, 0x09, 0x00, 0x05, 0x00, 0x00, 0x00,
        0xFE, 0xFF, 0xFB, 0xFF, 0xF6, 0xFF, 0xF5, 0xFF, 0xF3, 0xFF, 0xF3, 0xFF, 0xFA, 0xFF, 0xFD, 0xFF,
        0xFE, 0xFF, 0x03, 0x00, 0x06, 0x00, 0x07, 0x00, 0x09, 0x00, 0x08, 0x00, 0x06, 0x00, 0x04, 0x00,
        0x02, 0x00, 0x01, 0x00, 0xFE, 0xFF, 0xF9, 0xFF, 0xF7, 0xFF, 0xF5, 0xFF, 0xF3, 0xFF, 0xF3, 0xFF,
        0xF5, 0xFF, 0xFA, 0xFF, 0xFD, 0xFF, 0xFF, 0xFF, 0x04, 0x00, 0x09, 0x00, 0x09, 0x00, 0x0A, 0x00,
        0x0A, 0x00, 0x06, 0x00, 0x02, 0x00, 0x00, 0x00, 0xFE, 0xFF, 0xFD, 0xFF, 0xFA, 0xFF, 0xF7, 0xFF,
        0xF7, 0xFF, 0xF9, 0xFF, 0xFD, 0xFF, 0xFE, 0xFF, 0xFF, 0xFF, 0x03, 0x00, 0x06, 0x00, 0x08, 0x00,
        0x0A, 0x00, 0x0A, 0x00, 0x0A, 0x00, 0x09, 0x00, 0x06, 0x00, 0x01, 0x00, 0xFD, 0xFF, 0xFA, 0xFF,
        0xF9, 0xFF, 0xF5, 0xFF, 0xF1, 0xFF, 0xF4, 0xFF, 0xF9, 0xFF, 0xFE, 0xFF, 0xFF, 0xFF, 0x00, 0x00,
        0x05, 0x00, 0x08, 0x00, 0x07, 0x00, 0x06, 0x00, 0x07, 0x00, 0x06, 0x00, 0x04, 0x00, 0xFF, 0xFF,
        0xFC, 0xFF, 0xF9, 0xFF, 0xF4, 0xFF, 0xF3, 0xFF, 0xF3, 0xFF, 0xF3, 0xFF, 0xF5, 0xFF, 0xF9, 0xFF,
        0xFF, 0xFF, 0x04, 0x00, 0x05, 0x00, 0x07, 0x00, 0x09, 0x00, 0x09, 0x00, 0x08, 0x00, 0x04, 0x00,
        0x01, 0x00, 0xFE, 0xFF, 0xFA, 0xFF, 0xF7, 0xFF, 0xF6, 0xFF, 0xF6, 0xFF, 0xF5, 0xFF, 0xF5, 0xFF,
        0xF7, 0xFF, 0xFA, 0xFF, 0xFC, 0xFF, 0xFE, 0xFF, 0x03, 0x00, 0x07, 0x00, 0x0A, 0x00, 0x0B, 0x00,
        0x0A, 0x00, 0x08, 0x00, 0x03, 0x00, 0xFE, 0xFF, 0xFB, 0xFF, 0xFA, 0xFF, 0xF7, 0xFF, 0xF5, 0xFF,
        0xF7, 0xFF, 0xF9, 0xFF, 0xFB, 0xFF, 0xFF, 0xFF, 0xFF, 0xFF, 0x01, 0x00, 0x08, 0x00, 0x0B, 0x00,
        0x09, 0x00, 0x09, 0x00, 0x09, 0x00, 0x07, 0x00, 0x03, 0x00, 0x00, 0x00, 0xFD, 0xFF, 0xF8, 0xFF,
        0xF6, 0xFF, 0xF4, 0xFF, 0xF2, 0xFF, 0xF4, 0xFF, 0xF7, 0xFF, 0xF8, 0xFF, 0xFC, 0xFF, 0x01, 0x00,
        0x03, 0x00, 0x05, 0x00, 0x06, 0x00, 0x06, 0x00, 0x08, 0x00, 0x06, 0x00, 0x00, 0x00, 0xFA, 0xFF,
        0xF9, 0xFF, 0xF8, 0xFF, 0xF4, 0xFF, 0xF2, 0xFF, 0xF4, 0xFF, 0xF4, 0xFF, 0xF5, 0xFF, 0xF9, 0xFF,
        0xFE, 0xFF, 0x01, 0x00, 0x02, 0x00, 0x07, 0x00, 0x0B, 0x00, 0x0A, 0x00, 0x06, 0x00, 0x06, 0x00,
        0x04, 0x00, 0xFF, 0xFF, 0xFC, 0xFF, 0xFC, 0xFF, 0xF8, 0xFF, 0xF5, 0xFF, 0xF8, 0xFF, 0xFB, 0xFF,
        0xFA, 0xFF, 0xFE, 0xFF, 0x01, 0x00, 0x02, 0x00, 0x07, 0x00, 0x09, 0x00, 0x08, 0x00, 0x0B, 0x00,
        0x09, 0x00, 0x06, 0x00, 0x05, 0x00, 0x00, 0x00, 0xFC, 0xFF, 0xFB, 0xFF, 0xF8, 0xFF, 0xF5, 0xFF,
        0xF5, 0xFF, 0xF6, 0xFF, 0xFA, 0xFF, 0xFF, 0xFF, 0x01, 0x00, 0x03, 0x00, 0x07, 0x00, 0x08, 0x00,
        0x07, 0x00, 0x08, 0x00, 0x07, 0x00, 0x03, 0x00, 0xFF, 0xFF, 0xFC, 0xFF, 0xFC, 0xFF, 0xF9, 0xFF,
        0xF4, 0xFF, 0xF3, 0xFF, 0xF4, 0xFF, 0xF5, 0xFF, 0xF7, 0xFF, 0xFA, 0xFF, 0xFC, 0xFF, 0x01, 0x00,
        0x06, 0x00, 0x09, 0x00, 0x09, 0x00, 0x0A, 0x00, 0x09, 0x00, 0x05, 0x00, 0x01, 0x00, 0xFF, 0xFF,
        0xFA, 0xFF, 0xF6, 0xFF, 0xF5, 0xFF, 0xF5, 0xFF, 0xF5, 0xFF, 0xF7, 0xFF, 0xF9, 0xFF, 0xFB, 0xFF,
        0xFC, 0xFF, 0xFF, 0xFF, 0x03, 0x00, 0x07, 0x00, 0x09, 0x00, 0x0B, 0x00, 0x0A, 0x00, 0x05, 0x00,
        0x04, 0x00, 0x03, 0x00, 0xFE, 0xFF, 0xF8, 0xFF, 0xF8, 0xFF, 0xF9, 0xFF, 0xF7, 0xFF, 0xF9, 0xFF,
        0xFC, 0xFF, 0x00, 0x00, 0x04, 0x00, 0x05, 0x00, 0x07, 0x00, 0x0C, 0x00, 0x0B, 0x00, 0x07, 0x00,
        0x08, 0x00, 0x07, 0x00, 0x02, 0x00, 0x00, 0x00, 0xFD, 0xFF, 0xF8, 0xFF, 0xF8, 0xFF, 0xF8, 0xFF,
        0xF6, 0xFF, 0xF6, 0xFF, 0xF9, 0xFF, 0xFC, 0xFF, 0xFF, 0xFF, 0x03, 0x00, 0x06, 0x00, 0x05, 0x00,
        0x06, 0x00, 0x08, 0x00, 0x06, 0x00, 0x02, 0x00, 0xFF, 0xFF, 0xFB, 0xFF, 0xF6, 0xFF, 0xF4, 0xFF,
        0xF5, 0xFF, 0xF5, 0xFF, 0xF4, 0xFF, 0xF7, 0xFF, 0xFA, 0xFF, 0xFB, 0xFF, 0xFE, 0xFF, 0x01, 0x00,
        0x03, 0x00, 0x06, 0x00, 0x09, 0x00, 0x08, 0x00, 0x05, 0x00, 0x05, 0x00, 0x01, 0x00, 0xFB, 0xFF,
        0xFB, 0xFF, 0xF7, 0xFF, 0xF3, 0xFF, 0xF5, 0xFF, 0xF4, 0xFF, 0xF6, 0xFF, 0xFD, 0xFF, 0xFF, 0xFF,
        0x01, 0x00, 0x03, 0x00, 0x06, 0x00, 0x0B, 0x00, 0x0A, 0x00, 0x09, 0x00, 0x0A, 0x00, 0x08, 0x00,
        0x06, 0x00, 0x03, 0x00, 0xFD, 0xFF, 0xFA, 0xFF, 0xF7, 0xFF, 0xF3, 0xFF, 0xF4, 0xFF, 0xF5, 0xFF,
        0xF7, 0xFF, 0xFE, 0xFF, 0x02, 0x00, 0x04, 0x00, 0x07, 0x00, 0x09, 0x00, 0x0B, 0x00, 0x0A, 0x00,
        0x04, 0x00, 0x00, 0x00, 0xFF, 0xFF, 0xFD, 0xFF, 0xFA, 0xFF, 0xF9, 0xFF, 0xF7, 0xFF, 0xF4, 0xFF,
        0xF5, 0xFF, 0xF7, 0xFF, 0xF6, 0xFF, 0xF8, 0xFF, 0xFD, 0xFF, 0x02, 0x00, 0x08, 0x00, 0x0A, 0x00,
        0x08, 0x00, 0x09, 0x00, 0x07, 0x00, 0x03, 0x00, 0x01, 0x00, 0xFD, 0xFF, 0xFA, 0xFF, 0xF8, 0xFF,
        0xF4, 0xFF, 0xF6, 0xFF, 0xF8, 0xFF, 0xF6, 0xFF, 0xF8, 0xFF, 0xFD, 0xFF, 0x00, 0x00, 0x04, 0x00,
        0x06, 0x00, 0x08, 0x00, 0x09, 0x00, 0x09, 0x00, 0x09, 0x00, 0x07, 0x00, 0x01, 0x00, 0xFF, 0xFF,
        0xFB, 0xFF, 0xF6, 0xFF, 0xF6, 0xFF, 0xF7, 0xFF, 0xF6, 0xFF, 0xF8, 0xFF, 0xFB, 0xFF, 0xFD, 0xFF,
        0x00, 0x00, 0x05, 0x00, 0x09, 0x00, 0x08, 0x00, 0x08, 0x00, 0x0A, 0x00, 0x07, 0x00, 0x04, 0x00,
        0x04, 0x00, 0xFF, 0xFF, 0xFA, 0xFF, 0xFA, 0xFF, 0xF8, 0xFF, 0xF5, 0xFF, 0xF5, 0xFF, 0xF4, 0xFF,
        0xF9, 0xFF, 0xFE, 0xFF, 0xFE, 0xFF, 0x03, 0x00, 0x08, 0x00, 0x07, 0x00, 0x08, 0x00, 0x07, 0x00,
        0x03, 0x00, 0x02, 0x00, 0x00, 0x00, 0xFB, 0xFF, 0xF8, 0xFF, 0xF6, 0xFF, 0xF4, 0xFF, 0xF2, 0xFF,
        0xF4, 0xFF, 0xF8, 0xFF, 0xF7, 0xFF, 0xF9, 0xFF, 0xFE, 0xFF, 0x00, 0x00, 0x03, 0x00, 0x06, 0x00,
        0x06, 0x00, 0x07, 0x00, 0x06, 0x00, 0x02, 0x00, 0xFF, 0xFF, 0xFC, 0xFF, 0xF7, 0xFF, 0xF6, 0xFF,
        0xF5, 0xFF, 0xF3, 0xFF, 0xF4, 0xFF, 0xF7, 0xFF, 0xF9, 0xFF, 0xFD, 0xFF, 0x01, 0x00, 0x05, 0x00,
        0x08, 0x00, 0x08, 0x00, 0x08, 0x00, 0x09, 0x00, 0x07, 0x00, 0x05, 0x00, 0x04, 0x00, 0x00, 0x00,
        0xFC, 0xFF, 0xFA, 0xFF, 0xF6, 0xFF, 0xF6, 0xFF, 0xF7, 0xFF, 0xF7, 0xFF, 0xFB, 0xFF, 0x00, 0x00,
        0x01, 0x00, 0x04, 0x00, 0x06, 0x00, 0x0A, 0x00, 0x0C, 0x00, 0x07, 0x00, 0x05, 0x00, 0x06, 0x00,
        0x00, 0x00, 0xFB, 0xFF, 0xFA, 0xFF, 0xF8, 0xFF, 0xF5, 0xFF, 0xF5, 0xFF, 0xF6, 0xFF, 0xF8, 0xFF,
        0xF9, 0xFF, 0xFA, 0xFF, 0xFE, 0xFF, 0x03, 0x00, 0x06, 0x00, 0x07, 0x00, 0x09, 0x00, 0x08, 0x00,
        0x06, 0x00, 0x03, 0x00, 0xFE, 0xFF, 0xFA, 0xFF, 0xF7, 0xFF, 0xF3, 0xFF, 0xF2, 0xFF, 0xF3, 0xFF,
        0xF3, 0xFF, 0xF5, 0xFF, 0xF9, 0xFF, 0xFC, 0xFF, 0xFD, 0xFF, 0x01, 0x00, 0x05, 0x00, 0x05, 0x00,
        0x06, 0x00, 0x07, 0x00, 0x06, 0x00, 0x03, 0x00, 0x00, 0x00, 0xFD, 0xFF, 0xFA, 0xFF, 0xF6, 0xFF,
        0xF3, 0xFF, 0xF2, 0xFF, 0xF3, 0xFF, 0xF6, 0xFF, 0xF9, 0xFF, 0xFC, 0xFF, 0xFF, 0xFF, 0x03, 0x00,
        0x05, 0x00, 0x08, 0x00, 0x08, 0x00, 0x07, 0x00, 0x06, 0x00, 0x04, 0x00, 0x01, 0x00, 0xFE, 0xFF,
        0xFC, 0xFF, 0xF9, 0xFF, 0xF7, 0xFF, 0xF7, 0xFF, 0xF6, 0xFF, 0xF6, 0xFF, 0xFA, 0xFF, 0xFE, 0xFF,
        0x00, 0x00, 0x03, 0x00, 0x06, 0x00, 0x07, 0x00, 0x09, 0x00, 0x08, 0x00, 0x05, 0x00, 0x02, 0x00,
        0xFE, 0xFF, 0xFB, 0xFF, 0xF7, 0xFF, 0xF4, 0xFF, 0xF5, 0xFF, 0xF5, 0xFF, 0xF4, 0xFF, 0xF6, 0xFF,
        0xF9, 0xFF, 0xFC, 0xFF, 0xFF, 0xFF, 0x00, 0x00, 0x03, 0x00, 0x06, 0x00, 0x06, 0x00, 0x06, 0x00,
        0x06, 0x00, 0x02, 0x00, 0xFC, 0xFF, 0xFA, 0xFF, 0xF9, 0xFF, 0xF6, 0xFF, 0xF4, 0xFF, 0xF4, 0xFF,
        0xF4, 0xFF, 0xF7, 0xFF, 0xFA, 0xFF, 0xFD, 0xFF, 0x01, 0x00, 0x04, 0x00, 0x05, 0x00, 0x07, 0x00,
        0x09, 0x00, 0x0A, 0x00, 0x08, 0x00, 0x03, 0x00, 0x00, 0x00, 0xFE, 0xFF, 0xFE, 0xFF, 0xFB, 0xFF,
        0xF7, 0xFF, 0xF7, 0xFF, 0xF8, 0xFF, 0xF7, 0xFF, 0xF9, 0xFF, 0xFC, 0xFF, 0x00, 0x00, 0x06, 0x00,
        0x07, 0x00, 0x05, 0x00, 0x08, 0x00, 0x09, 0x00, 0x06, 0x00, 0x02, 0x00, 0xFD, 0xFF, 0xF9, 0xFF,
        0xF8, 0xFF, 0xF5, 0xFF, 0xF5, 0xFF, 0xF6, 0xFF, 0xF5, 0xFF, 0xF6, 0xFF, 0xF9, 0xFF, 0xFA, 0xFF,
        0x00, 0x00, 0x03, 0x00, 0x02, 0x00, 0x06, 0x00, 0x09, 0x00, 0x08, 0x00, 0x06, 0x00, 0x01, 0x00,
        0xFE, 0xFF, 0xFD, 0xFF, 0xF6, 0xFF, 0xF0, 0xFF, 0xF2, 0xFF, 0xF2, 0xFF, 0xF3, 0xFF, 0xF6, 0xFF,
        0xFA, 0xFF, 0xFD, 0xFF, 0xFF, 0xFF, 0x03, 0x00, 0x06, 0x00, 0x06, 0x00, 0x06, 0x00, 0x07, 0x00,
        0x06, 0x00, 0x03, 0x00, 0x01, 0x00, 0xFD, 0xFF, 0xFA, 0xFF, 0xF8, 0xFF, 0xF6, 0xFF, 0xF5, 0xFF,
        0xF7, 0xFF, 0xFA, 0xFF, 0xFA, 0xFF, 0xFF, 0xFF, 0x04, 0x00, 0x05, 0x00, 0x09, 0x00, 0x0E, 0x00,
        0x0A, 0x00, 0x08, 0x00, 0x06, 0x00, 0x00, 0x00, 0xFF, 0xFF, 0xFF, 0xFF, 0xFA, 0xFF, 0xF8, 0xFF,
        0xF8, 0xFF, 0xF8, 0xFF, 0xFB, 0xFF, 0xFA, 0xFF, 0xF8, 0xFF, 0xFD, 0xFF, 0x02, 0x00, 0x05, 0x00,
        0x08, 0x00, 0x09, 0x00, 0x0A, 0x00, 0x0A, 0x00, 0x05, 0x00, 0x01, 0x00, 0xFF, 0xFF, 0xFB, 0xFF,
        0xF9, 0xFF, 0xF7, 0xFF, 0xF3, 0xFF, 0xF4, 0xFF, 0xF6, 0xFF, 0xF7, 0xFF, 0xFA, 0xFF, 0xFE, 0xFF,
        0x01, 0x00, 0x02, 0x00, 0x03, 0x00, 0x04, 0x00, 0x04, 0x00, 0x06, 0x00, 0x05, 0x00, 0x01, 0x00,
        0x00, 0x00, 0xFC, 0xFF, 0xF6, 0xFF, 0xF4, 0xFF, 0xF3, 0xFF, 0xF1, 0xFF, 0xF4, 0xFF, 0xF7, 0xFF,
        0xF9, 0xFF, 0xFD, 0xFF, 0xFF, 0xFF, 0x04, 0x00, 0x09, 0x00, 0x09, 0x00, 0x08, 0x00, 0x07, 0x00,
        0x03, 0x00, 0x00, 0x00, 0x00, 0x00, 0xFC, 0xFF, 0xF8, 0xFF, 0xF9, 0xFF, 0xF8, 0xFF, 0xF4, 0xFF,
        0xF6, 0xFF, 0xF8, 0xFF, 0xF9, 0xFF, 0xFE, 0xFF, 0x03, 0x00, 0x05, 0x00, 0x09, 0x00, 0x0B, 0x00,
        0x0B, 0x00, 0x09, 0x00, 0x05, 0x00, 0x02, 0x00, 0xFF, 0xFF, 0xFB, 0xFF, 0xF7, 0xFF, 0xF3, 0xFF,
        0xF2, 0xFF, 0xF3, 0xFF, 0xF4, 0xFF, 0xF7, 0xFF, 0xF9, 0xFF, 0xFA, 0xFF, 0xFF, 0xFF, 0x02, 0x00,
        0x03, 0x00, 0x06, 0x00, 0x09, 0x00, 0x06, 0x00, 0x04, 0x00, 0x02, 0x00, 0xFF, 0xFF, 0xFA, 0xFF,
        0xF6, 0xFF, 0xF3, 0xFF, 0xF2, 0xFF, 0xF4, 0xFF, 0xF5, 0xFF, 0xF7, 0xFF, 0xFB, 0xFF, 0xFD, 0xFF,
        0xFF, 0xFF, 0x03, 0x00, 0x04, 0x00, 0x06, 0x00, 0x09, 0x00, 0x06, 0x00, 0x03, 0x00, 0x02, 0x00,
        0xFD, 0xFF, 0xFA, 0xFF, 0xF8, 0xFF, 0xF5, 0xFF, 0xF6, 0xFF, 0xF5, 0xFF, 0xF5, 0xFF, 0xF9, 0xFF,
        0xFC, 0xFF, 0xFE, 0xFF, 0x01, 0x00, 0x07, 0x00, 0x0A, 0x00, 0x09, 0x00, 0x08, 0x00, 0x08, 0x00,
        0x05, 0x00, 0x01, 0x00, 0xFD, 0xFF, 0xFB, 0xFF, 0xF8, 0xFF, 0xF5, 0xFF, 0xF7, 0xFF, 0xF9, 0xFF,
        0xF5, 0xFF, 0xF8, 0xFF, 0xFC, 0xFF, 0xFE, 0xFF, 0x02, 0x00, 0x04, 0x00, 0x05, 0x00, 0x09, 0x00,
        0x08, 0x00, 0x07, 0x00, 0x05, 0x00, 0x00, 0x00, 0xFE, 0xFF, 0xFB, 0xFF, 0xF5, 0xFF, 0xF5, 0xFF,
        0xF4, 0xFF, 0xF2, 0xFF, 0xF3, 0xFF, 0xF6, 0xFF, 0xF9, 0xFF, 0xFD, 0xFF, 0x02, 0x00, 0x04, 0x00,
        0x04, 0x00, 0x05, 0x00, 0x04, 0x00, 0x02, 0x00, 0x05, 0x00, 0x03, 0x00, 0xFB, 0xFF, 0xF8, 0xFF,
        0xF7, 0xFF, 0xF3, 0xFF, 0xF2, 0xFF, 0xF4, 0xFF, 0xF6, 0xFF, 0xF8, 0xFF, 0xF8, 0xFF, 0xFC, 0xFF,
        0x00, 0x00, 0x03, 0x00, 0x07, 0x00, 0x08, 0x00, 0x09, 0x00, 0x09, 0x00, 0x04, 0x00, 0xFF, 0xFF,
        0xFF, 0xFF, 0xFC, 0xFF, 0xF8, 0xFF, 0xF8, 0xFF, 0xF8, 0xFF, 0xF6, 0xFF, 0xF5, 0xFF, 0xF9, 0xFF,
        0xFC, 0xFF, 0xFF, 0xFF, 0x05, 0x00, 0x07, 0x00, 0x08, 0x00, 0x0C, 0x00, 0x0C, 0x00, 0x0A, 0x00,
        0x07, 0x00, 0x01, 0x00, 0xFF, 0xFF, 0xFC, 0xFF, 0xF7, 0xFF, 0xF6, 0xFF, 0xF6, 0xFF, 0xF4, 0xFF,
        0xF6, 0xFF, 0xF9, 0xFF, 0xFB, 0xFF, 0xFD, 0xFF, 0x01, 0x00, 0x05, 0x00, 0x06, 0x00, 0x06, 0x00,
        0x05, 0x00, 0x04, 0x00, 0x04, 0x00, 0x00, 0x00, 0xFC, 0xFF, 0xFC, 0xFF, 0xF6, 0xFF, 0xF0, 0xFF,
        0xF3, 0xFF, 0xF3, 0xFF, 0xF2, 0xFF, 0xF6, 0xFF, 0xF8, 0xFF, 0xFD, 0xFF, 0x05, 0x00, 0x07, 0x00,
        0x05, 0x00, 0x07, 0x00, 0x06, 0x00, 0x03, 0x00, 0x02, 0x00, 0x00, 0x00, 0xFC, 0xFF, 0xFA, 0xFF,
        0xFA, 0xFF, 0xF7, 0xFF, 0xF6, 0xFF, 0xF4, 0xFF, 0xF4, 0xFF, 0xF9, 0xFF, 0xFC, 0xFF, 0xFF, 0xFF,
        0x04, 0x00, 0x04, 0x00, 0x06, 0x00, 0x0B, 0x00, 0x08, 0x00, 0x06, 0x00, 0x06, 0x00, 0x02, 0x00,
        0xFD, 0xFF, 0xFA, 0xFF, 0xF8, 0xFF, 0xF7, 0xFF, 0xF6, 0xFF, 0xF7, 0xFF, 0xFA, 0xFF, 0xFB, 0xFF,
        0xFD, 0xFF, 0x01, 0x00, 0x04, 0x00, 0x08, 0x00, 0x09, 0x00, 0x06, 0x00, 0x08, 0x00, 0x09, 0x00,
        0x05, 0x00, 0x02, 0x00, 0xFD, 0xFF, 0xF9, 0xFF, 0xF7, 0xFF, 0xF6, 0xFF, 0xF5, 0xFF, 0xF4, 0xFF,
        0xF5, 0xFF, 0xF9, 0xFF, 0xFD, 0xFF, 0x00, 0x00, 0x02, 0x00, 0x04, 0x00, 0x04, 0x00, 0x04, 0x00,
        0x05, 0x00, 0x05, 0x00, 0x00, 0x00, 0xFE, 0xFF, 0xFE, 0xFF, 0xF9, 0xFF, 0xF6, 0xFF, 0xF2, 0xFF,
        0xF1, 0xFF, 0xF4, 0xFF, 0xF5, 0xFF, 0xF6, 0xFF, 0xF9, 0xFF, 0xFC, 0xFF, 0x02, 0x00, 0x07, 0x00,
        0x07, 0x00, 0x08, 0x00, 0x09, 0x00, 0x04, 0x00, 0x01, 0x00, 0x01, 0x00, 0xFD, 0xFF, 0xFB, 0xFF,
        0xF9, 0xFF, 0xF7, 0xFF, 0xF6, 0xFF, 0xF6, 0xFF, 0xF7, 0xFF, 0xF9, 0xFF, 0xFD, 0xFF, 0x00, 0x00,
        0x03, 0x00, 0x06, 0x00, 0x06, 0x00, 0x08, 0x00, 0x0B, 0x00, 0x08, 0x00, 0x06, 0x00, 0x03, 0x00,
        0xFD, 0xFF, 0xFB, 0xFF, 0xF9, 0xFF, 0xF7, 0xFF, 0xF7, 0xFF, 0xF7, 0xFF, 0xF8, 0xFF, 0xFC, 0xFF,
        0xFE, 0xFF, 0x00, 0x00, 0x03, 0x00, 0x03, 0x00, 0x05, 0x00, 0x05, 0x00, 0x04, 0x00, 0x04, 0x00,
        0x04, 0x00, 0x00, 0x00, 0xFB, 0xFF, 0xF6, 0xFF, 0xF5, 0xFF, 0xF4, 0xFF, 0xEF, 0xFF, 0xF0, 0xFF,
        0xF4, 0xFF, 0xF4, 0xFF, 0xF9, 0xFF, 0x00, 0x00, 0x02, 0x00, 0x04, 0x00, 0x07, 0x00, 0x06, 0x00,
        0x06, 0x00, 0x06, 0x00, 0x01, 0x00, 0xFE, 0xFF, 0xFD, 0xFF, 0xF9, 0xFF, 0xF7, 0xFF, 0xF7, 0xFF,
        0xF4, 0xFF, 0xF6, 0xFF, 0xFA, 0xFF, 0xF7, 0xFF, 0xF9, 0xFF, 0x01, 0x00, 0x02, 0x00, 0x03, 0x00,
        0x07, 0x00, 0x09, 0x00, 0x09, 0x00, 0x07, 0x00, 0x03, 0x00, 0x01, 0x00, 0xFE, 0xFF, 0xFA, 0xFF,
        0xF9, 0xFF, 0xF7, 0xFF, 0xF5, 0xFF, 0xF6, 0xFF, 0xF9, 0xFF, 0xFC, 0xFF, 0xFE, 0xFF, 0x00, 0x00,
        0x02, 0x00, 0x06, 0x00, 0x07, 0x00, 0x06, 0x00, 0x07, 0x00, 0x07, 0x00, 0x05, 0x00, 0x01, 0x00,
        0xFC, 0xFF, 0xF9, 0xFF, 0xF8, 0xFF, 0xF4, 0xFF, 0xF2, 0xFF, 0xF4, 0xFF, 0xF5, 0xFF, 0xF8, 0xFF,
        0xFC, 0xFF, 0xFF, 0xFF, 0x03, 0x00, 0x05, 0x00, 0x04, 0x00, 0x04, 0x00, 0x03, 0x00, 0x03, 0x00,
        0x03, 0x00, 0x00, 0x00, 0xFC, 0xFF, 0xFA, 0xFF, 0xF8, 0xFF, 0xF6, 0xFF, 0xF3, 0xFF, 0xF2, 0xFF,
        0xF5, 0xFF, 0xF8, 0xFF, 0xF8, 0xFF, 0xFD, 0xFF, 0x02, 0x00, 0x04, 0x00, 0x05, 0x00, 0x07, 0x00,
        0x08, 0x00, 0x05, 0x00, 0x01, 0x00, 0xFE, 0xFF, 0xFA, 0xFF, 0xF7, 0xFF, 0xF8, 0xFF, 0xF6, 0xFF,
        0xF4, 0xFF, 0xF7, 0xFF, 0xF8, 0xFF, 0xF9, 0xFF, 0xFC, 0xFF, 0x01, 0x00, 0x04, 0x00, 0x05, 0x00,
        0x07, 0x00, 0x08, 0x00, 0x09, 0x00, 0x08, 0x00, 0x05, 0x00, 0x01, 0x00, 0xFE, 0xFF, 0xF9, 0xFF,
        0xF6, 0xFF, 0xF5, 0xFF, 0xF3, 0xFF, 0xF4, 0xFF, 0xF8, 0xFF, 0xFA, 0xFF, 0xFC, 0xFF, 0xFF, 0xFF,
        0x04, 0x00, 0x06, 0x00, 0x05, 0x00, 0x06, 0x00, 0x08, 0x00, 0x06, 0x00, 0x03, 0x00, 0x00, 0x00,
        0xFC, 0xFF, 0xF9, 0xFF, 0xF8, 0xFF, 0xF5, 0xFF, 0xF3, 0xFF, 0xF4, 0xFF, 0xF6, 0xFF, 0xF7, 0xFF,
        0xFB, 0xFF, 0xFF, 0xFF, 0x02, 0x00, 0x06, 0x00, 0x0A, 0x00, 0x09, 0x00, 0x04, 0x00, 0x02, 0x00,
        0x02, 0x00, 0xFE, 0xFF, 0xFB, 0xFF, 0xF8, 0xFF, 0xF6, 0xFF, 0xF5, 0xFF, 0xF5, 0xFF, 0xF4, 0xFF,
        0xF6, 0xFF, 0xFA, 0xFF, 0xFC, 0xFF, 0xFF, 0xFF, 0x05, 0x00, 0x07, 0x00, 0x06, 0x00, 0x06, 0x00,
        0x09, 0x00, 0x08, 0x00, 0x05, 0x00, 0x00, 0x00, 0xFD, 0xFF, 0xFA, 0xFF, 0xF8, 0xFF, 0xF7, 0xFF,
        0xF7, 0xFF, 0xF7, 0xFF, 0xF9, 0xFF, 0xFD, 0xFF, 0xFF, 0xFF, 0x01, 0x00, 0x05, 0x00, 0x06, 0x00,
        0x07, 0x00, 0x09, 0x00, 0x07, 0x00, 0x05, 0x00, 0x04, 0x00, 0x02, 0x00, 0xFF, 0xFF, 0xFB, 0xFF,
        0xF7, 0xFF, 0xF7, 0xFF, 0xF7, 0xFF, 0xF6, 0xFF, 0xF7, 0xFF, 0xFB, 0xFF, 0xFF, 0xFF, 0x03, 0x00,
        0x05, 0x00, 0x09, 0x00, 0x0A, 0x00, 0x08, 0x00, 0x06, 0x00, 0x04, 0x00, 0xFF, 0xFF, 0xFD, 0xFF,
        0xFE, 0xFF, 0xFC, 0xFF, 0xF7, 0xFF, 0xF5, 0xFF, 0xF4, 0xFF, 0xF3, 0xFF, 0xF6, 0xFF, 0xFA, 0xFF,
        0xFC, 0xFF, 0xFF, 0xFF, 0x03, 0x00, 0x03, 0x00, 0x05, 0x00, 0x08, 0x00, 0x07, 0x00, 0x04, 0x00,
        0x03, 0x00, 0x00, 0x00, 0xFC, 0xFF, 0xF8, 0xFF, 0xF6, 0xFF, 0xF8, 0xFF, 0xF7, 0xFF, 0xF5, 0xFF,
        0xF7, 0xFF, 0xFD, 0xFF, 0x00, 0x00, 0x00, 0x00, 0x04, 0x00, 0x09, 0x00, 0x0A, 0x00, 0x0B, 0x00,
        0x08, 0x00, 0x05, 0x00, 0x05, 0x00, 0x04, 0x00, 0xFF, 0xFF, 0xFA, 0xFF, 0xFA, 0xFF, 0xFA, 0xFF,
        0xF8, 0xFF, 0xF6, 0xFF, 0xF7, 0xFF, 0xFC, 0xFF, 0x00, 0x00, 0x01, 0x00, 0x04, 0x00, 0x0A, 0x00,
        0x0A, 0x00, 0x06, 0x00, 0x05, 0x00, 0x08, 0x00, 0x04, 0x00, 0xFF, 0xFF, 0xFD, 0xFF, 0xFA, 0xFF,
        0xF8, 0xFF, 0xF7, 0xFF, 0xF5, 0xFF, 0xF3, 0xFF, 0xF6, 0xFF, 0xF9, 0xFF, 0xFC, 0xFF, 0x01, 0x00,
        0x02, 0x00, 0x03, 0x00, 0x06, 0x00, 0x07, 0x00, 0x07, 0x00, 0x06, 0x00, 0x01, 0x00, 0xFD, 0xFF,
        0xFC, 0xFF, 0xF9, 0xFF, 0xF3, 0xFF, 0xF1, 0xFF, 0xF2, 0xFF, 0xF4, 0xFF, 0xF6, 0xFF, 0xF9, 0xFF,
        0xFC, 0xFF, 0x00, 0x00, 0x03, 0x00, 0x03, 0x00, 0x05, 0x00, 0x07, 0x00, 0x07, 0x00, 0x07, 0x00,
        0x03, 0x00, 0xFF, 0xFF, 0xFC, 0xFF, 0xF8, 0xFF, 0xF8, 0xFF, 0xF7, 0xFF, 0xF4, 0xFF, 0xF6, 0xFF,
        0xF9, 0xFF, 0xFD, 0xFF, 0x00, 0x00, 0x03, 0x00, 0x06, 0x00, 0x07, 0x00, 0x06, 0x00, 0x08, 0x00,
        0x08, 0x00, 0x03, 0x00, 0x02, 0x00, 0x00, 0x00, 0xFE, 0xFF, 0xFC, 0xFF, 0xF8, 0xFF, 0xF7, 0xFF,
        0xF8, 0xFF, 0xF7, 0xFF, 0xF7, 0xFF, 0xFA, 0xFF, 0xFE, 0xFF, 0x01, 0x00, 0x05, 0x00, 0x08, 0x00,
        0x08, 0x00, 0x06, 0x00, 0x07, 0x00, 0x05, 0x00, 0xFF, 0xFF, 0xFC, 0xFF, 0xF9, 0xFF, 0xF5, 0xFF,
        0xF3, 0xFF, 0xF6, 0xFF, 0xF8, 0xFF, 0xF6, 0xFF, 0xF6, 0xFF, 0xF7, 0xFF, 0xF8, 0xFF, 0xFE, 0xFF,
        0x02, 0x00, 0x04, 0x00, 0x05, 0x00, 0x06, 0x00, 0x06, 0x00, 0x04, 0x00, 0xFF, 0xFF, 0xFC, 0xFF,
        0xFC, 0xFF, 0xF6, 0xFF, 0xF0, 0xFF, 0xF0, 0xFF, 0xF3, 0xFF, 0xF4, 0xFF, 0xF6, 0xFF, 0xFC, 0xFF,
        0x00, 0x00, 0x01, 0x00, 0x02, 0x00, 0x04, 0x00, 0x08, 0x00, 0x09, 0x00, 0x08, 0x00, 0x06, 0x00,
        0x03, 0x00, 0x01, 0x00, 0xFF, 0xFF, 0xF8, 0xFF, 0xF5, 0xFF, 0xF6, 0xFF, 0xF3, 0xFF, 0xF3, 0xFF,
        0xF8, 0xFF, 0xFD, 0xFF, 0x00, 0x00, 0x02, 0x00, 0x06, 0x00, 0x08, 0x00, 0x07, 0x00, 0x06, 0x00,
        0x04, 0x00, 0x02, 0x00, 0x03, 0x00, 0xFE, 0xFF, 0xF8, 0xFF, 0xF8, 0xFF, 0xF7, 0xFF, 0xF4, 0xFF,
        0xF5, 0xFF, 0xF5, 0xFF, 0xF6, 0xFF, 0xF9, 0xFF, 0xFA, 0xFF, 0xFF, 0xFF, 0x05, 0x00, 0x05, 0x00,
        0x06, 0x00, 0x06, 0x00, 0x04, 0x00, 0x03, 0x00, 0x00, 0x00, 0xFB, 0xFF, 0xF8, 0xFF, 0xF6, 0xFF,
        0xF3, 0xFF, 0xF3, 0xFF, 0xF6, 0xFF, 0xF7, 0xFF, 0xF6, 0xFF, 0xF9, 0xFF, 0xFD, 0xFF, 0x01, 0x00,
        0x05, 0x00, 0x05, 0x00, 0x05, 0x00, 0x04, 0x00, 0x05, 0x00, 0x04, 0x00, 0x00, 0x00, 0xFD, 0xFF,
        0xFB, 0xFF, 0xF7, 0xFF, 0xF4, 0xFF, 0xF3, 0xFF, 0xF1, 0xFF, 0xF2, 0xFF, 0xF7, 0xFF, 0xFC, 0xFF,
        0x00, 0x00, 0x02, 0x00, 0x04, 0x00, 0x07, 0x00, 0x07, 0x00, 0x07, 0x00, 0x08, 0x00, 0x07, 0x00,
        0x00, 0x00, 0xFC, 0xFF, 0xFC, 0xFF, 0xFA, 0xFF, 0xF7, 0xFF, 0xF7, 0xFF, 0xF6, 0xFF, 0xF7, 0xFF,
        0xF9, 0xFF, 0xFC, 0xFF, 0xFF, 0xFF, 0x01, 0x00, 0x05, 0x00, 0x08, 0x00, 0x08, 0x00, 0x09, 0x00,
        0x08, 0x00, 0x03, 0x00, 0x00, 0x00, 0xFD, 0xFF, 0xF7, 0xFF, 0xF5, 0xFF, 0xF5, 0xFF, 0xF2, 0xFF,
        0xF3, 0xFF, 0xF7, 0xFF, 0xF7, 0xFF, 0xFA, 0xFF, 0xFE, 0xFF, 0xFE, 0xFF, 0xFE, 0xFF, 0x01, 0x00,
        0x04, 0x00, 0x05, 0x00, 0x04, 0x00, 0x03, 0x00, 0x01, 0x00, 0xFD, 0xFF, 0xF6, 0xFF, 0xF2, 0xFF,
        0xF2, 0xFF, 0xF2, 0xFF, 0xF3, 0xFF, 0xF4, 0xFF, 0xF7, 0xFF, 0xFC, 0xFF, 0xFF, 0xFF, 0x01, 0x00,
        0x03, 0x00, 0x03, 0x00, 0x06, 0x00, 0x09, 0x00, 0x06, 0x00, 0x02, 0x00, 0x01, 0x00, 0xFF, 0xFF,
        0xFA, 0xFF, 0xF6, 0xFF, 0xF5, 0xFF, 0xF6, 0xFF, 0xF6, 0xFF, 0xF8, 0xFF, 0xFA, 0xFF, 0xFC, 0xFF,
        0x00, 0x00, 0x04, 0x00, 0x06, 0x00, 0x07, 0x00, 0x07, 0x00, 0x08, 0x00, 0x07, 0x00, 0x02, 0x00,
        0xFF, 0xFF, 0xFD, 0xFF, 0xFB, 0xFF, 0xF8, 0xFF, 0xF7, 0xFF, 0xF6, 0xFF, 0xF6, 0xFF, 0xF6, 0xFF,
        0xF8, 0xFF, 0xFA, 0xFF, 0xFC, 0xFF, 0xFE, 0xFF, 0x02, 0x00, 0x06, 0x00, 0x05, 0x00, 0x05, 0x00,
        0x04, 0x00, 0x01, 0x00, 0xFF, 0xFF, 0xFC, 0xFF, 0xF7, 0xFF, 0xF4, 0xFF, 0xF4, 0xFF, 0xF4, 0xFF,
        0xF2, 0xFF, 0xF4, 0xFF, 0xF9, 0xFF, 0xFB, 0xFF, 0xFB, 0xFF, 0x00, 0x00, 0x05, 0x00, 0x05, 0x00,
        0x04, 0x00, 0x05, 0x00, 0x06, 0x00, 0x04, 0x00, 0x00, 0x00, 0xFD, 0xFF, 0xFA, 0xFF, 0xF8, 0xFF,
        0xF6, 0xFF, 0xF4, 0xFF, 0xF5, 0xFF, 0xF4, 0xFF, 0xF7, 0xFF, 0xFD, 0xFF, 0xFF, 0xFF, 0x02, 0x00,
        0x07, 0x00, 0x07, 0x00, 0x06, 0x00, 0x06, 0x00, 0x05, 0x00, 0x04, 0x00, 0x01, 0x00, 0xFD, 0xFF,
        0xFC, 0xFF, 0xF8, 0xFF, 0xF7, 0xFF, 0xFA, 0xFF, 0xF9, 0xFF, 0xF8, 0xFF, 0xFA, 0xFF, 0xFC, 0xFF,
        0x01, 0x00, 0x04, 0x00, 0x04, 0x00, 0x07, 0x00, 0x08, 0x00, 0x08, 0x00, 0x07, 0x00, 0x03, 0x00,
        0xFE, 0xFF, 0xFD, 0xFF, 0xFB, 0xFF, 0xF7, 0xFF, 0xF4, 0xFF, 0xF3, 0xFF, 0xF4, 0xFF, 0xF5, 0xFF,
        0xF7, 0xFF, 0xF9, 0xFF, 0xFC, 0xFF, 0xFF, 0xFF, 0x01, 0x00, 0x03, 0x00, 0x02, 0x00, 0x02, 0x00,
        0x04, 0x00, 0x01, 0x00, 0xFB, 0xFF, 0xFA, 0xFF, 0xF9, 0xFF, 0xF6, 0xFF, 0xF3, 0xFF, 0xF1, 0xFF,
        0xF2, 0xFF, 0xF3, 0xFF, 0xF6, 0xFF, 0xFC, 0xFF, 0x01, 0x00, 0x02, 0x00, 0x03, 0x00, 0x06, 0x00,
        0x07, 0x00, 0x05, 0x00, 0x03, 0x00, 0x03, 0x00, 0x00, 0x00, 0xFE, 0xFF, 0xFB, 0xFF, 0xF9, 0xFF,
        0xF7, 0xFF, 0xF5, 0xFF, 0xF7, 0xFF, 0xF8, 0xFF, 0xF7, 0xFF, 0xFC, 0xFF, 0x01, 0x00, 0x02, 0x00,
        0x07, 0x00, 0x0C, 0x00, 0x0C, 0x00, 0x0A, 0x00, 0x07, 0x00, 0x04, 0x00, 0x01, 0x00, 0xFD, 0xFF,
        0xFC, 0xFF, 0xFB, 0xFF, 0xF7, 0xFF, 0xF7, 0xFF, 0xF7, 0xFF, 0xF6, 0xFF, 0xF7, 0xFF, 0xF9, 0xFF,
        0xFD, 0xFF, 0x01, 0x00, 0x02, 0x00, 0x03, 0x00, 0x04, 0x00, 0x05, 0x00, 0x04, 0x00, 0x01, 0x00,
        0xFE, 0xFF, 0xFA, 0xFF, 0xF6, 0xFF, 0xF4, 0xFF, 0xF2, 0xFF, 0xF1, 0xFF, 0xF2, 0xFF, 0xF2, 0xFF,
        0xF5, 0xFF, 0xFA, 0xFF, 0xFD, 0xFF, 0xFD, 0xFF, 0x00, 0x00, 0x03, 0x00, 0x02, 0x00, 0x01, 0x00,
        0x03, 0x00, 0x01, 0x00, 0xFD, 0xFF, 0xFC, 0xFF, 0xFA, 0xFF, 0xF8, 0xFF, 0xF6, 0xFF, 0xF2, 0xFF,
        0xF2, 0xFF, 0xF4, 0xFF, 0xF8, 0xFF, 0xFD, 0xFF, 0xFF, 0xFF, 0x02, 0x00, 0x06, 0x00, 0x07, 0x00,
        0x06, 0x00, 0x05, 0x00, 0x04, 0x00, 0x04, 0x00, 0xFF, 0xFF, 0xFB, 0xFF, 0xFA, 0xFF, 0xF7, 0xFF,
        0xF5, 0xFF, 0xF5, 0xFF, 0xF4, 0xFF, 0xF5, 0xFF, 0xF8, 0xFF, 0xF9, 0xFF, 0xFC, 0xFF, 0x01, 0x00,
        0x06, 0x00, 0x06, 0x00, 0x06, 0x00, 0x08, 0x00, 0x06, 0x00, 0x02, 0x00, 0x01, 0x00, 0xFE, 0xFF,
        0xF9, 0xFF, 0xF3, 0xFF, 0xF0, 0xFF, 0xF5, 0xFF, 0xF8, 0xFF, 0xF6, 0xFF, 0xF9, 0xFF, 0xFD, 0xFF,
        0xFD, 0xFF, 0xFE, 0xFF, 0x00, 0x00, 0x02, 0x00, 0x02, 0x00, 0x03, 0x00, 0x04, 0x00, 0x03, 0x00,
        0xFE, 0xFF, 0xF9, 0xFF, 0xF7, 0xFF, 0xF4, 0xFF, 0xF1, 0xFF, 0xF1, 0xFF, 0xF2, 0xFF, 0xF4, 0xFF,
        0xF6, 0xFF, 0xFA, 0xFF, 0xFF, 0xFF, 0x03, 0x00, 0x04, 0x00, 0x06, 0x00, 0x06, 0x00, 0x03, 0x00,
        0x03, 0x00, 0x01, 0x00, 0xFD, 0xFF, 0xFC, 0xFF, 0xFB, 0xFF, 0xF9, 0xFF, 0xFA, 0xFF, 0xF6, 0xFF,
        0xF4, 0xFF, 0xF7, 0xFF, 0xFA, 0xFF, 0xFC, 0xFF, 0x00, 0x00, 0x02, 0x00, 0x05, 0x00, 0x07, 0x00,
        0x08, 0x00, 0x08, 0x00, 0x06, 0x00, 0x04, 0x00, 0x02, 0x00, 0xFF, 0xFF, 0xFA, 0xFF, 0xF5, 0xFF,
        0xF3, 0xFF, 0xF5, 0xFF, 0xF6, 0xFF, 0xF8, 0xFF, 0xF9, 0xFF, 0xFC, 0xFF, 0x01, 0x00, 0x02, 0x00,
        0x02, 0x00, 0x04, 0x00, 0x04, 0x00, 0x04, 0x00, 0x04, 0x00, 0x01, 0x00, 0xFF, 0xFF, 0xFC, 0xFF,
        0xF7, 0xFF, 0xF4, 0xFF, 0xF2, 0xFF, 0xF1, 0xFF, 0xF2, 0xFF, 0xF4, 0xFF, 0xF6, 0xFF, 0xFB, 0xFF,
        0xFF, 0xFF, 0x01, 0x00, 0x03, 0x00, 0x05, 0x00, 0x04, 0x00, 0x02, 0x00, 0x03, 0x00, 0x03, 0x00,
        0xFF, 0xFF, 0xFB, 0xFF, 0xF9, 0xFF, 0xF9, 0xFF, 0xF6, 0xFF, 0xF5, 0xFF, 0xF7, 0xFF, 0xF7, 0xFF,
        0xF9, 0xFF, 0xFE, 0xFF, 0x00, 0x00, 0x03, 0x00, 0x08, 0x00, 0x0A, 0x00, 0x09, 0x00, 0x06, 0x00,
        0x04, 0x00, 0x03, 0x00, 0xFE, 0xFF, 0xFA, 0xFF, 0xFA, 0xFF, 0xF9, 0xFF, 0xF8, 0xFF, 0xF5, 0xFF,
        0xF6, 0xFF, 0xF9, 0xFF, 0xF9, 0xFF, 0xFC, 0xFF, 0x01, 0x00, 0x01, 0x00, 0x06, 0x00, 0x0A, 0x00,
        0x09, 0x00, 0x09, 0x00, 0x08, 0x00, 0x04, 0x00, 0xFF, 0xFF, 0xFC, 0xFF, 0xFB, 0xFF, 0xF8, 0xFF,
        0xF4, 0xFF, 0xF5, 0xFF, 0xF8, 0xFF, 0xF9, 0xFF, 0xFA, 0xFF, 0xFE, 0xFF, 0x04, 0x00, 0x03, 0x00,
        0x01, 0x00, 0x05, 0x00, 0x06, 0x00, 0x03, 0x00, 0x02, 0x00, 0x01, 0x00, 0xFD, 0xFF, 0xFA, 0xFF,
        0xF7, 0xFF, 0xF3, 0xFF, 0xF3, 0xFF, 0xF4, 0xFF, 0xF5, 0xFF, 0xF5, 0xFF, 0xF7, 0xFF, 0xFA, 0xFF,
        0xFF, 0xFF, 0x05, 0x00, 0x05, 0x00, 0x04, 0x00, 0x06, 0x00, 0x04, 0x00, 0x01, 0x00, 0xFF, 0xFF,
        0xFD, 0xFF, 0xF9, 0xFF, 0xF7, 0xFF, 0xF6, 0xFF, 0xF6, 0xFF, 0xF6, 0xFF, 0xF7, 0xFF, 0xF7, 0xFF,
        0xFA, 0xFF, 0xFE, 0xFF, 0x00, 0x00, 0x03, 0x00, 0x09, 0x00, 0x09, 0x00, 0x06, 0x00, 0x07, 0x00,
        0x07, 0x00, 0x05, 0x00, 0x00, 0x00, 0xFE, 0xFF, 0xFC, 0xFF, 0xF7, 0xFF, 0xF5, 0xFF, 0xF6, 0xFF,
        0xF5, 0xFF, 0xF7, 0xFF, 0xFB, 0xFF, 0xFE, 0xFF, 0x02, 0x00, 0x03, 0x00, 0x04, 0x00, 0x06, 0x00,
        0x06, 0x00, 0x05, 0x00, 0x05, 0x00, 0x04, 0x00, 0x01, 0x00, 0xFD, 0xFF, 0xF8, 0xFF, 0xF4, 0xFF,
        0xF3, 0xFF, 0xF4, 0xFF, 0xF4, 0xFF, 0xF4, 0xFF, 0xF9, 0xFF, 0xFE, 0xFF, 0x01, 0x00, 0x04, 0x00,
        0x05, 0x00, 0x05, 0x00, 0x02, 0x00, 0x03, 0x00, 0x05, 0x00, 0x02, 0x00, 0xFD, 0xFF, 0xFA, 0xFF,
        0xF9, 0xFF, 0xF9, 0xFF, 0xF8, 0xFF, 0xF4, 0xFF, 0xF5, 0xFF, 0xF9, 0xFF, 0xFB, 0xFF, 0xFD, 0xFF,
        0x01, 0x00, 0x04, 0x00, 0x05, 0x00, 0x07, 0x00, 0x08, 0x00, 0x07, 0x00, 0x05, 0x00, 0x03, 0x00,
        0x00, 0x00, 0xFC, 0xFF, 0xF7, 0xFF, 0xF7, 0xFF, 0xF8, 0xFF, 0xF7, 0xFF, 0xF8, 0xFF, 0xFA, 0xFF,
        0xFB, 0xFF, 0xFF, 0xFF, 0x01, 0x00, 0x04, 0x00, 0x07, 0x00, 0x06, 0x00, 0x08, 0x00, 0x09, 0x00,
        0x04, 0x00, 0x03, 0x00, 0x01, 0x00, 0xFD, 0xFF, 0xFB, 0xFF, 0xF7, 0xFF, 0xF4, 0xFF, 0xF5, 0xFF,
        0xF5, 0xFF, 0xF6, 0xFF, 0xFB, 0xFF, 0xFD, 0xFF, 0x01, 0x00, 0x05, 0x00, 0x06, 0x00, 0x06, 0x00,
        0x07, 0x00, 0x06, 0x00, 0x03, 0x00, 0x01, 0x00, 0x00, 0x00, 0xFB, 0xFF, 0xF6, 0xFF, 0xF6, 0xFF,
        0xF4, 0xFF, 0xF4, 0xFF, 0xF7, 0xFF, 0xF8, 0xFF, 0xF7, 0xFF, 0xFA, 0xFF, 0x00, 0x00, 0x04, 0x00,
        0x05, 0x00, 0x06, 0x00, 0x06, 0x00, 0x05, 0x00, 0x03, 0x00, 0x00, 0x00, 0xFE, 0xFF, 0xFB, 0xFF,
        0xF7, 0xFF, 0xF6, 0xFF, 0xF5, 0xFF, 0xF6, 0xFF, 0xF7, 0xFF, 0xF9, 0xFF, 0xFC, 0xFF, 0xFE, 0xFF,
        0x00, 0x00, 0x06, 0x00, 0x07, 0x00, 0x09, 0x00, 0x0C, 0x00, 0x08, 0x00, 0x05, 0x00, 0x05, 0x00,
        0x01, 0x00, 0xFC, 0xFF, 0xFA, 0xFF, 0xF8, 0xFF, 0xF7, 0xFF, 0xF6, 0xFF, 0xF7, 0xFF, 0xFB, 0xFF,
        0xFE, 0xFF, 0x00, 0x00, 0x03, 0x00, 0x05, 0x00, 0x07, 0x00, 0x08, 0x00, 0x07, 0x00, 0x07, 0x00,
        0x06, 0x00, 0x03, 0x00, 0xFE, 0xFF, 0xFB, 0xFF, 0xFA, 0xFF, 0xF8, 0xFF, 0xF6, 0xFF, 0xF7, 0xFF,
        0xF8, 0xFF, 0xF9, 0xFF, 0xFB, 0xFF, 0xFE, 0xFF, 0x01, 0x00, 0x06, 0x00, 0x07, 0x00, 0x06, 0x00,
        0x06, 0x00, 0x04, 0x00, 0x01, 0x00, 0x01, 0x00, 0xFE, 0xFF, 0xF9, 0xFF, 0xF8, 0xFF, 0xF7, 0xFF,
        0xF5, 0xFF, 0xF5, 0xFF, 0xF5, 0xFF, 0xF6, 0xFF, 0xF9, 0xFF, 0xFD, 0xFF, 0x02, 0x00, 0x04, 0x00,
        0x04, 0x00, 0x08, 0x00, 0x0A, 0x00, 0x07, 0x00, 0x05, 0x00, 0x02, 0x00, 0xFE, 0xFF, 0xFC, 0xFF,
        0xF9, 0xFF, 0xF7, 0xFF, 0xF7, 0xFF, 0xF6, 0xFF, 0xF8, 0xFF, 0xFA, 0xFF, 0xFB, 0xFF, 0xFF, 0xFF,
        0x03, 0x00, 0x03, 0x00, 0x06, 0x00, 0x09, 0x00, 0x09, 0x00, 0x09, 0x00, 0x07, 0x00, 0x04, 0x00,
        0x02, 0x00, 0xFF, 0xFF, 0xFB, 0xFF, 0xF8, 0xFF, 0xF8, 0xFF, 0xF8, 0xFF, 0xF8, 0xFF, 0xFA, 0xFF,
        0xFD, 0xFF, 0x00, 0x00, 0x03, 0x00, 0x06, 0x00, 0x07, 0x00, 0x08, 0x00, 0x0A, 0x00, 0x08, 0x00,
        0x04, 0x00, 0x02, 0x00, 0x00, 0x00, 0xFC, 0xFF, 0xFA, 0xFF, 0xFB, 0xFF, 0xF8, 0xFF, 0xF6, 0xFF,
        0xF9, 0xFF, 0xFB, 0xFF, 0xFC, 0xFF, 0xFE, 0xFF, 0x00, 0x00, 0x06, 0x00, 0x0B, 0x00, 0x09, 0x00,
        0x08, 0x00, 0x08, 0x00, 0x04, 0x00, 0x01, 0x00, 0x00, 0x00, 0xFC, 0xFF, 0xF8, 0xFF, 0xF7, 0xFF,
        0xF7, 0xFF, 0xF5, 0xFF, 0xF7, 0xFF, 0xFD, 0xFF, 0xFF, 0xFF, 0xFF, 0xFF, 0x02, 0x00, 0x05, 0x00,
        0x08, 0x00, 0x0B, 0x00, 0x0B, 0x00, 0x0A, 0x00, 0x08, 0x00, 0x05, 0x00, 0x02, 0x00, 0xFF, 0xFF,
        0xFC, 0xFF, 0xFB, 0xFF, 0xFA, 0xFF, 0xF9, 0xFF, 0xFA, 0xFF, 0xFD, 0xFF, 0xFF, 0xFF, 0x03, 0x00,
        0x07, 0x00, 0x0A, 0x00, 0x0C, 0x00, 0x0B, 0x00, 0x09, 0x00, 0x07, 0x00, 0x05, 0x00, 0x03, 0x00,
        0x02, 0x00, 0xFF, 0xFF, 0xF9, 0xFF, 0xF7, 0xFF, 0xF8, 0xFF, 0xF8, 0xFF, 0xFA, 0xFF, 0xFB, 0xFF,
        0xFC, 0xFF, 0x01, 0x00, 0x06, 0x00, 0x07, 0x00, 0x08, 0x00, 0x0A, 0x00, 0x08, 0x00, 0x06, 0x00,
        0x06, 0x00, 0x03, 0x00, 0xFF, 0xFF, 0xFD, 0xFF, 0xF9, 0xFF, 0xF7, 0xFF, 0xF8, 0xFF, 0xF9, 0xFF,
        0xFA, 0xFF, 0xFC, 0xFF, 0xFE, 0xFF, 0xFF, 0xFF, 0x00, 0x00, 0x05, 0x00, 0x0A, 0x00, 0x0A, 0x00,
        0x08, 0x00, 0x0A, 0x00, 0x09, 0x00, 0x04, 0x00, 0x02, 0x00, 0x01, 0x00, 0xFC, 0xFF, 0xF8, 0xFF,
        0xF8, 0xFF, 0xF8, 0xFF, 0xFC, 0xFF, 0x01, 0x00, 0x02, 0x00, 0x04, 0x00, 0x08, 0x00, 0x0A, 0x00,
        0x0A, 0x00, 0x0A, 0x00, 0x0C, 0x00, 0x0B, 0x00, 0x07, 0x00, 0x05, 0x00, 0x03, 0x00, 0xFE, 0xFF,
        0xFC, 0xFF, 0xFB, 0xFF, 0xFB, 0xFF, 0xFA, 0xFF, 0xFA, 0xFF, 0xFD, 0xFF, 0x01, 0x00, 0x04, 0x00,
        0x06, 0x00, 0x08, 0x00, 0x0B, 0x00, 0x0D, 0x00, 0x0B, 0x00, 0x07, 0x00, 0x05, 0x00, 0x03, 0x00,
        0x02, 0x00, 0xFF, 0xFF, 0xF9, 0xFF, 0xF8, 0xFF, 0xF9, 0xFF, 0xF9, 0xFF, 0xFA, 0xFF, 0xFB, 0xFF,
        0xFE, 0xFF, 0x01, 0x00, 0x03, 0x00, 0x07, 0x00, 0x07, 0x00, 0x07, 0x00, 0x0A, 0x00, 0x09, 0x00,
        0x05, 0x00, 0x02, 0x00, 0xFE, 0xFF, 0xFC, 0xFF, 0xF9, 0xFF, 0xF7, 0xFF, 0xF8, 0xFF, 0xF9, 0xFF,
        0xFB, 0xFF, 0xFE, 0xFF, 0xFE, 0xFF, 0x01, 0x00, 0x06, 0x00, 0x08, 0x00, 0x09, 0x00, 0x0A, 0x00,
        0x09, 0x00, 0x0A, 0x00, 0x09, 0x00, 0x04, 0x00, 0x02, 0x00, 0x01, 0x00, 0xFB, 0xFF, 0xF9, 0xFF,
        0xFA, 0xFF, 0xF9, 0xFF, 0xFC, 0xFF, 0x01, 0x00, 0x02, 0x00, 0x04, 0x00, 0x07, 0x00, 0x08, 0x00,
        0x0C, 0x00, 0x0D, 0x00, 0x0A, 0x00, 0x0B, 0x00, 0x07, 0x00, 0x04, 0x00, 0x04, 0x00, 0x00, 0x00,
        0xFD, 0xFF, 0xFC, 0xFF, 0xF9, 0xFF, 0xF8, 0xFF, 0xF8, 0xFF, 0xFA, 0xFF, 0xFF, 0xFF, 0x02, 0x00,
        0x05, 0x00, 0x0A, 0x00, 0x0B, 0x00, 0x0A, 0x00, 0x0A, 0x00, 0x0A, 0x00, 0x08, 0x00, 0x03, 0x00,
        0x00, 0x00, 0xFF, 0xFF, 0xFB, 0xFF, 0xF8, 0xFF, 0xF8, 0xFF, 0xF8, 0xFF, 0xFA, 0xFF, 0xFC, 0xFF,
        0xFF, 0xFF, 0x03, 0x00, 0x02, 0x00, 0x04, 0x00, 0x0A, 0x00, 0x0A, 0x00, 0x0B, 0x00, 0x0C, 0x00,
        0x07, 0x00, 0x05, 0x00, 0x04, 0x00, 0xFE, 0xFF, 0xFA, 0xFF, 0xF9, 0xFF, 0xF7, 0xFF, 0xF6, 0xFF,
        0xFA, 0xFF, 0xFF, 0xFF, 0x01, 0x00, 0x02, 0x00, 0x06, 0x00, 0x09, 0x00, 0x0B, 0x00, 0x0C, 0x00,
        0x0B, 0x00, 0x0B, 0x00, 0x09, 0x00, 0x06, 0x00, 0x03, 0x00, 0xFF, 0xFF, 0xFD, 0xFF, 0xFC, 0xFF,
        0xFA, 0xFF, 0xFB, 0xFF, 0xFC, 0xFF, 0xFE, 0xFF, 0x01, 0x00, 0x02, 0x00, 0x05, 0x00, 0x0A, 0x00,
        0x0C, 0x00, 0x0A, 0x00, 0x0C, 0x00, 0x0A, 0x00, 0x05, 0x00, 0x03, 0x00, 0x01, 0x00, 0xFC, 0xFF,
        0xF9, 0xFF, 0xF9, 0xFF, 0xF8, 0xFF, 0xF9, 0xFF, 0xFC, 0xFF, 0xFD, 0xFF, 0xFE, 0xFF, 0x01, 0x00,
        0x05, 0x00, 0x08, 0x00, 0x09, 0x00, 0x09, 0x00, 0x09, 0x00, 0x07, 0x00, 0x05, 0x00, 0x04, 0x00,
        0x02, 0x00, 0xFD, 0xFF, 0xFC, 0xFF, 0xFA, 0xFF, 0xF7, 0xFF, 0xF8, 0xFF, 0xFC, 0xFF, 0xFE, 0xFF,
        0x00, 0x00, 0x05, 0x00, 0x08, 0x00, 0x08, 0x00, 0x09, 0x00, 0x0B, 0x00, 0x0A, 0x00, 0x0A, 0x00,
        0x09, 0x00, 0x04, 0x00, 0x01, 0x00, 0x01, 0x00, 0xFD, 0xFF, 0xFA, 0xFF, 0xFB, 0xFF, 0xFE, 0xFF,
        0xFF, 0xFF, 0x01, 0x00, 0x03, 0x00, 0x07, 0x00, 0x09, 0x00, 0x08, 0x00, 0x0B, 0x00, 0x0C, 0x00,
        0x0B, 0x00, 0x09, 0x00, 0x06, 0x00, 0x05, 0x00, 0x03, 0x00, 0xFF, 0xFF, 0xFC, 0xFF, 0xFA, 0xFF,
        0xFA, 0xFF, 0xFC, 0xFF, 0xFE, 0xFF, 0xFF, 0xFF, 0x00, 0x00, 0x02, 0x00, 0x06, 0x00, 0x09, 0x00,
        0x0C, 0x00, 0x0D, 0x00, 0x0A, 0x00, 0x08, 0x00, 0x08, 0x00, 0x04, 0x00, 0x00, 0x00, 0xFE, 0xFF,
        0xFA, 0xFF, 0xF9, 0xFF, 0xF9, 0xFF, 0xF9, 0xFF, 0xFB, 0xFF, 0xFD, 0xFF, 0xFF, 0xFF, 0x03, 0x00,
        0x06, 0x00, 0x08, 0x00, 0x09, 0x00, 0x0A, 0x00, 0x0A, 0x00, 0x09, 0x00, 0x07, 0x00, 0x05, 0x00,
        0x02, 0x00, 0xFF, 0xFF, 0xFB, 0xFF, 0xF9, 0xFF, 0xFA, 0xFF, 0xFA, 0xFF, 0xFB, 0xFF, 0xFF, 0xFF,
        0x02, 0x00, 0x04, 0x00, 0x0A, 0x00, 0x0E, 0x00, 0x0C, 0x00, 0x0A, 0x00, 0x0C, 0x00, 0x0B, 0x00,
        0x09, 0x00, 0x06, 0x00, 0x04, 0x00, 0x03, 0x00, 0xFF, 0xFF, 0xFA, 0xFF, 0xFC, 0xFF, 0xFC, 0xFF,
        0xFC, 0xFF, 0x00, 0x00, 0x03, 0x00, 0x05, 0x00, 0x09, 0x00, 0x0C, 0x00, 0x0E, 0x00, 0x0E, 0x00,
        0x0C, 0x00, 0x0B, 0x00, 0x09, 0x00, 0x04, 0x00, 0x01, 0x00, 0xFF, 0xFF, 0xFD, 0xFF, 0xFB, 0xFF,
        0xF9, 0xFF, 0xFA, 0xFF, 0xFC, 0xFF, 0xFE, 0xFF, 0x00, 0x00, 0x03, 0x00, 0x06, 0x00, 0x08, 0x00,
        0x0B, 0x00, 0x0D, 0x00, 0x08, 0x00, 0x06, 0x00, 0x08, 0x00, 0x05, 0x00, 0x02, 0x00, 0xFD, 0xFF,
        0xF8, 0xFF, 0xF9, 0xFF, 0xF8, 0xFF, 0xF6, 0xFF, 0xFB, 0xFF, 0xFF, 0xFF, 0x01, 0x00, 0x03, 0x00,
        0x05, 0x00, 0x08, 0x00, 0x0C, 0x00, 0x0D, 0x00, 0x0B, 0x00, 0x09, 0x00, 0x08, 0x00, 0x07, 0x00,
        0x03, 0x00, 0x01, 0x00, 0xFF, 0xFF, 0xFC, 0xFF, 0xFA, 0xFF, 0xFC, 0xFF, 0x01, 0x00, 0x02, 0x00,
        0x03, 0x00, 0x06, 0x00, 0x08, 0x00, 0x0B, 0x00, 0x0E, 0x00, 0x0D, 0x00, 0x0E, 0x00, 0x0D, 0x00,
        0x06, 0x00, 0x04, 0x00, 0x05, 0x00, 0x00, 0x00, 0xFC, 0xFF, 0xFC, 0xFF, 0xFC, 0xFF, 0xFF, 0xFF,
        0x00, 0x00, 0x01, 0x00, 0x03, 0x00, 0x05, 0x00, 0x08, 0x00, 0x0B, 0x00, 0x0C, 0x00, 0x0B, 0x00,
        0x0B, 0x00, 0x07, 0x00, 0x04, 0x00, 0x03, 0x00, 0x01, 0x00, 0xFE, 0xFF, 0xFB, 0xFF, 0xF9, 0xFF,
        0xFA, 0xFF, 0xF9, 0xFF, 0xFA, 0xFF, 0xFE, 0xFF, 0x02, 0x00, 0x04, 0x00, 0x06, 0x00, 0x09, 0x00,
        0x0B, 0x00, 0x0A, 0x00, 0x08, 0x00, 0x07, 0x00, 0x04, 0x00, 0x03, 0x00, 0x03, 0x00, 0xFF, 0xFF,
        0xFC, 0xFF, 0xFB, 0xFF, 0xFA, 0xFF, 0xF9, 0xFF, 0xFB, 0xFF, 0xFC, 0xFF, 0x00, 0x00, 0x04, 0x00,
        0x08, 0x00, 0x0B, 0x00, 0x0B, 0x00, 0x0B, 0x00, 0x0A, 0x00, 0x08, 0x00, 0x07, 0x00, 0x04, 0x00,
        0x01, 0x00, 0x00, 0x00, 0xFD, 0xFF, 0xFB, 0xFF, 0xFB, 0xFF, 0xFC, 0xFF, 0xFD, 0xFF, 0x00, 0x00,
        0x04, 0x00, 0x05, 0x00, 0x06, 0x00, 0x0B, 0x00, 0x0D, 0x00, 0x0C, 0x00, 0x0E, 0x00, 0x0B, 0x00,
        0x07, 0x00, 0x06, 0x00, 0x02, 0x00, 0xFF, 0xFF, 0xFF, 0xFF, 0xF9, 0xFF, 0xF9, 0xFF, 0xFD, 0xFF,
        0xFC, 0xFF, 0xFF, 0xFF, 0x03, 0x00, 0x04, 0x00, 0x08, 0x00, 0x09, 0x00, 0x07, 0x00, 0x0A, 0x00,
        0x0A, 0x00, 0x08, 0x00, 0x07, 0x00, 0x03, 0x00, 0xFF, 0xFF, 0xFE, 0xFF, 0xFA, 0xFF, 0xF9, 0xFF,
        0xFA, 0xFF, 0xF9, 0xFF, 0xFC, 0xFF, 0x00, 0x00, 0x01, 0x00, 0x04, 0x00, 0x08, 0x00, 0x09, 0x00,
        0x0B, 0x00, 0x0B, 0x00, 0x0A, 0x00, 0x0B, 0x00, 0x08, 0x00, 0x04, 0x00, 0x02, 0x00, 0xFF, 0xFF,
        0xFD, 0xFF, 0xFE, 0xFF, 0xFC, 0xFF, 0xFB, 0xFF, 0xFF, 0xFF, 0x01, 0x00, 0x02, 0x00, 0x06, 0x00,
        0x0A, 0x00, 0x0C, 0x00, 0x0C, 0x00, 0x0D, 0x00, 0x0E, 0x00, 0x08, 0x00, 0x05, 0x00, 0x06, 0x00,
        0x00, 0x00, 0xFD, 0xFF, 0xFE, 0xFF, 0xFB, 0xFF, 0xFB, 0xFF, 0xFC, 0xFF, 0xFE, 0xFF, 0x01, 0x00,
        0x03, 0x00, 0x05, 0x00, 0x08, 0x00, 0x08, 0x00, 0x09, 0x00, 0x0B, 0x00, 0x0A, 0x00, 0x09, 0x00,
        0x08, 0x00, 0x04, 0x00, 0xFE, 0xFF, 0xFC, 0xFF, 0xFB, 0xFF, 0xFA, 0xFF, 0xFB, 0xFF, 0xFB, 0xFF,
        0xFB, 0xFF, 0xFF, 0xFF, 0x03, 0x00, 0x03, 0x00, 0x04, 0x00, 0x08, 0x00, 0x0A, 0x00, 0x09, 0x00,
        0x08, 0x00, 0x06, 0x00, 0x05, 0x00, 0x04, 0x00, 0x02, 0x00, 0xFC, 0xFF, 0xFB, 0xFF, 0xFC, 0xFF,
        0xFA, 0xFF, 0xFB, 0xFF, 0xFF, 0xFF, 0xFF, 0xFF, 0x03, 0x00, 0x06, 0x00, 0x05, 0x00, 0x0A, 0x00,
        0x0D, 0x00, 0x0B, 0x00, 0x09, 0x00, 0x06, 0x00, 0x04, 0x00, 0x03, 0x00, 0x00, 0x00, 0xFF, 0xFF,
        0xFE, 0xFF, 0xFB, 0xFF, 0xFB, 0xFF, 0xFC, 0xFF, 0xFF, 0xFF, 0x02, 0x00, 0x03, 0x00, 0x05, 0x00,
        0x08, 0x00, 0x0A, 0x00, 0x0E, 0x00, 0x10, 0x00, 0x0C, 0x00, 0x09, 0x00, 0x07, 0x00, 0x05, 0x00,
        0x03, 0x00, 0xFF, 0xFF, 0xFC, 0xFF, 0xFD, 0xFF, 0xFE, 0xFF, 0xFF, 0xFF, 0x01, 0x00, 0x02, 0x00,
        0x05, 0x00, 0x08, 0x00, 0x05, 0x00, 0x06, 0x00, 0x0C, 0x00, 0x0C, 0x00, 0x0A, 0x00, 0x08, 0x00,
        0x04, 0x00, 0x02, 0x00, 0x01, 0x00, 0xFD, 0xFF, 0xFC, 0xFF, 0xFC, 0xFF, 0xF9, 0xFF, 0xF9, 0xFF,
        0xFB, 0xFF, 0xFE, 0xFF, 0x02, 0x00, 0x06, 0x00, 0x08, 0x00, 0x09, 0x00, 0x08, 0x00, 0x09, 0x00,
        0x09, 0x00, 0x07, 0x00, 0x05, 0x00, 0x03, 0x00, 0x01, 0x00, 0xFF, 0xFF, 0xFC, 0xFF, 0xFC, 0xFF,
        0xFE, 0xFF, 0xFD, 0xFF, 0xFF, 0xFF, 0x01, 0x00, 0x03, 0x00, 0x07, 0x00, 0x0B, 0x00, 0x0D, 0x00,
        0x0E, 0x00, 0x0D, 0x00, 0x0B, 0x00, 0x09, 0x00, 0x08, 0x00, 0x07, 0x00, 0x01, 0x00, 0xFD, 0xFF,
        0xFE, 0xFF, 0xFC, 0xFF, 0xFB, 0xFF, 0xFD, 0xFF, 0xFF, 0xFF, 0x01, 0x00, 0x04, 0x00, 0x05, 0x00,
        0x07, 0x00, 0x0B, 0x00, 0x0C, 0x00, 0x0A, 0x00, 0x09, 0x00, 0x08, 0x00, 0x06, 0x00, 0x02, 0x00,
        0xFF, 0xFF, 0xFD, 0xFF, 0xFB, 0xFF, 0xFA, 0xFF, 0xFA, 0xFF, 0xFA, 0xFF, 0xFE, 0xFF, 0x01, 0x00,
        0x01, 0x00, 0x03, 0x00, 0x06, 0x00, 0x09, 0x00, 0x0B, 0x00, 0x0A, 0x00, 0x07, 0x00, 0x07, 0x00,
        0x05, 0x00, 0x02, 0x00, 0x01, 0x00, 0xFD, 0xFF, 0xFB, 0xFF, 0xFD, 0xFF, 0xFB, 0xFF, 0xFA, 0xFF,
        0xFE, 0xFF, 0x00, 0x00, 0x03, 0x00, 0x07, 0x00, 0x08, 0x00, 0x0B, 0x00, 0x0C, 0x00, 0x0A, 0x00,
        0x0A, 0x00, 0x08, 0x00, 0x02, 0x00, 0x00, 0x00, 0x00, 0x00, 0xFC, 0xFF, 0xFA, 0xFF, 0xFC, 0xFF,
        0xFB, 0xFF, 0xFA, 0xFF, 0xFF, 0xFF, 0x02, 0x00, 0x03, 0x00, 0x07, 0x00, 0x09, 0x00, 0x0A, 0x00,
        0x0D, 0x00, 0x0C, 0x00, 0x0B, 0x00, 0x0A, 0x00, 0x07, 0x00, 0x02, 0x00, 0xFF, 0xFF, 0xFD, 0xFF,
        0xFC, 0xFF, 0xFB, 0xFF, 0xFB, 0xFF, 0xFD, 0xFF, 0xFE, 0xFF, 0xFF, 0xFF, 0x03, 0x00, 0x07, 0x00,
        0x0A, 0x00, 0x0C, 0x00, 0x0C, 0x00, 0x09, 0x00, 0x0A, 0x00, 0x0B, 0x00, 0x05, 0x00, 0x01, 0x00,
        0xFE, 0xFF, 0xFB, 0xFF, 0xFC, 0xFF, 0xFB, 0xFF, 0xF7, 0xFF, 0xF9, 0xFF, 0xFB, 0xFF, 0xFB, 0xFF,
        0x02, 0x00, 0x04, 0x00, 0x05, 0x00, 0x09, 0x00, 0x0A, 0x00, 0x0A, 0x00, 0x0B, 0x00, 0x04, 0x00,
        0x01, 0x00, 0x00, 0x00, 0xFB, 0xFF, 0xFA, 0xFF, 0xFA, 0xFF, 0xF8, 0xFF, 0xF9, 0xFF, 0xFC, 0xFF,
        0xFC, 0xFF, 0xFE, 0xFF, 0x00, 0x00, 0x05, 0x00, 0x08, 0x00, 0x09, 0x00, 0x0A, 0x00, 0x0C, 0x00,
        0x0B, 0x00, 0x09, 0x00, 0x06, 0x00, 0x03, 0x00, 0x00, 0x00, 0xFC, 0xFF, 0xFB, 0xFF, 0xFD, 0xFF,
        0xFD, 0xFF, 0xFD, 0xFF, 0xFF, 0xFF, 0x00, 0x00, 0x04, 0x00, 0x08, 0x00, 0x08, 0x00, 0x08, 0x00,
        0x0C, 0x00, 0x0C, 0x00, 0x08, 0x00, 0x06, 0x00, 0x05, 0x00, 0x03, 0x00, 0x00, 0x00, 0xFC, 0xFF,
        0xF8, 0xFF, 0xF6, 0xFF, 0xF6, 0xFF, 0xFB, 0xFF, 0xFD, 0xFF, 0xFE, 0xFF, 0x03, 0x00, 0x05, 0x00,
        0x06, 0x00, 0x0A, 0x00, 0x0B, 0x00, 0x06, 0x00, 0x05, 0x00, 0x03, 0x00, 0xFF, 0xFF, 0xFE, 0xFF,
        0xFD, 0xFF, 0xFA, 0xFF, 0xF9, 0xFF, 0xF9, 0xFF, 0xF8, 0xFF, 0xF8, 0xFF, 0xF8, 0xFF, 0xFC, 0xFF,
        0x03, 0x00, 0x06, 0x00, 0x06, 0x00, 0x09, 0x00, 0x09, 0x00, 0x09, 0x00, 0x0B, 0x00, 0x08, 0x00,
        0x03, 0x00, 0x01, 0x00, 0xFE, 0xFF, 0xFC, 0xFF, 0xFB, 0xFF, 0xF9, 0xFF, 0xFB, 0xFF, 0xFC, 0xFF,
        0xFD, 0xFF, 0xFF, 0xFF, 0x02, 0x00, 0x05, 0x00, 0x08, 0x00, 0x0A, 0x00, 0x0B, 0x00, 0x0B, 0x00,
        0x0A, 0x00, 0x0A, 0x00, 0x07, 0x00, 0x03, 0x00, 0x00, 0x00, 0xFF, 0xFF, 0xFD, 0xFF, 0xF9, 0xFF,
        0xF8, 0xFF, 0xFD, 0xFF, 0xFE, 0xFF, 0x00, 0x00, 0x05, 0x00, 0x08, 0x00, 0x09, 0x00, 0x0A, 0x00,
        0x0A, 0x00, 0x09, 0x00, 0x07, 0x00, 0x06, 0x00, 0x05, 0x00, 0x01, 0x00, 0xFE, 0xFF, 0xFB, 0xFF,
        0xF7, 0xFF, 0xF9, 0xFF, 0xFA, 0xFF, 0xF7, 0xFF, 0xFB, 0xFF, 0x01, 0x00, 0x01, 0x00, 0x03, 0x00,
        0x06, 0x00, 0x09, 0x00, 0x08, 0x00, 0x07, 0x00, 0x08, 0x00, 0x06, 0x00, 0x01, 0x00, 0xFF, 0xFF,
        0xFE, 0xFF, 0xFC, 0xFF, 0xF9, 0xFF, 0xF7, 0xFF, 0xF8, 0xFF, 0xFA, 0xFF, 0xFD, 0xFF, 0x01, 0x00,
        0x01, 0x00, 0x03, 0x00, 0x09, 0x00, 0x0A, 0x00, 0x0A, 0x00, 0x0C, 0x00, 0x09, 0x00, 0x06, 0x00,
        0x05, 0x00, 0x00, 0x00, 0xFE, 0xFF, 0xFE, 0xFF, 0xFA, 0xFF, 0xF8, 0xFF, 0xFA, 0xFF, 0xFC, 0xFF,
        0x00, 0x00, 0x05, 0x00, 0x06, 0x00, 0x07, 0x00, 0x0B, 0x00, 0x0C, 0x00, 0x0B, 0x00, 0x0B, 0x00,
        0x08, 0x00, 0x06, 0x00, 0x07, 0x00, 0x04, 0x00, 0xFD, 0xFF, 0xFA, 0xFF, 0xFA, 0xFF, 0xFB, 0xFF,
        0xFB, 0xFF, 0xFD, 0xFF, 0xFD, 0xFF, 0xFF, 0xFF, 0x03, 0x00, 0x05, 0x00, 0x08, 0x00, 0x0A, 0x00,
        0x0A, 0x00, 0x08, 0x00, 0x05, 0x00, 0x04, 0x00, 0x02, 0x00, 0xFE, 0xFF, 0xFB, 0xFF, 0xFB, 0xFF,
        0xFA, 0xFF, 0xF9, 0xFF, 0xF9, 0xFF, 0xFB, 0xFF, 0xFC, 0xFF, 0x00, 0x00, 0x03, 0x00, 0x05, 0x00,
        0x09, 0x00, 0x0B, 0x00, 0x0A, 0x00, 0x0B, 0x00, 0x09, 0x00, 0x06, 0x00, 0x02, 0x00, 0xFE, 0xFF,
        0xFD, 0xFF, 0xFB, 0xFF, 0xF8, 0xFF, 0xF8, 0xFF, 0xFB, 0xFF, 0xFB, 0xFF, 0xFD, 0xFF, 0x01, 0x00,
        0x02, 0x00, 0x05, 0x00, 0x08, 0x00, 0x0A, 0x00, 0x09, 0x00, 0x09, 0x00, 0x08, 0x00, 0x06, 0x00,
        0x04, 0x00, 0x03, 0x00, 0x00, 0x00, 0xFD, 0xFF, 0xFB, 0xFF, 0xFB, 0xFF, 0xFA, 0xFF, 0xFA, 0xFF,
        0xFE, 0xFF, 0x02, 0x00, 0x04, 0x00, 0x09, 0x00, 0x0B, 0x00, 0x0B, 0x00, 0x0C, 0x00, 0x0A, 0x00,
        0x07, 0x00, 0x06, 0x00, 0x04, 0x00, 0x01, 0x00, 0xFE, 0xFF, 0xFB, 0xFF, 0xF9, 0xFF, 0xF9, 0xFF,
        0xF9, 0xFF, 0xFA, 0xFF, 0xFC, 0xFF, 0x02, 0x00, 0x04, 0x00, 0x04, 0x00, 0x07, 0x00, 0x08, 0x00,
        0x09, 0x00, 0x0A, 0x00, 0x07, 0x00, 0x05, 0x00, 0x01, 0x00, 0xFB, 0xFF, 0xFB, 0xFF, 0xFA, 0xFF,
        0xF7, 0xFF, 0xF9, 0xFF, 0xFA, 0xFF, 0xFA, 0xFF, 0xFC, 0xFF, 0xFE, 0xFF, 0x02, 0x00, 0x04, 0x00,
        0x04, 0x00, 0x08, 0x00, 0x09, 0x00, 0x08, 0x00, 0x08, 0x00, 0x07, 0x00, 0x05, 0x00, 0x03, 0x00,
        0xFE, 0xFF, 0xF9, 0xFF, 0xF9, 0xFF, 0xFB, 0xFF, 0xFA, 0xFF, 0xFC, 0xFF, 0x01, 0x00, 0x02, 0x00,
        0x03, 0x00, 0x08, 0x00, 0x08, 0x00, 0x08, 0x00, 0x0A, 0x00, 0x08, 0x00, 0x06, 0x00, 0x06, 0x00,
        0x03, 0x00, 0x00, 0x00, 0xFE, 0xFF, 0xFD, 0xFF, 0xFB, 0xFF, 0xFA, 0xFF, 0xFA, 0xFF, 0xFB, 0xFF,
        0xFD, 0xFF, 0x02, 0x00, 0x05, 0x00, 0x05, 0x00, 0x08, 0x00, 0x0A, 0x00, 0x08, 0x00, 0x07, 0x00,
        0x07, 0x00, 0x05, 0x00, 0x01, 0x00, 0xFE, 0xFF, 0xFC, 0xFF, 0xFA, 0xFF, 0xFA, 0xFF, 0xF9, 0xFF,
        0xF9, 0xFF, 0xFC, 0xFF, 0xFC, 0xFF, 0xFD, 0xFF, 0x02, 0x00, 0x06, 0x00, 0x05, 0x00, 0x07, 0x00,
        0x0A, 0x00, 0x08, 0x00, 0x08, 0x00, 0x06, 0x00, 0x00, 0x00, 0xFF, 0xFF, 0xFC, 0xFF, 0xF9, 0xFF,
        0xFB, 0xFF, 0xF9, 0xFF, 0xF9, 0xFF, 0xFC, 0xFF, 0xFE, 0xFF, 0x01, 0x00, 0x05, 0x00, 0x05, 0x00,
        0x07, 0x00, 0x09, 0x00, 0x0A, 0x00, 0x0A, 0x00, 0x08, 0x00, 0x06, 0x00, 0x04, 0x00, 0x00, 0x00,
        0x00, 0x00, 0xFF, 0xFF, 0xF9, 0xFF, 0xF8, 0xFF, 0xFA, 0xFF, 0xFC, 0xFF, 0xFF, 0xFF, 0x00, 0x00,
        0x04, 0x00, 0x08, 0x00, 0x09, 0x00, 0x0B, 0x00, 0x0D, 0x00, 0x0A, 0x00, 0x08, 0x00, 0x04, 0x00,
        0x00, 0x00, 0xFF, 0xFF, 0xFC, 0xFF, 0xFA, 0xFF, 0xFA, 0xFF, 0xF8, 0xFF, 0xFA, 0xFF, 0xFA, 0xFF,
        0xFA, 0xFF, 0xFE, 0xFF, 0x00, 0x00, 0x04, 0x00, 0x09, 0x00, 0x09, 0x00, 0x07, 0x00, 0x07, 0x00,
        0x05, 0x00, 0x04, 0x00, 0x02, 0x00, 0xFC, 0xFF, 0xF9, 0xFF, 0xF8, 0xFF, 0xF7, 0xFF, 0xF8, 0xFF,
        0xF9, 0xFF, 0xFA, 0xFF, 0xFB, 0xFF, 0xFE, 0xFF, 0x02, 0x00, 0x05, 0x00, 0x05, 0x00, 0x08, 0x00,
        0x09, 0x00, 0x07, 0x00, 0x06, 0x00, 0x06, 0x00, 0x04, 0x00, 0xFF, 0xFF, 0xFC, 0xFF, 0xFA, 0xFF,
        0xF8, 0xFF, 0xF9, 0xFF, 0xFA, 0xFF, 0xFB, 0xFF, 0xFE, 0xFF, 0x02, 0x00, 0x05, 0x00, 0x08, 0x00,
        0x09, 0x00, 0x0A, 0x00, 0x09, 0x00, 0x09, 0x00, 0x09, 0x00, 0x05, 0x00, 0x02, 0x00, 0x00, 0x00,
        0xFD, 0xFF, 0xFB, 0xFF, 0xF9, 0xFF, 0xF7, 0xFF, 0xFA, 0xFF, 0xFE, 0xFF, 0xFD, 0xFF, 0xFF, 0xFF,
        0x03, 0x00, 0x03, 0x00, 0x07, 0x00, 0x0A, 0x00, 0x09, 0x00, 0x08, 0x00, 0x06, 0x00, 0x02, 0x00,
        0xFF, 0xFF, 0xFB, 0xFF, 0xF9, 0xFF, 0xF9, 0xFF, 0xF8, 0xFF, 0xF7, 0xFF, 0xF9, 0xFF, 0xFA, 0xFF,
        0xFB, 0xFF, 0xFF, 0xFF, 0x01, 0x00, 0x02, 0x00, 0x05, 0x00, 0x07, 0x00, 0x08, 0x00, 0x07, 0x00,
        0x04, 0x00, 0x04, 0x00, 0x03, 0x00, 0xFE, 0xFF, 0xFA, 0xFF, 0xF9, 0xFF, 0xF7, 0xFF, 0xF6, 0xFF,
        0xF9, 0xFF, 0xFC, 0xFF, 0xFF, 0xFF, 0x01, 0x00, 0x04, 0x00, 0x06, 0x00, 0x08, 0x00, 0x08, 0x00,
        0x07, 0x00, 0x08, 0x00, 0x08, 0x00, 0x06, 0x00, 0x02, 0x00, 0xFF, 0xFF, 0x00, 0x00, 0xFE, 0xFF,
        0xF8, 0xFF, 0xF8, 0xFF, 0xFD, 0xFF, 0xFB, 0xFF, 0xFD, 0xFF, 0x04, 0x00, 0x04, 0x00, 0x07, 0x00,
        0x0C, 0x00, 0x0A, 0x00, 0x09, 0x00, 0x0A, 0x00, 0x07, 0x00, 0x03, 0x00, 0xFF, 0xFF, 0xFF, 0xFF,
        0xFE, 0xFF, 0xFA, 0xFF, 0xF9, 0xFF, 0xF9, 0xFF, 0xF9, 0xFF, 0xFD, 0xFF, 0xFE, 0xFF, 0xFF, 0xFF,
        0x04, 0x00, 0x05, 0x00, 0x06, 0x00, 0x07, 0x00, 0x06, 0x00, 0x06, 0x00, 0x06, 0x00, 0x03, 0x00,
        0xFF, 0xFF, 0xFC, 0xFF, 0xFA, 0xFF, 0xF8, 0xFF, 0xF8, 0xFF, 0xF9, 0xFF, 0xF7, 0xFF, 0xFA, 0xFF,
        0xFE, 0xFF, 0xFF, 0xFF, 0x04, 0x00, 0x07, 0x00, 0x03, 0x00, 0x06, 0x00, 0x0A, 0x00, 0x05, 0x00,
        0x05, 0x00, 0x07, 0x00, 0x03, 0x00, 0xFE, 0xFF, 0xFB, 0xFF, 0xF9, 0xFF, 0xFA, 0xFF, 0xFA, 0xFF,
        0xFA, 0xFF, 0xFC, 0xFF, 0x00, 0x00, 0x02, 0x00, 0x03, 0x00, 0x06, 0x00, 0x0A, 0x00, 0x0A, 0x00,
        0x0A, 0x00, 0x0B, 0x00, 0x07, 0x00, 0x02, 0x00, 0x02, 0x00, 0x02, 0x00, 0xFF, 0xFF, 0xFA, 0xFF,
        0xF8, 0xFF, 0xFA, 0xFF, 0xFC, 0xFF, 0xFC, 0xFF, 0xFD, 0xFF, 0x00, 0x00, 0x04, 0x00, 0x06, 0x00,
        0x04, 0x00, 0x08, 0x00, 0x0A, 0x00, 0x08, 0x00, 0x06, 0x00, 0x03, 0x00, 0x01, 0x00, 0x00, 0x00,
        0xFB, 0xFF, 0xFA, 0xFF, 0xFA, 0xFF, 0xF7, 0xFF, 0xFB, 0xFF, 0xFC, 0xFF, 0xFA, 0xFF, 0x00, 0x00,
        0x03, 0x00, 0x02, 0x00, 0x06, 0x00, 0x07, 0x00, 0x08, 0x00, 0x07, 0x00, 0x02, 0x00, 0x03, 0x00,
        0x01, 0x00, 0xFC, 0xFF, 0xFE, 0xFF, 0xFB, 0xFF, 0xF6, 0xFF, 0xF9, 0xFF, 0xF9, 0xFF, 0xFA, 0xFF,
        0xFF, 0xFF, 0xFF, 0xFF, 0x02, 0x00, 0x08, 0x00, 0x0A, 0x00, 0x09, 0x00, 0x08, 0x00, 0x06, 0x00,
        0x05, 0x00, 0x02, 0x00, 0xFE, 0xFF, 0xFC, 0xFF, 0xFB, 0xFF, 0xFB, 0xFF, 0xF8, 0xFF, 0xF7, 0xFF,
        0xFB, 0xFF, 0xFC, 0xFF, 0xFE, 0xFF, 0x01, 0x00, 0x04, 0x00, 0x08, 0x00, 0x0B, 0x00, 0x0C, 0x00,
        0x0A, 0x00, 0x08, 0x00, 0x08, 0x00, 0x06, 0x00, 0x00, 0x00, 0xFC, 0xFF, 0xFC, 0xFF, 0xFC, 0xFF,
        0xFA, 0xFF, 0xF9, 0xFF, 0xFB, 0xFF, 0xFC, 0xFF, 0xFD, 0xFF, 0x01, 0x00, 0x03, 0x00, 0x03, 0x00,
        0x05, 0x00, 0x07, 0x00, 0x07, 0x00, 0x07, 0x00, 0x06, 0x00, 0x02, 0x00, 0xFF, 0xFF, 0xFE, 0xFF,
        0xFA, 0xFF, 0xF6, 0xFF, 0xF7, 0xFF, 0xF8, 0xFF, 0xF8, 0xFF, 0xFB, 0xFF, 0xFD, 0xFF, 0x00, 0x00,
        0x03, 0x00, 0x05, 0x00, 0x07, 0x00, 0x07, 0x00, 0x06, 0x00, 0x06, 0x00, 0x05, 0x00, 0x04, 0x00,
        0x01, 0x00, 0xFE, 0xFF, 0xFD, 0xFF, 0xFA, 0xFF, 0xF9, 0xFF, 0xFA, 0xFF, 0xF8, 0xFF, 0xFA, 0xFF,
        0x00, 0x00, 0x02, 0x00, 0x04, 0x00, 0x08, 0x00, 0x09, 0x00, 0x0B, 0x00, 0x09, 0x00, 0x06, 0x00,
        0x07, 0x00, 0x03, 0x00, 0xFF, 0xFF, 0xFF, 0xFF, 0xFB, 0xFF, 0xF9, 0xFF, 0xFB, 0xFF, 0xFA, 0xFF,
        0xF9, 0xFF, 0xFE, 0xFF, 0x00, 0x00, 0x01, 0x00, 0x06, 0x00, 0x07, 0x00, 0x06, 0x00, 0x09, 0x00,
        0x0A, 0x00, 0x08, 0x00, 0x07, 0x00, 0x04, 0x00, 0x01, 0x00, 0xFD, 0xFF, 0xFA, 0xFF, 0xF9, 0xFF,
        0xF7, 0xFF, 0xF7, 0xFF, 0xF9, 0xFF, 0xFB, 0xFF, 0xFF, 0xFF, 0x00, 0x00, 0x01, 0x00, 0x06, 0x00,
        0x06, 0x00, 0x04, 0x00, 0x07, 0x00, 0x07, 0x00, 0x03, 0x00, 0x02, 0x00, 0x02, 0x00, 0xFF, 0xFF,
        0xFA, 0xFF, 0xF9, 0xFF, 0xFA, 0xFF, 0xF8, 0xFF, 0xF8, 0xFF, 0xF8, 0xFF, 0xFB, 0xFF, 0x03, 0x00,
        0x04, 0x00, 0x04, 0x00, 0x09, 0x00, 0x0A, 0x00, 0x08, 0x00, 0x08, 0x00, 0x06, 0x00, 0x03, 0x00,
        0x03, 0x00, 0x00, 0x00, 0xFC, 0xFF, 0xFB, 0xFF, 0xFC, 0xFF, 0xFC, 0xFF, 0xFB, 0xFF, 0xFB, 0xFF,
        0xFD, 0xFF, 0x01, 0x00, 0x04, 0x00, 0x06, 0x00, 0x08, 0x00, 0x0A, 0x00, 0x09, 0x00, 0x08, 0x00,
        0x06, 0x00, 0x03, 0x00, 0x00, 0x00, 0xFC, 0xFF, 0xFB, 0xFF, 0xFB, 0xFF, 0xFA, 0xFF, 0xF9, 0xFF,
        0xFB, 0xFF, 0xFE, 0xFF, 0x00, 0x00, 0x01, 0x00, 0x04, 0x00, 0x06, 0x00, 0x07, 0x00, 0x09, 0x00,
        0x09, 0x00, 0x08, 0x00, 0x03, 0x00, 0xFF, 0xFF, 0x01, 0x00, 0x00, 0x00, 0xFA, 0xFF, 0xF7, 0xFF,
        0xF5, 0xFF, 0xF6, 0xFF, 0xFA, 0xFF, 0xFB, 0xFF, 0xFD, 0xFF, 0x01, 0x00, 0x03, 0x00, 0x07, 0x00,
        0x09, 0x00, 0x06, 0x00, 0x08, 0x00, 0x06, 0x00, 0x01, 0x00, 0x01, 0x00, 0x00, 0x00, 0xFC, 0xFF,
        0xFB, 0xFF, 0xF9, 0xFF, 0xF7, 0xFF, 0xF8, 0xFF, 0xFA, 0xFF, 0xFD, 0xFF, 0xFF, 0xFF, 0x01, 0x00,
        0x04, 0x00, 0x09, 0x00, 0x0A, 0x00, 0x0A, 0x00, 0x0A, 0x00, 0x08, 0x00, 0x06, 0x00, 0x04, 0x00,
        0x01, 0x00, 0x00, 0x00, 0xFD, 0xFF, 0xFA, 0xFF, 0xFB, 0xFF, 0xFB, 0xFF, 0xF8, 0xFF, 0xFD, 0xFF,
        0x00, 0x00, 0x01, 0x00, 0x06, 0x00, 0x06, 0x00, 0x06, 0x00, 0x09, 0x00, 0x08, 0x00, 0x06, 0x00,
        0x06, 0x00, 0x02, 0x00, 0xFF, 0xFF, 0xFC, 0xFF, 0xFA, 0xFF, 0xF8, 0xFF, 0xF7, 0xFF, 0xF8, 0xFF,
        0xF9, 0xFF, 0xFA, 0xFF, 0xFF, 0xFF, 0x01, 0x00, 0x03, 0x00, 0x09, 0x00, 0x08, 0x00, 0x06, 0x00,
        0x07, 0x00, 0x04, 0x00, 0x01, 0x00, 0x03, 0x00, 0xFF, 0xFF, 0xFB, 0xFF, 0xFB, 0xFF, 0xFA, 0xFF,
        0xF8, 0xFF, 0xF6, 0xFF, 0xF6, 0xFF, 0xFA, 0xFF, 0x00, 0x00, 0x02, 0x00, 0x03, 0x00, 0x06, 0x00,
        0x08, 0x00, 0x06, 0x00, 0x07, 0x00, 0x07, 0x00, 0x05, 0x00, 0x02, 0x00, 0xFF, 0xFF, 0xFB, 0xFF,
        0xFB, 0xFF, 0xFB, 0xFF, 0xF8, 0xFF, 0xF8, 0xFF, 0xFC, 0xFF, 0xFC, 0xFF, 0xFC, 0xFF, 0x01, 0x00,
        0x06, 0x00, 0x06, 0x00, 0x06, 0x00, 0x07, 0x00, 0x07, 0x00, 0x07, 0x00, 0x07, 0x00, 0x04, 0x00,
        0x00, 0x00, 0xFD, 0xFF, 0xFC, 0xFF, 0xFA, 0xFF, 0xF9, 0xFF, 0xFA, 0xFF, 0xFC, 0xFF, 0xFE, 0xFF,
        0x00, 0x00, 0x02, 0x00, 0x05, 0x00, 0x08, 0x00, 0x09, 0x00, 0x08, 0x00, 0x06, 0x00, 0x06, 0x00,
        0x04, 0x00, 0xFF, 0xFF, 0xFC, 0xFF, 0xFD, 0xFF, 0xFC, 0xFF, 0xF8, 0xFF, 0xF4, 0xFF, 0xF7, 0xFF,
        0xFB, 0xFF, 0xFA, 0xFF, 0xFC, 0xFF, 0x00, 0x00, 0x02, 0x00, 0x05, 0x00, 0x08, 0x00, 0x07, 0x00,
        0x05, 0x00, 0x05, 0x00, 0x03, 0x00, 0xFE, 0xFF, 0xFD, 0xFF, 0xFC, 0xFF, 0xFA, 0xFF, 0xFA, 0xFF,
        0xF8, 0xFF, 0xF5, 0xFF, 0xF9, 0xFF, 0xFC, 0xFF, 0xFD, 0xFF, 0x02, 0x00, 0x04, 0x00, 0x05, 0x00,
        0x0A, 0x00, 0x0A, 0x00, 0x07, 0x00, 0x08, 0x00, 0x05, 0x00, 0x01, 0x00, 0x00, 0x00, 0xFE, 0xFF,
        0xFB, 0xFF, 0xFA, 0xFF, 0xFB, 0xFF, 0xFC, 0xFF, 0xFB, 0xFF, 0xFE, 0xFF, 0x02, 0x00, 0x02, 0x00,
        0x04, 0x00, 0x07, 0x00, 0x07, 0x00, 0x09, 0x00, 0x0A, 0x00, 0x07, 0x00, 0x05, 0x00, 0x04, 0x00,
        0x00, 0x00, 0xFC, 0xFF, 0xF8, 0xFF, 0xF7, 0xFF, 0xF7, 0xFF, 0xF7, 0xFF, 0xF9, 0xFF, 0xFC, 0xFF,
        0x00, 0x00, 0x02, 0x00, 0x03, 0x00, 0x06, 0x00, 0x08, 0x00, 0x07, 0x00, 0x05, 0x00, 0x04, 0x00,
        0x03, 0x00, 0x02, 0x00, 0xFF, 0xFF, 0xFB, 0xFF, 0xF9, 0xFF, 0xF8, 0xFF, 0xF7, 0xFF, 0xF7, 0xFF,
        0xF8, 0xFF, 0xFB, 0xFF, 0xFE, 0xFF, 0x00, 0x00, 0x03, 0x00, 0x06, 0x00, 0x09, 0x00, 0x0A, 0x00,
        0x08, 0x00, 0x06, 0x00, 0x03, 0x00, 0x00, 0x00, 0xFC, 0xFF, 0xFB, 0xFF, 0xFB, 0xFF, 0xFA, 0xFF,
        0xFB, 0xFF, 0xFA, 0xFF, 0xF9, 0xFF, 0xFC, 0xFF, 0xFF, 0xFF, 0x03, 0x00, 0x07, 0x00, 0x07, 0x00,
        0x08, 0x00, 0x09, 0x00, 0x05, 0x00, 0x05, 0x00, 0x08, 0x00, 0x02, 0x00, 0xFD, 0xFF, 0xFC, 0xFF,
        0xF8, 0xFF, 0xF6, 0xFF, 0xF7, 0xFF, 0xFA, 0xFF, 0xFD, 0xFF, 0xFF, 0xFF, 0x00, 0x00, 0x03, 0x00,
        0x03, 0x00, 0x05, 0x00, 0x08, 0x00, 0x07, 0x00, 0x06, 0x00, 0x06, 0x00, 0x03, 0x00, 0x00, 0x00,
        0x00, 0x00, 0xFE, 0xFF, 0xF9, 0xFF, 0xF6, 0xFF, 0xF6, 0xFF, 0xF5, 0xFF, 0xF7, 0xFF, 0xFB, 0xFF,
        0xFD, 0xFF, 0x00, 0x00, 0x05, 0x00, 0x07, 0x00, 0x07, 0x00, 0x06, 0x00, 0x05, 0x00, 0x05, 0x00,
        0x02, 0x00, 0xFD, 0xFF, 0xFB, 0xFF, 0xFA, 0xFF, 0xF9, 0xFF, 0xF7, 0xFF, 0xF7, 0xFF, 0xF7, 0xFF,
        0xF9, 0xFF, 0xFB, 0xFF, 0xFC, 0xFF, 0xFF, 0xFF, 0x03, 0x00, 0x06, 0x00, 0x08, 0x00, 0x08, 0x00,
        0x07, 0x00, 0x06, 0x00, 0x03, 0x00, 0xFF, 0xFF, 0xFD, 0xFF, 0xFB, 0xFF, 0xF9, 0xFF, 0xF8, 0xFF,
        0xF9, 0xFF, 0xF9, 0xFF, 0xFC, 0xFF, 0xFF, 0xFF, 0x00, 0x00, 0x02, 0x00, 0x05, 0x00, 0x07, 0x00,
        0x08, 0x00, 0x09, 0x00, 0x08, 0x00, 0x06, 0x00, 0x03, 0x00, 0x00, 0x00, 0xFE, 0xFF, 0xF9, 0xFF,
        0xF7, 0xFF, 0xF9, 0xFF, 0xF9, 0xFF, 0xF8, 0xFF, 0xFB, 0xFF, 0xFE, 0xFF, 0xFE, 0xFF, 0xFF, 0xFF,
        0x03, 0x00, 0x05, 0x00, 0x07, 0x00, 0x08, 0x00, 0x06, 0x00, 0x02, 0x00, 0x01, 0x00, 0x00, 0x00,
        0xFD, 0xFF, 0xF8, 0xFF, 0xF7, 0xFF, 0xF9, 0xFF, 0xF7, 0xFF, 0xF6, 0xFF, 0xFA, 0xFF, 0xFA, 0xFF,
        0xFC, 0xFF, 0x00, 0x00, 0x02, 0x00, 0x05, 0x00, 0x06, 0x00, 0x06, 0x00, 0x08, 0x00, 0x04, 0x00,
        0x00, 0x00, 0x00, 0x00, 0xFC, 0xFF, 0xF9, 0xFF, 0xF9, 0xFF, 0xF7, 0xFF, 0xF7, 0xFF, 0xFA, 0xFF,
        0xFB, 0xFF, 0xFB, 0xFF, 0xFF, 0xFF, 0x03, 0x00, 0x05, 0x00, 0x06, 0x00, 0x08, 0x00, 0x08, 0x00,
        0x07, 0x00, 0x05, 0x00, 0x02, 0x00, 0x02, 0x00, 0xFF, 0xFF, 0xFA, 0xFF, 0xFA, 0xFF, 0xF8, 0xFF,
        0xF6, 0xFF, 0xF8, 0xFF, 0xFB, 0xFF, 0xFD, 0xFF, 0x01, 0x00, 0x03, 0x00, 0x05, 0x00, 0x08, 0x00,
        0x0A, 0x00, 0x08, 0x00, 0x05, 0x00, 0x07, 0x00, 0x07, 0x00, 0x01, 0x00, 0xFE, 0xFF, 0xFF, 0xFF,
        0xFB, 0xFF, 0xF7, 0xFF, 0xF6, 0xFF, 0xF6, 0xFF, 0xF9, 0xFF, 0xFE, 0xFF, 0xFF, 0xFF, 0xFF, 0xFF,
        0x03, 0x00, 0x06, 0x00, 0x06, 0x00, 0x06, 0x00, 0x04, 0x00, 0x01, 0x00, 0x02, 0x00, 0x00, 0x00,
        0xF9, 0xFF, 0xF7, 0xFF, 0xF6, 0xFF, 0xF4, 0xFF, 0xF6, 0xFF, 0xF7, 0xFF, 0xF7, 0xFF, 0xFB, 0xFF,
        0xFD, 0xFF, 0x00, 0x00, 0x05, 0x00, 0x05, 0x00, 0x06, 0x00, 0x08, 0x00, 0x06, 0x00, 0x05, 0x00,
        0x03, 0x00, 0x00, 0x00, 0xFE, 0xFF, 0xF9, 0xFF, 0xF8, 0xFF, 0xFB, 0xFF, 0xF8, 0xFF, 0xF8, 0xFF,
        0xFC, 0xFF, 0xFD, 0xFF, 0x00, 0x00, 0x06, 0x00, 0x06, 0x00, 0x07, 0x00, 0x07, 0x00, 0x06, 0x00,
        0x07, 0x00, 0x07, 0x00, 0x05, 0x00, 0x03, 0x00, 0xFD, 0xFF, 0xFB, 0xFF, 0xFC, 0xFF, 0xF8, 0xFF,
        0xF8, 0xFF, 0xFA, 0xFF, 0xF8, 0xFF, 0xFB, 0xFF, 0x01, 0x00, 0x04, 0x00, 0x04, 0x00, 0x06, 0x00,
        0x08, 0x00, 0x07, 0x00, 0x04, 0x00, 0x05, 0x00, 0x03, 0x00, 0xFE, 0xFF, 0xFB, 0xFF, 0xF9, 0xFF,
        0xFA, 0xFF, 0xF8, 0xFF, 0xF4, 0xFF, 0xF6, 0xFF, 0xF9, 0xFF, 0xFA, 0xFF, 0xFD, 0xFF, 0xFF, 0xFF,
        0x00, 0x00, 0x03, 0x00, 0x04, 0x00, 0x06, 0x00, 0x06, 0x00, 0x02, 0x00, 0xFF, 0xFF, 0xFE, 0xFF,
        0xFC, 0xFF, 0xF8, 0xFF, 0xF6, 0xFF, 0xF7, 0xFF, 0xF6, 0xFF, 0xF7, 0xFF, 0xFB, 0xFF, 0xFD, 0xFF,
        0xFE, 0xFF, 0x00, 0x00, 0x03, 0x00, 0x07, 0x00, 0x07, 0x00, 0x06, 0x00, 0x07, 0x00, 0x04, 0x00,
        0x02, 0x00, 0x01, 0x00, 0xFC, 0xFF, 0xFA, 0xFF, 0xF9, 0xFF, 0xF7, 0xFF, 0xF8, 0xFF, 0xF9, 0xFF,
        0xF9, 0xFF, 0xFE, 0xFF, 0x03, 0x00, 0x05, 0x00, 0x04, 0x00, 0x05, 0x00, 0x07, 0x00, 0x05, 0x00,
        0x04, 0x00, 0x03, 0x00, 0x00, 0x00, 0xFD, 0xFF, 0xF9, 0xFF, 0xF8, 0xFF, 0xF8, 0xFF, 0xF6, 0xFF,
        0xF7, 0xFF, 0xF7, 0xFF, 0xF6, 0xFF, 0xFC, 0xFF, 0xFE, 0xFF, 0xFE, 0xFF, 0x03, 0x00, 0x04, 0x00,
        0x04, 0x00, 0x05, 0x00, 0x01, 0x00, 0x00, 0x00, 0x00, 0x00, 0xFA, 0xFF, 0xF8, 0xFF, 0xF7, 0xFF,
        0xF4, 0xFF, 0xF6, 0xFF, 0xF6, 0xFF, 0xF3, 0xFF, 0xF8, 0xFF, 0xFB, 0xFF, 0xFD, 0xFF, 0x00, 0x00,
        0x02, 0x00, 0x02, 0x00, 0x06, 0x00, 0x09, 0x00, 0x04, 0x00, 0x01, 0x00, 0x02, 0x00, 0xFF, 0xFF,
        0xFA, 0xFF, 0xF8, 0xFF, 0xF5, 0xFF, 0xF5, 0xFF, 0xF8, 0xFF, 0xF6, 0xFF, 0xF8, 0xFF, 0xFE, 0xFF,
        0xFF, 0xFF, 0x00, 0x00, 0x05, 0x00, 0x05, 0x00, 0x05, 0x00, 0x06, 0x00, 0x04, 0x00, 0x01, 0x00,
        0xFF, 0xFF, 0xFF, 0xFF, 0xFD, 0xFF, 0xF8, 0xFF, 0xF4, 0xFF, 0xF6, 0xFF, 0xF8, 0xFF, 0xF7, 0xFF,
        0xF8, 0xFF, 0xFC, 0xFF, 0xFF, 0xFF, 0x01, 0x00, 0x03, 0x00, 0x06, 0x00, 0x06, 0x00, 0x06, 0x00,
        0x05, 0x00, 0x02, 0x00, 0x00, 0x00, 0xFF, 0xFF, 0xFA, 0xFF, 0xF8, 0xFF, 0xF9, 0xFF, 0xF6, 0xFF,
        0xF6, 0xFF, 0xF9, 0xFF, 0xF8, 0xFF, 0xFB, 0xFF, 0xFF, 0xFF, 0xFF, 0xFF, 0x02, 0x00, 0x05, 0x00,
        0x04, 0x00, 0x04, 0x00, 0x04, 0x00, 0xFF, 0xFF, 0xFE, 0xFF, 0xFD, 0xFF, 0xF9, 0xFF, 0xF8, 0xFF,
        0xF7, 0xFF, 0xF5, 0xFF, 0xF6, 0xFF, 0xF9, 0xFF, 0xF9, 0xFF, 0xFB, 0xFF, 0x01, 0x00, 0x02, 0x00,
        0x04, 0x00, 0x06, 0x00, 0x04, 0x00, 0x07, 0x00, 0x07, 0x00, 0x02, 0x00, 0x00, 0x00, 0x00, 0x00,
        0xFD, 0xFF, 0xFD, 0xFF, 0xFA, 0xFF, 0xF7, 0xFF, 0xF8, 0xFF, 0xF9, 0xFF, 0xFB, 0xFF, 0xFF, 0xFF,
        0x01, 0x00, 0x03, 0x00, 0x06, 0x00, 0x06, 0x00, 0x06, 0x00, 0x05, 0x00, 0x03, 0x00, 0x01, 0x00,
        0xFD, 0xFF, 0xFC, 0xFF, 0xFB, 0xFF, 0xF7, 0xFF, 0xF7, 0xFF, 0xF9, 0xFF, 0xF8, 0xFF, 0xF9, 0xFF,
        0xFA, 0xFF, 0xF8, 0xFF, 0xFC, 0xFF, 0x00, 0x00, 0x00, 0x00, 0x03, 0x00, 0x07, 0x00, 0x06, 0x00,
        0x05, 0x00, 0x03, 0x00, 0xFD, 0xFF, 0xFA, 0xFF, 0xFB, 0xFF, 0xFA, 0xFF, 0xF5, 0xFF, 0xF4, 0xFF,
        0xF7, 0xFF, 0xF9, 0xFF, 0xF8, 0xFF, 0xFB, 0xFF, 0xFF, 0xFF, 0xFF, 0xFF, 0x02, 0x00, 0x05, 0x00,
        0x06, 0x00, 0x03, 0x00, 0x01, 0x00, 0x01, 0x00, 0x00, 0x00, 0xFC, 0xFF, 0xFA, 0xFF, 0xF8, 0xFF,
        0xF5, 0xFF, 0xF4, 0xFF, 0xF3, 0xFF, 0xF6, 0xFF, 0xFC, 0xFF, 0xFE, 0xFF, 0xFF, 0xFF, 0x03, 0x00,
        0x05, 0x00, 0x06, 0x00, 0x07, 0x00, 0x04, 0x00, 0x03, 0x00, 0x03, 0x00, 0xFF, 0xFF, 0xFD, 0xFF,
        0xFB, 0xFF, 0xF6, 0xFF, 0xF6, 0xFF, 0xF6, 0xFF, 0xF5, 0xFF, 0xF8, 0xFF, 0xFB, 0xFF, 0xFA, 0xFF,
        0xFD, 0xFF, 0x01, 0x00, 0x01, 0x00, 0x02, 0x00, 0x04, 0x00, 0x04, 0x00, 0x04, 0x00, 0x04, 0x00,
        0xFF, 0xFF, 0xF9, 0xFF, 0xF8, 0xFF, 0xF8, 0xFF, 0xF5, 0xFF, 0xF6, 0xFF, 0xF9, 0xFF, 0xF7, 0xFF,
        0xF7, 0xFF, 0xFA, 0xFF, 0xFC, 0xFF, 0xFE, 0xFF, 0xFE, 0xFF, 0xFF, 0xFF, 0x02, 0x00, 0x02, 0x00,
        0x00, 0x00, 0x00, 0x00, 0xFB, 0xFF, 0xF8, 0xFF, 0xF9, 0xFF, 0xF7, 0xFF, 0xF3, 0xFF, 0xF3, 0xFF,
        0xF4, 0xFF, 0xF6, 0xFF, 0xF8, 0xFF, 0xF9, 0xFF, 0xFD, 0xFF, 0xFF, 0xFF, 0x02, 0x00, 0x05, 0x00,
        0x04, 0x00, 0x04, 0x00, 0x05, 0x00, 0xFF, 0xFF, 0xFD, 0xFF, 0x00, 0x00, 0xF9, 0xFF, 0xF6, 0xFF,
        0xF8, 0xFF, 0xF5, 0xFF, 0xF6, 0xFF, 0xFA, 0xFF, 0xFB, 0xFF, 0xFD, 0xFF, 0xFE, 0xFF, 0x00, 0x00,
        0x05, 0x00, 0x06, 0x00, 0x04, 0x00, 0x04, 0x00, 0x03, 0x00, 0x01, 0x00, 0xFE, 0xFF, 0xF9, 0xFF,
        0xF7, 0xFF, 0xF7, 0xFF, 0xF6, 0xFF, 0xF6, 0xFF, 0xF5, 0xFF, 0xF4, 0xFF, 0xF8, 0xFF, 0xFC, 0xFF,
        0xFC, 0xFF, 0xFD, 0xFF, 0x00, 0x00, 0x01, 0x00, 0x02, 0x00, 0x00, 0x00, 0xFE, 0xFF, 0xFE, 0xFF,
        0xFD, 0xFF, 0xF8, 0xFF, 0xF6, 0xFF, 0xF5, 0xFF, 0xF2, 0xFF, 0xF2, 0xFF, 0xF4, 0xFF, 0xF4, 0xFF,
        0xF6, 0xFF, 0xF8, 0xFF, 0xFB, 0xFF, 0xFF, 0xFF, 0x01, 0x00, 0x01, 0x00, 0x00, 0x00, 0x00, 0x00,
        0x00, 0x00, 0xFF, 0xFF, 0xFD, 0xFF, 0xFA, 0xFF, 0xFA, 0xFF, 0xF9, 0xFF, 0xF5, 0xFF, 0xF4, 0xFF,
        0xF6, 0xFF, 0xF7, 0xFF, 0xF9, 0xFF, 0xF9, 0xFF, 0xFC, 0xFF, 0x00, 0x00, 0x03, 0x00, 0x05, 0x00,
        0x03, 0x00, 0x02, 0x00, 0x05, 0x00, 0x01, 0x00, 0xFB, 0xFF, 0xFA, 0xFF, 0xF7, 0xFF, 0xF5, 0xFF,
        0xF8, 0xFF, 0xF7, 0xFF, 0xF5, 0xFF, 0xF8, 0xFF, 0xF8, 0xFF, 0xFA, 0xFF, 0xFD, 0xFF, 0x00, 0x00,
        0x04, 0x00, 0x05, 0x00, 0x02, 0x00, 0x02, 0x00, 0x01, 0x00, 0x02, 0x00, 0x00, 0x00, 0xFA, 0xFF,
        0xF8, 0xFF, 0xF7, 0xFF, 0xF5, 0xFF, 0xF6, 0xFF, 0xF4, 0xFF, 0xF4, 0xFF, 0xF9, 0xFF, 0xFC, 0xFF,
        0xFC, 0xFF, 0xFE, 0xFF, 0xFF, 0xFF, 0x03, 0x00, 0x06, 0x00, 0x01, 0x00, 0xFD, 0xFF, 0xFD, 0xFF,
        0xFB, 0xFF, 0xF9, 0xFF, 0xF7, 0xFF, 0xF5, 0xFF, 0xF3, 0xFF, 0xF1, 0xFF, 0xF3, 0xFF, 0xF7, 0xFF,
        0xF7, 0xFF, 0xF9, 0xFF, 0xFC, 0xFF, 0xFD, 0xFF, 0x00, 0x00, 0x04, 0x00, 0x01, 0x00, 0x00, 0x00,
        0x02, 0x00, 0x01, 0x00, 0xFD, 0xFF, 0xFA, 0xFF, 0xF8, 0xFF, 0xF8, 0xFF, 0xF8, 0xFF, 0xF7, 0xFF,
        0xF7, 0xFF, 0xF7, 0xFF, 0xF8, 0xFF, 0xF9, 0xFF, 0xFC, 0xFF, 0x00, 0x00, 0x04, 0x00, 0x06, 0x00,
        0x05, 0x00, 0x03, 0x00, 0x05, 0x00, 0x04, 0x00, 0xFF, 0xFF, 0xF9, 0xFF, 0xF7, 0xFF, 0xF7, 0xFF,
        0xF7, 0xFF, 0xF5, 0xFF, 0xF5, 0xFF, 0xF8, 0xFF, 0xFA, 0xFF, 0xFB, 0xFF, 0xFE, 0xFF, 0xFE, 0xFF,
        0xFE, 0xFF, 0x01, 0x00, 0x02, 0x00, 0x01, 0x00, 0x00, 0x00, 0xFF, 0xFF, 0xFD, 0xFF, 0xF9, 0xFF,
        0xF6, 0xFF, 0xF5, 0xFF, 0xF4, 0xFF, 0xF3, 0xFF, 0xF2, 0xFF, 0xF2, 0xFF, 0xF6, 0xFF, 0xFB, 0xFF,
        0xFD, 0xFF, 0xFE, 0xFF, 0x01, 0x00, 0x02, 0x00, 0x01, 0x00, 0x00, 0x00, 0xFF, 0xFF, 0xFF, 0xFF,
        0xFF, 0xFF, 0xFB, 0xFF, 0xF7, 0xFF, 0xF5, 0xFF, 0xF3, 0xFF, 0xF4, 0xFF, 0xF6, 0xFF, 0xF7, 0xFF,
        0xF8, 0xFF, 0xFA, 0xFF, 0xFC, 0xFF, 0x00, 0x00, 0x03, 0x00, 0x04, 0x00, 0x05, 0x00, 0x01, 0x00,
        0xFD, 0xFF, 0x00, 0x00, 0xFE, 0xFF, 0xF7, 0xFF, 0xF8, 0xFF, 0xF8, 0xFF, 0xF5, 0xFF, 0xF5, 0xFF,
        0xF4, 0xFF, 0xF5, 0xFF, 0xFA, 0xFF, 0xFA, 0xFF, 0xFB, 0xFF, 0x00, 0x00, 0x01, 0x00, 0x02, 0x00,
        0x03, 0x00, 0x00, 0x00, 0x00, 0x00, 0x01, 0x00, 0xFD, 0xFF, 0xF9, 0xFF, 0xF6, 0xFF, 0xF2, 0xFF,
        0xF3, 0xFF, 0xF3, 0xFF, 0xF3, 0xFF, 0xF5, 0xFF, 0xF7, 0xFF, 0xFA, 0xFF, 0xFC, 0xFF, 0xFC, 0xFF,
        0x01, 0x00, 0x04, 0x00, 0x00, 0x00, 0x00, 0x00, 0x00, 0x00, 0xFB, 0xFF, 0xF9, 0xFF, 0xFA, 0xFF,
        0xF5, 0xFF, 0xF3, 0xFF, 0xF3, 0xFF, 0xF1, 0xFF, 0xF2, 0xFF, 0xF4, 0xFF, 0xF6, 0xFF, 0xFA, 0xFF,
        0xFD, 0xFF, 0x00, 0x00, 0x01, 0x00, 0x00, 0x00, 0x01, 0x00, 0x01, 0x00, 0xFF, 0xFF, 0xFD, 0xFF,
        0xFD, 0xFF, 0xFA, 0xFF, 0xF8, 0xFF, 0xF8, 0xFF, 0xF7, 0xFF, 0xF5, 0xFF, 0xF4, 0xFF, 0xF6, 0xFF,
        0xF9, 0xFF, 0xFC, 0xFF, 0xFE, 0xFF, 0x00, 0x00, 0x02, 0x00, 0x06, 0x00, 0x08, 0x00, 0x04, 0x00,
        0x02, 0x00, 0x01, 0x00, 0xFE, 0xFF, 0xFB, 0xFF, 0xF9, 0xFF, 0xF6, 0xFF, 0xF5, 0xFF, 0xF6, 0xFF,
        0xF7, 0xFF, 0xF8, 0xFF, 0xFB, 0xFF, 0xFE, 0xFF, 0xFF, 0xFF, 0xFF, 0xFF, 0x02, 0x00, 0x04, 0x00,
        0x02, 0x00, 0x02, 0x00, 0x02, 0x00, 0xFF, 0xFF, 0xFE, 0xFF, 0xFA, 0xFF, 0xF6, 0xFF, 0xF7, 0xFF,
        0xF6, 0xFF, 0xF3, 0xFF, 0xF4, 0xFF, 0xF6, 0xFF, 0xF9, 0xFF, 0xFD, 0xFF, 0xFF, 0xFF, 0x00, 0x00,
        0x01, 0x00, 0xFF, 0xFF, 0x00, 0x00, 0x03, 0x00, 0xFF, 0xFF, 0xFC, 0xFF, 0xFA, 0xFF, 0xF8, 0xFF,
        0xF7, 0xFF, 0xF5, 0xFF, 0xF4, 0xFF, 0xF4, 0xFF, 0xF3, 0xFF, 0xF6, 0xFF, 0xF8, 0xFF, 0xF8, 0xFF,
        0xFB, 0xFF, 0x00, 0x00, 0x02, 0x00, 0x03, 0x00, 0x02, 0x00, 0x01, 0x00, 0x02, 0x00, 0xFE, 0xFF,
        0xFA, 0xFF, 0xF8, 0xFF, 0xF7, 0xFF, 0xF5, 0xFF, 0xF4, 0xFF, 0xF5, 0xFF, 0xF6, 0xFF, 0xF7, 0xFF,
        0xFB, 0xFF, 0x00, 0x00, 0x00, 0x00, 0x00, 0x00, 0x03, 0x00, 0x03, 0x00, 0x02, 0x00, 0x02, 0x00,
        0x01, 0x00, 0xFF, 0xFF, 0xFC, 0xFF, 0xF9, 0xFF, 0xF8, 0xFF, 0xF6, 0xFF, 0xF4, 0xFF, 0xF4, 0xFF,
        0xF6, 0xFF, 0xF5, 0xFF, 0xF7, 0xFF, 0xFC, 0xFF, 0xFF, 0xFF, 0x00, 0x00, 0x02, 0x00, 0x03, 0x00,
        0x02, 0x00, 0x02, 0x00, 0x01, 0x00, 0xFF, 0xFF, 0xFD, 0xFF, 0xF8, 0xFF, 0xF5, 0xFF, 0xF4, 0xFF,
        0xF3, 0xFF, 0xF2, 0xFF, 0xF3, 0xFF, 0xF5, 0xFF, 0xF5, 0xFF, 0xF9, 0xFF, 0xFD, 0xFF, 0xFE, 0xFF,
        0xFE, 0xFF, 0x02, 0x00, 0x02, 0x00, 0x00, 0x00, 0x00, 0x00, 0xFB, 0xFF, 0xF7, 0xFF, 0xF8, 0xFF,
        0xF6, 0xFF, 0xF4, 0xFF, 0xF5, 0xFF, 0xF4, 0xFF, 0xF5, 0xFF, 0xF9, 0xFF, 0xFA, 0xFF, 0xFA, 0xFF,
        0xFE, 0xFF, 0x01, 0x00, 0x02, 0x00, 0x03, 0x00, 0x02, 0x00, 0x02, 0x00, 0x03, 0x00, 0xFE, 0xFF,
        0xF9, 0xFF, 0xF9, 0xFF, 0xF8, 0xFF, 0xF6, 0xFF, 0xF5, 0xFF, 0xF3, 0xFF, 0xF5, 0xFF, 0xFA, 0xFF,
        0xFC, 0xFF, 0xFE, 0xFF, 0x01, 0x00, 0x00, 0x00, 0x00, 0x00, 0x02, 0x00, 0x02, 0x00, 0x01, 0x00,
        0x02, 0x00, 0x00, 0x00, 0xFB, 0xFF, 0xF7, 0xFF, 0xF7, 0xFF, 0xF6, 0xFF, 0xF4, 0xFF, 0xF3, 0xFF,
        0xF4, 0xFF, 0xF6, 0xFF, 0xF8, 0xFF, 0xFB, 0xFF, 0xFD, 0xFF, 0xFF, 0xFF, 0x00, 0x00, 0x01, 0x00,
        0x02, 0x00, 0x00, 0x00, 0xFE, 0xFF, 0xFD, 0xFF, 0xF9, 0xFF, 0xF5, 0xFF, 0xF5, 0xFF, 0xF3, 0xFF,
        0xF2, 0xFF, 0xF4, 0xFF, 0xF4, 0xFF, 0xF5, 0xFF, 0xF9, 0xFF, 0xFB, 0xFF, 0xFE, 0xFF, 0x00, 0x00,
        0x00, 0x00, 0x03, 0x00, 0x05, 0x00, 0x03, 0x00, 0x02, 0x00, 0xFF, 0xFF, 0xFB, 0xFF, 0xFA, 0xFF,
        0xF9, 0xFF, 0xF8, 0xFF, 0xF6, 0xFF, 0xF5, 0xFF, 0xF9, 0xFF, 0xFB, 0xFF, 0xFA, 0xFF, 0xFD, 0xFF,
        0x01, 0x00, 0x02, 0x00, 0x05, 0x00, 0x04, 0x00, 0x02, 0x00, 0x04, 0x00, 0x03, 0x00, 0xFF, 0xFF,
        0xFC, 0xFF, 0xF7, 0xFF, 0xF7, 0xFF, 0xF8, 0xFF, 0xF5, 0xFF, 0xF5, 0xFF, 0xF5, 0xFF, 0xF7, 0xFF,
        0xFC, 0xFF, 0xFC, 0xFF, 0xFD, 0xFF, 0x02, 0x00, 0x03, 0x00, 0x00, 0x00, 0x01, 0x00, 0x01, 0x00,
        0xFE, 0xFF, 0xFC, 0xFF, 0xFA, 0xFF, 0xF6, 0xFF, 0xF4, 0xFF, 0xF4, 0xFF, 0xF3, 0xFF, 0xF2, 0xFF,
        0xF5, 0xFF, 0xF6, 0xFF, 0xF6, 0xFF, 0xF9, 0xFF, 0xFD, 0xFF, 0xFE, 0xFF, 0x02, 0x00, 0x03, 0x00,
        0x01, 0x00, 0xFF, 0xFF, 0xFD, 0xFF, 0xFB, 0xFF, 0xFA, 0xFF, 0xF8, 0xFF, 0xF6, 0xFF, 0xF5, 0xFF,
        0xF2, 0xFF, 0xF5, 0xFF, 0xF8, 0xFF, 0xF6, 0xFF, 0xF7, 0xFF, 0xFC, 0xFF, 0xFE, 0xFF, 0x01, 0x00,
        0x04, 0x00, 0x02, 0x00, 0x02, 0x00, 0x04, 0x00, 0x02, 0x00, 0xFD, 0xFF, 0xFB, 0xFF, 0xFB, 0xFF,
        0xF7, 0xFF, 0xF4, 0xFF, 0xF5, 0xFF, 0xF6, 0xFF, 0xF7, 0xFF, 0xFA, 0xFF, 0xFB, 0xFF, 0x00, 0x00,
        0x03, 0x00, 0x02, 0x00, 0x03, 0x00, 0x04, 0x00, 0x03, 0x00, 0x03, 0x00, 0x02, 0x00, 0x00, 0x00,
        0xFD, 0xFF, 0xFA, 0xFF, 0xF9, 0xFF, 0xF8, 0xFF, 0xF4, 0xFF, 0xF4, 0xFF, 0xF8, 0xFF, 0xF9, 0xFF,
        0xFB, 0xFF, 0xFD, 0xFF, 0xFF, 0xFF, 0x02, 0x00, 0x04, 0x00, 0x05, 0x00, 0x04, 0x00, 0x00, 0x00,
        0xFF, 0xFF, 0xFF, 0xFF, 0xF9, 0xFF, 0xF6, 0xFF, 0xF6, 0xFF, 0xF5, 0xFF, 0xF5, 0xFF, 0xF5, 0xFF,
        0xF5, 0xFF, 0xF8, 0xFF, 0xFA, 0xFF, 0xFC, 0xFF, 0xFF, 0xFF, 0x02, 0x00, 0x02, 0x00, 0x02, 0x00,
        0x04, 0x00, 0x03, 0x00, 0x01, 0x00, 0xFF, 0xFF, 0xFD, 0xFF, 0xFC, 0xFF, 0xFA, 0xFF, 0xF7, 0xFF,
        0xF6, 0xFF, 0xF7, 0xFF, 0xF9, 0xFF, 0xFB, 0xFF, 0xFF, 0xFF, 0x02, 0x00, 0x01, 0x00, 0x03, 0x00,
        0x07, 0x00, 0x04, 0x00, 0x03, 0x00, 0x07, 0x00, 0x05, 0x00, 0xFF, 0xFF, 0xFF, 0xFF, 0xFD, 0xFF,
        0xFB, 0xFF, 0xF9, 0xFF, 0xF6, 0xFF, 0xF8, 0xFF, 0xFB, 0xFF, 0xFA, 0xFF, 0xFA, 0xFF, 0xFE, 0xFF,
        0xFF, 0xFF, 0x01, 0x00, 0x04, 0x00, 0x05, 0x00, 0x04, 0x00, 0x03, 0x00, 0x01, 0x00, 0xFD, 0xFF,
        0xFA, 0xFF, 0xF9, 0xFF, 0xF7, 0xFF, 0xF4, 0xFF, 0xF4, 0xFF, 0xF5, 0xFF, 0xF7, 0xFF, 0xF8, 0xFF,
        0xFB, 0xFF, 0xFF, 0xFF, 0xFF, 0xFF, 0x01, 0x00, 0x05, 0x00, 0x06, 0x00, 0x03, 0x00, 0x02, 0x00,
        0x00, 0x00, 0xFF, 0xFF, 0xFC, 0xFF, 0xF8, 0xFF, 0xF6, 0xFF, 0xF6, 0xFF, 0xF6, 0xFF, 0xF8, 0xFF,
        0xFB, 0xFF, 0xFC, 0xFF, 0xFB, 0xFF, 0xFD, 0xFF, 0x01, 0x00, 0x02, 0x00, 0x02, 0x00, 0x05, 0x00,
        0x05, 0x00, 0x04, 0x00, 0x00, 0x00, 0xFE, 0xFF, 0xFC, 0xFF, 0xFB, 0xFF, 0xFA, 0xFF, 0xF8, 0xFF,
        0xF5, 0xFF, 0xF6, 0xFF, 0xF9, 0xFF, 0xFA, 0xFF, 0xFC, 0xFF, 0x00, 0x00, 0x03, 0x00, 0x07, 0x00,
        0x07, 0x00, 0x03, 0x00, 0x03, 0x00, 0x04, 0x00, 0x02, 0x00, 0xFE, 0xFF, 0xFB, 0xFF, 0xFB, 0xFF,
        0xF9, 0xFF, 0xF7, 0xFF, 0xF7, 0xFF, 0xF7, 0xFF, 0xF9, 0xFF, 0xFB, 0xFF, 0xFC, 0xFF, 0xFF, 0xFF,
        0x01, 0x00, 0x02, 0x00, 0x05, 0x00, 0x05, 0x00, 0x03, 0x00, 0x03, 0x00, 0x02, 0x00, 0xFE, 0xFF,
        0xFC, 0xFF, 0xF9, 0xFF, 0xF6, 0xFF, 0xF6, 0xFF, 0xF6, 0xFF, 0xF5, 0xFF, 0xF8, 0xFF, 0xF9, 0xFF,
        0xFC, 0xFF, 0xFF, 0xFF, 0x00, 0x00, 0x02, 0x00, 0x05, 0x00, 0x03, 0x00, 0x00, 0x00, 0x01, 0x00,
        0x01, 0x00, 0xFE, 0xFF, 0xFD, 0xFF, 0xF9, 0xFF, 0xF8, 0xFF, 0xFA, 0xFF, 0xF9, 0xFF, 0xF8, 0xFF,
        0xF8, 0xFF, 0xFA, 0xFF, 0xFD, 0xFF, 0x01, 0x00, 0x03, 0x00, 0x05, 0x00, 0x05, 0x00, 0x07, 0x00,
        0x08, 0x00, 0x05, 0x00, 0x02, 0x00, 0xFF, 0xFF, 0xFC, 0xFF, 0xFB, 0xFF, 0xF9, 0xFF, 0xF8, 0xFF,
        0xFB, 0xFF, 0xFA, 0xFF, 0xFA, 0xFF, 0xFD, 0xFF, 0xFE, 0xFF, 0xFF, 0xFF, 0x03, 0x00, 0x05, 0x00,
        0x07, 0x00, 0x07, 0x00, 0x05, 0x00, 0x03, 0x00, 0x01, 0x00, 0xFE, 0xFF, 0xFB, 0xFF, 0xFA, 0xFF,
        0xFA, 0xFF, 0xF9, 0xFF, 0xF6, 0xFF, 0xF6, 0xFF, 0xFA, 0xFF, 0xFC, 0xFF, 0xFC, 0xFF, 0xFD, 0xFF,
        0x01, 0x00, 0x04, 0x00, 0x03, 0x00, 0x02, 0x00, 0x04, 0x00, 0x03, 0x00, 0x01, 0x00, 0x00, 0x00,
        0xFD, 0xFF, 0xFA, 0xFF, 0xF7, 0xFF, 0xF5, 0xFF, 0xF7, 0xFF, 0xF7, 0xFF, 0xF8, 0xFF, 0xFB, 0xFF,
        0xFE, 0xFF, 0x00, 0x00, 0x03, 0x00, 0x04, 0x00, 0x04, 0x00, 0x05, 0x00, 0x04, 0x00, 0x04, 0x00,
        0x04, 0x00, 0x02, 0x00, 0xFE, 0xFF, 0xFC, 0xFF, 0xFB, 0xFF, 0xF9, 0xFF, 0xFA, 0xFF, 0xFC, 0xFF,
        0xFB, 0xFF, 0xFB, 0xFF, 0xFF, 0xFF, 0x03, 0x00, 0x04, 0x00, 0x06, 0x00, 0x07, 0x00, 0x06, 0x00,
        0x05, 0x00, 0x03, 0x00, 0x00, 0x00, 0x00, 0x00, 0xFE, 0xFF, 0xFB, 0xFF, 0xFC, 0xFF, 0xFC, 0xFF,
        0xF8, 0xFF, 0xF9, 0xFF, 0xFA, 0xFF, 0xFA, 0xFF, 0xFE, 0xFF, 0x02, 0x00, 0x02, 0x00, 0x03, 0x00,
        0x06, 0x00, 0x07, 0x00, 0x06, 0x00, 0x04, 0x00, 0x01, 0x00, 0xFF, 0xFF, 0xFB, 0xFF, 0xF9, 0xFF,
        0xF9, 0xFF, 0xFA, 0xFF, 0xF7, 0xFF, 0xF6, 0xFF, 0xFA, 0xFF, 0xFE, 0xFF, 0xFE, 0xFF, 0x01, 0x00,
        0x06, 0x00, 0x06, 0x00, 0x04, 0x00, 0x06, 0x00, 0x07, 0x00, 0x05, 0x00, 0x01, 0x00, 0xFF, 0xFF,
        0xFE, 0xFF, 0xFC, 0xFF, 0xFA, 0xFF, 0xFA, 0xFF, 0xF9, 0xFF, 0xF9, 0xFF, 0xFA, 0xFF, 0xFB, 0xFF,
        0xFE, 0xFF, 0x02, 0x00, 0x03, 0x00, 0x05, 0x00, 0x07, 0x00, 0x05, 0x00, 0x04, 0x00, 0x04, 0x00,
        0x01, 0x00, 0x01, 0x00, 0x02, 0x00, 0xFD, 0xFF, 0xF9, 0xFF, 0xFB, 0xFF, 0xFA, 0xFF, 0xF9, 0xFF,
        0xFC, 0xFF, 0xFF, 0xFF, 0xFE, 0xFF, 0xFF, 0xFF, 0x04, 0x00, 0x06, 0x00, 0x07, 0x00, 0x08, 0x00,
        0x07, 0x00, 0x04, 0x00, 0x02, 0x00, 0x02, 0x00, 0xFE, 0xFF, 0xFA, 0xFF, 0xF9, 0xFF, 0xF9, 0xFF,
        0xF9, 0xFF, 0xFC, 0xFF, 0xFD, 0xFF, 0xFD, 0xFF, 0xFE, 0xFF, 0x01, 0x00, 0x03, 0x00, 0x03, 0x00,
        0x04, 0x00, 0x06, 0x00, 0x05, 0x00, 0x03, 0x00, 0x03, 0x00, 0x01, 0x00, 0xFD, 0xFF, 0xFB, 0xFF,
        0xF8, 0xFF, 0xF5, 0xFF, 0xF6, 0xFF, 0xF7, 0xFF, 0xFA, 0xFF, 0xFD, 0xFF, 0xFD, 0xFF, 0x00, 0x00,
        0x04, 0x00, 0x05, 0x00, 0x05, 0x00, 0x08, 0x00, 0x07, 0x00, 0x04, 0x00, 0x02, 0x00, 0x00, 0x00,
        0xFF, 0xFF, 0xFE, 0xFF, 0xFC, 0xFF, 0xFA, 0xFF, 0xF9, 0xFF, 0xF8, 0xFF, 0xFA, 0xFF, 0xFF, 0xFF,
        0x01, 0x00, 0x03, 0x00, 0x07, 0x00, 0x08, 0x00, 0x08, 0x00, 0x07, 0x00, 0x07, 0x00, 0x08, 0x00,
        0x04, 0x00, 0x01, 0x00, 0x01, 0x00, 0xFD, 0xFF, 0xF8, 0xFF, 0xFB, 0xFF, 0xFC, 0xFF, 0xFB, 0xFF,
        0xFF, 0xFF, 0x00, 0x00, 0xFF, 0xFF, 0x05, 0x00, 0x07, 0x00, 0x05, 0x00, 0x07, 0x00, 0x0A, 0x00,
        0x07, 0x00, 0x06, 0x00, 0x03, 0x00, 0xFF, 0xFF, 0xFF, 0xFF, 0xFD, 0xFF, 0xF9, 0xFF, 0xFA, 0xFF,
        0xFA, 0xFF, 0xF9, 0xFF, 0xFB, 0xFF, 0xFE, 0xFF, 0x00, 0x00, 0x02, 0x00, 0x04, 0x00, 0x05, 0x00,
        0x05, 0x00, 0x07, 0x00, 0x07, 0x00, 0x05, 0x00, 0x03, 0x00, 0x02, 0x00, 0xFF, 0xFF, 0xFC, 0xFF,
        0xF9, 0xFF, 0xF8, 0xFF, 0xFB, 0xFF, 0xFB, 0xFF, 0xFB, 0xFF, 0xFF, 0xFF, 0x01, 0x00, 0x03, 0x00,
        0x08, 0x00, 0x09, 0x00, 0x09, 0x00, 0x08, 0x00, 0x06, 0x00, 0x07, 0x00, 0x04, 0x00, 0x01, 0x00,
        0x02, 0x00, 0xFE, 0xFF, 0xFB, 0xFF, 0xFC, 0xFF, 0xFB, 0xFF, 0xFB, 0xFF, 0xFE, 0xFF, 0x00, 0x00,
        0x04, 0x00, 0x07, 0x00, 0x07, 0x00, 0x09, 0x00, 0x0A, 0x00, 0x07, 0x00, 0x06, 0x00, 0x06, 0x00,
        0x05, 0x00, 0x02, 0x00, 0xFE, 0xFF, 0xFA, 0xFF, 0xF9, 0xFF, 0xF9, 0xFF, 0xFA, 0xFF, 0xFC, 0xFF,
        0xFE, 0xFF, 0xFE, 0xFF, 0x00, 0x00, 0x04, 0x00, 0x03, 0x00, 0x05, 0x00, 0x0A, 0x00, 0x06, 0x00,
        0x04, 0x00, 0x06, 0x00, 0x02, 0x00, 0xFE, 0xFF, 0xFD, 0xFF, 0xFB, 0xFF, 0xF9, 0xFF, 0xF7, 0xFF,
        0xF8, 0xFF, 0xFA, 0xFF, 0xF8, 0xFF, 0xFB, 0xFF, 0x01, 0x00, 0x03, 0x00, 0x05, 0x00, 0x06, 0x00,
        0x04, 0x00, 0x05, 0x00, 0x04, 0x00, 0x03, 0x00, 0x04, 0x00, 0x01, 0x00, 0xFE, 0xFF, 0xFE, 0xFF,
        0xFD, 0xFF, 0xFC, 0xFF, 0xFB, 0xFF, 0xFC, 0xFF, 0xFE, 0xFF, 0xFF, 0xFF, 0x02, 0x00, 0x06, 0x00,
        0x07, 0x00, 0x08, 0x00, 0x0A, 0x00, 0x0B, 0x00, 0x0A, 0x00, 0x09, 0x00, 0x07, 0x00, 0x03, 0x00,
        0xFF, 0xFF, 0xFE, 0xFF, 0xFF, 0xFF, 0xFC, 0xFF, 0xFC, 0xFF, 0xFE, 0xFF, 0xFF, 0xFF, 0x01, 0x00,
        0x02, 0x00, 0x03, 0x00, 0x08, 0x00, 0x0B, 0x00, 0x0B, 0x00, 0x0A, 0x00, 0x0A, 0x00, 0x09, 0x00,
        0x05, 0x00, 0x01, 0x00, 0xFF, 0xFF, 0xFB, 0xFF, 0xFA, 0xFF, 0xFC, 0xFF, 0xFC, 0xFF, 0xFB, 0xFF,
        0xFD, 0xFF, 0xFF, 0xFF, 0x02, 0x00, 0x04, 0x00, 0x05, 0x00, 0x08, 0x00, 0x08, 0x00, 0x07, 0x00,
        0x07, 0x00, 0x06, 0x00, 0x03, 0x00, 0x00, 0x00, 0x00, 0x00, 0xFF, 0xFF, 0xFD, 0xFF, 0xFC, 0xFF,
        0xFB, 0xFF, 0xFA, 0xFF, 0xFC, 0xFF, 0x00, 0x00, 0x02, 0x00, 0x04, 0x00, 0x07, 0x00, 0x0A, 0x00,
        0x0A, 0x00, 0x09, 0x00, 0x07, 0x00, 0x06, 0x00, 0x04, 0x00, 0x02, 0x00, 0x00, 0x00, 0xFD, 0xFF,
        0xFD, 0xFF, 0xFD, 0xFF, 0xFB, 0xFF, 0xFD, 0xFF, 0x02, 0x00, 0x02, 0x00, 0x04, 0x00, 0x06, 0x00,
        0x05, 0x00, 0x09, 0x00, 0x0D, 0x00, 0x0A, 0x00, 0x0A, 0x00, 0x08, 0x00, 0x05, 0x00, 0x04, 0x00,
        0x01, 0x00, 0xFD, 0xFF, 0xFC, 0xFF, 0xFA, 0xFF, 0xFD, 0xFF, 0xFE, 0xFF, 0xFD, 0xFF, 0x02, 0x00,
        0x04, 0x00, 0x03, 0x00, 0x06, 0x00, 0x07, 0x00, 0x06, 0x00, 0x09, 0x00, 0x07, 0x00, 0x05, 0x00,
        0x05, 0x00, 0x02, 0x00, 0x01, 0x00, 0xFF, 0xFF, 0xFB, 0xFF, 0xFC, 0xFF, 0xFD, 0xFF, 0xFC, 0xFF,
        0xFC, 0xFF, 0xFF, 0xFF, 0x04, 0x00, 0x06, 0x00, 0x06, 0x00, 0x09, 0x00, 0x09, 0x00, 0x07, 0x00,
        0x08, 0x00, 0x05, 0x00, 0x03, 0x00, 0x02, 0x00, 0xFF, 0xFF, 0xFE, 0xFF, 0xFE, 0xFF, 0xFB, 0xFF,
        0xFC, 0xFF, 0xFE, 0xFF, 0xFE, 0xFF, 0x00, 0x00, 0x02, 0x00, 0x04, 0x00, 0x09, 0x00, 0x0A, 0x00,
        0x09, 0x00, 0x0B, 0x00, 0x0A, 0x00, 0x07, 0x00, 0x05, 0x00, 0x04, 0x00, 0x01, 0x00, 0x00, 0x00,
        0xFF, 0xFF, 0xFD, 0xFF, 0xFD, 0xFF, 0xFF, 0xFF, 0x00, 0x00, 0x02, 0x00, 0x02, 0x00, 0x04, 0x00,
        0x09, 0x00, 0x09, 0x00, 0x07, 0x00, 0x0A, 0x00, 0x0A, 0x00, 0x07, 0x00, 0x07, 0x00, 0x04, 0x00,
        0xFE, 0xFF, 0xFD, 0xFF, 0xFD, 0xFF, 0xFB, 0xFF, 0xFA, 0xFF, 0xFD, 0xFF, 0xFF, 0xFF, 0x00, 0x00,
        0x03, 0x00, 0x04, 0x00, 0x05, 0x00, 0x06, 0x00, 0x08, 0x00, 0x08, 0x00, 0x07, 0x00, 0x07, 0x00,
        0x04, 0x00, 0x01, 0x00, 0x00, 0x00, 0xFC, 0xFF, 0xFA, 0xFF, 0xFC, 0xFF, 0xFD, 0xFF, 0xFB, 0xFF,
        0xFD, 0xFF, 0x01, 0x00, 0x02, 0x00, 0x03, 0x00, 0x06, 0x00, 0x08, 0x00, 0x09, 0x00, 0x0A, 0x00,
        0x0A, 0x00, 0x07, 0x00, 0x04, 0x00, 0x01, 0x00, 0xFF, 0xFF, 0x00, 0x00, 0xFF, 0xFF, 0xFC, 0xFF,
        0xFD, 0xFF, 0xFF, 0xFF, 0x00, 0x00, 0x03, 0x00, 0x03, 0x00, 0x04, 0x00, 0x07, 0x00, 0x09, 0x00,
        0x0C, 0x00, 0x0E, 0x00, 0x0B, 0x00, 0x07, 0x00, 0x07, 0x00, 0x06, 0x00, 0x02, 0x00, 0xFE, 0xFF,
        0x00, 0x00, 0xFF, 0xFF, 0xFD, 0xFF, 0x00, 0x00, 0x02, 0x00, 0x01, 0x00, 0x03, 0x00, 0x05, 0x00,
        0x07, 0x00, 0x0A, 0x00, 0x0A, 0x00, 0x08, 0x00, 0x07, 0x00, 0x06, 0x00, 0x05, 0x00, 0x03, 0x00,
        0x00, 0x00, 0xFE, 0xFF, 0xFD, 0xFF, 0xFC, 0xFF, 0xFD, 0xFF, 0xFE, 0xFF, 0xFE, 0xFF, 0xFF, 0xFF,
        0x02, 0x00, 0x04, 0x00, 0x06, 0x00, 0x09, 0x00, 0x09, 0x00, 0x08, 0x00, 0x08, 0x00, 0x06, 0x00,
        0x05, 0x00, 0x01, 0x00, 0xFD, 0xFF, 0xFD, 0xFF, 0xFD, 0xFF, 0xFB, 0xFF, 0xFB, 0xFF, 0xFD, 0xFF,
        0x00, 0x00, 0x03, 0x00, 0x05, 0x00, 0x07, 0x00, 0x09, 0x00, 0x0A, 0x00, 0x0A, 0x00, 0x0A, 0x00,
        0x09, 0x00, 0x08, 0x00, 0x05, 0x00, 0x02, 0x00, 0x01, 0x00, 0xFF, 0xFF, 0xFD, 0xFF, 0xFC, 0xFF,
        0xFC, 0xFF, 0xFF, 0xFF, 0x03, 0x00, 0x04, 0x00, 0x05, 0x00, 0x08, 0x00, 0x09, 0x00, 0x0A, 0x00,
        0x0C, 0x00, 0x0A, 0x00, 0x08, 0x00, 0x07, 0x00, 0x03, 0x00, 0x01, 0x00, 0x01, 0x00, 0xFE, 0xFF,
        0xFC, 0xFF, 0xFD, 0xFF, 0xFB, 0xFF, 0xFC, 0xFF, 0xFF, 0xFF, 0x01, 0x00, 0x05, 0x00, 0x05, 0x00,
        0x06, 0x00, 0x09, 0x00, 0x08, 0x00, 0x07, 0x00, 0x07, 0x00, 0x04, 0x00, 0x03, 0x00, 0x02, 0x00,
        0xFE, 0xFF, 0xFC, 0xFF, 0xFC, 0xFF, 0xFC, 0xFF, 0xFC, 0xFF, 0xFC, 0xFF, 0xFE, 0xFF, 0x00, 0x00,
        0x03, 0x00, 0x06, 0x00, 0x06, 0x00, 0x09, 0x00, 0x0A, 0x00, 0x08, 0x00, 0x09, 0x00, 0x07, 0x00,
        0x03, 0x00, 0x02, 0x00, 0xFE, 0xFF, 0xFC, 0xFF, 0xFD, 0xFF, 0xFB, 0xFF, 0xFC, 0xFF, 0x00, 0x00,
        0x01, 0x00, 0x04, 0x00, 0x07, 0x00, 0x07, 0x00, 0x09, 0x00, 0x0B, 0x00, 0x0B, 0x00, 0x0A, 0x00,
        0x09, 0x00, 0x07, 0x00, 0x05, 0x00, 0x01, 0x00, 0xFE, 0xFF, 0xFD, 0xFF, 0xFC, 0xFF, 0xFA, 0xFF,
        0xFC, 0xFF, 0xFE, 0xFF, 0x00, 0x00, 0x04, 0x00, 0x07, 0x00, 0x06, 0x00, 0x07, 0x00, 0x0A, 0x00,
        0x0A, 0x00, 0x09, 0x00, 0x08, 0x00, 0x07, 0x00, 0x05, 0x00, 0x01, 0x00, 0x00, 0x00, 0xFE, 0xFF,
        0xFC, 0xFF, 0xFE, 0xFF, 0xFD, 0xFF, 0xFB, 0xFF, 0xFF, 0xFF, 0x03, 0x00, 0x03, 0x00, 0x06, 0x00,
        0x08, 0x00, 0x0A, 0x00, 0x0C, 0x00, 0x0A, 0x00, 0x07, 0x00, 0x05, 0x00, 0x02, 0x00, 0x01, 0x00,
        0xFF, 0xFF, 0xFB, 0xFF, 0xFD, 0xFF, 0xFD, 0xFF, 0xFC, 0xFF, 0xFF, 0xFF, 0x01, 0x00, 0x01, 0x00,
        0x04, 0x00, 0x07, 0x00, 0x09, 0x00, 0x0B, 0x00, 0x0A, 0x00, 0x08, 0x00, 0x09, 0x00, 0x09, 0x00,
        0x07, 0x00, 0x04, 0x00, 0x01, 0x00, 0xFE, 0xFF, 0xFD, 0xFF, 0xFE, 0xFF, 0xFE, 0xFF, 0x00, 0x00,
        0x04, 0x00, 0x06, 0x00, 0x07, 0x00, 0x08, 0x00, 0x09, 0x00, 0x0A, 0x00, 0x09, 0x00, 0x09, 0x00,
        0x0B, 0x00, 0x08, 0x00, 0x03, 0x00, 0x01, 0x00, 0x01, 0x00, 0x02, 0x00, 0xFF, 0xFF, 0xFB, 0xFF,
        0xFE, 0xFF, 0x00, 0x00, 0x00, 0x00, 0x04, 0x00, 0x05, 0x00, 0x06, 0x00, 0x09, 0x00, 0x09, 0x00,
        0x07, 0x00, 0x09, 0x00, 0x07, 0x00, 0x05, 0x00, 0x02, 0x00, 0xFE, 0xFF, 0xFF, 0xFF, 0xFC, 0xFF,
        0xFA, 0xFF, 0xFE, 0xFF, 0xFF, 0xFF, 0xFD, 0xFF, 0xFF, 0xFF, 0x01, 0x00, 0x04, 0x00, 0x08, 0x00,
        0x08, 0x00, 0x09, 0x00, 0x0C, 0x00, 0x0A, 0x00, 0x07, 0x00, 0x06, 0x00, 0x04, 0x00, 0x03, 0x00,
        0x02, 0x00, 0xFF, 0xFF, 0xFD, 0xFF, 0xFE, 0xFF, 0xFF, 0xFF, 0x00, 0x00, 0x01, 0x00, 0x03, 0x00,
        0x05, 0x00, 0x07, 0x00, 0x09, 0x00, 0x0B, 0x00, 0x0B, 0x00, 0x09, 0x00, 0x0A, 0x00, 0x09, 0x00,
        0x06, 0x00, 0x05, 0x00, 0x03, 0x00, 0xFE, 0xFF, 0xFD, 0xFF, 0xFC, 0xFF, 0xFD, 0xFF, 0x00, 0x00,
        0x00, 0x00, 0x01, 0x00, 0x04, 0x00, 0x07, 0x00, 0x08, 0x00, 0x06, 0x00, 0x09, 0x00, 0x0C, 0x00,
        0x07, 0x00, 0x04, 0x00, 0x04, 0x00, 0x00, 0x00, 0xFF, 0xFF, 0xFF, 0xFF, 0xFD, 0xFF, 0xFC, 0xFF,
        0xFD, 0xFF, 0xFE, 0xFF, 0xFF, 0xFF, 0x00, 0x00, 0x04, 0x00, 0x07, 0x00, 0x06, 0x00, 0x0A, 0x00,
        0x0B, 0x00, 0x08, 0x00, 0x08, 0x00, 0x06, 0x00, 0x02, 0x00, 0x03, 0x00, 0x01, 0x00, 0xFD, 0xFF,
        0xFE, 0xFF, 0x00, 0x00, 0xFF, 0xFF, 0xFF, 0xFF, 0x02, 0x00, 0x03, 0x00, 0x03, 0x00, 0x08, 0x00,
        0x0A, 0x00, 0x09, 0x00, 0x0D, 0x00, 0x0C, 0x00, 0x07, 0x00, 0x08, 0x00, 0x07, 0x00, 0x00, 0x00,
        0xFF, 0xFF, 0x01, 0x00, 0xFE, 0xFF, 0xFD, 0xFF, 0xFE, 0xFF, 0x02, 0x00, 0x03, 0x00, 0x04, 0x00,
        0x07, 0x00, 0x0A, 0x00, 0x0A, 0x00, 0x0B, 0x00, 0x0B, 0x00, 0x08, 0x00, 0x0A, 0x00, 0x0B, 0x00,
        0x06, 0x00, 0x03, 0x00, 0x03, 0x00, 0xFF, 0xFF, 0xFD, 0xFF, 0x00, 0x00, 0xFD, 0xFF, 0xFE, 0xFF,
        0x04, 0x00, 0x04, 0x00, 0x04, 0x00, 0x0A, 0x00, 0x0C, 0x00, 0x09, 0x00, 0x0A, 0x00, 0x0A, 0x00,
        0x07, 0x00, 0x04, 0x00, 0x02, 0x00, 0x01, 0x00, 0xFE, 0xFF, 0xFD, 0xFF, 0xFC, 0xFF, 0xFA, 0xFF,
        0xFB, 0xFF, 0xFE, 0xFF, 0x01, 0x00, 0x04, 0x00, 0x05, 0x00, 0x05, 0x00, 0x09, 0x00, 0x0B, 0x00,
        0x0B, 0x00, 0x09, 0x00, 0x07, 0x00, 0x07, 0x00, 0x05, 0x00, 0x01, 0x00, 0xFF, 0xFF, 0xFC, 0xFF,
        0xFB, 0xFF, 0xFE, 0xFF, 0x02, 0x00, 0x02, 0x00, 0x02, 0x00, 0x04, 0x00, 0x09, 0x00, 0x09, 0x00,
        0x09, 0x00, 0x0B, 0x00, 0x0C, 0x00, 0x0B, 0x00, 0x08, 0x00, 0x07, 0x00, 0x07, 0x00, 0x05, 0x00,
        0x01, 0x00, 0xFF, 0xFF, 0xFF, 0xFF, 0xFE, 0xFF, 0xFD, 0xFF, 0x01, 0x00, 0x04, 0x00, 0x03, 0x00,
        0x09, 0x00, 0x0D, 0x00, 0x0A, 0x00, 0x0C, 0x00, 0x0D, 0x00, 0x0B, 0x00, 0x0A, 0x00, 0x06, 0x00,
        0x03, 0x00, 0x05, 0x00, 0x01, 0x00, 0xFD, 0xFF, 0xFF, 0xFF, 0xFF, 0xFF, 0xFD, 0xFF, 0xFF, 0xFF,
        0x01, 0x00, 0x02, 0x00, 0x05, 0x00, 0x05, 0x00, 0x08, 0x00, 0x0D, 0x00, 0x0B, 0x00, 0x05, 0x00,
        0x07, 0x00, 0x07, 0x00, 0x02, 0x00, 0x00, 0x00, 0xFE, 0xFF, 0xFB, 0xFF, 0xFB, 0xFF, 0xFC, 0xFF,
        0xFE, 0xFF, 0x00, 0x00, 0x01, 0x00, 0x05, 0x00, 0x07, 0x00, 0x07, 0x00, 0x08, 0x00, 0x07, 0x00,
        0x0A, 0x00, 0x0A, 0x00, 0x07, 0x00, 0x06, 0x00, 0x05, 0x00, 0x03, 0x00, 0x00, 0x00, 0xFB, 0xFF,
        0xFC, 0xFF, 0xFF, 0xFF, 0xFD, 0xFF, 0xFE, 0xFF, 0x01, 0x00, 0x03, 0x00, 0x06, 0x00, 0x07, 0x00,
        0x08, 0x00, 0x0B, 0x00, 0x09, 0x00, 0x07, 0x00, 0x07, 0x00, 0x05, 0x00, 0x06, 0x00, 0x03, 0x00,
        0xFE, 0xFF, 0xFE, 0xFF, 0x00, 0x00, 0x01, 0x00, 0x01, 0x00, 0x01, 0x00, 0x02, 0x00, 0x03, 0x00,
        0x05, 0x00, 0x0A, 0x00, 0x0B, 0x00, 0x0A, 0x00, 0x0A, 0x00, 0x09, 0x00, 0x07, 0x00, 0x04, 0x00,
        0x02, 0x00, 0x01, 0x00, 0xFE, 0xFF, 0xFC, 0xFF, 0xFC, 0xFF, 0xFA, 0xFF, 0xFC, 0xFF, 0x00, 0x00,
        0x00, 0x00, 0x02, 0x00, 0x05, 0x00, 0x04, 0x00, 0x04, 0x00, 0x09, 0x00, 0x0A, 0x00, 0x06, 0x00,
        0x05, 0x00, 0x03, 0x00, 0x00, 0x00, 0x01, 0x00, 0xFE, 0xFF, 0xFC, 0xFF, 0x00, 0x00, 0x00, 0x00,
        0xFC, 0xFF, 0x00, 0x00, 0x02, 0x00, 0x04, 0x00, 0x07, 0x00, 0x08, 0x00, 0x0A, 0x00, 0x0C, 0x00,
        0x09, 0x00, 0x08, 0x00, 0x08, 0x00, 0x06, 0x00, 0x04, 0x00, 0x01, 0x00, 0x00, 0x00, 0xFF, 0xFF,
        0xFE, 0xFF, 0xFE, 0xFF, 0x00, 0x00, 0x01, 0x00, 0x01, 0x00, 0x04, 0x00, 0x0A, 0x00, 0x0A, 0x00,
        0x0B, 0x00, 0x0C, 0x00, 0x09, 0x00, 0x09, 0x00, 0x0A, 0x00, 0x05, 0x00, 0x02, 0x00, 0x01, 0x00,
        0xFF, 0xFF, 0xFD, 0xFF, 0xFD, 0xFF, 0xFE, 0xFF, 0x00, 0x00, 0xFF, 0xFF, 0x00, 0x00, 0x04, 0x00,
        0x05, 0x00, 0x08, 0x00, 0x0A, 0x00, 0x08, 0x00, 0x08, 0x00, 0x09, 0x00, 0x06, 0x00, 0x03, 0x00,
        0x02, 0x00, 0x01, 0x00, 0xFC, 0xFF, 0xFB, 0xFF, 0xFD, 0xFF, 0xFD, 0xFF, 0xFC, 0xFF, 0xFD, 0xFF,
        0xFF, 0xFF, 0x03, 0x00, 0x06, 0x00, 0x06, 0x00, 0x08, 0x00, 0x09, 0x00, 0x09, 0x00, 0x09, 0x00,
        0x08, 0x00, 0x07, 0x00, 0x05, 0x00, 0x01, 0x00, 0xFD, 0xFF, 0xFD, 0xFF, 0xFD, 0xFF, 0xFC, 0xFF,
        0xFC, 0xFF, 0x01, 0x00, 0x05, 0x00, 0x04, 0x00, 0x06, 0x00, 0x09, 0x00, 0x09, 0x00, 0x09, 0x00,
        0x0A, 0x00, 0x09, 0x00, 0x07, 0x00, 0x06, 0x00, 0x01, 0x00, 0xFF, 0xFF, 0x00, 0x00, 0x01, 0x00,
        0xFF, 0xFF, 0xFD, 0xFF, 0xFE, 0xFF, 0x02, 0x00, 0x03, 0x00, 0x02, 0x00, 0x06, 0x00, 0x09, 0x00,
        0x09, 0x00, 0x0C, 0x00, 0x0D, 0x00, 0x0A, 0x00, 0x09, 0x00, 0x08, 0x00, 0x01, 0x00, 0xFE, 0xFF,
        0x00, 0x00, 0xFF, 0xFF, 0xFD, 0xFF, 0xFE, 0xFF, 0xFE, 0xFF, 0x00, 0x00, 0x03, 0x00, 0x02, 0x00,
        0x02, 0x00, 0x07, 0x00, 0x07, 0x00, 0x06, 0x00, 0x06, 0x00, 0x06, 0x00, 0x04, 0x00, 0x02, 0x00,
        0x01, 0x00, 0x00, 0x00, 0xFF, 0xFF, 0xFD, 0xFF, 0xFC, 0xFF, 0xFA, 0xFF, 0xFC, 0xFF, 0xFF, 0xFF,
        0x00, 0x00, 0x02, 0x00, 0x06, 0x00, 0x09, 0x00, 0x08, 0x00, 0x08, 0x00, 0x09, 0x00, 0x07, 0x00,
        0x06, 0x00, 0x06, 0x00, 0x03, 0x00, 0x00, 0x00, 0xFF, 0xFF, 0xFC, 0xFF, 0xFC, 0xFF, 0xFF, 0xFF,
        0x01, 0x00, 0x02, 0x00, 0x04, 0x00, 0x06, 0x00, 0x06, 0x00, 0x07, 0x00, 0x0A, 0x00, 0x0B, 0x00,
        0x08, 0x00, 0x08, 0x00, 0x09, 0x00, 0x03, 0x00, 0xFF, 0xFF, 0x00, 0x00, 0xFF, 0xFF, 0xFD, 0xFF,
        0xFC, 0xFF, 0xFC, 0xFF, 0xFD, 0xFF, 0x00, 0x00, 0x01, 0x00, 0x03, 0x00, 0x06, 0x00, 0x08, 0x00,
        0x08, 0x00, 0x09, 0x00, 0x0A, 0x00, 0x08, 0x00, 0x07, 0x00, 0x05, 0x00, 0x00, 0x00, 0xFF, 0xFF,
        0xFD, 0xFF, 0xFB, 0xFF, 0xFA, 0xFF, 0xFA, 0xFF, 0xFB, 0xFF, 0xFE, 0xFF, 0x02, 0x00, 0x02, 0x00,
        0x01, 0x00, 0x05, 0x00, 0x08, 0x00, 0x07, 0x00, 0x07, 0x00, 0x08, 0x00, 0x05, 0x00, 0x02, 0x00,
        0x01, 0x00, 0xFF, 0xFF, 0xFE, 0xFF, 0xFE, 0xFF, 0xFC, 0xFF, 0xFC, 0xFF, 0xFE, 0xFF, 0xFF, 0xFF,
        0x02, 0x00, 0x04, 0x00, 0x07, 0x00, 0x09, 0x00, 0x0B, 0x00, 0x0C, 0x00, 0x0A, 0x00, 0x07, 0x00,
        0x07, 0x00, 0x06, 0x00, 0x03, 0x00, 0x02, 0x00, 0x00, 0x00, 0xFE, 0xFF, 0xFD, 0xFF, 0xFF, 0xFF,
        0x01, 0x00, 0x01, 0x00, 0x01, 0x00, 0x02, 0x00, 0x04, 0x00, 0x05, 0x00, 0x08, 0x00, 0x0C, 0x00,
        0x0A, 0x00, 0x07, 0x00, 0x07, 0x00, 0x05, 0x00, 0x01, 0x00, 0xFF, 0xFF, 0xFC, 0xFF, 0xFC, 0xFF,
        0xFE, 0xFF, 0xFE, 0xFF, 0xFE, 0xFF, 0xFF, 0xFF, 0x00, 0x00, 0x02, 0x00, 0x05, 0x00, 0x06, 0x00,
        0x06, 0x00, 0x06, 0x00, 0x05, 0x00, 0x06, 0x00, 0x06, 0x00, 0x02, 0x00, 0x00, 0x00, 0x00, 0x00,
        0xFE, 0xFF, 0xFC, 0xFF, 0xFD, 0xFF, 0xFB, 0xFF, 0xFC, 0xFF, 0x00, 0x00, 0x03, 0x00, 0x05, 0x00,
        0x06, 0x00, 0x09, 0x00, 0x0A, 0x00, 0x09, 0x00, 0x09, 0x00, 0x06, 0x00, 0x03, 0x00, 0x04, 0x00,
        0x01, 0x00, 0xFC, 0xFF, 0xFE, 0xFF, 0xFF, 0xFF, 0xFE, 0xFF, 0xFE, 0xFF, 0xFE, 0xFF, 0x02, 0x00,
        0x03, 0x00, 0x03, 0x00, 0x08, 0x00, 0x0A, 0x00, 0x08, 0x00, 0x09, 0x00, 0x09, 0x00, 0x08, 0x00,
        0x07, 0x00, 0x04, 0x00, 0x01, 0x00, 0x00, 0x00, 0xFF, 0xFF, 0xFE, 0xFF, 0xFD, 0xFF, 0xFD, 0xFF,
        0xFE, 0xFF, 0xFE, 0xFF, 0x00, 0x00, 0x04, 0x00, 0x07, 0x00, 0x07, 0x00, 0x07, 0x00, 0x08, 0x00,
        0x08, 0x00, 0x06, 0x00, 0x06, 0x00, 0x04, 0x00, 0x00, 0x00, 0xFD, 0xFF, 0xFB, 0xFF, 0xF8, 0xFF,
        0xF9, 0xFF, 0xFC, 0xFF, 0xFA, 0xFF, 0xFB, 0xFF, 0xFF, 0xFF, 0x01, 0x00, 0x03, 0x00, 0x08, 0x00,
        0x09, 0x00, 0x07, 0x00, 0x06, 0x00, 0x03, 0x00, 0x03, 0x00, 0x04, 0x00, 0x00, 0x00, 0xFE, 0xFF,
        0x00, 0x00, 0xFE, 0xFF, 0xFC, 0xFF, 0xFE, 0xFF, 0xFF, 0xFF, 0xFF, 0xFF, 0x01, 0x00, 0x04, 0x00,
        0x05, 0x00, 0x07, 0x00, 0x0A, 0x00, 0x08, 0x00, 0x07, 0x00, 0x08, 0x00, 0x06, 0x00, 0x02, 0x00,
        0x01, 0x00, 0xFF, 0xFF, 0xFE, 0xFF, 0xFE, 0xFF, 0xFE, 0xFF, 0xFE, 0xFF, 0xFE, 0xFF, 0x00, 0x00,
        0x04, 0x00, 0x04, 0x00, 0x04, 0x00, 0x07, 0x00, 0x08, 0x00, 0x06, 0x00, 0x06, 0x00, 0x08, 0x00,
        0x07, 0x00, 0x04, 0x00, 0x02, 0x00, 0xFF, 0xFF, 0xFB, 0xFF, 0xF9, 0xFF, 0xFB, 0xFF, 0xFC, 0xFF,
        0xFC, 0xFF, 0xFD, 0xFF, 0x00, 0x00, 0x02, 0x00, 0x03, 0x00, 0x06, 0x00, 0x06, 0x00, 0x06, 0x00,
        0x06, 0x00, 0x04, 0x00, 0x03, 0x00, 0x04, 0x00, 0x00, 0x00, 0xFB, 0xFF, 0xFA, 0xFF, 0xFC, 0xFF,
        0xFC, 0xFF, 0xFA, 0xFF, 0xFA, 0xFF, 0xFF, 0xFF, 0x02, 0x00, 0x02, 0x00, 0x05, 0x00, 0x08, 0x00,
        0x08, 0x00, 0x09, 0x00, 0x07, 0x00, 0x05, 0x00, 0x05, 0x00, 0x02, 0x00, 0xFF, 0xFF, 0xFE, 0xFF,
        0xFD, 0xFF, 0xFC, 0xFF, 0xFC, 0xFF, 0xFB, 0xFF, 0xFE, 0xFF, 0x01, 0x00, 0xFF, 0xFF, 0x02, 0x00,
        0x06, 0x00, 0x05, 0x00, 0x05, 0x00, 0x08, 0x00, 0x08, 0x00, 0x06, 0x00, 0x05, 0x00, 0x02, 0x00,
        0xFF, 0xFF, 0xFE, 0xFF, 0xFD, 0xFF, 0xFE, 0xFF, 0xFE, 0xFF, 0xFD, 0xFF, 0x00, 0x00, 0x02, 0x00,
        0x01, 0x00, 0x04, 0x00, 0x07, 0x00, 0x06, 0x00, 0x08, 0x00, 0x08, 0x00, 0x06, 0x00, 0x06, 0x00,
        0x04, 0x00, 0x01, 0x00, 0xFF, 0xFF, 0xFD, 0xFF, 0xFA, 0xFF, 0xF9, 0xFF, 0xFA, 0xFF, 0xFB, 0xFF,
        0xFC, 0xFF, 0xFD, 0xFF, 0x01, 0x00, 0x02, 0x00, 0x04, 0x00, 0x06, 0x00, 0x07, 0x00, 0x06, 0x00,
        0x06, 0x00, 0x02, 0x00, 0x00, 0x00, 0x00, 0x00, 0xFF, 0xFF, 0xFE, 0xFF, 0xFD, 0xFF, 0xFD, 0xFF,
        0xFB, 0xFF, 0xFB, 0xFF, 0xFC, 0xFF, 0xFF, 0xFF, 0x00, 0x00, 0x00, 0x00, 0x03, 0x00, 0x08, 0x00,
        0x0B, 0x00, 0x0B, 0x00, 0x09, 0x00, 0x05, 0x00, 0x03, 0x00, 0x03, 0x00, 0x01, 0x00, 0xFE, 0xFF,
        0xFE, 0xFF, 0xFF, 0xFF, 0xFE, 0xFF, 0xFE, 0xFF, 0xFE, 0xFF, 0x00, 0x00, 0x04, 0x00, 0x06, 0x00,
        0x06, 0x00, 0x08, 0x00, 0x09, 0x00, 0x0A, 0x00, 0x09, 0x00, 0x07, 0x00, 0x05, 0x00, 0x03, 0x00,
        0x01, 0x00, 0xFF, 0xFF, 0xFC, 0xFF, 0xFB, 0xFF, 0xFC, 0xFF, 0xFD, 0xFF, 0xFE, 0xFF, 0xFF, 0xFF,
        0x01, 0x00, 0x04, 0x00, 0x07, 0x00, 0x07, 0x00, 0x07, 0x00, 0x07, 0x00, 0x08, 0x00, 0x05, 0x00,
        0x03, 0x00, 0x03, 0x00, 0xFE, 0xFF, 0xFC, 0xFF, 0xFF, 0xFF, 0xFC, 0xFF, 0xFA, 0xFF, 0xFC, 0xFF,
        0xFB, 0xFF, 0xFC, 0xFF, 0x00, 0x00, 0x03, 0x00, 0x06, 0x00, 0x05, 0x00, 0x06, 0x00, 0x0A, 0x00,
        0x06, 0x00, 0x02, 0x00, 0x06, 0x00, 0x03, 0x00, 0xFE, 0xFF, 0xFD, 0xFF, 0xFD, 0xFF, 0xFE, 0xFF,
        0xFD, 0xFF, 0xFA, 0xFF, 0xFE, 0xFF, 0x01, 0x00, 0x01, 0x00, 0x04, 0x00, 0x05, 0x00, 0x05, 0x00,
        0x08, 0x00, 0x09, 0x00, 0x09, 0x00, 0x0A, 0x00, 0x06, 0x00, 0x01, 0x00, 0x01, 0x00, 0xFF, 0xFF,
        0xFC, 0xFF, 0xFA, 0xFF, 0xFA, 0xFF, 0xFD, 0xFF, 0xFF, 0xFF, 0x01, 0x00, 0x03, 0x00, 0x04, 0x00,
        0x06, 0x00, 0x07, 0x00, 0x05, 0x00, 0x06, 0x00, 0x06, 0x00, 0x04, 0x00, 0x03, 0x00, 0x00, 0x00,
        0xFD, 0xFF, 0xFF, 0xFF, 0xFC, 0xFF, 0xF9, 0xFF, 0xFC, 0xFF, 0xFC, 0xFF, 0xFA, 0xFF, 0xFD, 0xFF,
        0x01, 0x00, 0x04, 0x00, 0x06, 0x00, 0x07, 0x00, 0x07, 0x00, 0x08, 0x00, 0x07, 0x00, 0x03, 0x00,
        0x00, 0x00, 0x01, 0x00, 0x00, 0x00, 0xFC, 0xFF, 0xFA, 0xFF, 0xFB, 0xFF, 0xFB, 0xFF, 0xF9, 0xFF,
        0xFB, 0xFF, 0xFE, 0xFF, 0xFF, 0xFF, 0x02, 0x00, 0x05, 0x00, 0x06, 0x00, 0x08, 0x00, 0x08, 0x00,
        0x07, 0x00, 0x08, 0x00, 0x06, 0x00, 0x01, 0x00, 0xFE, 0xFF, 0xFD, 0xFF, 0xFD, 0xFF, 0xFB, 0xFF,
        0xFA, 0xFF, 0xFE, 0xFF, 0xFF, 0xFF, 0x00, 0x00, 0x05, 0x00, 0x05, 0x00, 0x07, 0x00, 0x09, 0x00,
        0x08, 0x00, 0x07, 0x00, 0x09, 0x00, 0x09, 0x00, 0x06, 0x00, 0x02, 0x00, 0x01, 0x00, 0xFE, 0xFF,
        0xFA, 0xFF, 0xFD, 0xFF, 0xFE, 0xFF, 0xF8, 0xFF, 0xFC, 0xFF, 0x01, 0x00, 0x00, 0x00, 0x03, 0x00,
        0x07, 0x00, 0x08, 0x00, 0x0A, 0x00, 0x07, 0x00, 0x04, 0x00, 0x04, 0x00, 0x02, 0x00, 0xFF, 0xFF,
        0xFF, 0xFF, 0xFD, 0xFF, 0xFB, 0xFF, 0xFB, 0xFF, 0xFB, 0xFF, 0xFB, 0xFF, 0xFB, 0xFF, 0xFC, 0xFF,
        0x00, 0x00, 0x04, 0x00, 0x05, 0x00, 0x06, 0x00, 0x08, 0x00, 0x06, 0x00, 0x04, 0x00, 0x05, 0x00,
        0x01, 0x00, 0xFD, 0xFF, 0xFE, 0xFF, 0xFF, 0xFF, 0xFD, 0xFF, 0xFD, 0xFF, 0xFE, 0xFF, 0xFE, 0xFF,
        0xFE, 0xFF, 0x01, 0x00, 0x03, 0x00, 0x03, 0x00, 0x06, 0x00, 0x07, 0x00, 0x06, 0x00, 0x08, 0x00,
        0x09, 0x00, 0x06, 0x00, 0x06, 0x00, 0x04, 0x00, 0x00, 0x00, 0xFF, 0xFF, 0xFC, 0xFF, 0xF9, 0xFF,
        0xFC, 0xFF, 0xFD, 0xFF, 0xFD, 0xFF, 0xFE, 0xFF, 0x00, 0x00, 0x04, 0x00, 0x08, 0x00, 0x08, 0x00,
        0x07, 0x00, 0x07, 0x00, 0x06, 0x00, 0x03, 0x00, 0x01, 0x00, 0x01, 0x00, 0xFF, 0xFF, 0xFC, 0xFF,
        0xFD, 0xFF, 0xFC, 0xFF, 0xFA, 0xFF, 0xFC, 0xFF, 0xFC, 0xFF, 0xFB, 0xFF, 0x01, 0x00, 0x05, 0x00,
        0x04, 0x00, 0x05, 0x00, 0x08, 0x00, 0x09, 0x00, 0x07, 0x00, 0x06, 0x00, 0x05, 0x00, 0xFF, 0xFF,
        0xFC, 0xFF, 0xFC, 0xFF, 0xFA, 0xFF, 0xF9, 0xFF, 0xFD, 0xFF, 0xFC, 0xFF, 0xFA, 0xFF, 0xFB, 0xFF,
        0xFE, 0xFF, 0x02, 0x00, 0x05, 0x00, 0x05, 0x00, 0x05, 0x00, 0x05, 0x00, 0x05, 0x00, 0x07, 0x00,
        0x03, 0x00, 0xFE, 0xFF, 0xFF, 0xFF, 0xFE, 0xFF, 0xFB, 0xFF, 0xFB, 0xFF, 0xFA, 0xFF, 0xFB, 0xFF,
        0xFE, 0xFF, 0x00, 0x00, 0x03, 0x00, 0x04, 0x00, 0x04, 0x00, 0x06, 0x00, 0x07, 0x00, 0x06, 0x00,
        0x07, 0x00, 0x03, 0x00, 0x00, 0x00, 0x01, 0x00, 0xFF, 0xFF, 0xFE, 0xFF, 0xFD, 0xFF, 0xFB, 0xFF,
        0xFC, 0xFF, 0xFC, 0xFF, 0xFD, 0xFF, 0x00, 0x00, 0x02, 0x00, 0x04, 0x00, 0x06, 0x00, 0x04, 0x00,
        0x05, 0x00, 0x07, 0x00, 0x05, 0x00, 0x02, 0x00, 0x00, 0x00, 0xFE, 0xFF, 0xFE, 0xFF, 0xFC, 0xFF,
        0xF8, 0xFF, 0xF6, 0xFF, 0xF8, 0xFF, 0xFA, 0xFF, 0xFB, 0xFF, 0xFD, 0xFF, 0xFF, 0xFF, 0x00, 0x00,
        0x03, 0x00, 0x05, 0x00, 0x06, 0x00, 0x06, 0x00, 0x04, 0x00, 0x03, 0x00, 0x01, 0x00, 0xFD, 0xFF,
        0xFB, 0xFF, 0xFA, 0xFF, 0xF7, 0xFF, 0xFB, 0xFF, 0xFC, 0xFF, 0xFB, 0xFF, 0xFD, 0xFF, 0xFD, 0xFF,
        0xFE, 0xFF, 0x03, 0x00, 0x04, 0x00, 0x04, 0x00, 0x04, 0x00, 0x04, 0x00, 0x06, 0x00, 0x05, 0x00,
        0x03, 0x00, 0x02, 0x00, 0xFE, 0xFF, 0xFC, 0xFF, 0xFA, 0xFF, 0xF7, 0xFF, 0xF7, 0xFF, 0xFA, 0xFF,
        0xFD, 0xFF, 0xFE, 0xFF, 0xFF, 0xFF, 0x03, 0x00, 0x05, 0x00, 0x06, 0x00, 0x07, 0x00, 0x06, 0x00,
        0x04, 0x00, 0x03, 0x00, 0x00, 0x00, 0xFD, 0xFF, 0xFC, 0xFF, 0xFA, 0xFF, 0xFA, 0xFF, 0xFC, 0xFF,
        0xFB, 0xFF, 0xFC, 0xFF, 0xFE, 0xFF, 0xFE, 0xFF, 0x01, 0x00, 0x04, 0x00, 0x05, 0x00, 0x05, 0x00,
        0x05, 0x00, 0x06, 0x00, 0x05, 0x00, 0x01, 0x00, 0x00, 0x00, 0xFE, 0xFF, 0xFA, 0xFF, 0xF9, 0xFF,
        0xF9, 0xFF, 0xFA, 0xFF, 0xFB, 0xFF, 0xFA, 0xFF, 0xF9, 0xFF, 0xFE, 0xFF, 0x00, 0x00, 0xFF, 0xFF,
        0x03, 0x00, 0x06, 0x00, 0x04, 0x00, 0x04, 0x00, 0x02, 0x00, 0x00, 0x00, 0x01, 0x00, 0x00, 0x00,
        0xFD, 0xFF, 0xFB, 0xFF, 0xF8, 0xFF, 0xF9, 0xFF, 0xFB, 0xFF, 0xFB, 0xFF, 0xFC, 0xFF, 0x00, 0x00,
        0x01, 0x00, 0x04, 0x00, 0x05, 0x00, 0x04, 0x00, 0x05, 0x00, 0x06, 0x00, 0x07, 0x00, 0x04, 0x00,
        0xFE, 0xFF, 0xFF, 0xFF, 0xFF, 0xFF, 0xF9, 0xFF, 0xFA, 0xFF, 0xFE, 0xFF, 0xFB, 0xFF, 0xFB, 0xFF,
        0x00, 0x00, 0xFF, 0xFF, 0xFF, 0xFF, 0x04, 0x00, 0x06, 0x00, 0x05, 0x00, 0x07, 0x00, 0x07, 0x00,
        0x01, 0x00, 0x00, 0x00, 0x01, 0x00, 0xFE, 0xFF, 0xFC, 0xFF, 0xFB, 0xFF, 0xF9, 0xFF, 0xF9, 0xFF,
        0xF7, 0xFF, 0xF8, 0xFF, 0xFB, 0xFF, 0xFD, 0xFF, 0x00, 0x00, 0x02, 0x00, 0x01, 0x00, 0x04, 0x00,
        0x06, 0x00, 0x04, 0x00, 0x03, 0x00, 0x04, 0x00, 0x02, 0x00, 0xFF, 0xFF, 0xFA, 0xFF, 0xF8, 0xFF,
        0xF8, 0xFF, 0xF8, 0xFF, 0xF9, 0xFF, 0xFA, 0xFF, 0xFC, 0xFF, 0xFE, 0xFF, 0x01, 0x00, 0x05, 0x00,
        0x04, 0x00, 0x03, 0x00, 0x06, 0x00, 0x05, 0x00, 0x01, 0x00, 0x01, 0x00, 0x02, 0x00, 0x00, 0x00,
        0xFE, 0xFF, 0xFD, 0xFF, 0xFC, 0xFF, 0xF9, 0xFF, 0xFB, 0xFF, 0xFC, 0xFF, 0xFC, 0xFF, 0x00, 0x00,
        0x02, 0x00, 0x03, 0x00, 0x07, 0x00, 0x09, 0x00, 0x08, 0x00, 0x06, 0x00, 0x02, 0x00, 0x01, 0x00,
        0x00, 0x00, 0xFE, 0xFF, 0xFD, 0xFF, 0xFD, 0xFF, 0xFD, 0xFF, 0xFB, 0xFF, 0xF9, 0xFF, 0xFC, 0xFF,
        0xFD, 0xFF, 0xFD, 0xFF, 0x01, 0x00, 0x02, 0x00, 0x01, 0x00, 0x04, 0x00, 0x05, 0x00, 0x05, 0x00,
        0x04, 0x00, 0x00, 0x00, 0xFC, 0xFF, 0xFC, 0xFF, 0xFB, 0xFF, 0xF7, 0xFF, 0xF6, 0xFF, 0xF7, 0xFF,
        0xF8, 0xFF, 0xF9, 0xFF, 0xFC, 0xFF, 0xFF, 0xFF, 0x00, 0x00, 0x02, 0x00, 0x04, 0x00, 0x03, 0x00,
        0x03, 0x00, 0x04, 0x00, 0x04, 0x00, 0x02, 0x00, 0x01, 0x00, 0xFE, 0xFF, 0xFB, 0xFF, 0xF9, 0xFF,
        0xF7, 0xFF, 0xF8, 0xFF, 0xFA, 0xFF, 0xF9, 0xFF, 0xFB, 0xFF, 0x00, 0x00, 0x00, 0x00, 0x00, 0x00,
        0x04, 0x00, 0x07, 0x00, 0x07, 0x00, 0x03, 0x00, 0x01, 0x00, 0x03, 0x00, 0x02, 0x00, 0x00, 0x00,
        0xFD, 0xFF, 0xFA, 0xFF, 0xFB, 0xFF, 0xFE, 0xFF, 0xFC, 0xFF, 0xFC, 0xFF, 0xFE, 0xFF, 0xFE, 0xFF,
        0x01, 0x00, 0x05, 0x00, 0x05, 0x00, 0x05, 0x00, 0x06, 0x00, 0x04, 0x00, 0x02, 0x00, 0x00, 0x00,
        0xFE, 0xFF, 0xFC, 0xFF, 0xF9, 0xFF, 0xF9, 0xFF, 0xFA, 0xFF, 0xF9, 0xFF, 0xF7, 0xFF, 0xF9, 0xFF,
        0xFE, 0xFF, 0x00, 0x00, 0xFD, 0xFF, 0x00, 0x00, 0x06, 0x00, 0x04, 0x00, 0x02, 0x00, 0x03, 0x00,
        0x00, 0x00, 0x00, 0x00, 0x00, 0x00, 0xFB, 0xFF, 0xFA, 0xFF, 0xF9, 0xFF, 0xF6, 0xFF, 0xF8, 0xFF,
        0xF9, 0xFF, 0xF8, 0xFF, 0xFD, 0xFF, 0x00, 0x00, 0x03, 0x00, 0x04, 0x00, 0x03, 0x00, 0x06, 0x00,
        0x05, 0x00, 0x00, 0x00, 0x01, 0x00, 0x00, 0x00, 0xFD, 0xFF, 0xFE, 0xFF, 0xFC, 0xFF, 0xFA, 0xFF,
        0xFA, 0xFF, 0xF9, 0xFF, 0xFB, 0xFF, 0xFB, 0xFF, 0xFB, 0xFF, 0xFF, 0xFF, 0x01, 0x00, 0x02, 0x00,
        0x04, 0x00, 0x05, 0x00, 0x07, 0x00, 0x06, 0x00, 0x04, 0x00, 0x04, 0x00, 0xFF, 0xFF, 0xFC, 0xFF,
        0xFE, 0xFF, 0xFA, 0xFF, 0xF8, 0xFF, 0xF9, 0xFF, 0xFA, 0xFF, 0xF9, 0xFF, 0xFA, 0xFF, 0xFE, 0xFF,
        0x01, 0x00, 0x00, 0x00, 0x02, 0x00, 0x05, 0x00, 0x03, 0x00, 0x03, 0x00, 0x01, 0x00, 0x00, 0x00,
        0x00, 0x00, 0xFB, 0xFF, 0xF8, 0xFF, 0xF9, 0xFF, 0xF7, 0xFF, 0xF5, 0xFF, 0xF5, 0xFF, 0xF9, 0xFF,
        0xFB, 0xFF, 0xFB, 0xFF, 0xFF, 0xFF, 0x02, 0x00, 0x01, 0x00, 0x02, 0x00, 0x03, 0x00, 0x01, 0x00,
        0x00, 0x00, 0xFF, 0xFF, 0xFC, 0xFF, 0xFD, 0xFF, 0xFB, 0xFF, 0xF7, 0xFF, 0xF8, 0xFF, 0xF7, 0xFF,
        0xF5, 0xFF, 0xF7, 0xFF, 0xFB, 0xFF, 0xFD, 0xFF, 0xFF, 0xFF, 0x00, 0x00, 0x00, 0x00, 0x05, 0x00,
        0x06, 0x00, 0x03, 0x00, 0x03, 0x00, 0x02, 0x00, 0xFE, 0xFF, 0xFD, 0xFF, 0xFC, 0xFF, 0xF9, 0xFF,
        0xF7, 0xFF, 0xF8, 0xFF, 0xF9, 0xFF, 0xF9, 0xFF, 0xFB, 0xFF, 0xFE, 0xFF, 0xFF, 0xFF, 0x02, 0x00,
        0x05, 0x00, 0x04, 0x00, 0x04, 0x00, 0x04, 0x00, 0x00, 0x00, 0xFF, 0xFF, 0xFF, 0xFF, 0xFB, 0xFF,
        0xF9, 0xFF, 0xF8, 0xFF, 0xF7, 0xFF, 0xF8, 0xFF, 0xF9, 0xFF, 0xFA, 0xFF, 0xFB, 0xFF, 0xFC, 0xFF,
        0xFE, 0xFF, 0x00, 0x00, 0x02, 0x00, 0x04, 0x00, 0x02, 0x00, 0x01, 0x00, 0x03, 0x00, 0x00, 0x00,
        0xFD, 0xFF, 0xFD, 0xFF, 0xFA, 0xFF, 0xF8, 0xFF, 0xF6, 0xFF, 0xF4, 0xFF, 0xF7, 0xFF, 0xFB, 0xFF,
        0xFA, 0xFF, 0xFB, 0xFF, 0xFF, 0xFF, 0x01, 0x00, 0x02, 0x00, 0x02, 0x00, 0x01, 0x00, 0x01, 0x00,
        0x00, 0x00, 0xFE, 0xFF, 0xFE, 0xFF, 0xFC, 0xFF, 0xFA, 0xFF, 0xFA, 0xFF, 0xF8, 0xFF, 0xF8, 0xFF,
        0xF9, 0xFF, 0xFA, 0xFF, 0xFB, 0xFF, 0xFF, 0xFF, 0x01, 0x00, 0x00, 0x00, 0x02, 0x00, 0x05, 0x00,
        0x05, 0x00, 0x04, 0x00, 0x02, 0x00, 0x00, 0x00, 0xFF, 0xFF, 0xFE, 0xFF, 0xFA, 0xFF, 0xF7, 0xFF,
        0xF5, 0xFF, 0xF7, 0xFF, 0xFC, 0xFF, 0xFA, 0xFF, 0xFA, 0xFF, 0xFE, 0xFF, 0xFF, 0xFF, 0x01, 0x00,
        0x04, 0x00, 0x03, 0x00, 0x04, 0x00, 0x02, 0x00, 0x01, 0x00, 0x02, 0x00, 0xFD, 0xFF, 0xF8, 0xFF,
        0xFA, 0xFF, 0xF7, 0xFF, 0xF4, 0xFF, 0xF7, 0xFF, 0xF6, 0xFF, 0xF5, 0xFF, 0xFA, 0xFF, 0xFC, 0xFF,
        0xFC, 0xFF, 0xFF, 0xFF, 0x02, 0x00, 0x03, 0x00, 0x03, 0x00, 0x02, 0x00, 0xFE, 0xFF, 0xFC, 0xFF,
        0xFD, 0xFF, 0xFB, 0xFF, 0xF7, 0xFF, 0xF7, 0xFF, 0xF5, 0xFF, 0xF4, 0xFF, 0xF4, 0xFF, 0xF7, 0xFF,
        0xFC, 0xFF, 0xFD, 0xFF, 0xFE, 0xFF, 0x02, 0x00, 0x02, 0x00, 0x04, 0x00, 0x07, 0x00, 0x04, 0x00,
        0x01, 0x00, 0xFF, 0xFF, 0xFC, 0xFF, 0xFB, 0xFF, 0xFA, 0xFF, 0xF7, 0xFF, 0xF9, 0xFF, 0xFA, 0xFF,
        0xF9, 0xFF, 0xFA, 0xFF, 0xFB, 0xFF, 0xFD, 0xFF, 0xFF, 0xFF, 0x01, 0x00, 0x05, 0x00, 0x05, 0x00,
        0x03, 0x00, 0x04, 0x00, 0x01, 0x00, 0xFC, 0xFF, 0xFD, 0xFF, 0xFC, 0xFF, 0xF9, 0xFF, 0xF6, 0xFF,
        0xF6, 0xFF, 0xF8, 0xFF, 0xF8, 0xFF, 0xF9, 0xFF, 0xFC, 0xFF, 0xFD, 0xFF, 0x01, 0x00, 0x03, 0x00,
        0xFF, 0xFF, 0x02, 0x00, 0x05, 0x00, 0xFF, 0xFF, 0xFE, 0xFF, 0xFF, 0xFF, 0xFA, 0xFF, 0xFB, 0xFF,
        0xFA, 0xFF, 0xF5, 0xFF, 0xF6, 0xFF, 0xF8, 0xFF, 0xF6, 0xFF, 0xF8, 0xFF, 0xFB, 0xFF, 0xFC, 0xFF,
        0xFF, 0xFF, 0x01, 0x00, 0x00, 0x00, 0x01, 0x00, 0x02, 0x00, 0x02, 0x00, 0x00, 0x00, 0xFD, 0xFF,
        0xFB, 0xFF, 0xFA, 0xFF, 0xF9, 0xFF, 0xF9, 0xFF, 0xF9, 0xFF, 0xF7, 0xFF, 0xF6, 0xFF, 0xF9, 0xFF,
        0xFD, 0xFF, 0xFF, 0xFF, 0x00, 0x00, 0x02, 0x00, 0x05, 0x00, 0x06, 0x00, 0x04, 0x00, 0x04, 0x00,
        0x03, 0x00, 0xFF, 0xFF, 0xFF, 0xFF, 0x00, 0x00, 0xFC, 0xFF, 0xF8, 0xFF, 0xF6, 0xFF, 0xF7, 0xFF,
        0xFA, 0xFF, 0xFB, 0xFF, 0xFF, 0xFF, 0x01, 0x00, 0xFF, 0xFF, 0xFF, 0xFF, 0x03, 0x00, 0x03, 0x00,
        0x02, 0x00, 0x03, 0x00, 0x02, 0x00, 0xFE, 0xFF, 0xFD, 0xFF, 0xFD, 0xFF, 0xF8, 0xFF, 0xF4, 0xFF,
        0xF5, 0xFF, 0xF4, 0xFF, 0xF5, 0xFF, 0xF9, 0xFF, 0xFB, 0xFF, 0xFE, 0xFF, 0x00, 0x00, 0xFD, 0xFF,
        0xFF, 0xFF, 0x02, 0x00, 0x00, 0x00, 0x01, 0x00, 0x01, 0x00, 0xFD, 0xFF, 0xFB, 0xFF, 0xFA, 0xFF,
        0xF8, 0xFF, 0xF8, 0xFF, 0xF7, 0xFF, 0xF6, 0xFF, 0xF7, 0xFF, 0xFA, 0xFF, 0xFB, 0xFF, 0xFE, 0xFF,
        0x00, 0x00, 0x01, 0x00, 0x04, 0x00, 0x03, 0x00, 0x02, 0x00, 0x03, 0x00, 0x02, 0x00, 0xFE, 0xFF,
        0xFE, 0xFF, 0xFB, 0xFF, 0xF9, 0xFF, 0xFA, 0xFF, 0xF9, 0xFF, 0xFA, 0xFF, 0xFB, 0xFF, 0xFB, 0xFF,
        0xFE, 0xFF, 0xFF, 0xFF, 0x00, 0x00, 0x03, 0x00, 0x02, 0x00, 0x02, 0x00, 0x05, 0x00, 0x03, 0x00,
        0x00, 0x00, 0x00, 0x00, 0xFC, 0xFF, 0xF9, 0xFF, 0xFA, 0xFF, 0xF7, 0xFF, 0xF6, 0xFF, 0xF8, 0xFF,
        0xF8, 0xFF, 0xF8, 0xFF, 0xFB, 0xFF, 0xFE, 0xFF, 0x01, 0x00, 0x01, 0x00, 0x00, 0x00, 0x02, 0x00,
        0x02, 0x00, 0xFF, 0xFF, 0xFD, 0xFF, 0xFC, 0xFF, 0xFB, 0xFF, 0xFA, 0xFF, 0xF7, 0xFF, 0xF5, 0xFF,
        0xF6, 0xFF, 0xF6, 0xFF, 0xF5, 0xFF, 0xF7, 0xFF, 0xFB, 0xFF, 0xFB, 0xFF, 0xFC, 0xFF, 0xFF, 0xFF,
        0x01, 0x00, 0x03, 0x00, 0x03, 0x00, 0x02, 0x00, 0xFE, 0xFF, 0xFC, 0xFF, 0xFC, 0xFF, 0xF8, 0xFF,
        0xF6, 0xFF, 0xFA, 0xFF, 0xF9, 0xFF, 0xF5, 0xFF, 0xF8, 0xFF, 0xFA, 0xFF, 0xFB, 0xFF, 0xFF, 0xFF,
        0x01, 0x00, 0x01, 0x00, 0x02, 0x00, 0x03, 0x00, 0x04, 0x00, 0x03, 0x00, 0x01, 0x00, 0xFE, 0xFF,
        0xFB, 0xFF, 0xFB, 0xFF, 0xF8, 0xFF, 0xF5, 0xFF, 0xF6, 0xFF, 0xF7, 0xFF, 0xF7, 0xFF, 0xF8, 0xFF,
        0xFA, 0xFF, 0xFE, 0xFF, 0x00, 0x00, 0x00, 0x00, 0x03, 0x00, 0x02, 0x00, 0x00, 0x00, 0x01, 0x00,
        0xFF, 0xFF, 0xFF, 0xFF, 0xFF, 0xFF, 0xFA, 0xFF, 0xF8, 0xFF, 0xF5, 0xFF, 0xF4, 0xFF, 0xF8, 0xFF,
        0xF8, 0xFF, 0xF7, 0xFF, 0xFD, 0xFF, 0xFD, 0xFF, 0xFE, 0xFF, 0x00, 0x00, 0xFF, 0xFF, 0x02, 0x00,
        0x04, 0x00, 0xFF, 0xFF, 0xFD, 0xFF, 0xFD, 0xFF, 0xFB, 0xFF, 0xF8, 0xFF, 0xF4, 0xFF, 0xF5, 0xFF,
        0xF6, 0xFF, 0xF4, 0xFF, 0xF6, 0xFF, 0xF8, 0xFF, 0xF7, 0xFF, 0xFB, 0xFF, 0x00, 0x00, 0x02, 0x00,
        0x02, 0x00, 0x01, 0x00, 0x00, 0x00, 0x00, 0x00, 0x01, 0x00, 0xFE, 0xFF, 0xFB, 0xFF, 0xFB, 0xFF,
        0xF9, 0xFF, 0xF4, 0xFF, 0xF7, 0xFF, 0xF9, 0xFF, 0xF8, 0xFF, 0xFA, 0xFF, 0xFD, 0xFF, 0xFD, 0xFF,
        0xFE, 0xFF, 0x01, 0x00, 0x03, 0x00, 0x03, 0x00, 0x02, 0x00, 0x02, 0x00, 0x01, 0x00, 0xFF, 0xFF,
        0xFE, 0xFF, 0xFA, 0xFF, 0xF6, 0xFF, 0xF6, 0xFF, 0xF6, 0xFF, 0xF5, 0xFF, 0xF6, 0xFF, 0xF8, 0xFF,
        0xFB, 0xFF, 0xFE, 0xFF, 0xFF, 0xFF, 0xFF, 0xFF, 0x01, 0x00, 0x02, 0x00, 0x00, 0x00, 0xFF, 0xFF,
        0xFD, 0xFF, 0xF8, 0xFF, 0xF8, 0xFF, 0xF8, 0xFF, 0xF7, 0xFF, 0xF6, 0xFF, 0xF3, 0xFF, 0xF3, 0xFF,
        0xF7, 0xFF, 0xF9, 0xFF, 0xFB, 0xFF, 0xFE, 0xFF, 0xFC, 0xFF, 0xFD, 0xFF, 0x01, 0x00, 0x02, 0x00,
        0xFF, 0xFF, 0xFD, 0xFF, 0xFE, 0xFF, 0xFD, 0xFF, 0xF8, 0xFF, 0xF7, 0xFF, 0xF7, 0xFF, 0xF4, 0xFF,
        0xF4, 0xFF, 0xF5, 0xFF, 0xF6, 0xFF, 0xF7, 0xFF, 0xFA, 0xFF, 0xFD, 0xFF, 0xFD, 0xFF, 0x01, 0x00,
        0x03, 0x00, 0x00, 0x00, 0x00, 0x00, 0x02, 0x00, 0x00, 0x00, 0xFD, 0xFF, 0xFC, 0xFF, 0xF9, 0xFF,
        0xF7, 0xFF, 0xF7, 0xFF, 0xF6, 0xFF, 0xF5, 0xFF, 0xF6, 0xFF, 0xFA, 0xFF, 0xFE, 0xFF, 0xFE, 0xFF,
        0x00, 0x00, 0x01, 0x00, 0x00, 0x00, 0x02, 0x00, 0x01, 0x00, 0xFF, 0xFF, 0xFE, 0xFF, 0xFB, 0xFF,
        0xF9, 0xFF, 0xFA, 0xFF, 0xF8, 0xFF, 0xF6, 0xFF, 0xF6, 0xFF, 0xF6, 0xFF, 0xF4, 0xFF, 0xF7, 0xFF,
        0xFB, 0xFF, 0xFC, 0xFF, 0xFD, 0xFF, 0xFF, 0xFF, 0x00, 0x00, 0x01, 0x00, 0x01, 0x00, 0xFE, 0xFF,
        0xFD, 0xFF, 0xFB, 0xFF, 0xFB, 0xFF, 0xFB, 0xFF, 0xF8, 0xFF, 0xF5, 0xFF, 0xF7, 0xFF, 0xF7, 0xFF,
        0xF6, 0xFF, 0xFA, 0xFF, 0xFB, 0xFF, 0xFC, 0xFF, 0xFF, 0xFF, 0x01, 0x00, 0x02, 0x00, 0x00, 0x00,
        0xFF, 0xFF, 0x01, 0x00, 0x00, 0x00, 0xFD, 0xFF, 0xFC, 0xFF, 0xFB, 0xFF, 0xF8, 0xFF, 0xF6, 0xFF,
        0xF7, 0xFF, 0xF9, 0xFF, 0xFA, 0xFF, 0xFA, 0xFF, 0xFC, 0xFF, 0xFD, 0xFF, 0xFF, 0xFF, 0x02, 0x00,
        0x02, 0x00, 0x03, 0x00, 0x03, 0x00, 0x02, 0x00, 0x00, 0x00, 0xFD, 0xFF, 0xFB, 0xFF, 0xFA, 0xFF,
        0xF8, 0xFF, 0xF7, 0xFF, 0xF7, 0xFF, 0xF7, 0xFF, 0xF9, 0xFF, 0xFB, 0xFF, 0xFB, 0xFF, 0xFD, 0xFF,
        0x00, 0x00, 0x00, 0x00, 0x01, 0x00, 0x03, 0x00, 0x02, 0x00, 0xFF, 0xFF, 0xFB, 0xFF, 0xFA, 0xFF,
        0xF9, 0xFF, 0xF9, 0xFF, 0xFA, 0xFF, 0xF7, 0xFF, 0xF5, 0xFF, 0xF7, 0xFF, 0xF7, 0xFF, 0xFA, 0xFF,
        0xFC, 0xFF, 0xFC, 0xFF, 0xFE, 0xFF, 0x01, 0x00, 0xFF, 0xFF, 0xFE, 0xFF, 0xFE, 0xFF, 0xFE, 0xFF,
        0xFE, 0xFF, 0xFA, 0xFF, 0xF8, 0xFF, 0xF8, 0xFF, 0xF5, 0xFF, 0xF5, 0xFF, 0xF9, 0xFF, 0xF9, 0xFF,
        0xF7, 0xFF, 0xF9, 0xFF, 0xFB, 0xFF, 0xFD, 0xFF, 0xFF, 0xFF, 0x02, 0x00, 0x02, 0x00, 0x01, 0x00,
        0x04, 0x00, 0x04, 0x00, 0xFE, 0xFF, 0xFD, 0xFF, 0xFD, 0xFF, 0xFA, 0xFF, 0xF8, 0xFF, 0xF7, 0xFF,
        0xF7, 0xFF, 0xF8, 0xFF, 0xFA, 0xFF, 0xFB, 0xFF, 0xFA, 0xFF, 0xFF, 0xFF, 0x02, 0x00, 0xFF, 0xFF,
        0x00, 0x00, 0x03, 0x00, 0x02, 0x00, 0x00, 0x00, 0xFF, 0xFF, 0xFE, 0xFF, 0xFC, 0xFF, 0xF9, 0xFF,
        0xF8, 0xFF, 0xF6, 0xFF, 0xF5, 0xFF, 0xF8, 0xFF, 0xF9, 0xFF, 0xF8, 0xFF, 0xFA, 0xFF, 0xFC, 0xFF,
        0x00, 0x00, 0x03, 0x00, 0x02, 0x00, 0x01, 0x00, 0x00, 0x00, 0x00, 0x00, 0xFE, 0xFF, 0xF9, 0xFF,
        0xF7, 0xFF, 0xF8, 0xFF, 0xF6, 0xFF, 0xF3, 0xFF, 0xF6, 0xFF, 0xF8, 0xFF, 0xF8, 0xFF, 0xFA, 0xFF,
        0xFB, 0xFF, 0xFC, 0xFF, 0xFF, 0xFF, 0x00, 0x00, 0x00, 0x00, 0x03, 0x00, 0x03, 0x00, 0xFF, 0xFF,
        0xFD, 0xFF, 0xFC, 0xFF, 0xFA, 0xFF, 0xF8, 0xFF, 0xF7, 0xFF, 0xF7, 0xFF, 0xF8, 0xFF, 0xF6, 0xFF,
        0xF6, 0xFF, 0xF9, 0xFF, 0xFB, 0xFF, 0xFD, 0xFF, 0xFF, 0xFF, 0x01, 0x00, 0x01, 0x00, 0x00, 0x00,
        0x03, 0x00, 0x01, 0x00, 0xFE, 0xFF, 0xFF, 0xFF, 0xFD, 0xFF, 0xF8, 0xFF, 0xF8, 0xFF, 0xF9, 0xFF,
        0xF8, 0xFF, 0xF8, 0xFF, 0xF7, 0xFF, 0xF8, 0xFF, 0xFC, 0xFF, 0xFF, 0xFF, 0xFF, 0xFF, 0x00, 0x00,
        0x03, 0x00, 0x04, 0x00, 0x03, 0x00, 0x01, 0x00, 0xFB, 0xFF, 0xFA, 0xFF, 0xFB, 0xFF, 0xF8, 0xFF,
        0xF6, 0xFF, 0xF5, 0xFF, 0xF5, 0xFF, 0xF7, 0xFF, 0xF5, 0xFF, 0xF6, 0xFF, 0xFC, 0xFF, 0xFD, 0xFF,
        0xFD, 0xFF, 0xFF, 0xFF, 0x01, 0x00, 0x02, 0x00, 0x00, 0x00, 0xFE, 0xFF, 0xFD, 0xFF, 0xFC, 0xFF,
        0xFA, 0xFF, 0xF6, 0xFF, 0xF3, 0xFF, 0xF5, 0xFF, 0xF5, 0xFF, 0xF4, 0xFF, 0xF6, 0xFF, 0xF8, 0xFF,
        0xFB, 0xFF, 0xFD, 0xFF, 0xFE, 0xFF, 0xFF, 0xFF, 0x00, 0x00, 0x01, 0x00, 0x02, 0x00, 0xFE, 0xFF,
        0xFD, 0xFF, 0xFC, 0xFF, 0xF9, 0xFF, 0xFA, 0xFF, 0xF8, 0xFF, 0xF5, 0xFF, 0xF8, 0xFF, 0xF8, 0xFF,
        0xF8, 0xFF, 0xFD, 0xFF, 0xFE, 0xFF, 0xFF, 0xFF, 0x02, 0x00, 0x02, 0x00, 0x03, 0x00, 0x04, 0x00,
        0x03, 0x00, 0x00, 0x00, 0xFE, 0xFF, 0xFD, 0xFF, 0xFA, 0xFF, 0xFB, 0xFF, 0xFB, 0xFF, 0xF7, 0xFF,
        0xF9, 0xFF, 0xFB, 0xFF, 0xF8, 0xFF, 0xFB, 0xFF, 0xFE, 0xFF, 0xFF, 0xFF, 0x01, 0x00, 0x00, 0x00,
        0x03, 0x00, 0x05, 0x00, 0xFF, 0xFF, 0xFD, 0xFF, 0xFF, 0xFF, 0xFD, 0xFF, 0xFC, 0xFF, 0xFA, 0xFF,
        0xF7, 0xFF, 0xF7, 0xFF, 0xF6, 0xFF, 0xF7, 0xFF, 0xF9, 0xFF, 0xFA, 0xFF, 0xFD, 0xFF, 0x00, 0x00,
        0x01, 0x00, 0x01, 0x00, 0xFF, 0xFF, 0x00, 0x00, 0x02, 0x00, 0xFF, 0xFF, 0xFE, 0xFF, 0xFD, 0xFF,
        0xFA, 0xFF, 0xF8, 0xFF, 0xF6, 0xFF, 0xF5, 0xFF, 0xF7, 0xFF, 0xF9, 0xFF, 0xFA, 0xFF, 0xFA, 0xFF,
        0xFC, 0xFF, 0x00, 0x00, 0x02, 0x00, 0x02, 0x00, 0x02, 0x00, 0x02, 0x00, 0x02, 0x00, 0xFF, 0xFF,
        0xFF, 0xFF, 0x00, 0x00, 0xFB, 0xFF, 0xF7, 0xFF, 0xF7, 0xFF, 0xF8, 0xFF, 0xF9, 0xFF, 0xF9, 0xFF,
        0xFA, 0xFF, 0xFD, 0xFF, 0xFD, 0xFF, 0xFF, 0xFF, 0x02, 0x00, 0x03, 0x00, 0x04, 0x00, 0x03, 0x00,
        0x02, 0x00, 0x02, 0x00, 0xFE, 0xFF, 0xFB, 0xFF, 0xFB, 0xFF, 0xF9, 0xFF, 0xF7, 0xFF, 0xF8, 0xFF,
        0xF9, 0xFF, 0xF7, 0xFF, 0xF6, 0xFF, 0xF8, 0xFF, 0xFC, 0xFF, 0x00, 0x00, 0x03, 0x00, 0x00, 0x00,
        0xFF, 0xFF, 0x02, 0x00, 0x00, 0x00, 0xFE, 0xFF, 0xFE, 0xFF, 0xFA, 0xFF, 0xF7, 0xFF, 0xF9, 0xFF,
        0xF8, 0xFF, 0xF5, 0xFF, 0xF4, 0xFF, 0xF6, 0xFF, 0xF7, 0xFF, 0xF9, 0xFF, 0xFC, 0xFF, 0xFD, 0xFF,
        0x00, 0x00, 0x02, 0x00, 0x01, 0x00, 0x02, 0x00, 0x02, 0x00, 0x00, 0x00, 0xFE, 0xFF, 0xFC, 0xFF,
        0xFB, 0xFF, 0xFC, 0xFF, 0xF9, 0xFF, 0xF7, 0xFF, 0xF6, 0xFF, 0xF6, 0xFF, 0xF9, 0xFF, 0xFC, 0xFF,
        0xFD, 0xFF, 0xFF, 0xFF, 0x01, 0x00, 0x01, 0x00, 0x02, 0x00, 0x04, 0x00, 0x01, 0x00, 0xFF, 0xFF,
        0x01, 0x00, 0x00, 0x00, 0xFB, 0xFF, 0xFB, 0xFF, 0xFA, 0xFF, 0xF6, 0xFF, 0xF8, 0xFF, 0xF8, 0xFF,
        0xF9, 0xFF, 0xFC, 0xFF, 0xFD, 0xFF, 0xFE, 0xFF, 0xFF, 0xFF, 0xFF, 0xFF, 0x02, 0x00, 0x03, 0x00,
        0x01, 0x00, 0x01, 0x00, 0xFF, 0xFF, 0xFD, 0xFF, 0xFB, 0xFF, 0xF7, 0xFF, 0xF6, 0xFF, 0xF6, 0xFF,
        0xF5, 0xFF, 0xF6, 0xFF, 0xF9, 0xFF, 0xF9, 0xFF, 0xF9, 0xFF, 0xFD, 0xFF, 0x00, 0x00, 0x02, 0x00,
        0x02, 0x00, 0x01, 0x00, 0x00, 0x00, 0x00, 0x00, 0xFE, 0xFF, 0xFB, 0xFF, 0xF8, 0xFF, 0xF7, 0xFF,
        0xF6, 0xFF, 0xF5, 0xFF, 0xF7, 0xFF, 0xFA, 0xFF, 0xF9, 0xFF, 0xF9, 0xFF, 0xFB, 0xFF, 0xFD, 0xFF,
        0x00, 0x00, 0x03, 0x00, 0x02, 0x00, 0xFF, 0xFF, 0xFF, 0xFF, 0x00, 0x00, 0xFE, 0xFF, 0xFC, 0xFF,
        0xFB, 0xFF, 0xFA, 0xFF, 0xF9, 0xFF, 0xF9, 0xFF, 0xF8, 0xFF, 0xF9, 0xFF, 0xFB, 0xFF, 0xFC, 0xFF,
        0xFE, 0xFF, 0x00, 0x00, 0x01, 0x00, 0x03, 0x00, 0x03, 0x00, 0x02, 0x00, 0x03, 0x00, 0x01, 0x00,
        0xFD, 0xFF, 0xFC, 0xFF, 0xFA, 0xFF, 0xF8, 0xFF, 0xF7, 0xFF, 0xF7, 0xFF, 0xF8, 0xFF, 0xF9, 0xFF,
        0xF8, 0xFF, 0xFA, 0xFF, 0xFD, 0xFF, 0xFF, 0xFF, 0x00, 0x00, 0x00, 0x00, 0x01, 0x00, 0x02, 0x00,
        0x01, 0x00, 0x00, 0x00, 0xFC, 0xFF, 0xF9, 0xFF, 0xF7, 0xFF, 0xF4, 0xFF, 0xF4, 0xFF, 0xF4, 0xFF,
        0xF2, 0xFF, 0xF5, 0xFF, 0xF9, 0xFF, 0xFA, 0xFF, 0xFD, 0xFF, 0xFE, 0xFF, 0xFE, 0xFF, 0xFF, 0xFF,
        0xFF, 0xFF, 0x00, 0x00, 0x01, 0x00, 0xFF, 0xFF, 0xFD, 0xFF, 0xFC, 0xFF, 0xFB, 0xFF, 0xF9, 0xFF,
        0xF8, 0xFF, 0xF7, 0xFF, 0xF7, 0xFF, 0xF8, 0xFF, 0xFC, 0xFF, 0xFC, 0xFF, 0xFB, 0xFF, 0xFF, 0xFF,
        0x05, 0x00, 0x06, 0x00, 0x05, 0x00, 0x06, 0x00, 0x05, 0x00, 0x01, 0x00, 0xFF, 0xFF, 0xFF, 0xFF,
        0xFB, 0xFF, 0xF8, 0xFF, 0xF9, 0xFF, 0xFA, 0xFF, 0xF9, 0xFF, 0xFB, 0xFF, 0xFD, 0xFF, 0xFD, 0xFF,
        0xFD, 0xFF, 0x01, 0x00, 0x03, 0x00, 0x03, 0x00, 0x02, 0x00, 0x02, 0x00, 0x03, 0x00, 0x00, 0x00,
        0xFC, 0xFF, 0xFD, 0xFF, 0xFB, 0xFF, 0xF6, 0xFF, 0xF6, 0xFF, 0xF5, 0xFF, 0xF4, 0xFF, 0xF8, 0xFF,
        0xF9, 0xFF, 0xF9, 0xFF, 0xFD, 0xFF, 0xFD, 0xFF, 0x01, 0x00, 0x05, 0x00, 0x00, 0x00, 0x00, 0x00,
        0x01, 0x00, 0xFD, 0xFF, 0xFC, 0xFF, 0xFB, 0xFF, 0xF9, 0xFF, 0xF8, 0xFF, 0xF7, 0xFF, 0xF7, 0xFF,
        0xF9, 0xFF, 0xF5, 0xFF, 0xF8, 0xFF, 0xFB, 0xFF, 0xF9, 0xFF, 0xFF, 0xFF, 0x04, 0x00, 0x01, 0x00,
        0x03, 0x00, 0x03, 0x00, 0x00, 0x00, 0xFF, 0xFF, 0xFD, 0xFF, 0xFA, 0xFF, 0xFA, 0xFF, 0xF8, 0xFF,
        0xF8, 0xFF, 0xF9, 0xFF, 0xF9, 0xFF, 0xFA, 0xFF, 0xFA, 0xFF, 0xFC, 0xFF, 0xFF, 0xFF, 0xFF, 0xFF,
        0x00, 0x00, 0x04, 0x00, 0x03, 0x00, 0x00, 0x00, 0x01, 0x00, 0x02, 0x00, 0xFE, 0xFF, 0xFC, 0xFF,
        0xFD, 0xFF, 0xFB, 0xFF, 0xF8, 0xFF, 0xF8, 0xFF, 0xF7, 0xFF, 0xF8, 0xFF, 0xFC, 0xFF, 0xFD, 0xFF,
        0xFE, 0xFF, 0x02, 0x00, 0x03, 0x00, 0x03, 0x00, 0x03, 0x00, 0x02, 0x00, 0x02, 0x00, 0xFF, 0xFF,
        0xFC, 0xFF, 0xFB, 0xFF, 0xF9, 0xFF, 0xF8, 0xFF, 0xF7, 0xFF, 0xF6, 0xFF, 0xF6, 0xFF, 0xF8, 0xFF,
        0xF9, 0xFF, 0xFC, 0xFF, 0xFE, 0xFF, 0x00, 0x00, 0x00, 0x00, 0x02, 0x00, 0x03, 0x00, 0x01, 0x00,
        0x01, 0x00, 0x00, 0x00, 0xFC, 0xFF, 0xFC, 0xFF, 0xFD, 0xFF, 0xFA, 0xFF, 0xF7, 0xFF, 0xF7, 0xFF,
        0xF9, 0xFF, 0xFA, 0xFF, 0xFC, 0xFF, 0xFF, 0xFF, 0x01, 0x00, 0x01, 0x00, 0x04, 0x00, 0x05, 0x00,
        0x03, 0x00, 0x03, 0x00, 0x03, 0x00, 0x02, 0x00, 0xFF, 0xFF, 0xFC, 0xFF, 0xFB, 0xFF, 0xFA, 0xFF,
        0xF7, 0xFF, 0xF7, 0xFF, 0xFA, 0xFF, 0xFB, 0xFF, 0xFC, 0xFF, 0xFF, 0xFF, 0x01, 0x00, 0x01, 0x00,
        0x02, 0x00, 0x04, 0x00, 0x05, 0x00, 0x05, 0x00, 0x04, 0x00, 0x00, 0x00, 0x00, 0x00, 0xFE, 0xFF,
        0xFB, 0xFF, 0xFA, 0xFF, 0xF8, 0xFF, 0xFA, 0xFF, 0xFC, 0xFF, 0xF9, 0xFF, 0xFA, 0xFF, 0xFF, 0xFF,
        0xFF, 0xFF, 0xFD, 0xFF, 0xFF, 0xFF, 0x01, 0x00, 0x02, 0x00, 0x01, 0x00, 0xFF, 0xFF, 0xFF, 0xFF,
        0xFD, 0xFF, 0xFC, 0xFF, 0xFB, 0xFF, 0xF8, 0xFF, 0xF6, 0xFF, 0xF8, 0xFF, 0xF7, 0xFF, 0xF8, 0xFF,
        0xFB, 0xFF, 0xFB, 0xFF, 0xFE, 0xFF, 0x02, 0x00, 0x01, 0x00, 0x03, 0x00, 0x04, 0x00, 0x03, 0x00,
        0x03, 0x00, 0x01, 0x00, 0xFF, 0xFF, 0xFF, 0xFF, 0xFB, 0xFF, 0xF8, 0xFF, 0xFA, 0xFF, 0xFB, 0xFF,
        0xFA, 0xFF, 0xFC, 0xFF, 0xFC, 0xFF, 0xFD, 0xFF, 0x00, 0x00, 0x01, 0x00, 0x02, 0x00, 0x03, 0x00,
        0x05, 0x00, 0x07, 0x00, 0x05, 0x00, 0x00, 0x00, 0xFF, 0xFF, 0xFF, 0xFF, 0xFF, 0xFF, 0xFA, 0xFF,
        0xF5, 0xFF, 0xF8, 0xFF, 0xFD, 0xFF, 0xFB, 0xFF, 0xFC, 0xFF, 0xFE, 0xFF, 0x00, 0x00, 0x04, 0x00,
        0x04, 0x00, 0x02, 0x00, 0x03, 0x00, 0x03, 0x00, 0x01, 0x00, 0x01, 0x00, 0x01, 0x00, 0xFF, 0xFF,
        0xFA, 0xFF, 0xFA, 0xFF, 0xFA, 0xFF, 0xF6, 0xFF, 0xF6, 0xFF, 0xFA, 0xFF, 0xF9, 0xFF, 0xFA, 0xFF,
        0xFE, 0xFF, 0x00, 0x00, 0x01, 0x00, 0x01, 0x00, 0x02, 0x00, 0x02, 0x00, 0x01, 0x00, 0x01, 0x00,
        0xFF, 0xFF, 0xFD, 0xFF, 0xFC, 0xFF, 0xFB, 0xFF, 0xFB, 0xFF, 0xFB, 0xFF, 0xFA, 0xFF, 0xFA, 0xFF,
        0xFB, 0xFF, 0xFD, 0xFF, 0xFF, 0xFF, 0x00, 0x00, 0x03, 0x00, 0x04, 0x00, 0x05, 0x00, 0x03, 0x00,
        0x01, 0x00, 0x00, 0x00, 0xFD, 0xFF, 0xFC, 0xFF, 0xFD, 0xFF, 0xF9, 0xFF, 0xF7, 0xFF, 0xFA, 0xFF,
        0xFB, 0xFF, 0xFC, 0xFF, 0xFE, 0xFF, 0xFE, 0xFF, 0x03, 0x00, 0x04, 0x00, 0x01, 0x00, 0x05, 0x00,
        0x06, 0x00, 0x02, 0x00, 0x05, 0x00, 0x02, 0x00, 0xFB, 0xFF, 0xFB, 0xFF, 0xFB, 0xFF, 0xFA, 0xFF,
        0xF9, 0xFF, 0xF7, 0xFF, 0xF7, 0xFF, 0xF9, 0xFF, 0xFA, 0xFF, 0xFC, 0xFF, 0xFE, 0xFF, 0x02, 0x00,
        0x04, 0x00, 0x02, 0x00, 0x02, 0x00, 0x03, 0x00, 0x00, 0x00, 0xFF, 0xFF, 0xFE, 0xFF, 0xF9, 0xFF,
        0xF8, 0xFF, 0xF8, 0xFF, 0xF9, 0xFF, 0xF9, 0xFF, 0xF9, 0xFF, 0xFC, 0xFF, 0xFE, 0xFF, 0xFE, 0xFF,
        0xFF, 0xFF, 0x00, 0x00, 0x03, 0x00, 0x04, 0x00, 0x04, 0x00, 0x03, 0x00, 0x02, 0x00, 0xFF, 0xFF,
        0xFD, 0xFF, 0xFB, 0xFF, 0xFC, 0xFF, 0xFC, 0xFF, 0xF7, 0xFF, 0xF7, 0xFF, 0xFA, 0xFF, 0xFB, 0xFF,
        0xFD, 0xFF, 0x03, 0x00, 0x04, 0x00, 0x03, 0x00, 0x03, 0x00, 0x05, 0x00, 0x04, 0x00, 0x04, 0x00,
        0x04, 0x00, 0x02, 0x00, 0x00, 0x00, 0xFE, 0xFF, 0xFB, 0xFF, 0xFA, 0xFF, 0xF9, 0xFF, 0xFA, 0xFF,
        0xFC, 0xFF, 0xFC, 0xFF, 0xFE, 0xFF, 0x01, 0x00, 0x01, 0x00, 0x03, 0x00, 0x04, 0x00, 0x04, 0x00,
        0x05, 0x00, 0x03, 0x00, 0x02, 0x00, 0x03, 0x00, 0xFF, 0xFF, 0xFB, 0xFF, 0xFB, 0xFF, 0xFB, 0xFF,
        0xF8, 0xFF, 0xF5, 0xFF, 0xF8, 0xFF, 0xFB, 0xFF, 0xFB, 0xFF, 0xFC, 0xFF, 0xFF, 0xFF, 0x00, 0x00,
        0x02, 0x00, 0x03, 0x00, 0x03, 0x00, 0x03, 0x00, 0x02, 0x00, 0x01, 0x00, 0xFE, 0xFF, 0xFA, 0xFF,
        0xFB, 0xFF, 0xFB, 0xFF, 0xF9, 0xFF, 0xFB, 0xFF, 0xFB, 0xFF, 0xF9, 0xFF, 0xFF, 0xFF, 0x01, 0x00,
        0xFD, 0xFF, 0x00, 0x00, 0x04, 0x00, 0x04, 0x00, 0x04, 0x00, 0x03, 0x00, 0x01, 0x00, 0x00, 0x00,
        0xFE, 0xFF, 0xFC, 0xFF, 0xFB, 0xFF, 0xFB, 0xFF, 0xFA, 0xFF, 0xFA, 0xFF, 0xFC, 0xFF, 0xFE, 0xFF,
        0xFF, 0xFF, 0xFE, 0xFF, 0x00, 0x00, 0x04, 0x00, 0x05, 0x00, 0x05, 0x00, 0x07, 0x00, 0x05, 0x00,
        0x03, 0x00, 0x02, 0x00, 0x00, 0x00, 0xFE, 0xFF, 0xFC, 0xFF, 0xF9, 0xFF, 0xFA, 0xFF, 0xFB, 0xFF,
        0xFB, 0xFF, 0xFA, 0xFF, 0xFA, 0xFF, 0xFE, 0xFF, 0x01, 0x00, 0x03, 0x00, 0x05, 0x00, 0x05, 0x00,
        0x04, 0x00, 0x04, 0x00, 0x00, 0x00, 0xFF, 0xFF, 0xFF, 0xFF, 0xFC, 0xFF, 0xF9, 0xFF, 0xF9, 0xFF,
        0xFA, 0xFF, 0xF9, 0xFF, 0xF8, 0xFF, 0xFA, 0xFF, 0xFD, 0xFF, 0xFD, 0xFF, 0xFF, 0xFF, 0x03, 0x00,
        0x06, 0x00, 0x06, 0x00, 0x05, 0x00, 0x07, 0x00, 0x05, 0x00, 0x00, 0x00, 0xFE, 0xFF, 0xFE, 0xFF,
        0xFC, 0xFF, 0xFA, 0xFF, 0xF8, 0xFF, 0xF9, 0xFF, 0xFC, 0xFF, 0xFC, 0xFF, 0xFE, 0xFF, 0x01, 0x00,
        0x01, 0x00, 0x03, 0x00, 0x06, 0x00, 0x06, 0x00, 0x06, 0x00, 0x05, 0x00, 0x04, 0x00, 0x02, 0x00,
        0x00, 0x00, 0xFE, 0xFF, 0xFD, 0xFF, 0xFC, 0xFF, 0xFA, 0xFF, 0xF8, 0xFF, 0xFA, 0xFF, 0xFD, 0xFF,
        0xFD, 0xFF, 0x00, 0x00, 0x02, 0x00, 0x02, 0x00, 0x04, 0x00, 0x05, 0x00, 0x03, 0x00, 0x02, 0x00,
        0x01, 0x00, 0x00, 0x00, 0x00, 0x00, 0xFF, 0xFF, 0xFD, 0xFF, 0xFA, 0xFF, 0xF9, 0xFF, 0xF9, 0xFF,
        0xFB, 0xFF, 0xFF, 0xFF, 0xFF, 0xFF, 0xFE, 0xFF, 0x01, 0x00, 0x03, 0x00, 0x04, 0x00, 0x04, 0x00,
        0x02, 0x00, 0x03, 0x00, 0x02, 0x00, 0xFF, 0xFF, 0xFE, 0xFF, 0xFD, 0xFF, 0xF9, 0xFF, 0xF7, 0xFF,
        0xF7, 0xFF, 0xF8, 0xFF, 0xFB, 0xFF, 0xFE, 0xFF, 0xFF, 0xFF, 0x00, 0x00, 0x01, 0x00, 0x04, 0x00,
        0x05, 0x00, 0x03, 0x00, 0x03, 0x00, 0x05, 0x00, 0x04, 0x00, 0xFF, 0xFF, 0xFF, 0xFF, 0xFF, 0xFF,
        0xFC, 0xFF, 0xFA, 0xFF, 0xFA, 0xFF, 0xFB, 0xFF, 0xFD, 0xFF, 0xFD, 0xFF, 0xFD, 0xFF, 0x01, 0x00,
        0x03, 0x00, 0x04, 0x00, 0x07, 0x00, 0x06, 0x00, 0x05, 0x00, 0x06, 0x00, 0x04, 0x00, 0x01, 0x00,
        0x00, 0x00, 0xFD, 0xFF, 0xFC, 0xFF, 0xFD, 0xFF, 0xFB, 0xFF, 0xFA, 0xFF, 0xFD, 0xFF, 0x00, 0x00,
        0x00, 0x00, 0x00, 0x00, 0x01, 0x00, 0x03, 0x00, 0x06, 0x00, 0x07, 0x00, 0x03, 0x00, 0x00, 0x00,
        0x03, 0x00, 0x02, 0x00, 0xFC, 0xFF, 0xF9, 0xFF, 0xFA, 0xFF, 0xFB, 0xFF, 0xFA, 0xFF, 0xF9, 0xFF,
        0xFA, 0xFF, 0xFC, 0xFF, 0xFD, 0xFF, 0xFF, 0xFF, 0x02, 0x00, 0x01, 0x00, 0x01, 0x00, 0x05, 0x00,
        0x05, 0x00, 0x01, 0x00, 0xFF, 0xFF, 0x00, 0x00, 0xFF, 0xFF, 0xFD, 0xFF, 0xFB, 0xFF, 0xFA, 0xFF,
        0xFA, 0xFF, 0xFB, 0xFF, 0xFC, 0xFF, 0xFC, 0xFF, 0xFC, 0xFF, 0xFF, 0xFF, 0x02, 0x00, 0x05, 0x00,
        0x05, 0x00, 0x05, 0x00, 0x03, 0x00, 0x03, 0x00, 0x04, 0x00, 0x03, 0x00, 0x01, 0x00, 0xFF, 0xFF,
        0xFE, 0xFF, 0xFB, 0xFF, 0xFC, 0xFF, 0xFE, 0xFF, 0xFD, 0xFF, 0xFD, 0xFF, 0xFF, 0xFF, 0x02, 0x00,
        0x06, 0x00, 0x07, 0x00, 0x07, 0x00, 0x08, 0x00, 0x07, 0x00, 0x04, 0x00, 0x03, 0x00, 0x03, 0x00,
        0x00, 0x00, 0xFC, 0xFF, 0xFC, 0xFF, 0xFA, 0xFF, 0xFA, 0xFF, 0xFB, 0xFF, 0xFC, 0xFF, 0xFD, 0xFF,
        0x00, 0x00, 0x03, 0x00, 0x04, 0x00, 0x02, 0x00, 0x04, 0x00, 0x06, 0x00, 0x04, 0x00, 0x02, 0x00,
        0x04, 0x00, 0x02, 0x00, 0xFE, 0xFF, 0xFD, 0xFF, 0xFA, 0xFF, 0xF9, 0xFF, 0xFC, 0xFF, 0xFB, 0xFF,
        0xFD, 0xFF, 0x00, 0x00, 0xFE, 0xFF, 0x00, 0x00, 0x05, 0x00, 0x03, 0x00, 0x03, 0x00, 0x07, 0x00,
        0x04, 0x00, 0x03, 0x00, 0x04, 0x00, 0x01, 0x00, 0x00, 0x00, 0xFE, 0xFF, 0xF9, 0xFF, 0xFB, 0xFF,
        0xFD, 0xFF, 0xFC, 0xFF, 0xFE, 0xFF, 0xFE, 0xFF, 0xFE, 0xFF, 0x03, 0x00, 0x04, 0x00, 0x05, 0x00,
        0x09, 0x00, 0x08, 0x00, 0x04, 0x00, 0x04, 0x00, 0x03, 0x00, 0x02, 0x00, 0x02, 0x00, 0xFF, 0xFF,
        0xFF, 0xFF, 0xFF, 0xFF, 0xFC, 0xFF, 0xFC, 0xFF, 0xFF, 0xFF, 0xFF, 0xFF, 0xFE, 0xFF, 0xFE, 0xFF,
        0x02, 0x00, 0x06, 0x00, 0x06, 0x00, 0x07, 0x00, 0x08, 0x00, 0x06, 0x00, 0x02, 0x00, 0x01, 0x00,
        0x00, 0x00, 0xFF, 0xFF, 0xFC, 0xFF, 0xFA, 0xFF, 0xFC, 0xFF, 0xFE, 0xFF, 0xFD, 0xFF, 0xFE, 0xFF,
        0x00, 0x00, 0x02, 0x00, 0x02, 0x00, 0x02, 0x00, 0x05, 0x00, 0x07, 0x00, 0x06, 0x00, 0x04, 0x00,
        0x02, 0x00, 0x01, 0x00, 0x01, 0x00, 0xFF, 0xFF, 0xFC, 0xFF, 0xFB, 0xFF, 0xFA, 0xFF, 0xFA, 0xFF,
        0xFC, 0xFF, 0xFE, 0xFF, 0xFF, 0xFF, 0x02, 0x00, 0x03, 0x00, 0x03, 0x00, 0x05, 0x00, 0x07, 0x00,
        0x06, 0x00, 0x04, 0x00, 0x03, 0x00, 0x02, 0x00, 0x00, 0x00, 0xFD, 0xFF, 0xFC, 0xFF, 0xFC, 0xFF,
        0xFB, 0xFF, 0xFC, 0xFF, 0xFE, 0xFF, 0xFF, 0xFF, 0x01, 0x00, 0x03, 0x00, 0x04, 0x00, 0x06, 0x00,
        0x07, 0x00, 0x06, 0x00, 0x07, 0x00, 0x07, 0x00, 0x02, 0x00, 0x00, 0x00, 0x02, 0x00, 0x00, 0x00,
        0xFC, 0xFF, 0xFD, 0xFF, 0xFD, 0xFF, 0xFD, 0xFF, 0x00, 0x00, 0x03, 0x00, 0x00, 0x00, 0xFE, 0xFF,
        0x00, 0x00, 0x03, 0x00, 0x06, 0x00, 0x06, 0x00, 0x07, 0x00, 0x05, 0x00, 0xFF, 0xFF, 0xFF, 0xFF,
        0x00, 0x00, 0xFE, 0xFF, 0xFE, 0xFF, 0xFD, 0xFF, 0xF9, 0xFF, 0xFC, 0xFF, 0xFE, 0xFF, 0xFD, 0xFF,
        0xFE, 0xFF, 0x02, 0x00, 0x03, 0x00, 0x04, 0x00, 0x05, 0x00, 0x07, 0x00, 0x06, 0x00, 0x04, 0x00,
        0x05, 0x00, 0x05, 0x00, 0x00, 0x00, 0xFE, 0xFF, 0xFD, 0xFF, 0xFB, 0xFF, 0xFC, 0xFF, 0xFF, 0xFF,
        0x00, 0x00, 0x02, 0x00, 0x03, 0x00, 0x04, 0x00, 0x06, 0x00, 0x07, 0x00, 0x07, 0x00, 0x07, 0x00,
        0x06, 0x00, 0x05, 0x00, 0x04, 0x00, 0x02, 0x00, 0x01, 0x00, 0x00, 0x00, 0xFE, 0xFF, 0xFF, 0xFF,
        0xFF, 0xFF, 0xFB, 0xFF, 0xFC, 0xFF, 0xFF, 0xFF, 0xFF, 0xFF, 0x02, 0x00, 0x04, 0x00, 0x06, 0x00,
        0x09, 0x00, 0x07, 0x00, 0x05, 0x00, 0x06, 0x00, 0x04, 0x00, 0x01, 0x00, 0x00, 0x00, 0xFD, 0xFF,
        0xFC, 0xFF, 0xFE, 0xFF, 0xFE, 0xFF, 0xFC, 0xFF, 0xFD, 0xFF, 0x00, 0x00, 0x02, 0x00, 0x02, 0x00,
        0x03, 0x00, 0x05, 0x00, 0x05, 0x00, 0x05, 0x00, 0x06, 0x00, 0x05, 0x00, 0x02, 0x00, 0x01, 0x00,
        0x00, 0x00, 0xFD, 0xFF, 0xFA, 0xFF, 0xFB, 0xFF, 0xFC, 0xFF, 0xFC, 0xFF, 0xFF, 0xFF, 0x00, 0x00,
        0x01, 0x00, 0x04, 0x00, 0x04, 0x00, 0x04, 0x00, 0x06, 0x00, 0x05, 0x00, 0x03, 0x00, 0x05, 0x00,
        0x03, 0x00, 0xFF, 0xFF, 0x00, 0x00, 0x00, 0x00, 0xFD, 0xFF, 0xFC, 0xFF, 0xFC, 0xFF, 0xFD, 0xFF,
        0xFF, 0xFF, 0x01, 0x00, 0x02, 0x00, 0x03, 0x00, 0x05, 0x00, 0x06, 0x00, 0x07, 0x00, 0x07, 0x00,
        0x08, 0x00, 0x07, 0x00, 0x05, 0x00, 0x04, 0x00, 0x00, 0x00, 0xFD, 0xFF, 0xFE, 0xFF, 0xFE, 0xFF,
        0xFD, 0xFF, 0xFF, 0xFF, 0x00, 0x00, 0x00, 0x00, 0x00, 0x00, 0x00, 0x00, 0x04, 0x00, 0x06, 0x00,
        0x05, 0x00, 0x06, 0x00, 0x07, 0x00, 0x03, 0x00, 0x02, 0x00, 0x02, 0x00, 0xFF, 0xFF, 0xFD, 0xFF,
        0xFD, 0xFF, 0xFD, 0xFF, 0xFC, 0xFF, 0xFB, 0xFF, 0xFF, 0xFF, 0x01, 0x00, 0x00, 0x00, 0x01, 0x00,
        0x05, 0x00, 0x08, 0x00, 0x08, 0x00, 0x06, 0x00, 0x04, 0x00, 0x03, 0x00, 0x00, 0x00, 0x01, 0x00,
        0x04, 0x00, 0x01, 0x00, 0xFE, 0xFF, 0xFD, 0xFF, 0xFE, 0xFF, 0xFF, 0xFF, 0xFE, 0xFF, 0x00, 0x00,
        0x03, 0x00, 0x06, 0x00, 0x07, 0x00, 0x0A, 0x00, 0x0A, 0x00, 0x08, 0x00, 0x08, 0x00, 0x07, 0x00,
        0x04, 0x00, 0x04, 0x00, 0x02, 0x00, 0x00, 0x00, 0x00, 0x00, 0xFD, 0xFF, 0xFD, 0xFF, 0x01, 0x00,
        0x00, 0x00, 0xFE, 0xFF, 0x01, 0x00, 0x03, 0x00, 0x05, 0x00, 0x09, 0x00, 0x07, 0x00, 0x06, 0x00,
        0x07, 0x00, 0x06, 0x00, 0x04, 0x00, 0x01, 0x00, 0x00, 0x00, 0xFF, 0xFF, 0xFD, 0xFF, 0xFD, 0xFF,
        0xFD, 0xFF, 0xFC, 0xFF, 0xFD, 0xFF, 0xFF, 0xFF, 0x00, 0x00, 0x04, 0x00, 0x06, 0x00, 0x03, 0x00,
        0x03, 0x00, 0x04, 0x00, 0x05, 0x00, 0x05, 0x00, 0x02, 0x00, 0x01, 0x00, 0x00, 0x00, 0xFD, 0xFF,
        0xFE, 0xFF, 0xFF, 0xFF, 0xFD, 0xFF, 0xFE, 0xFF, 0xFF, 0xFF, 0xFF, 0xFF, 0x02, 0x00, 0x04, 0x00,
        0x05, 0x00, 0x06, 0x00, 0x07, 0x00, 0x07, 0x00, 0x07, 0x00, 0x05, 0x00, 0x03, 0x00, 0x04, 0x00,
        0x03, 0x00, 0xFE, 0xFF, 0xFB, 0xFF, 0xFE, 0xFF, 0xFF, 0xFF, 0xFF, 0xFF, 0x00, 0x00, 0x01, 0x00,
        0x01, 0x00, 0x02, 0x00, 0x06, 0x00, 0x06, 0x00, 0x05, 0x00, 0x07, 0x00, 0x09, 0x00, 0x05, 0x00,
        0x02, 0x00, 0x02, 0x00, 0x02, 0x00, 0x00, 0x00, 0xFE, 0xFF, 0xFE, 0xFF, 0xFF, 0xFF, 0xFE, 0xFF,
        0x00, 0x00, 0x01, 0x00, 0x01, 0x00, 0x03, 0x00, 0x04, 0x00, 0x05, 0x00, 0x07, 0x00, 0x07, 0x00,
        0x05, 0x00, 0x05, 0x00, 0x03, 0x00, 0x01, 0x00, 0x00, 0x00, 0xFD, 0xFF, 0xFC, 0xFF, 0xFC, 0xFF,
        0xFC, 0xFF, 0xFC, 0xFF, 0xFC, 0xFF, 0xFF, 0xFF, 0xFF, 0xFF, 0x00, 0x00, 0x04, 0x00, 0x05, 0x00,
        0x04, 0x00, 0x05, 0x00, 0x04, 0x00, 0x02, 0x00, 0x04, 0x00, 0x02, 0x00, 0xFF, 0xFF, 0xFF, 0xFF,
        0xFE, 0xFF, 0xFD, 0xFF, 0xFD, 0xFF, 0xFE, 0xFF, 0x00, 0x00, 0x01, 0x00, 0x03, 0x00, 0x06, 0x00,
        0x07, 0x00, 0x07, 0x00, 0x09, 0x00, 0x08, 0x00, 0x07, 0x00, 0x06, 0x00, 0x03, 0x00, 0x02, 0x00,
        0x02, 0x00, 0x00, 0x00, 0xFD, 0xFF, 0xFE, 0xFF, 0xFF, 0xFF, 0xFE, 0xFF, 0x00, 0x00, 0x03, 0x00,
        0x03, 0x00, 0x01, 0x00, 0x03, 0x00, 0x06, 0x00, 0x08, 0x00, 0x08, 0x00, 0x07, 0x00, 0x04, 0x00,
        0x03, 0x00, 0x05, 0x00, 0x02, 0x00, 0xFD, 0xFF, 0xFD, 0xFF, 0xFC, 0xFF, 0xFB, 0xFF, 0xFC, 0xFF,
        0xFE, 0xFF, 0x02, 0x00, 0x04, 0x00, 0x03, 0x00, 0x04, 0x00, 0x05, 0x00, 0x04, 0x00, 0x06, 0x00,
        0x05, 0x00, 0x03, 0x00, 0x04, 0x00, 0x02, 0x00, 0xFF, 0xFF, 0xFF, 0xFF, 0x00, 0x00, 0x00, 0x00,
        0xFD, 0xFF, 0xFA, 0xFF, 0xFF, 0xFF, 0x02, 0x00, 0x00, 0x00, 0x02, 0x00, 0x07, 0x00, 0x09, 0x00,
        0x09, 0x00, 0x06, 0x00, 0x07, 0x00, 0x08, 0x00, 0x04, 0x00, 0x02, 0x00, 0x02, 0x00, 0xFF, 0xFF,
        0xFE, 0xFF, 0xFE, 0xFF, 0xFD, 0xFF, 0x00, 0x00, 0x01, 0x00, 0x00, 0x00, 0x03, 0x00, 0x06, 0x00,
        0x04, 0x00, 0x06, 0x00, 0x09, 0x00, 0x08, 0x00, 0x06, 0x00, 0x06, 0x00, 0x06, 0x00, 0x05, 0x00,
        0x02, 0x00, 0xFF, 0xFF, 0xFE, 0xFF, 0xFF, 0xFF, 0x01, 0x00, 0x00, 0x00, 0xFF, 0xFF, 0x01, 0x00,
        0x04, 0x00, 0x04, 0x00, 0x07, 0x00, 0x09, 0x00, 0x07, 0x00, 0x07, 0x00, 0x08, 0x00, 0x07, 0x00,
        0x06, 0x00, 0x03, 0x00, 0xFE, 0xFF, 0xFE, 0xFF, 0xFE, 0xFF, 0xFD, 0xFF, 0xFB, 0xFF, 0xFC, 0xFF,
        0xFF, 0xFF, 0xFE, 0xFF, 0xFF, 0xFF, 0x04, 0x00, 0x04, 0x00, 0x04, 0x00, 0x0A, 0x00, 0x07, 0x00,
        0x03, 0x00, 0x05, 0x00, 0x04, 0x00, 0x00, 0x00, 0x01, 0x00, 0xFF, 0xFF, 0xFD, 0xFF, 0xFE, 0xFF,
        0xFE, 0xFF, 0xFC, 0xFF, 0xFE, 0xFF, 0x01, 0x00, 0x01, 0x00, 0x02, 0x00, 0x06, 0x00, 0x06, 0x00,
        0x07, 0x00, 0x09, 0x00, 0x09, 0x00, 0x07, 0x00, 0x03, 0x00, 0x00, 0x00, 0x00, 0x00, 0x00, 0x00,
        0xFF, 0xFF, 0xFF, 0xFF, 0x00, 0x00, 0x02, 0x00, 0x02, 0x00, 0x01, 0x00, 0x03, 0x00, 0x06, 0x00,
        0x07, 0x00, 0x09, 0x00, 0x09, 0x00, 0x07, 0x00, 0x07, 0x00, 0x07, 0x00, 0x06, 0x00, 0x05, 0x00,
        0x05, 0x00, 0x02, 0x00, 0xFF, 0xFF, 0x01, 0x00, 0xFF, 0xFF, 0xFD, 0xFF, 0x01, 0x00, 0x04, 0x00,
        0x02, 0x00, 0x06, 0x00, 0x09, 0x00, 0x08, 0x00, 0x08, 0x00, 0x09, 0x00, 0x08, 0x00, 0x06, 0x00,
        0x02, 0x00, 0x01, 0x00, 0x01, 0x00, 0x00, 0x00, 0xFF, 0xFF, 0xFC, 0xFF, 0xFC, 0xFF, 0xFF, 0xFF,
        0xFE, 0xFF, 0xFE, 0xFF, 0x03, 0x00, 0x06, 0x00, 0x07, 0x00, 0x08, 0x00, 0x09, 0x00, 0x09, 0x00,
        0x08, 0x00, 0x06, 0x00, 0x06, 0x00, 0x05, 0x00, 0x02, 0x00, 0xFF, 0xFF, 0x01, 0x00, 0x01, 0x00,
        0xFF, 0xFF, 0x00, 0x00, 0x03, 0x00, 0x05, 0x00, 0x06, 0x00, 0x07, 0x00, 0x06, 0x00, 0x08, 0x00,
        0x0A, 0x00, 0x09, 0x00, 0x09, 0x00, 0x09, 0x00, 0x07, 0x00, 0x05, 0x00, 0x03, 0x00, 0x02, 0x00,
        0x01, 0x00, 0xFE, 0xFF, 0xFE, 0xFF, 0x01, 0x00, 0x02, 0x00, 0x01, 0x00, 0x03, 0x00, 0x05, 0x00,
        0x06, 0x00, 0x07, 0x00, 0x09, 0x00, 0x09, 0x00, 0x08, 0x00, 0x06, 0x00, 0x03, 0x00, 0x01, 0x00,
        0x01, 0x00, 0xFF, 0xFF, 0xFC, 0xFF, 0xFC, 0xFF, 0xFD, 0xFF, 0xFF, 0xFF, 0x00, 0x00, 0x00, 0x00,
        0x02, 0x00, 0x04, 0x00, 0x06, 0x00, 0x07, 0x00, 0x06, 0x00, 0x06, 0x00, 0x07, 0x00, 0x07, 0x00,
        0x06, 0x00, 0x03, 0x00, 0x00, 0x00, 0x00, 0x00, 0xFF, 0xFF, 0xFF, 0xFF, 0x00, 0x00, 0xFF, 0xFF,
        0xFF, 0xFF, 0x02, 0x00, 0x05, 0x00, 0x06, 0x00, 0x07, 0x00, 0x0A, 0x00, 0x0A, 0x00, 0x07, 0x00,
        0x09, 0x00, 0x07, 0x00, 0x03, 0x00, 0x04, 0x00, 0x02, 0x00, 0xFF, 0xFF, 0x02, 0x00, 0x00, 0x00,
        0xFB, 0xFF, 0xFE, 0xFF, 0x03, 0x00, 0x03, 0x00, 0x04, 0x00, 0x06, 0x00, 0x08, 0x00, 0x09, 0x00,
        0x09, 0x00, 0x09, 0x00, 0x09, 0x00, 0x08, 0x00, 0x05, 0x00, 0x03, 0x00, 0x03, 0x00, 0x00, 0x00,
        0xFE, 0xFF, 0xFE, 0xFF, 0xFE, 0xFF, 0x00, 0x00, 0x01, 0x00, 0x03, 0x00, 0x07, 0x00, 0x07, 0x00,
        0x06, 0x00, 0x08, 0x00, 0x09, 0x00, 0x09, 0x00, 0x09, 0x00, 0x06, 0x00, 0x03, 0x00, 0x01, 0x00,
        0xFF, 0xFF, 0xFD, 0xFF, 0xFB, 0xFF, 0xFC, 0xFF, 0xFE, 0xFF, 0xFD, 0xFF, 0x00, 0x00, 0x03, 0x00,
        0x04, 0x00, 0x07, 0x00, 0x07, 0x00, 0x07, 0x00, 0x09, 0x00, 0x09, 0x00, 0x09, 0x00, 0x08, 0x00,
        0x06, 0x00, 0x03, 0x00, 0x00, 0x00, 0xFF, 0xFF, 0xFF, 0xFF, 0xFD, 0xFF, 0xFD, 0xFF, 0x00, 0x00,
        0x01, 0x00, 0x03, 0x00, 0x04, 0x00, 0x03, 0x00, 0x06, 0x00, 0x08, 0x00, 0x07, 0x00, 0x08, 0x00,
        0x0A, 0x00, 0x07, 0x00, 0x05, 0x00, 0x03, 0x00, 0x01, 0x00, 0x00, 0x00, 0x01, 0x00, 0x00, 0x00,
        0x00, 0x00, 0x01, 0x00, 0x01, 0x00, 0x03, 0x00, 0x07, 0x00, 0x08, 0x00, 0x08, 0x00, 0x07, 0x00,
        0x07, 0x00, 0x09, 0x00, 0x0A, 0x00, 0x07, 0x00, 0x06, 0x00, 0x05, 0x00, 0x04, 0x00, 0x02, 0x00,
        0xFF, 0xFF, 0x00, 0x00, 0x02, 0x00, 0x00, 0x00, 0xFF, 0xFF, 0x01, 0x00, 0x04, 0x00, 0x06, 0x00,
        0x07, 0x00, 0x0A, 0x00, 0x0B, 0x00, 0x08, 0x00, 0x06, 0x00, 0x07, 0x00, 0x04, 0x00, 0x03, 0x00,
        0x03, 0x00, 0x00, 0x00, 0xFE, 0xFF, 0x00, 0x00, 0x00, 0x00, 0xFF, 0xFF, 0x00, 0x00, 0x01, 0x00,
        0x03, 0x00, 0x07, 0x00, 0x0A, 0x00, 0x0A, 0x00, 0x0A, 0x00, 0x0A, 0x00, 0x0A, 0x00, 0x08, 0x00,
        0x03, 0x00, 0x02, 0x00, 0x03, 0x00, 0x00, 0x00, 0xFF, 0xFF, 0xFF, 0xFF, 0xFF, 0xFF, 0x03, 0x00,
        0x04, 0x00, 0x02, 0x00, 0x07, 0x00, 0x09, 0x00, 0x08, 0x00, 0x0B, 0x00, 0x0C, 0x00, 0x09, 0x00,
        0x09, 0x00, 0x09, 0x00, 0x07, 0x00, 0x04, 0x00, 0x02, 0x00, 0x01, 0x00, 0x00, 0x00, 0xFE, 0xFF,
        0xFE, 0xFF, 0x00, 0x00, 0x00, 0x00, 0x04, 0x00, 0x05, 0x00, 0x06, 0x00, 0x07, 0x00, 0x08, 0x00,
        0x09, 0x00, 0x0A, 0x00, 0x09, 0x00, 0x07, 0x00, 0x04, 0x00, 0x02, 0x00, 0x00, 0x00, 0xFD, 0xFF,
        0xFE, 0xFF, 0xFF, 0xFF, 0xFE, 0xFF, 0xFF, 0xFF, 0xFF, 0xFF, 0x00, 0x00, 0x04, 0x00, 0x05, 0x00,
        0x06, 0x00, 0x08, 0x00, 0x07, 0x00, 0x06, 0x00, 0x06, 0x00, 0x05, 0x00, 0x03, 0x00, 0x02, 0x00,
        0x01, 0x00, 0xFF, 0xFF, 0xFD, 0xFF, 0xFF, 0xFF, 0x00, 0x00, 0x01, 0x00, 0x02, 0x00, 0x05, 0x00,
        0x07, 0x00, 0x08, 0x00, 0x09, 0x00, 0x09, 0x00, 0x09, 0x00, 0x0B, 0x00, 0x0C, 0x00, 0x07, 0x00,
        0x04, 0x00, 0x04, 0x00, 0x03, 0x00, 0x03, 0x00, 0x00, 0x00, 0xFF, 0xFF, 0xFF, 0xFF, 0xFE, 0xFF,
        0x01, 0x00, 0x05, 0x00, 0x05, 0x00, 0x08, 0x00, 0x0B, 0x00, 0x0A, 0x00, 0x0A, 0x00, 0x09, 0x00,
        0x08, 0x00, 0x09, 0x00, 0x06, 0x00, 0x02, 0x00, 0x02, 0x00, 0x01, 0x00, 0xFE, 0xFF, 0xFE, 0xFF,
        0xFD, 0xFF, 0xFE, 0xFF, 0x02, 0x00, 0x04, 0x00, 0x03, 0x00, 0x04, 0x00, 0x08, 0x00, 0x09, 0x00,
        0x07, 0x00, 0x09, 0x00, 0x07, 0x00, 0x04, 0x00, 0x04, 0x00, 0x01, 0x00, 0xFE, 0xFF, 0x00, 0x00,
        0xFE, 0xFF, 0xFC, 0xFF, 0xFF, 0xFF, 0xFF, 0xFF, 0x00, 0x00, 0x03, 0x00, 0x04, 0x00, 0x05, 0x00,
        0x06, 0x00, 0x07, 0x00, 0x08, 0x00, 0x09, 0x00, 0x08, 0x00, 0x06, 0x00, 0x04, 0x00, 0x03, 0x00,
        0x02, 0x00, 0x01, 0x00, 0xFF, 0xFF, 0xFF, 0xFF, 0x00, 0x00, 0x00, 0x00, 0x02, 0x00, 0x05, 0x00,
        0x04, 0x00, 0x06, 0x00, 0x0A, 0x00, 0x0A, 0x00, 0x0B, 0x00, 0x0A, 0x00, 0x08, 0x00, 0x09, 0x00,
        0x07, 0x00, 0x04, 0x00, 0x05, 0x00, 0x03, 0x00, 0x00, 0x00, 0x01, 0x00, 0x00, 0x00, 0x02, 0x00,
        0x04, 0x00, 0x03, 0x00, 0x05, 0x00, 0x09, 0x00, 0x09, 0x00, 0x0B, 0x00, 0x0D, 0x00, 0x09, 0x00,
        0x07, 0x00, 0x06, 0x00, 0x05, 0x00, 0x01, 0x00, 0x01, 0x00, 0x01, 0x00, 0xFE, 0xFF, 0xFF, 0xFF,
        0x02, 0x00, 0xFE, 0xFF, 0xFE, 0xFF, 0x03, 0x00, 0x05, 0x00, 0x06, 0x00, 0x08, 0x00, 0x06, 0x00,
        0x08, 0x00, 0x08, 0x00, 0x05, 0x00, 0x03, 0x00, 0x03, 0x00, 0x01, 0x00, 0xFF, 0xFF, 0xFF, 0xFF,
        0xFD, 0xFF, 0xFB, 0xFF, 0xFD, 0xFF, 0xFF, 0xFF, 0x01, 0x00, 0x02, 0x00, 0x02, 0x00, 0x06, 0x00,
        0x08, 0x00, 0x08, 0x00, 0x09, 0x00, 0x08, 0x00, 0x05, 0x00, 0x06, 0x00, 0x05, 0x00, 0x01, 0x00,
        0x01, 0x00, 0x00, 0x00, 0x00, 0x00, 0xFF, 0xFF, 0xFF, 0xFF, 0xFF, 0xFF, 0x01, 0x00, 0x05, 0x00,
        0x05, 0x00, 0x04, 0x00, 0x07, 0x00, 0x0B, 0x00, 0x0A, 0x00, 0x09, 0x00, 0x07, 0x00, 0x04, 0x00,
        0x03, 0x00, 0x03, 0x00, 0x01, 0x00, 0x00, 0x00, 0xFE, 0xFF, 0xFD, 0xFF, 0xFD, 0xFF, 0x00, 0x00,
        0x01, 0x00, 0x01, 0x00, 0x03, 0x00, 0x05, 0x00, 0x06, 0x00, 0x07, 0x00, 0x08, 0x00, 0x06, 0x00,
        0x04, 0x00, 0x05, 0x00, 0x03, 0x00, 0x01, 0x00, 0x00, 0x00, 0xFD, 0xFF, 0xFC, 0xFF, 0xFE, 0xFF,
        0xFF, 0xFF, 0x00, 0x00, 0x02, 0x00, 0x03, 0x00, 0x03, 0x00, 0x03, 0x00, 0x06, 0x00, 0x09, 0x00,
        0x07, 0x00, 0x05, 0x00, 0x06, 0x00, 0x04, 0x00, 0x02, 0x00, 0x03, 0x00, 0x00, 0x00, 0xFE, 0xFF,
        0xFE, 0xFF, 0xFD, 0xFF, 0xFE, 0xFF, 0xFF, 0xFF, 0x01, 0x00, 0x05, 0x00, 0x05, 0x00, 0x07, 0x00,
        0x09, 0x00, 0x08, 0x00, 0x08, 0x00, 0x0A, 0x00, 0x08, 0x00, 0x06, 0x00, 0x05, 0x00, 0x02, 0x00,
        0x00, 0x00, 0xFF, 0xFF, 0xFE, 0xFF, 0xFE, 0xFF, 0x01, 0x00, 0x01, 0x00, 0x02, 0x00, 0x03, 0x00,
        0x06, 0x00, 0x09, 0x00, 0x09, 0x00, 0x07, 0x00, 0x07, 0x00, 0x08, 0x00, 0x07, 0x00, 0x05, 0x00,
        0x03, 0x00, 0x01, 0x00, 0x00, 0x00, 0xFD, 0xFF, 0xFC, 0xFF, 0xFE, 0xFF, 0xFC, 0xFF, 0xFC, 0xFF,
        0x00, 0x00, 0x02, 0x00, 0x02, 0x00, 0x03, 0x00, 0x06, 0x00, 0x08, 0x00, 0x06, 0x00, 0x05, 0x00,
        0x05, 0x00, 0x01, 0x00, 0xFF, 0xFF, 0x02, 0x00, 0x00, 0x00, 0xFB, 0xFF, 0xFB, 0xFF, 0xFC, 0xFF,
        0xFC, 0xFF, 0xFF, 0xFF, 0x01, 0x00, 0x01, 0x00, 0x05, 0x00, 0x06, 0x00, 0x05, 0x00, 0x06, 0x00,
        0x08, 0x00, 0x06, 0x00, 0x03, 0x00, 0x02, 0x00, 0x01, 0x00, 0x00, 0x00, 0xFF, 0xFF, 0xFF, 0xFF,
        0xFD, 0xFF, 0xFD, 0xFF, 0xFD, 0xFF, 0xFF, 0xFF, 0x03, 0x00, 0x05, 0x00, 0x04, 0x00, 0x06, 0x00,
        0x09, 0x00, 0x09, 0x00, 0x09, 0x00, 0x09, 0x00, 0x07, 0x00, 0x05, 0x00, 0x04, 0x00, 0x02, 0x00,
        0x00, 0x00, 0xFF, 0xFF, 0x00, 0x00, 0xFE, 0xFF, 0xFE, 0xFF, 0x00, 0x00, 0x00, 0x00, 0x01, 0x00,
        0x02, 0x00, 0x05, 0x00, 0x08, 0x00, 0x07, 0x00, 0x06, 0x00, 0x07, 0x00, 0x05, 0x00, 0x03, 0x00,
        0x01, 0x00, 0xFF, 0xFF, 0xFE, 0xFF, 0xFC, 0xFF, 0xFA, 0xFF, 0xFB, 0xFF, 0xFD, 0xFF, 0xFD, 0xFF,
        0xFF, 0xFF, 0x01, 0x00, 0x03, 0x00, 0x05, 0x00, 0x06, 0x00, 0x04, 0x00, 0x05, 0x00, 0x08, 0x00,
        0x05, 0x00, 0x01, 0x00, 0x01, 0x00, 0xFF, 0xFF, 0xFD, 0xFF, 0xFD, 0xFF, 0xFC, 0xFF, 0xFA, 0xFF,
        0xFB, 0xFF, 0xFF, 0xFF, 0x02, 0x00, 0x03, 0x00, 0x05, 0x00, 0x07, 0x00, 0x08, 0x00, 0x09, 0x00,
        0x08, 0x00, 0x07, 0x00, 0x06, 0x00, 0x04, 0x00, 0x03, 0x00, 0x02, 0x00, 0x00, 0x00, 0xFF, 0xFF,
        0xFD, 0xFF, 0xFD, 0xFF, 0xFF, 0xFF, 0x00, 0x00, 0x00, 0x00, 0x02, 0x00, 0x03, 0x00, 0x06, 0x00,
        0x08, 0x00, 0x08, 0x00, 0x09, 0x00, 0x07, 0x00, 0x05, 0x00, 0x04, 0x00, 0x02, 0x00, 0x02, 0x00,
        0x00, 0x00, 0xFD, 0xFF, 0xFF, 0xFF, 0xFE, 0xFF, 0xFC, 0xFF, 0x00, 0x00, 0x01, 0x00, 0x00, 0x00,
        0x04, 0x00, 0x06, 0x00, 0x05, 0x00, 0x06, 0x00, 0x07, 0x00, 0x07, 0x00, 0x06, 0x00, 0x05, 0x00,
        0x03, 0x00, 0xFF, 0xFF, 0x00, 0x00, 0x00, 0x00, 0xFD, 0xFF, 0xFC, 0xFF, 0xFF, 0xFF, 0xFE, 0xFF,
        0x01, 0x00, 0x04, 0x00, 0x03, 0x00, 0x06, 0x00, 0x09, 0x00, 0x07, 0x00, 0x06, 0x00, 0x08, 0x00,
        0x06, 0x00, 0x02, 0x00, 0x00, 0x00, 0x00, 0x00, 0xFF, 0xFF, 0xFE, 0xFF, 0xFF, 0xFF, 0xFF, 0xFF,
        0x00, 0x00, 0x02, 0x00, 0x02, 0x00, 0x02, 0x00, 0x08, 0x00, 0x09, 0x00, 0x07, 0x00, 0x08, 0x00,
        0x0A, 0x00, 0x0A, 0x00, 0x06, 0x00, 0x04, 0x00, 0x05, 0x00, 0x02, 0x00, 0xFD, 0xFF, 0xFF, 0xFF,
        0xFF, 0xFF, 0xFF, 0xFF, 0x01, 0x00, 0x00, 0x00, 0x01, 0x00, 0x07, 0x00, 0x06, 0x00, 0x06, 0x00,
        0x0A, 0x00, 0x08, 0x00, 0x07, 0x00, 0x07, 0x00, 0x06, 0x00, 0x05, 0x00, 0x03, 0x00, 0x00, 0x00,
        0xFE, 0xFF, 0xFB, 0xFF, 0xFD, 0xFF, 0xFE, 0xFF, 0xFC, 0xFF, 0xFE, 0xFF, 0x02, 0x00, 0x02, 0x00,
        0x05, 0x00, 0x06, 0x00, 0x05, 0x00, 0x07, 0x00, 0x07, 0x00, 0x03, 0x00, 0x04, 0x00, 0x04, 0x00,
        0x02, 0x00, 0x01, 0x00, 0xFF, 0xFF, 0xFC, 0xFF, 0xFD, 0xFF, 0xFE, 0xFF, 0xFE, 0xFF, 0xFF, 0xFF,
        0x02, 0x00, 0x03, 0x00, 0x05, 0x00, 0x05, 0x00, 0x07, 0x00, 0x09, 0x00, 0x09, 0x00, 0x08, 0x00,
        0x09, 0x00, 0x05, 0x00, 0x02, 0x00, 0x03, 0x00, 0x02, 0x00, 0xFF, 0xFF, 0xFD, 0xFF, 0xFD, 0xFF,
        0x00, 0x00, 0x01, 0x00, 0x01, 0x00, 0x02, 0x00, 0x06, 0x00, 0x08, 0x00, 0x09, 0x00, 0x09, 0x00,
        0x07, 0x00, 0x06, 0x00, 0x06, 0x00, 0x05, 0x00, 0x02, 0x00, 0x01, 0x00, 0x01, 0x00, 0xFD, 0xFF,
        0xFC, 0xFF, 0xFE, 0xFF, 0xFF, 0xFF, 0xFF, 0xFF, 0x01, 0x00, 0x04, 0x00, 0x04, 0x00, 0x04, 0x00,
        0x03, 0x00, 0x04, 0x00, 0x07, 0x00, 0x07, 0x00, 0x05, 0x00, 0x04, 0x00, 0x02, 0x00, 0x00, 0x00,
        0xFF, 0xFF, 0xFD, 0xFF, 0xFC, 0xFF, 0xFD, 0xFF, 0xFE, 0xFF, 0x00, 0x00, 0x02, 0x00, 0x00, 0x00,
        0x02, 0x00, 0x06, 0x00, 0x05, 0x00, 0x05, 0x00, 0x06, 0x00, 0x04, 0x00, 0x02, 0x00, 0x01, 0x00,
        0x00, 0x00, 0xFE, 0xFF, 0xFA, 0xFF, 0xFC, 0xFF, 0xFE, 0xFF, 0xFC, 0xFF, 0xFC, 0xFF, 0xFE, 0xFF,
        0xFF, 0xFF, 0x01, 0x00, 0x06, 0x00, 0x07, 0x00, 0x06, 0x00, 0x07, 0x00, 0x07, 0x00, 0x06, 0x00,
        0x06, 0x00, 0x04, 0x00, 0x01, 0x00, 0x00, 0x00, 0xFF, 0xFF, 0xFC, 0xFF, 0xFC, 0xFF, 0xFC, 0xFF,
        0xFD, 0xFF, 0xFF, 0xFF, 0x00, 0x00, 0x02, 0x00, 0x03, 0x00, 0x04, 0x00, 0x07, 0x00, 0x07, 0x00,
        0x06, 0x00, 0x07, 0x00, 0x06, 0x00, 0x03, 0x00, 0x01, 0x00, 0xFF, 0xFF, 0xFD, 0xFF, 0xFB, 0xFF,
        0xFB, 0xFF, 0xFB, 0xFF, 0xFB, 0xFF, 0xFD, 0xFF, 0x00, 0x00, 0x01, 0x00, 0x02, 0x00, 0x04, 0x00,
        0x03, 0x00, 0x02, 0x00, 0x06, 0x00, 0x06, 0x00, 0x03, 0x00, 0x02, 0x00, 0x01, 0x00, 0xFD, 0xFF,
        0xFE, 0xFF, 0xFE, 0xFF, 0xFC, 0xFF, 0xFD, 0xFF, 0xFC, 0xFF, 0xFB, 0xFF, 0xFF, 0xFF, 0x01, 0x00,
        0x01, 0x00, 0x05, 0x00, 0x06, 0x00, 0x07, 0x00, 0x08, 0x00, 0x06, 0x00, 0x04, 0x00, 0x02, 0x00,
        0x00, 0x00, 0x00, 0x00, 0xFE, 0xFF, 0xFC, 0xFF, 0xFD, 0xFF, 0xFD, 0xFF, 0xFE, 0xFF, 0x00, 0x00,
        0x00, 0x00, 0x04, 0x00, 0x06, 0x00, 0x05, 0x00, 0x07, 0x00, 0x06, 0x00, 0x05, 0x00, 0x09, 0x00,
        0x07, 0x00, 0x02, 0x00, 0x02, 0x00, 0x00, 0x00, 0xFD, 0xFF, 0xFC, 0xFF, 0xFD, 0xFF, 0xFD, 0xFF,
        0xFB, 0xFF, 0xFC, 0xFF, 0x01, 0x00, 0x02, 0x00, 0x02, 0x00, 0x05, 0x00, 0x09, 0x00, 0x09, 0x00,
        0x07, 0x00, 0x07, 0x00, 0x04, 0x00, 0x01, 0x00, 0x00, 0x00, 0xFC, 0xFF, 0xF9, 0xFF, 0xFE, 0xFF,
        0xFF, 0xFF, 0xFC, 0xFF, 0xFC, 0xFF, 0xFD, 0xFF, 0x00, 0x00, 0x01, 0x00, 0x01, 0x00, 0x05, 0x00,
        0x09, 0x00, 0x06, 0x00, 0x05, 0x00, 0x05, 0x00, 0x02, 0x00, 0x02, 0x00, 0x00, 0x00, 0xFD, 0xFF,
        0xFD, 0xFF, 0xFE, 0xFF, 0xFD, 0xFF, 0xFD, 0xFF, 0xFE, 0xFF, 0xFF, 0xFF, 0xFD, 0xFF, 0x01, 0x00,
        0x04, 0x00, 0x03, 0x00, 0x07, 0x00, 0x07, 0x00, 0x03, 0x00, 0x04, 0x00, 0x07, 0x00, 0x04, 0x00,
        0x02, 0x00, 0x01, 0x00, 0x00, 0x00, 0xFE, 0xFF, 0xFD, 0xFF, 0xFD, 0xFF, 0xFE, 0xFF, 0x02, 0x00,
        0x04, 0x00, 0x01, 0x00, 0x02, 0x00, 0x04, 0x00, 0x04, 0x00, 0x06, 0x00, 0x06, 0x00, 0x03, 0x00,
        0x01, 0x00, 0x00, 0x00, 0xFF, 0xFF, 0xFE, 0xFF, 0xFC, 0xFF, 0xFB, 0xFF, 0xFA, 0xFF, 0xFC, 0xFF,
        0xFE, 0xFF, 0xFC, 0xFF, 0xFF, 0xFF, 0x01, 0x00, 0x00, 0x00, 0x03, 0x00, 0x07, 0x00, 0x06, 0x00,
        0x04, 0x00, 0x03, 0x00, 0x02, 0x00, 0x02, 0x00, 0xFF, 0xFF, 0xFD, 0xFF, 0xFC, 0xFF, 0xFA, 0xFF,
        0xFA, 0xFF, 0xFB, 0xFF, 0xFA, 0xFF, 0xFB, 0xFF, 0xFD, 0xFF, 0x02, 0x00, 0x04, 0x00, 0x03, 0x00,
        0x05, 0x00, 0x06, 0x00, 0x03, 0x00, 0x04, 0x00, 0x03, 0x00, 0xFF, 0xFF, 0xFE, 0xFF, 0xFE, 0xFF,
        0xFB, 0xFF, 0xFC, 0xFF, 0xFE, 0xFF, 0xFE, 0xFF, 0xFE, 0xFF, 0x00, 0x00, 0x00, 0x00, 0x01, 0x00,
        0x03, 0x00, 0x03, 0x00, 0x03, 0x00, 0x05, 0x00, 0x06, 0x00, 0x05, 0x00, 0x02, 0x00, 0x01, 0x00,
        0x00, 0x00, 0xFF, 0xFF, 0xFF, 0xFF, 0xFD, 0xFF, 0xFA, 0xFF, 0xFA, 0xFF, 0xFB, 0xFF, 0xFE, 0xFF,
        0x03, 0x00, 0x03, 0x00, 0x04, 0x00, 0x08, 0x00, 0x05, 0x00, 0x04, 0x00, 0x05, 0x00, 0x03, 0x00,
        0x04, 0x00, 0x03, 0x00, 0xFF, 0xFF, 0xFE, 0xFF, 0xFC, 0xFF, 0xFA, 0xFF, 0xFB, 0xFF, 0xFA, 0xFF,
        0xFB, 0xFF, 0xFC, 0xFF, 0xFC, 0xFF, 0x02, 0x00, 0x04, 0x00, 0x03, 0x00, 0x05, 0x00, 0x05, 0x00,
        0x06, 0x00, 0x05, 0x00, 0x00, 0x00, 0xFF, 0xFF, 0xFF, 0xFF, 0xFE, 0xFF, 0x00, 0x00, 0xFE, 0xFF,
        0xFA, 0xFF, 0xFD, 0xFF, 0xFF, 0xFF, 0x00, 0x00, 0x01, 0x00, 0x01, 0x00, 0x03, 0x00, 0x04, 0x00,
        0x02, 0x00, 0x05, 0x00, 0x06, 0x00, 0x03, 0x00, 0x04, 0x00, 0x02, 0x00, 0xFF, 0xFF, 0xFF, 0xFF,
        0xFF, 0xFF, 0xF9, 0xFF, 0xF9, 0xFF, 0xFD, 0xFF, 0xFE, 0xFF, 0xFE, 0xFF, 0x02, 0x00, 0x03, 0x00,
        0x04, 0x00, 0x06, 0x00, 0x05, 0x00, 0x06, 0x00, 0x08, 0x00, 0x05, 0x00, 0x03, 0x00, 0x03, 0x00,
        0x01, 0x00, 0xFF, 0xFF, 0xFC, 0xFF, 0xFB, 0xFF, 0xFC, 0xFF, 0xFC, 0xFF, 0xFE, 0xFF, 0xFF, 0xFF,
        0xFD, 0xFF, 0x00, 0x00, 0x04, 0x00, 0x05, 0x00, 0x04, 0x00, 0x05, 0x00, 0x02, 0x00, 0x00, 0x00,
        0x02, 0x00, 0x02, 0x00, 0xFE, 0xFF, 0xFC, 0xFF, 0xFB, 0xFF, 0xFA, 0xFF, 0xFB, 0xFF, 0xFB, 0xFF,
        0xFB, 0xFF, 0xFB, 0xFF, 0xFE, 0xFF, 0x01, 0x00, 0x01, 0x00, 0x01, 0x00, 0x04, 0x00, 0x05, 0x00,
        0x04, 0x00, 0x05, 0x00, 0x01, 0x00, 0xFE, 0xFF, 0x00, 0x00, 0xFD, 0xFF, 0xFB, 0xFF, 0xFC, 0xFF,
        0xFA, 0xFF, 0xFB, 0xFF, 0x00, 0x00, 0xFF, 0xFF, 0xFD, 0xFF, 0x00, 0x00, 0x04, 0x00, 0x06, 0x00,
        0x07, 0x00, 0x05, 0x00, 0x03, 0x00, 0x04, 0x00, 0x05, 0x00, 0x04, 0x00, 0x02, 0x00, 0x00, 0x00,
        0xFE, 0xFF, 0xFD, 0xFF, 0xFE, 0xFF, 0xFE, 0xFF, 0xFF, 0xFF, 0xFF, 0xFF, 0x00, 0x00, 0x01, 0x00,
        0x01, 0x00, 0x01, 0x00, 0x02, 0x00, 0x04, 0x00, 0x04, 0x00, 0x02, 0x00, 0x02, 0x00, 0x02, 0x00,
        0xFF, 0xFF, 0xFE, 0xFF, 0xFB, 0xFF, 0xF9, 0xFF, 0xFA, 0xFF, 0xFC, 0xFF, 0xFE, 0xFF, 0xFE, 0xFF,
        0xFE, 0xFF, 0x00, 0x00, 0x02, 0x00, 0x01, 0x00, 0x02, 0x00, 0x06, 0x00, 0x06, 0x00, 0x02, 0x00,
        0x00, 0x00, 0x00, 0x00, 0xFE, 0xFF, 0xF9, 0xFF, 0xF9, 0xFF, 0xFC, 0xFF, 0xFC, 0xFF, 0xF9, 0xFF,
        0xFC, 0xFF, 0xFF, 0xFF, 0xFF, 0xFF, 0x02, 0x00, 0x04, 0x00, 0x03, 0x00, 0x05, 0x00, 0x05, 0x00,
        0x03, 0x00, 0x06, 0x00, 0x04, 0x00, 0xFF, 0xFF, 0xFF, 0xFF, 0xFE, 0xFF, 0xFD, 0xFF, 0xFD, 0xFF,
        0xFE, 0xFF, 0xFD, 0xFF, 0xFB, 0xFF, 0xFD, 0xFF, 0x01, 0x00, 0x01, 0x00, 0x03, 0x00, 0x05, 0x00,
        0x04, 0x00, 0x04, 0x00, 0x04, 0x00, 0x02, 0x00, 0x01, 0x00, 0x00, 0x00, 0xFE, 0xFF, 0xFC, 0xFF,
        0xFB, 0xFF, 0xFE, 0xFF, 0xFC, 0xFF, 0xF9, 0xFF, 0xFD, 0xFF, 0xFF, 0xFF, 0xFF, 0xFF, 0x00, 0x00,
        0x02, 0x00, 0x03, 0x00, 0x04, 0x00, 0x03, 0x00, 0x02, 0x00, 0x01, 0x00, 0xFF, 0xFF, 0xFE, 0xFF,
        0xFC, 0xFF, 0xFA, 0xFF, 0xFB, 0xFF, 0xFB, 0xFF, 0xFA, 0xFF, 0xFA, 0xFF, 0xFC, 0xFF, 0xFF, 0xFF,
        0xFF, 0xFF, 0xFF, 0xFF, 0xFF, 0xFF, 0x03, 0x00, 0x06, 0x00, 0x04, 0x00, 0x02, 0x00, 0x02, 0x00,
        0x00, 0x00, 0xFE, 0xFF, 0xFD, 0xFF, 0xFA, 0xFF, 0xF9, 0xFF, 0xFA, 0xFF, 0xFB, 0xFF, 0xFC, 0xFF,
        0xFB, 0xFF, 0xFD, 0xFF, 0x00, 0x00, 0x01, 0x00, 0x01, 0x00, 0x03, 0x00, 0x04, 0x00, 0x04, 0x00,
        0x04, 0x00, 0x03, 0x00, 0x01, 0x00, 0xFF, 0xFF, 0xFE, 0xFF, 0xFD, 0xFF, 0xFD, 0xFF, 0xFB, 0xFF,
        0xFB, 0xFF, 0xFE, 0xFF, 0xFE, 0xFF, 0xFF, 0xFF, 0x00, 0x00, 0xFE, 0xFF, 0x00, 0x00, 0x03, 0x00,
        0x02, 0x00, 0x03, 0x00, 0x03, 0x00, 0x00, 0x00, 0xFF, 0xFF, 0xFD, 0xFF, 0xFD, 0xFF, 0xFD, 0xFF,
        0xF8, 0xFF, 0xF9, 0xFF, 0xFB, 0xFF, 0xFA, 0xFF, 0xFB, 0xFF, 0xFE, 0xFF, 0x00, 0x00, 0x01, 0x00,
        0x02, 0x00, 0x03, 0x00, 0x01, 0x00, 0x00, 0x00, 0x04, 0x00, 0x02, 0x00, 0xFE, 0xFF, 0xFD, 0xFF,
        0xFA, 0xFF, 0xF9, 0xFF, 0xFC, 0xFF, 0xFA, 0xFF, 0xF8, 0xFF, 0xF8, 0xFF, 0xF9, 0xFF, 0xFD, 0xFF,
        0x00, 0x00, 0x01, 0x00, 0x02, 0x00, 0x02, 0x00, 0x03, 0x00, 0x02, 0x00, 0x01, 0x00, 0x02, 0x00,
        0x00, 0x00, 0xFC, 0xFF, 0xFB, 0xFF, 0xFA, 0xFF, 0xFB, 0xFF, 0xFD, 0xFF, 0xFB, 0xFF, 0xFA, 0xFF,
        0xFD, 0xFF, 0xFE, 0xFF, 0xFF, 0xFF, 0x02, 0x00, 0x05, 0x00, 0x05, 0x00, 0x04, 0x00, 0x04, 0x00,
        0x04, 0x00, 0x03, 0x00, 0x02, 0x00, 0x01, 0x00, 0x01, 0x00, 0xFE, 0xFF, 0xF9, 0xFF, 0xFA, 0xFF,
        0xFB, 0xFF, 0xF9, 0xFF, 0xFA, 0xFF, 0xFD, 0xFF, 0xFF, 0xFF, 0xFF, 0xFF, 0xFE, 0xFF, 0xFF, 0xFF,
        0x02, 0x00, 0x01, 0x00, 0x00, 0x00, 0xFF, 0xFF, 0xFF, 0xFF, 0xFF, 0xFF, 0xFD, 0xFF, 0xFA, 0xFF,
        0xF8, 0xFF, 0xFA, 0xFF, 0xFD, 0xFF, 0xFC, 0xFF, 0xFA, 0xFF, 0xFF, 0xFF, 0x01, 0x00, 0xFE, 0xFF,
        0xFF, 0xFF, 0x01, 0x00, 0x02, 0x00, 0x02, 0x00, 0xFF, 0xFF, 0xFE, 0xFF, 0xFF, 0xFF, 0xFC, 0xFF,
        0xF8, 0xFF, 0xF9, 0xFF, 0xF9, 0xFF, 0xF8, 0xFF, 0xFA, 0xFF, 0xF9, 0xFF, 0xFA, 0xFF, 0xFE, 0xFF,
        0xFF, 0xFF, 0xFF, 0xFF, 0x02, 0x00, 0x01, 0x00, 0x01, 0x00, 0x04, 0x00, 0x02, 0x00, 0x02, 0x00,
        0x02, 0x00, 0xFF, 0xFF, 0xFF, 0xFF, 0xFD, 0xFF, 0xF8, 0xFF, 0xFB, 0xFF, 0xFD, 0xFF, 0xFA, 0xFF,
        0xFA, 0xFF, 0xFD, 0xFF, 0x00, 0x00, 0x01, 0x00, 0x02, 0x00, 0x03, 0x00, 0x04, 0x00, 0x04, 0x00,
        0x03, 0x00, 0x01, 0x00, 0xFF, 0xFF, 0xFF, 0xFF, 0xFD, 0xFF, 0xFB, 0xFF, 0xFA, 0xFF, 0xF9, 0xFF,
        0xF9, 0xFF, 0xFA, 0xFF, 0xFB, 0xFF, 0xFC, 0xFF, 0xFD, 0xFF, 0x00, 0x00, 0x02, 0x00, 0x01, 0x00,
        0x01, 0x00, 0x01, 0x00, 0x02, 0x00, 0x01, 0x00, 0xFF, 0xFF, 0xFD, 0xFF, 0xFA, 0xFF, 0xF9, 0xFF,
        0xF8, 0xFF, 0xF6, 0xFF, 0xF7, 0xFF, 0xFA, 0xFF, 0xFB, 0xFF, 0xFD, 0xFF, 0x00, 0x00, 0x01, 0x00,
        0x04, 0x00, 0x03, 0x00, 0x02, 0x00, 0x04, 0x00, 0x04, 0x00, 0x02, 0x00, 0x01, 0x00, 0xFE, 0xFF,
        0xFC, 0xFF, 0xFB, 0xFF, 0xFA, 0xFF, 0xFB, 0xFF, 0xFC, 0xFF, 0xFD, 0xFF, 0xFF, 0xFF, 0x00, 0x00,
        0x01, 0x00, 0x02, 0x00, 0x03, 0x00, 0x03, 0x00, 0x03, 0x00, 0x04, 0x00, 0x03, 0x00, 0x01, 0x00,
        0xFF, 0xFF, 0xFE, 0xFF, 0xFA, 0xFF, 0xFA, 0xFF, 0xFD, 0xFF, 0xFA, 0xFF, 0xF9, 0xFF, 0xFD, 0xFF,
        0xFE, 0xFF, 0xFD, 0xFF, 0xFF, 0xFF, 0x02, 0x00, 0x04, 0x00, 0x03, 0x00, 0x03, 0x00, 0x03, 0x00,
        0x03, 0x00, 0x01, 0x00, 0xFF, 0xFF, 0xFC, 0xFF, 0xF9, 0xFF, 0xF9, 0xFF, 0xF8, 0xFF, 0xF7, 0xFF,
        0xFA, 0xFF, 0xFB, 0xFF, 0xF9, 0xFF, 0xFA, 0xFF, 0xFF, 0xFF, 0x02, 0x00, 0x01, 0x00, 0x00, 0x00,
        0x02, 0x00, 0x04, 0x00, 0x02, 0x00, 0xFE, 0xFF, 0xFF, 0xFF, 0xFF, 0xFF, 0xFD, 0xFF, 0xFD, 0xFF,
        0xFC, 0xFF, 0xF9, 0xFF, 0xFB, 0xFF, 0xFE, 0xFF, 0xFC, 0xFF, 0xFD, 0xFF, 0x02, 0x00, 0x04, 0x00,
        0x02, 0x00, 0x03, 0x00, 0x03, 0x00, 0x03, 0x00, 0x05, 0x00, 0x03, 0x00, 0xFE, 0xFF, 0xFE, 0xFF,
        0xFE, 0xFF, 0xFD, 0xFF, 0xFC, 0xFF, 0xFA, 0xFF, 0xFA, 0xFF, 0xFD, 0xFF, 0xFE, 0xFF, 0xFE, 0xFF,
        0x01, 0x00, 0x02, 0x00, 0x01, 0x00, 0x04, 0x00, 0x05, 0x00, 0x03, 0x00, 0x04, 0x00, 0x03, 0x00,
        0xFF, 0xFF, 0xFF, 0xFF, 0xFF, 0xFF, 0xFA, 0xFF, 0xFB, 0xFF, 0xFC, 0xFF, 0xFB, 0xFF, 0xFC, 0xFF,
        0xFC, 0xFF, 0xFC, 0xFF, 0x00, 0x00, 0x03, 0x00, 0x03, 0x00, 0x02, 0x00, 0x01, 0x00, 0x02, 0x00,
        0xFE, 0xFF, 0xFC, 0xFF, 0x00, 0x00, 0xFF, 0xFF, 0xF9, 0xFF, 0xF9, 0xFF, 0xFB, 0xFF, 0xFA, 0xFF,
        0xF8, 0xFF, 0xFA, 0xFF, 0xFD, 0xFF, 0xFD, 0xFF, 0xFE, 0xFF, 0xFF, 0xFF, 0x00, 0x00, 0x05, 0x00,
        0x06, 0x00, 0x03, 0x00, 0x01, 0x00, 0x01, 0x00, 0x00, 0x00, 0xFE, 0xFF, 0xFC, 0xFF, 0xFB, 0xFF,
        0xFA, 0xFF, 0xF9, 0xFF, 0xFA, 0xFF, 0xF9, 0xFF, 0xF9, 0xFF, 0xFF, 0xFF, 0x01, 0x00, 0x00, 0x00,
        0x03, 0x00, 0x04, 0x00, 0x04, 0x00, 0x05, 0x00, 0x01, 0x00, 0x00, 0x00, 0x02, 0x00, 0xFF, 0xFF,
        0xFB, 0xFF, 0xFB, 0xFF, 0xFB, 0xFF, 0xF9, 0xFF, 0xF9, 0xFF, 0xFC, 0xFF, 0xFD, 0xFF, 0xFF, 0xFF,
        0x01, 0x00, 0x04, 0x00, 0x04, 0x00, 0x04, 0x00, 0x03, 0x00, 0x02, 0x00, 0x02, 0x00, 0x01, 0x00,
        0x00, 0x00, 0xFF, 0xFF, 0xFC, 0xFF, 0xF8, 0xFF, 0xF7, 0xFF, 0xFA, 0xFF, 0xFA, 0xFF, 0xF8, 0xFF,
        0xFD, 0xFF, 0x00, 0x00, 0xFE, 0xFF, 0xFF, 0xFF, 0x03, 0x00, 0x04, 0x00, 0x04, 0x00, 0x03, 0x00,
        0x01, 0x00, 0x00, 0x00, 0xFF, 0xFF, 0xFF, 0xFF, 0xFC, 0xFF, 0xF9, 0xFF, 0xFB, 0xFF, 0xFB, 0xFF,
        0xF9, 0xFF, 0xFC, 0xFF, 0xFF, 0xFF, 0xFF, 0xFF, 0x02, 0x00, 0x04, 0x00, 0x02, 0x00, 0x03, 0x00,
        0x06, 0x00, 0x05, 0x00, 0x02, 0x00, 0x01, 0x00, 0x00, 0x00, 0xFF, 0xFF, 0xFD, 0xFF, 0xFE, 0xFF,
        0xFF, 0xFF, 0xFD, 0xFF, 0xFB, 0xFF, 0xFC, 0xFF, 0xFD, 0xFF, 0xFE, 0xFF, 0xFF, 0xFF, 0x01, 0x00,
        0x06, 0x00, 0x04, 0x00, 0x00, 0x00, 0x02, 0x00, 0x04, 0x00, 0x01, 0x00, 0x00, 0x00, 0xFF, 0xFF,
        0xFC, 0xFF, 0xF9, 0xFF, 0xFA, 0xFF, 0xFC, 0xFF, 0xFB, 0xFF, 0xF9, 0xFF, 0xFB, 0xFF, 0xFB, 0xFF,
        0xFE, 0xFF, 0x05, 0x00, 0x04, 0x00, 0x01, 0x00, 0x04, 0x00, 0x03, 0x00, 0xFF, 0xFF, 0x00, 0x00,
        0x00, 0x00, 0xFC, 0xFF, 0xFB, 0xFF, 0xFA, 0xFF, 0xF8, 0xFF, 0xF9, 0xFF, 0xFA, 0xFF, 0xF9, 0xFF,
        0xFA, 0xFF, 0xFC, 0xFF, 0xFF, 0xFF, 0x02, 0x00, 0x02, 0x00, 0x00, 0x00, 0x02, 0x00, 0x02, 0x00,
        0xFF, 0xFF, 0xFF, 0xFF, 0xFF, 0xFF, 0xFC, 0xFF, 0xF9, 0xFF, 0xF9, 0xFF, 0xF9, 0xFF, 0xF9, 0xFF,
        0xFA, 0xFF, 0xFB, 0xFF, 0xFB, 0xFF, 0xFC, 0xFF, 0xFF, 0xFF, 0x01, 0x00, 0x03, 0x00, 0x04, 0x00,
        0x03, 0x00, 0x02, 0x00, 0x03, 0x00, 0x01, 0x00, 0xFF, 0xFF, 0xFD, 0xFF, 0xFB, 0xFF, 0xFA, 0xFF,
        0xFA, 0xFF, 0xFA, 0xFF, 0xFC, 0xFF, 0xFC, 0xFF, 0xFB, 0xFF, 0xFF, 0xFF, 0x02, 0x00, 0x01, 0x00,
        0x00, 0x00, 0x02, 0x00, 0x04, 0x00, 0x04, 0x00, 0x00, 0x00, 0xFE, 0xFF, 0xFB, 0xFF, 0xFA, 0xFF,
        0xFA, 0xFF, 0xF8, 0xFF, 0xF8, 0xFF, 0xF9, 0xFF, 0xF8, 0xFF, 0xF9, 0xFF, 0xFB, 0xFF, 0xFA, 0xFF,
        0xFE, 0xFF, 0x01, 0x00, 0x00, 0x00, 0x04, 0x00, 0x04, 0x00, 0xFF, 0xFF, 0x01, 0x00, 0x00, 0x00,
        0xF9, 0xFF, 0xFA, 0xFF, 0xFB, 0xFF, 0xF8, 0xFF, 0xF8, 0xFF, 0xF7, 0xFF, 0xF7, 0xFF, 0xF9, 0xFF,
        0xFB, 0xFF, 0xFD, 0xFF, 0xFF, 0xFF, 0x00, 0x00, 0x00, 0x00, 0x01, 0x00, 0x03, 0x00, 0x02, 0x00,
        0x01, 0x00, 0x00, 0x00, 0xFD, 0xFF, 0xFB, 0xFF, 0xFC, 0xFF, 0xFA, 0xFF, 0xF8, 0xFF, 0xF7, 0xFF,
        0xF9, 0xFF, 0xFB, 0xFF, 0xFC, 0xFF, 0xFC, 0xFF, 0xFF, 0xFF, 0x01, 0x00, 0x01, 0x00, 0x02, 0x00,
        0x03, 0x00, 0x01, 0x00, 0xFF, 0xFF, 0xFE, 0xFF, 0xFC, 0xFF, 0xFB, 0xFF, 0xFB, 0xFF, 0xFA, 0xFF,
        0xFA, 0xFF, 0xFA, 0xFF, 0xFA, 0xFF, 0xFA, 0xFF, 0xFB, 0xFF, 0xFD, 0xFF, 0xFD, 0xFF, 0xFF, 0xFF,
        0x01, 0x00, 0x01, 0x00, 0x01, 0x00, 0x02, 0x00, 0x00, 0x00, 0xFE, 0xFF, 0xFD, 0xFF, 0xFC, 0xFF,
        0xFA, 0xFF, 0xF9, 0xFF, 0xFB, 0xFF, 0xF9, 0xFF, 0xF6, 0xFF, 0xFB, 0xFF, 0xFD, 0xFF, 0xFA, 0xFF,
        0xFF, 0xFF, 0x02, 0x00, 0xFF, 0xFF, 0x02, 0x00, 0x03, 0x00, 0x00, 0x00, 0xFF, 0xFF, 0xFE, 0xFF,
        0xFC, 0xFF, 0xFB, 0xFF, 0xFA, 0xFF, 0xF9, 0xFF, 0xF7, 0xFF, 0xF8, 0xFF, 0xFA, 0xFF, 0xFC, 0xFF,
        0xFC, 0xFF, 0xFC, 0xFF, 0xFE, 0xFF, 0x02, 0x00, 0x03, 0x00, 0x03, 0x00, 0x03, 0x00, 0x03, 0x00,
        0x02, 0x00, 0xFF, 0xFF, 0xFB, 0xFF, 0xFB, 0xFF, 0xFC, 0xFF, 0xFA, 0xFF, 0xF9, 0xFF, 0xF8, 0xFF,
        0xFA, 0xFF, 0xFE, 0xFF, 0xFE, 0xFF, 0xFE, 0xFF, 0x00, 0x00, 0x01, 0x00, 0x01, 0x00, 0x02, 0x00,
        0x03, 0x00, 0x04, 0x00, 0x03, 0x00, 0x00, 0x00, 0xFF, 0xFF, 0xFE, 0xFF, 0xFA, 0xFF, 0xF8, 0xFF,
        0xFA, 0xFF, 0xFA, 0xFF, 0xF9, 0xFF, 0xFC, 0xFF, 0xFE, 0xFF, 0xFD, 0xFF, 0xFD, 0xFF, 0x00, 0x00,
        0x01, 0x00, 0x00, 0x00, 0x01, 0x00, 0x04, 0x00, 0x01, 0x00, 0xFD, 0xFF, 0xFE, 0xFF, 0xFC, 0xFF,
        0xF9, 0xFF, 0xFA, 0xFF, 0xF9, 0xFF, 0xFA, 0xFF, 0xFA, 0xFF, 0xF8, 0xFF, 0xFA, 0xFF, 0xFC, 0xFF,
        0xFF, 0xFF, 0x01, 0x00, 0x01, 0x00, 0x03, 0x00, 0x05, 0x00, 0x03, 0x00, 0x02, 0x00, 0x00, 0x00,
        0xFC, 0xFF, 0xFC, 0xFF, 0xFB, 0xFF, 0xFB, 0xFF, 0xFA, 0xFF, 0xF9, 0xFF, 0xFC, 0xFF, 0xFD, 0xFF,
        0xFA, 0xFF, 0xFD, 0xFF, 0xFF, 0xFF, 0x00, 0x00, 0x02, 0x00, 0x02, 0x00, 0x05, 0x00, 0x06, 0x00,
        0x03, 0x00, 0x03, 0x00, 0x01, 0x00, 0xFD, 0xFF, 0xFE, 0xFF, 0xFB, 0xFF, 0xF7, 0xFF, 0xF9, 0xFF,
        0xFB, 0xFF, 0xFC, 0xFF, 0xFE, 0xFF, 0xFE, 0xFF, 0x00, 0x00, 0x01, 0x00, 0x02, 0x00, 0x03, 0x00,
        0x02, 0x00, 0x03, 0x00, 0x04, 0x00, 0x00, 0x00, 0xFD, 0xFF, 0xFC, 0xFF, 0xFD, 0xFF, 0xFE, 0xFF,
        0xFA, 0xFF, 0xF9, 0xFF, 0xFA, 0xFF, 0xF9, 0xFF, 0xFB, 0xFF, 0xFF, 0xFF, 0xFF, 0xFF, 0x01, 0x00,
        0x03, 0x00, 0x03, 0x00, 0x03, 0x00, 0x02, 0x00, 0xFF, 0xFF, 0xFD, 0xFF, 0xFD, 0xFF, 0xFC, 0xFF,
        0xF9, 0xFF, 0xF9, 0xFF, 0xFA, 0xFF, 0xF8, 0xFF, 0xFB, 0xFF, 0xFD, 0xFF, 0xFC, 0xFF, 0xFF, 0xFF,
        0x00, 0x00, 0xFF, 0xFF, 0x03, 0x00, 0x03, 0x00, 0x03, 0x00, 0x03, 0x00, 0x00, 0x00, 0x00, 0x00,
        0x00, 0x00, 0xFC, 0xFF, 0xFD, 0xFF, 0xFC, 0xFF, 0xF8, 0xFF, 0xF9, 0xFF, 0xFC, 0xFF, 0xFB, 0xFF,
        0xFD, 0xFF, 0x00, 0x00, 0x00, 0x00, 0x00, 0x00, 0x02, 0x00, 0x04, 0x00, 0x05, 0x00, 0x04, 0x00,
        0x02, 0x00, 0xFF, 0xFF, 0xFC, 0xFF, 0xFB, 0xFF, 0xFC, 0xFF, 0xFB, 0xFF, 0xFB, 0xFF, 0xFA, 0xFF,
        0xFB, 0xFF, 0xFB, 0xFF, 0xFA, 0xFF, 0xFD, 0xFF, 0x02, 0x00, 0x00, 0x00, 0x02, 0x00, 0x04, 0x00,
        0x01, 0x00, 0x00, 0x00, 0x00, 0x00, 0xFD, 0xFF, 0xFC, 0xFF, 0xFB, 0xFF, 0xF9, 0xFF, 0xF9, 0xFF,
        0xF9, 0xFF, 0xF8, 0xFF, 0xF8, 0xFF, 0xFA, 0xFF, 0xFD, 0xFF, 0xFE, 0xFF, 0x00, 0x00, 0x01, 0x00,
        0x00, 0x00, 0x00, 0x00, 0x01, 0x00, 0x00, 0x00, 0xFF, 0xFF, 0xFE, 0xFF, 0xFB, 0xFF, 0xFB, 0xFF,
        0xFC, 0xFF, 0xFB, 0xFF, 0xF9, 0xFF, 0xF7, 0xFF, 0xFB, 0xFF, 0xFF, 0xFF, 0xFE, 0xFF, 0xFF, 0xFF,
        0x02, 0x00, 0x00, 0x00, 0x01, 0x00, 0x04, 0x00, 0x03, 0x00, 0x01, 0x00, 0x02, 0x00, 0x00, 0x00,
        0xFE, 0xFF, 0xFE, 0xFF, 0xFD, 0xFF, 0xFA, 0xFF, 0xFA, 0xFF, 0xF9, 0xFF, 0xF9, 0xFF, 0xFD, 0xFF,
        0xFD, 0xFF, 0xFF, 0xFF, 0x01, 0x00, 0x01, 0x00, 0x02, 0x00, 0x02, 0x00, 0x02, 0x00, 0x01, 0x00,
        0xFF, 0xFF, 0xFE, 0xFF, 0xFD, 0xFF, 0xFA, 0xFF, 0xFB, 0xFF, 0xFC, 0xFF, 0xFA, 0xFF, 0xFD, 0xFF,
        0xFC, 0xFF, 0xF9, 0xFF, 0xFC, 0xFF, 0xFE, 0xFF, 0xFE, 0xFF, 0x01, 0x00, 0x02, 0x00, 0x04, 0x00,
        0x04, 0x00, 0x02, 0x00, 0x01, 0x00, 0x00, 0x00, 0xFC, 0xFF, 0xFA, 0xFF, 0xFA, 0xFF, 0xF9, 0xFF,
        0xF8, 0xFF, 0xF9, 0xFF, 0xFB, 0xFF, 0xFB, 0xFF, 0xFC, 0xFF, 0x00, 0x00, 0x00, 0x00, 0xFF, 0xFF,
        0x02, 0x00, 0x03, 0x00, 0x02, 0x00, 0x01, 0x00, 0x01, 0x00, 0xFE, 0xFF, 0xFC, 0xFF, 0xFD, 0xFF,
        0xFD, 0xFF, 0xFA, 0xFF, 0xF8, 0xFF, 0xF9, 0xFF, 0xFB, 0xFF, 0xFC, 0xFF, 0xFD, 0xFF, 0xFF, 0xFF,
        0xFE, 0xFF, 0x00, 0x00, 0x04, 0x00, 0x01, 0x00, 0x01, 0x00, 0x04, 0x00, 0x00, 0x00, 0xFE, 0xFF,
        0x00, 0x00, 0xFC, 0xFF, 0xFA, 0xFF, 0xFB, 0xFF, 0xFB, 0xFF, 0xFA, 0xFF, 0xFA, 0xFF, 0xFA, 0xFF,
        0xFD, 0xFF, 0xFF, 0xFF, 0xFF, 0xFF, 0x01, 0x00, 0x02, 0x00, 0x02, 0x00, 0x02, 0x00, 0x01, 0x00,
        0x00, 0x00, 0xFD, 0xFF, 0xFB, 0xFF, 0xFA, 0xFF, 0xFB, 0xFF, 0xFC, 0xFF, 0xF9, 0xFF, 0xF9, 0xFF,
        0xFB, 0xFF, 0xFB, 0xFF, 0xFB, 0xFF, 0xFE, 0xFF, 0x00, 0x00, 0x01, 0x00, 0x01, 0x00, 0xFF, 0xFF,
        0x00, 0x00, 0x01, 0x00, 0xFE, 0xFF, 0xFC, 0xFF, 0xFB, 0xFF, 0xF9, 0xFF, 0xF9, 0xFF, 0xF9, 0xFF,
        0xF7, 0xFF, 0xF7, 0xFF, 0xFA, 0xFF, 0xFD, 0xFF, 0xFE, 0xFF, 0xFE, 0xFF, 0x00, 0x00, 0x02, 0x00,
        0x02, 0x00, 0x02, 0x00, 0x04, 0x00, 0x02, 0x00, 0x00, 0x00, 0xFF, 0xFF, 0xFE, 0xFF, 0xFB, 0xFF,
        0xF9, 0xFF, 0xFA, 0xFF, 0xFA, 0xFF, 0xFA, 0xFF, 0xFB, 0xFF, 0xFB, 0xFF, 0xFC, 0xFF, 0x00, 0x00,
        0x03, 0x00, 0x01, 0x00, 0x00, 0x00, 0x02, 0x00, 0x02, 0x00, 0x00, 0x00, 0x00, 0x00, 0x00, 0x00,
        0xFC, 0xFF, 0xFA, 0xFF, 0xF9, 0xFF, 0xF8, 0xFF, 0xFB, 0xFF, 0xFB, 0xFF, 0xF9, 0xFF, 0xFB, 0xFF,
        0xFC, 0xFF, 0xFC, 0xFF, 0x01, 0x00, 0x00, 0x00, 0xFE, 0xFF, 0x01, 0x00, 0x02, 0x00, 0x03, 0x00,
        0x01, 0x00, 0xFB, 0xFF, 0xFA, 0xFF, 0xFB, 0xFF, 0xF9, 0xFF, 0xFA, 0xFF, 0xF9, 0xFF, 0xF9, 0xFF,
        0xFD, 0xFF, 0xFC, 0xFF, 0xFC, 0xFF, 0xFF, 0xFF, 0xFF, 0xFF, 0x00, 0x00, 0x03, 0x00, 0x03, 0x00,
        0x01, 0x00, 0xFF, 0xFF, 0xFE, 0xFF, 0xFF, 0xFF, 0xFE, 0xFF, 0xFA, 0xFF, 0xF9, 0xFF, 0xFA, 0xFF,
        0xF8, 0xFF, 0xFB, 0xFF, 0xFE, 0xFF, 0xFC, 0xFF, 0xFA, 0xFF, 0x00, 0x00, 0x03, 0x00, 0x03, 0x00,
        0x03, 0x00, 0x03, 0x00, 0x04, 0x00, 0x02, 0x00, 0x01, 0x00, 0x02, 0x00, 0xFE, 0xFF, 0xFB, 0xFF,
        0xFD, 0xFF, 0xFA, 0xFF, 0xF7, 0xFF, 0xFC, 0xFF, 0xFD, 0xFF, 0xFB, 0xFF, 0xFD, 0xFF, 0xFF, 0xFF,
        0x00, 0x00, 0x01, 0x00, 0x00, 0x00, 0x01, 0x00, 0x02, 0x00, 0xFF, 0xFF, 0xFD, 0xFF, 0xFD, 0xFF,
        0xFD, 0xFF, 0xFB, 0xFF, 0xF9, 0xFF, 0xF8, 0xFF, 0xFA, 0xFF, 0xFB, 0xFF, 0xF9, 0xFF, 0xFA, 0xFF,
        0xFD, 0xFF, 0xFE, 0xFF, 0xFD, 0xFF, 0xFE, 0xFF, 0xFF, 0xFF, 0xFF, 0xFF, 0xFF, 0xFF, 0xFF, 0xFF,
        0xFF, 0xFF, 0xFF, 0xFF, 0xFC, 0xFF, 0xF7, 0xFF, 0xF6, 0xFF, 0xF9, 0xFF, 0xF9, 0xFF, 0xF8, 0xFF,
        0xF9, 0xFF, 0xFB, 0xFF, 0xFC, 0xFF, 0xFC, 0xFF, 0xFE, 0xFF, 0x03, 0x00, 0x03, 0x00, 0x01, 0x00,
        0x02, 0x00, 0x01, 0x00, 0x00, 0x00, 0x00, 0x00, 0xFD, 0xFF, 0xFB, 0xFF, 0xFC, 0xFF, 0xFA, 0xFF,
        0xFA, 0xFF, 0xFB, 0xFF, 0xFC, 0xFF, 0xFC, 0xFF, 0xFC, 0xFF, 0xFD, 0xFF, 0x01, 0x00, 0x04, 0x00,
        0x02, 0x00, 0x01, 0x00, 0x01, 0x00, 0xFF, 0xFF, 0xFD, 0xFF, 0xFE, 0xFF, 0xFD, 0xFF, 0xFA, 0xFF,
        0xF8, 0xFF, 0xF9, 0xFF, 0xFA, 0xFF, 0xF8, 0xFF, 0xF7, 0xFF, 0xFA, 0xFF, 0xFB, 0xFF, 0xFC, 0xFF,
        0x00, 0x00, 0x03, 0x00, 0x02, 0x00, 0x00, 0x00, 0xFE, 0xFF, 0xFF, 0xFF, 0xFE, 0xFF, 0xFB, 0xFF,
        0xFC, 0xFF, 0xFC, 0xFF, 0xF7, 0xFF, 0xF6, 0xFF, 0xF9, 0xFF, 0xFA, 0xFF, 0xFB, 0xFF, 0xFD, 0xFF,
        0xFD, 0xFF, 0xFE, 0xFF, 0x01, 0x00, 0x01, 0x00, 0x00, 0x00, 0x00, 0x00, 0x01, 0x00, 0x00, 0x00,
        0xFF, 0xFF, 0xFD, 0xFF, 0xFA, 0xFF, 0xF9, 0xFF, 0xFA, 0xFF, 0xF9, 0xFF, 0xF7, 0xFF, 0xF8, 0xFF,
        0xF8, 0xFF, 0xF9, 0xFF, 0xFB, 0xFF, 0xFD, 0xFF, 0xFF, 0xFF, 0x01, 0x00, 0x02, 0x00, 0x02, 0x00,
        0x01, 0x00, 0x00, 0x00, 0xFF, 0xFF, 0xFE, 0xFF, 0xFB, 0xFF, 0xFB, 0xFF, 0xFC, 0xFF, 0xFB, 0xFF,
        0xF9, 0xFF, 0xFA, 0xFF, 0xFC, 0xFF, 0xFD, 0xFF, 0xFE, 0xFF, 0x00, 0x00, 0x00, 0x00, 0x01, 0x00,
        0x02, 0x00, 0x02, 0x00, 0x02, 0x00, 0x02, 0x00, 0xFE, 0xFF, 0xFC, 0xFF, 0xFC, 0xFF, 0xF9, 0xFF,
        0xF8, 0xFF, 0xFA, 0xFF, 0xF9, 0xFF, 0xF8, 0xFF, 0xFA, 0xFF, 0xFA, 0xFF, 0xFA, 0xFF, 0xFF, 0xFF,
        0x01, 0x00, 0xFF, 0xFF, 0xFF, 0xFF, 0x02, 0x00, 0x02, 0x00, 0xFF, 0xFF, 0xFC, 0xFF, 0xFD, 0xFF,
        0xFC, 0xFF, 0xFA, 0xFF, 0xF8, 0xFF, 0xF8, 0xFF, 0xF8, 0xFF, 0xF7, 0xFF, 0xF7, 0xFF, 0xFA, 0xFF,
        0xFC, 0xFF, 0xFD, 0xFF, 0x00, 0x00, 0x00, 0x00, 0xFF, 0xFF, 0x01, 0x00, 0x01, 0x00, 0x01, 0x00,
        0xFF, 0xFF, 0xFD, 0xFF, 0xFE, 0xFF, 0xFC, 0xFF, 0xF9, 0xFF, 0xFA, 0xFF, 0xFA, 0xFF, 0xFA, 0xFF,
        0xFD, 0xFF, 0xFD, 0xFF, 0xFD, 0xFF, 0xFF, 0xFF, 0x00, 0x00, 0x01, 0x00, 0x02, 0x00, 0x01, 0x00,
        0x02, 0x00, 0x02, 0x00, 0x00, 0x00, 0x00, 0x00, 0xFE, 0xFF, 0xFB, 0xFF, 0xFB, 0xFF, 0xFB, 0xFF,
        0xFC, 0xFF, 0xFD, 0xFF, 0xFE, 0xFF, 0xFE, 0xFF, 0xFE, 0xFF, 0xFE, 0xFF, 0x00, 0x00, 0xFF, 0xFF,
        0x00, 0x00, 0x01, 0x00, 0x00, 0x00, 0xFF, 0xFF, 0xFE, 0xFF, 0xFC, 0xFF, 0xFD, 0xFF, 0xFB, 0xFF,
        0xF8, 0xFF, 0xF8, 0xFF, 0xF8, 0xFF, 0xFA, 0xFF, 0xFB, 0xFF, 0xFB, 0xFF, 0xFD, 0xFF, 0xFF, 0xFF,
        0xFE, 0xFF, 0xFF, 0xFF, 0x01, 0x00, 0x01, 0x00, 0x01, 0x00, 0x00, 0x00, 0xFE, 0xFF, 0xFE, 0xFF,
        0xFE, 0xFF, 0xFB, 0xFF, 0xFA, 0xFF, 0xFA, 0xFF, 0xFA, 0xFF, 0xFA, 0xFF, 0xFA, 0xFF, 0xFC, 0xFF,
        0xFF, 0xFF, 0x00, 0x00, 0xFF, 0xFF, 0x00, 0x00, 0x03, 0x00, 0x02, 0x00, 0xFF, 0xFF, 0xFF, 0xFF,
        0xFF, 0xFF, 0xFE, 0xFF, 0xFD, 0xFF, 0xFB, 0xFF, 0xF9, 0xFF, 0xFB, 0xFF, 0xFD, 0xFF, 0xFB, 0xFF,
        0xFA, 0xFF, 0xFB, 0xFF, 0xFC, 0xFF, 0xFE, 0xFF, 0x01, 0x00, 0x01, 0x00, 0x04, 0x00, 0x05, 0x00,
        0x02, 0x00, 0x00, 0x00, 0x00, 0x00, 0xFE, 0xFF, 0xFB, 0xFF, 0xFA, 0xFF, 0xFC, 0xFF, 0xFB, 0xFF,
        0xF9, 0xFF, 0xFB, 0xFF, 0xFC, 0xFF, 0xFA, 0xFF, 0xFB, 0xFF, 0xFE, 0xFF, 0xFE, 0xFF, 0xFF, 0xFF,
        0x01, 0x00, 0x01, 0x00, 0x00, 0x00, 0xFE, 0xFF, 0xFD, 0xFF, 0xFD, 0xFF, 0xFB, 0xFF, 0xFA, 0xFF,
        0xFA, 0xFF, 0xF8, 0xFF, 0xF8, 0xFF, 0xFB, 0xFF, 0xFA, 0xFF, 0xFA, 0xFF, 0xFD, 0xFF, 0xFE, 0xFF,
        0x00, 0x00, 0x01, 0x00, 0x01, 0x00, 0x02, 0x00, 0x01, 0x00, 0xFE, 0xFF, 0xFF, 0xFF, 0xFF, 0xFF,
        0xFD, 0xFF, 0xFC, 0xFF, 0xFC, 0xFF, 0xFB, 0xFF, 0xFD, 0xFF, 0xFC, 0xFF, 0xFB, 0xFF, 0xFD, 0xFF,
        0xFF, 0xFF, 0x00, 0x00, 0x01, 0x00, 0x00, 0x00, 0x00, 0x00, 0x02, 0x00, 0x01, 0x00, 0x00, 0x00,
        0xFE, 0xFF, 0xFE, 0xFF, 0xFE, 0xFF, 0xFB, 0xFF, 0xF9, 0xFF, 0xFB, 0xFF, 0xFB, 0xFF, 0xFB, 0xFF,
        0xFE, 0xFF, 0xFE, 0xFF, 0xFF, 0xFF, 0x01, 0x00, 0x00, 0x00, 0xFF, 0xFF, 0x01, 0x00, 0x02, 0x00,
        0x01, 0x00, 0x00, 0x00, 0x00, 0x00, 0xFF, 0xFF, 0xFC, 0xFF, 0xF9, 0xFF, 0xF8, 0xFF, 0xF9, 0xFF,
        0xF9, 0xFF, 0xF9, 0xFF, 0xFA, 0xFF, 0xFB, 0xFF, 0xFD, 0xFF, 0xFE, 0xFF, 0x01, 0x00, 0x00, 0x00,
        0x00, 0x00, 0x00, 0x00, 0xFE, 0xFF, 0xFF, 0xFF, 0x00, 0x00, 0xFD, 0xFF, 0xFA, 0xFF, 0xFA, 0xFF,
        0xFA, 0xFF, 0xFB, 0xFF, 0xF8, 0xFF, 0xF9, 0xFF, 0xFC, 0xFF, 0xFC, 0xFF, 0xFD, 0xFF, 0x00, 0x00,
        0x00, 0x00, 0x02, 0x00, 0x04, 0x00, 0x01, 0x00, 0x03, 0x00, 0x03, 0x00, 0xFF, 0xFF, 0xFE, 0xFF,
        0xFE, 0xFF, 0xFE, 0xFF, 0xFC, 0xFF, 0xFA, 0xFF, 0xFB, 0xFF, 0xFC, 0xFF, 0xFB, 0xFF, 0xFD, 0xFF,
        0xFF, 0xFF, 0x02, 0x00, 0x04, 0x00, 0x03, 0x00, 0x04, 0x00, 0x04, 0x00, 0x02, 0x00, 0x03, 0x00,
        0x01, 0x00, 0xFC, 0xFF, 0xFD, 0xFF, 0xFC, 0xFF, 0xF8, 0xFF, 0xF9, 0xFF, 0xFA, 0xFF, 0xFB, 0xFF,
        0xFD, 0xFF, 0xFD, 0xFF, 0xFE, 0xFF, 0xFF, 0xFF, 0xFF, 0xFF, 0x04, 0x00, 0x06, 0x00, 0x03, 0x00,
        0x02, 0x00, 0x01, 0x00, 0xFF, 0xFF, 0xFE, 0xFF, 0xFC, 0xFF, 0xF9, 0xFF, 0xF9, 0xFF, 0xF9, 0xFF,
        0xF9, 0xFF, 0xF8, 0xFF, 0xFA, 0xFF, 0xFC, 0xFF, 0xFD, 0xFF, 0xFE, 0xFF, 0x00, 0x00, 0x01, 0x00,
        0x01, 0x00, 0x00, 0x00, 0x00, 0x00, 0x00, 0x00, 0x00, 0x00, 0xFD, 0xFF, 0xFA, 0xFF, 0xF8, 0xFF,
        0xF8, 0xFF, 0xFB, 0xFF, 0xFD, 0xFF, 0xFA, 0xFF, 0xF9, 0xFF, 0xFD, 0xFF, 0x00, 0x00, 0x01, 0x00,
        0x03, 0x00, 0x04, 0x00, 0x03, 0x00, 0x01, 0x00, 0x03, 0x00, 0x03, 0x00, 0x00, 0x00, 0xFE, 0xFF,
        0xFC, 0xFF, 0xFA, 0xFF, 0xFB, 0xFF, 0xFA, 0xFF, 0xF8, 0xFF, 0xFA, 0xFF, 0xFC, 0xFF, 0xFD, 0xFF,
        0x01, 0x00, 0x01, 0x00, 0x02, 0x00, 0x04, 0x00, 0x02, 0x00, 0x01, 0x00, 0x02, 0x00, 0x00, 0x00,
        0x00, 0x00, 0xFD, 0xFF, 0xFB, 0xFF, 0xFC, 0xFF, 0xFB, 0xFF, 0xF9, 0xFF, 0xFB, 0xFF, 0xFB, 0xFF,
        0xFB, 0xFF, 0xFE, 0xFF, 0xFE, 0xFF, 0xFD, 0xFF, 0xFF, 0xFF, 0x00, 0x00, 0x02, 0x00, 0x03, 0x00,
        0xFF, 0xFF, 0xFD, 0xFF, 0xFE, 0xFF, 0xFC, 0xFF, 0xFC, 0xFF, 0xFC, 0xFF, 0xF9, 0xFF, 0xF9, 0xFF,
        0xFA, 0xFF, 0xFA, 0xFF, 0xFB, 0xFF, 0xFD, 0xFF, 0xFE, 0xFF, 0xFF, 0xFF, 0x02, 0x00, 0x04, 0x00,
        0x04, 0x00, 0x05, 0x00, 0x03, 0x00, 0x00, 0x00, 0xFE, 0xFF, 0xFC, 0xFF, 0xFB, 0xFF, 0xFD, 0xFF,
        0xFE, 0xFF, 0xFD, 0xFF, 0xFB, 0xFF, 0xFB, 0xFF, 0xFD, 0xFF, 0x00, 0x00, 0x01, 0x00, 0x02, 0x00,
        0x04, 0x00, 0x04, 0x00, 0x06, 0x00, 0x06, 0x00, 0x03, 0x00, 0x02, 0x00, 0x01, 0x00, 0xFF, 0xFF,
        0xFD, 0xFF, 0xFD, 0xFF, 0xFE, 0xFF, 0xFD, 0xFF, 0xFB, 0xFF, 0xFD, 0xFF, 0xFE, 0xFF, 0xFD, 0xFF,
        0xFF, 0xFF, 0x02, 0x00, 0x03, 0x00, 0x03, 0x00, 0x03, 0x00, 0x03, 0x00, 0x03, 0x00, 0x02, 0x00,
        0xFF, 0xFF, 0xFD, 0xFF, 0xFE, 0xFF, 0xFE, 0xFF, 0xFB, 0xFF, 0xFB, 0xFF, 0xFD, 0xFF, 0xFD, 0xFF,
        0xFC, 0xFF, 0xFE, 0xFF, 0x00, 0x00, 0x00, 0x00, 0xFF, 0xFF, 0x02, 0x00, 0x03, 0x00, 0x00, 0x00,
        0x01, 0x00, 0x01, 0x00, 0xFF, 0xFF, 0x00, 0x00, 0xFE, 0xFF, 0xFB, 0xFF, 0xFC, 0xFF, 0xFB, 0xFF,
        0xFA, 0xFF, 0xFC, 0xFF, 0xFC, 0xFF, 0xFE, 0xFF, 0x01, 0x00, 0x01, 0x00, 0x01, 0x00, 0x02, 0x00,
        0x03, 0x00, 0x05, 0x00, 0x02, 0x00, 0x00, 0x00, 0x01, 0x00, 0x00, 0x00, 0xFE, 0xFF, 0xFD, 0xFF,
        0xFA, 0xFF, 0xF9, 0xFF, 0xFC, 0xFF, 0xFD, 0xFF, 0xFE, 0xFF, 0x00, 0x00, 0x01, 0x00, 0x02, 0x00,
        0x02, 0x00, 0x04, 0x00, 0x05, 0x00, 0x04, 0x00, 0x03, 0x00, 0x02, 0x00, 0x01, 0x00, 0xFE, 0xFF,
        0xFD, 0xFF, 0xFC, 0xFF, 0xFB, 0xFF, 0xFB, 0xFF, 0xFB, 0xFF, 0xFB, 0xFF, 0xFE, 0xFF, 0xFF, 0xFF,
        0xFE, 0xFF, 0x00, 0x00, 0x02, 0x00, 0x02, 0x00, 0x04, 0x00, 0x02, 0x00, 0x00, 0x00, 0xFF, 0xFF,
        0xFD, 0xFF, 0xFE, 0xFF, 0xFF, 0xFF, 0xFB, 0xFF, 0xFB, 0xFF, 0xFD, 0xFF, 0xFC, 0xFF, 0xFC, 0xFF,
        0xFD, 0xFF, 0xFD, 0xFF, 0xFF, 0xFF, 0x01, 0x00, 0x01, 0x00, 0x02, 0x00, 0x04, 0x00, 0x03, 0x00,
        0x01, 0x00, 0x01, 0x00, 0x00, 0x00, 0xFE, 0xFF, 0xFD, 0xFF, 0xFD, 0xFF, 0xFC, 0xFF, 0xFB, 0xFF,
        0xFC, 0xFF, 0xFD, 0xFF, 0xFD, 0xFF, 0xFE, 0xFF, 0x00, 0x00, 0x03, 0x00, 0x04, 0x00, 0x03, 0x00,
        0x04, 0x00, 0x03, 0x00, 0x01, 0x00, 0x03, 0x00, 0x04, 0x00, 0x02, 0x00, 0x01, 0x00, 0xFE, 0xFF,
        0xFC, 0xFF, 0xFC, 0xFF, 0xFC, 0xFF, 0xFC, 0xFF, 0xFE, 0xFF, 0xFE, 0xFF, 0xFF, 0xFF, 0x01, 0x00,
        0x03, 0x00, 0x04, 0x00, 0x03, 0x00, 0x02, 0x00, 0x01, 0x00, 0x01, 0x00, 0x00, 0x00, 0xFF, 0xFF,
        0xFC, 0xFF, 0xFA, 0xFF, 0xFA, 0xFF, 0xFB, 0xFF, 0xFB, 0xFF, 0xFC, 0xFF, 0xFE, 0xFF, 0xFE, 0xFF,
        0xFF, 0xFF, 0x00, 0x00, 0xFF, 0xFF, 0x02, 0x00, 0x03, 0x00, 0x02, 0x00, 0x02, 0x00, 0xFF, 0xFF,
        0xFE, 0xFF, 0xFE, 0xFF, 0xFB, 0xFF, 0xF8, 0xFF, 0xFA, 0xFF, 0xFC, 0xFF, 0xFD, 0xFF, 0xFE, 0xFF,
        0xFF, 0xFF, 0xFF, 0xFF, 0xFF, 0xFF, 0x02, 0x00, 0x04, 0x00, 0x02, 0x00, 0x05, 0x00, 0x06, 0x00,
        0x04, 0x00, 0x04, 0x00, 0x02, 0x00, 0xFE, 0xFF, 0xFF, 0xFF, 0xFE, 0xFF, 0xFC, 0xFF, 0xFB, 0xFF,
        0xFD, 0xFF, 0xFE, 0xFF, 0xFD, 0xFF, 0xFD, 0xFF, 0x01, 0x00, 0x02, 0x00, 0x03, 0x00, 0x06, 0x00,
        0x05, 0x00, 0x05, 0x00, 0x04, 0x00, 0x00, 0x00, 0x00, 0x00, 0xFF, 0xFF, 0xFF, 0xFF, 0xFF, 0xFF,
        0xFE, 0xFF, 0xFD, 0xFF, 0xFE, 0xFF, 0xFD, 0xFF, 0xFC, 0xFF, 0xFE, 0xFF, 0xFE, 0xFF, 0x01, 0x00,
        0x04, 0x00, 0x05, 0x00, 0x05, 0x00, 0x04, 0x00, 0x03, 0x00, 0x04, 0x00, 0x02, 0x00, 0xFD, 0xFF,
        0xFE, 0xFF, 0xFF, 0xFF, 0xFC, 0xFF, 0xFB, 0xFF, 0xFE, 0xFF, 0x00, 0x00, 0xFF, 0xFF, 0xFF, 0xFF,
        0x01, 0x00, 0x01, 0x00, 0x02, 0x00, 0x04, 0x00, 0x03, 0x00, 0x02, 0x00, 0x03, 0x00, 0x02, 0x00,
        0x02, 0x00, 0x01, 0x00, 0xFE, 0xFF, 0xFD, 0xFF, 0xFE, 0xFF, 0xFE, 0xFF, 0xFD, 0xFF, 0xFD, 0xFF,
        0x01, 0x00, 0x02, 0x00, 0x02, 0x00, 0x05, 0x00, 0x05, 0x00, 0x03, 0x00, 0x07, 0x00, 0x09, 0x00,
        0x06, 0x00, 0x03, 0x00, 0x03, 0x00, 0x04, 0x00, 0x02, 0x00, 0x01, 0x00, 0x00, 0x00, 0xFD, 0xFF,
        0xFE, 0xFF, 0x00, 0x00, 0x00, 0x00, 0x03, 0x00, 0x04, 0x00, 0x04, 0x00, 0x06, 0x00, 0x04, 0x00,
        0x02, 0x00, 0x05, 0x00, 0x04, 0x00, 0x03, 0x00, 0x03, 0x00, 0xFF, 0xFF, 0xFF, 0xFF, 0xFF, 0xFF,
        0xFB, 0xFF, 0xFB, 0xFF, 0xFD, 0xFF, 0xFC, 0xFF, 0xFE, 0xFF, 0x00, 0x00, 0x01, 0x00, 0x02, 0x00,
        0x03, 0x00, 0x04, 0x00, 0x04, 0x00, 0x04, 0x00, 0x04, 0x00, 0x03, 0x00, 0x00, 0x00, 0xFE, 0xFF,
        0xFE, 0xFF, 0xFF, 0xFF, 0xFE, 0xFF, 0xFC, 0xFF, 0xFC, 0xFF, 0xFE, 0xFF, 0xFF, 0xFF, 0x01, 0x00,
        0x04, 0x00, 0x05, 0x00, 0x04, 0x00, 0x02, 0x00, 0x03, 0x00, 0x05, 0x00, 0x05, 0x00, 0x04, 0x00,
        0x04, 0x00, 0x02, 0x00, 0x00, 0x00, 0x00, 0x00, 0xFE, 0xFF, 0xFD, 0xFF, 0xFE, 0xFF, 0xFF, 0xFF,
        0x01, 0x00, 0x02, 0x00, 0x03, 0x00, 0x05, 0x00, 0x06, 0x00, 0x04, 0x00, 0x02, 0x00, 0x04, 0x00,
        0x05, 0x00, 0x03, 0x00, 0x01, 0x00, 0x01, 0x00, 0x00, 0x00, 0xFE, 0xFF, 0xFD, 0xFF, 0xFD, 0xFF,
        0xFE, 0xFF, 0xFE, 0xFF, 0xFD, 0xFF, 0x01, 0x00, 0x04, 0x00, 0x03, 0x00, 0x03, 0x00, 0x04, 0x00,
        0x05, 0x00, 0x06, 0x00, 0x03, 0x00, 0x02, 0x00, 0x01, 0x00, 0xFD, 0xFF, 0xFB, 0xFF, 0xFD, 0xFF,
        0xFD, 0xFF, 0xFD, 0xFF, 0xFE, 0xFF, 0x00, 0x00, 0xFF, 0xFF, 0xFF, 0xFF, 0x02, 0x00, 0x03, 0x00,
        0x02, 0x00, 0x06, 0x00, 0x06, 0x00, 0x02, 0x00, 0x02, 0x00, 0x02, 0x00, 0x00, 0x00, 0x01, 0x00,
        0xFF, 0xFF, 0xFD, 0xFF, 0xFD, 0xFF, 0xFE, 0xFF, 0xFF, 0xFF, 0x00, 0x00, 0x00, 0x00, 0x01, 0x00,
        0x03, 0x00, 0x06, 0x00, 0x08, 0x00, 0x07, 0x00, 0x05, 0x00, 0x05, 0x00, 0x03, 0x00, 0x03, 0x00,
        0x04, 0x00, 0x03, 0x00, 0x00, 0x00, 0xFE, 0xFF, 0xFE, 0xFF, 0xFE, 0xFF, 0x01, 0x00, 0x02, 0x00,
        0x01, 0x00, 0x01, 0x00, 0x04, 0x00, 0x05, 0x00, 0x06, 0x00, 0x09, 0x00, 0x09, 0x00, 0x07, 0x00,
        0x06, 0x00, 0x06, 0x00, 0x04, 0x00, 0x00, 0x00, 0x00, 0x00, 0x00, 0x00, 0xFD, 0xFF, 0xFF, 0xFF,
        0xFF, 0xFF, 0xFE, 0xFF, 0x01, 0x00, 0x03, 0x00, 0x03, 0x00, 0x03, 0x00, 0x02, 0x00, 0x03, 0x00,
        0x04, 0x00, 0x02, 0x00, 0x02, 0x00, 0x03, 0x00, 0x01, 0x00, 0x00, 0x00, 0xFE, 0xFF, 0xFC, 0xFF,
        0xFB, 0xFF, 0xFA, 0xFF, 0xFC, 0xFF, 0x00, 0x00, 0x00, 0x00, 0x01, 0x00, 0x03, 0x00, 0x04, 0x00,
        0x07, 0x00, 0x07, 0x00, 0x06, 0x00, 0x07, 0x00, 0x03, 0x00, 0x00, 0x00, 0x03, 0x00, 0x02, 0x00,
        0x00, 0x00, 0xFF, 0xFF, 0xFF, 0xFF, 0xFF, 0xFF, 0x00, 0x00, 0x01, 0x00, 0x00, 0x00, 0x02, 0x00,
        0x06, 0x00, 0x07, 0x00, 0x06, 0x00, 0x06, 0x00, 0x07, 0x00, 0x06, 0x00, 0x06, 0x00, 0x05, 0x00,
        0x03, 0x00, 0x01, 0x00, 0x00, 0x00, 0xFF, 0xFF, 0xFE, 0xFF, 0xFC, 0xFF, 0xFD, 0xFF, 0x01, 0x00,
        0x01, 0x00, 0xFF, 0xFF, 0x00, 0x00, 0x03, 0x00, 0x04, 0x00, 0x05, 0x00, 0x05, 0x00, 0x04, 0x00,
        0x04, 0x00, 0x04, 0x00, 0x02, 0x00, 0x00, 0x00, 0x02, 0x00, 0x02, 0x00, 0xFD, 0xFF, 0xFD, 0xFF,
        0x00, 0x00, 0xFF, 0xFF, 0xFF, 0xFF, 0x02, 0x00, 0x05, 0x00, 0x05, 0x00, 0x04, 0x00, 0x05, 0x00,
        0x05, 0x00, 0x04, 0x00, 0x05, 0x00, 0x06, 0x00, 0x01, 0x00, 0xFE, 0xFF, 0x00, 0x00, 0x01, 0x00,
        0xFF, 0xFF, 0xFE, 0xFF, 0xFE, 0xFF, 0xFF, 0xFF, 0x01, 0x00, 0x03, 0x00, 0x04, 0x00, 0x05, 0x00,
        0x08, 0x00, 0x06, 0x00, 0x03, 0x00, 0x06, 0x00, 0x07, 0x00, 0x05, 0x00, 0x02, 0x00, 0x02, 0x00,
        0x01, 0x00, 0xFF, 0xFF, 0xFF, 0xFF, 0xFE, 0xFF, 0xFE, 0xFF, 0x01, 0x00, 0x03, 0x00, 0x05, 0x00,
        0x04, 0x00, 0x04, 0x00, 0x06, 0x00, 0x05, 0x00, 0x05, 0x00, 0x08, 0x00, 0x06, 0x00, 0x03, 0x00,
        0x03, 0x00, 0x01, 0x00, 0x00, 0x00, 0xFF, 0xFF, 0xFC, 0xFF, 0xFF, 0xFF, 0xFF, 0xFF, 0xFF, 0xFF,
        0x03, 0x00, 0x04, 0x00, 0x03, 0x00, 0x04, 0x00, 0x05, 0x00, 0x05, 0x00, 0x05, 0x00, 0x04, 0x00,
        0x04, 0x00, 0x03, 0x00, 0x02, 0x00, 0xFF, 0xFF, 0xFD, 0xFF, 0xFD, 0xFF, 0xFD, 0xFF, 0xFD, 0xFF,
        0xFD, 0xFF, 0xFE, 0xFF, 0x00, 0x00, 0x01, 0x00, 0x02, 0x00, 0x05, 0x00, 0x06, 0x00, 0x03, 0x00,
        0x04, 0x00, 0x04, 0x00, 0x03, 0x00, 0x04, 0x00, 0x02, 0x00, 0x01, 0x00, 0x02, 0x00, 0xFE, 0xFF,
        0xFD, 0xFF, 0x01, 0x00, 0x00, 0x00, 0xFE, 0xFF, 0x02, 0x00, 0x03, 0x00, 0x02, 0x00, 0x06, 0x00,
        0x08, 0x00, 0x06, 0x00, 0x07, 0x00, 0x07, 0x00, 0x04, 0x00, 0x05, 0x00, 0x05, 0x00, 0x02, 0x00,
        0xFE, 0xFF, 0xFE, 0xFF, 0x01, 0x00, 0x00, 0x00, 0xFF, 0xFF, 0x01, 0x00, 0x01, 0x00, 0x01, 0x00,
        0x04, 0x00, 0x06, 0x00, 0x07, 0x00, 0x07, 0x00, 0x05, 0x00, 0x05, 0x00, 0x04, 0x00, 0x02, 0x00,
        0x00, 0x00, 0x00, 0x00, 0x00, 0x00, 0xFF, 0xFF, 0xFE, 0xFF, 0xFE, 0xFF, 0xFF, 0xFF, 0xFF, 0xFF,
        0x00, 0x00, 0x01, 0x00, 0x02, 0x00, 0x03, 0x00, 0x04, 0x00, 0x03, 0x00, 0x02, 0x00, 0x03, 0x00,
        0x02, 0x00, 0x02, 0x00, 0x04, 0x00, 0x04, 0x00, 0x02, 0x00, 0x00, 0x00, 0xFF, 0xFF, 0xFF, 0xFF,
        0x00, 0x00, 0x00, 0x00, 0xFF, 0xFF, 0x02, 0x00, 0x07, 0x00, 0x08, 0x00, 0x07, 0x00, 0x06, 0x00,
        0x04, 0x00, 0x05, 0x00, 0x05, 0x00, 0x04, 0x00, 0x02, 0x00, 0xFD, 0xFF, 0xFD, 0xFF, 0x00, 0x00,
        0xFE, 0xFF, 0xFF, 0xFF, 0x02, 0x00, 0x00, 0x00, 0x03, 0x00, 0x05, 0x00, 0x03, 0x00, 0x06, 0x00,
        0x07, 0x00, 0x06, 0x00, 0x07, 0x00, 0x04, 0x00, 0x04, 0x00, 0x07, 0x00, 0x03, 0x00, 0x01, 0x00,
        0x00, 0x00, 0xFE, 0xFF, 0xFE, 0xFF, 0xFF, 0xFF, 0xFF, 0xFF, 0xFF, 0xFF, 0xFF, 0xFF, 0x00, 0x00,
        0x01, 0x00, 0x01, 0x00, 0x06, 0x00, 0x06, 0x00, 0x03, 0x00, 0x04, 0x00, 0x06, 0x00, 0x03, 0x00,
        0x02, 0x00, 0x02, 0x00, 0x00, 0x00, 0xFD, 0xFF, 0xFC, 0xFF, 0xFD, 0xFF, 0xFE, 0xFF, 0x00, 0x00,
        0x01, 0x00, 0x01, 0x00, 0x01, 0x00, 0x02, 0x00, 0x05, 0x00, 0x05, 0x00, 0x04, 0x00, 0x05, 0x00,
        0x02, 0x00, 0x02, 0x00, 0x03, 0x00, 0x01, 0x00, 0xFF, 0xFF, 0xFF, 0xFF, 0xFD, 0xFF, 0xFF, 0xFF,
        0x02, 0x00, 0x02, 0x00, 0x03, 0x00, 0x02, 0x00, 0x04, 0x00, 0x08, 0x00, 0x07, 0x00, 0x06, 0x00,
        0x08, 0x00, 0x05, 0x00, 0x04, 0x00, 0x05, 0x00, 0x02, 0x00, 0xFF, 0xFF, 0xFF, 0xFF, 0xFF, 0xFF,
        0xFE, 0xFF, 0xFF, 0xFF, 0x01, 0x00, 0x00, 0x00, 0xFF, 0xFF, 0x03, 0x00, 0x05, 0x00, 0x03, 0x00,
        0x04, 0x00, 0x07, 0x00, 0x08, 0x00, 0x07, 0x00, 0x05, 0x00, 0x02, 0x00, 0xFF, 0xFF, 0x00, 0x00,
        0xFF, 0xFF, 0xFB, 0xFF, 0xFB, 0xFF, 0xFD, 0xFF, 0xFE, 0xFF, 0xFF, 0xFF, 0xFE, 0xFF, 0x00, 0x00,
        0x03, 0x00, 0x02, 0x00, 0x03, 0x00, 0x05, 0x00, 0x04, 0x00, 0x05, 0x00, 0x05, 0x00, 0x03, 0x00,
        0x02, 0x00, 0x01, 0x00, 0xFE, 0xFF, 0xFD, 0xFF, 0xFB, 0xFF, 0xFC, 0xFF, 0xFD, 0xFF, 0xFE, 0xFF,
        0x00, 0x00, 0x01, 0x00, 0x02, 0x00, 0x03, 0x00, 0x06, 0x00, 0x09, 0x00, 0x07, 0x00, 0x05, 0x00,
        0x05, 0x00, 0x02, 0x00, 0x02, 0x00, 0x01, 0x00, 0xFC, 0xFF, 0xFD, 0xFF, 0x00, 0x00, 0xFE, 0xFF,
        0xFD, 0xFF, 0x00, 0x00, 0x01, 0x00, 0x01, 0x00, 0x03, 0x00, 0x04, 0x00, 0x05, 0x00, 0x04, 0x00,
        0x06, 0x00, 0x06, 0x00, 0x03, 0x00, 0x02, 0x00, 0x02, 0x00, 0xFE, 0xFF, 0xFD, 0xFF, 0xFF, 0xFF,
        0xFE, 0xFF, 0xFD, 0xFF, 0xFD, 0xFF, 0xFF, 0xFF, 0x02, 0x00, 0x03, 0x00, 0x03, 0x00, 0x02, 0x00,
        0x02, 0x00, 0x04, 0x00, 0x04, 0x00, 0x03, 0x00, 0x02, 0x00, 0x02, 0x00, 0xFF, 0xFF, 0xFD, 0xFF,
        0xFF, 0xFF, 0xFF, 0xFF, 0xFC, 0xFF, 0xFD, 0xFF, 0xFE, 0xFF, 0xFE, 0xFF, 0x00, 0x00, 0x04, 0x00,
        0x06, 0x00, 0x06, 0x00, 0x04, 0x00, 0x04, 0x00, 0x05, 0x00, 0x04, 0x00, 0x02, 0x00, 0x01, 0x00,
        0xFF, 0xFF, 0xFC, 0xFF, 0xFB, 0xFF, 0xFC, 0xFF, 0xFE, 0xFF, 0xFD, 0xFF, 0xFE, 0xFF, 0x01, 0x00,
        0x02, 0x00, 0x03, 0x00, 0x04, 0x00, 0x06, 0x00, 0x06, 0x00, 0x05, 0x00, 0x05, 0x00, 0x05, 0x00,
        0x06, 0x00, 0x03, 0x00, 0x00, 0x00, 0x00, 0x00, 0x00, 0x00, 0xFE, 0xFF, 0x00, 0x00, 0x01, 0x00,
        0xFE, 0xFF, 0xFF, 0xFF, 0x03, 0x00, 0x05, 0x00, 0x04, 0x00, 0x03, 0x00, 0x03, 0x00, 0x04, 0x00,
        0x07, 0x00, 0x05, 0x00, 0x02, 0x00, 0x03, 0x00, 0x01, 0x00, 0xFE, 0xFF, 0xFF, 0xFF, 0xFF, 0xFF,
        0xFD, 0xFF, 0xFD, 0xFF, 0xFD, 0xFF, 0x00, 0x00, 0x03, 0x00, 0x02, 0x00, 0x01, 0x00, 0x02, 0x00,
        0x05, 0x00, 0x05, 0x00, 0x04, 0x00, 0x03, 0x00, 0x01, 0x00, 0x00, 0x00, 0x01, 0x00, 0xFF, 0xFF,
        0xFC, 0xFF, 0xFC, 0xFF, 0xFC, 0xFF, 0xFE, 0xFF, 0xFF, 0xFF, 0xFF, 0xFF, 0x02, 0x00, 0x04, 0x00,
        0x02, 0x00, 0x04, 0x00, 0x05, 0x00, 0x05, 0x00, 0x07, 0x00, 0x05, 0x00, 0x03, 0x00, 0x03, 0x00,
        0x02, 0x00, 0x00, 0x00, 0x00, 0x00, 0x00, 0x00, 0x01, 0x00, 0xFF, 0xFF, 0xFE, 0xFF, 0x00, 0x00,
        0x01, 0x00, 0x02, 0x00, 0x04, 0x00, 0x05, 0x00, 0x08, 0x00, 0x08, 0x00, 0x05, 0x00, 0x04, 0x00,
        0x04, 0x00, 0x02, 0x00, 0x02, 0x00, 0x00, 0x00, 0xFE, 0xFF, 0xFD, 0xFF, 0xFE, 0xFF, 0xFF, 0xFF,
        0x01, 0x00, 0x00, 0x00, 0x00, 0x00, 0x02, 0x00, 0x04, 0x00, 0x04, 0x00, 0x04, 0x00, 0x03, 0x00,
        0x03, 0x00, 0x04, 0x00, 0x03, 0x00, 0x00, 0x00, 0xFF, 0xFF, 0xFF, 0xFF, 0xFE, 0xFF, 0xFD, 0xFF,
        0xFE, 0xFF, 0xFD, 0xFF, 0xFC, 0xFF, 0xFD, 0xFF, 0x00, 0x00, 0x03, 0x00, 0x06, 0x00, 0x06, 0x00,
        0x06, 0x00, 0x06, 0x00, 0x03, 0x00, 0x04, 0x00, 0x06, 0x00, 0x01, 0x00, 0x00, 0x00, 0x03, 0x00,
        0x00, 0x00, 0xFE, 0xFF, 0xFE, 0xFF, 0xFD, 0xFF, 0xFE, 0xFF, 0x00, 0x00, 0xFF, 0xFF, 0x03, 0x00,
        0x08, 0x00, 0x07, 0x00, 0x06, 0x00, 0x08, 0x00, 0x07, 0x00, 0x03, 0x00, 0x01, 0x00, 0x02, 0x00,
        0x03, 0x00, 0x02, 0x00, 0x00, 0x00, 0xFE, 0xFF, 0xFF, 0xFF, 0x00, 0x00, 0xFD, 0xFF, 0xFC, 0xFF,
        0x00, 0x00, 0x01, 0x00, 0x03, 0x00, 0x06, 0x00, 0x03, 0x00, 0x03, 0x00, 0x04, 0x00, 0x03, 0x00,
        0x03, 0x00, 0x00, 0x00, 0xFD, 0xFF, 0xFF, 0xFF, 0xFE, 0xFF, 0xFA, 0xFF, 0xFC, 0xFF, 0xFE, 0xFF,
        0xFD, 0xFF, 0xFE, 0xFF, 0x00, 0x00, 0x00, 0x00, 0x01, 0x00, 0x02, 0x00, 0x03, 0x00, 0x05, 0x00,
        0x04, 0x00, 0x00, 0x00, 0x01, 0x00, 0x01, 0x00, 0xFE, 0xFF, 0xFC, 0xFF, 0xFD, 0xFF, 0xFE, 0xFF,
        0xFE, 0xFF, 0xFC, 0xFF, 0xFC, 0xFF, 0xFE, 0xFF, 0x01, 0x00, 0x03, 0x00, 0x03, 0x00, 0x01, 0x00,
        0x03, 0x00, 0x05, 0x00, 0x04, 0x00, 0x02, 0x00, 0x02, 0x00, 0x02, 0x00, 0x00, 0x00, 0xFD, 0xFF,
        0xFD, 0xFF, 0xFE, 0xFF, 0xFF, 0xFF, 0xFF, 0xFF, 0xFE, 0xFF, 0xFF, 0xFF, 0x02, 0x00, 0x02, 0x00,
        0x02, 0x00, 0x04, 0x00, 0x07, 0x00, 0x07, 0x00, 0x06, 0x00, 0x05, 0x00, 0x04, 0x00, 0x02, 0x00,
        0x00, 0x00, 0xFF, 0xFF, 0xFE, 0xFF, 0xFE, 0xFF, 0xFD, 0xFF, 0xFD, 0xFF, 0xFE, 0xFF, 0xFE, 0xFF,
        0xFE, 0xFF, 0xFF, 0xFF, 0x01, 0x00, 0x03, 0x00, 0x04, 0x00, 0x04, 0x00, 0x03, 0x00, 0x00, 0x00,
        0x00, 0x00, 0x00, 0x00, 0xFC, 0xFF, 0xFD, 0xFF, 0xFD, 0xFF, 0xFA, 0xFF, 0xFB, 0xFF, 0xFD, 0xFF,
        0xFB, 0xFF, 0xFD, 0xFF, 0xFD, 0xFF, 0xFD, 0xFF, 0x01, 0x00, 0x03, 0x00, 0x03, 0x00, 0x03, 0x00,
        0x01, 0x00, 0x00, 0x00, 0x02, 0x00, 0x00, 0x00, 0xFB, 0xFF, 0xFB, 0xFF, 0xFC, 0xFF, 0xFE, 0xFF,
        0xFE, 0xFF, 0xFC, 0xFF, 0xFC, 0xFF, 0xFD, 0xFF, 0xFF, 0xFF, 0x01, 0x00, 0x04, 0x00, 0x04, 0x00,
        0x03, 0x00, 0x03, 0x00, 0x03, 0x00, 0x02, 0x00, 0xFF, 0xFF, 0xFF, 0xFF, 0x00, 0x00, 0xFD, 0xFF,
        0xFB, 0xFF, 0xFE, 0xFF, 0xFD, 0xFF, 0xFD, 0xFF, 0xFF, 0xFF, 0xFF, 0xFF, 0x00, 0x00, 0x03, 0x00,
        0x02, 0x00, 0x03, 0x00, 0x05, 0x00, 0x04, 0x00, 0x03, 0x00, 0x02, 0x00, 0x00, 0x00, 0x00, 0x00,
        0xFF, 0xFF, 0xFD, 0xFF, 0xFE, 0xFF, 0xFE, 0xFF, 0xFC, 0xFF, 0xFB, 0xFF, 0xFD, 0xFF, 0xFD, 0xFF,
        0xFE, 0xFF, 0x03, 0x00, 0x03, 0x00, 0x01, 0x00, 0x03, 0x00, 0x05, 0x00, 0x02, 0x00, 0x02, 0x00,
        0x01, 0x00, 0xFE, 0xFF, 0xFD, 0xFF, 0xFD, 0xFF, 0xFB, 0xFF, 0xFA, 0xFF, 0xFC, 0xFF, 0xFB, 0xFF,
        0xF9, 0xFF, 0xFB, 0xFF, 0xFE, 0xFF, 0xFF, 0xFF, 0x00, 0x00, 0x01, 0x00, 0x02, 0x00, 0x02, 0x00,
        0x04, 0x00, 0x04, 0x00, 0x00, 0x00, 0xFF, 0xFF, 0x00, 0x00, 0xFD, 0xFF, 0xFC, 0xFF, 0xFE, 0xFF,
        0xFB, 0xFF, 0xFA, 0xFF, 0xFF, 0xFF, 0x01, 0x00, 0x00, 0x00, 0x02, 0x00, 0x04, 0x00, 0x05, 0x00,
        0x04, 0x00, 0x03, 0x00, 0x04, 0x00, 0x04, 0x00, 0x02, 0x00, 0x01, 0x00, 0x00, 0x00, 0xFF, 0xFF,
        0xFF, 0xFF, 0xFE, 0xFF, 0xFD, 0xFF, 0xFE, 0xFF, 0xFF, 0xFF, 0xFF, 0xFF, 0xFF, 0xFF, 0x01, 0x00,
        0x02, 0x00, 0x04, 0x00, 0x06, 0x00, 0x04, 0x00, 0x00, 0x00, 0x00, 0x00, 0x00, 0x00, 0xFE, 0xFF,
        0xFC, 0xFF, 0xFC, 0xFF, 0xFB, 0xFF, 0xFA, 0xFF, 0xFB, 0xFF, 0xFA, 0xFF, 0xFB, 0xFF, 0xFE, 0xFF,
        0xFE, 0xFF, 0xFF, 0xFF, 0x01, 0x00, 0x01, 0x00, 0x00, 0x00, 0x02, 0x00, 0x02, 0x00, 0x02, 0x00,
        0x01, 0x00, 0xFE, 0xFF, 0xFD, 0xFF, 0xFC, 0xFF, 0xFB, 0xFF, 0xFC, 0xFF, 0xFC, 0xFF, 0xFD, 0xFF,
        0xFC, 0xFF, 0xFC, 0xFF, 0xFF, 0xFF, 0x00, 0x00, 0x00, 0x00, 0x03, 0x00, 0x04, 0x00, 0x03, 0x00,
        0x04, 0x00, 0x03, 0x00, 0x01, 0x00, 0x02, 0x00, 0x01, 0x00, 0xFF, 0xFF, 0x00, 0x00, 0xFF, 0xFF,
        0xFC, 0xFF, 0xFB, 0xFF, 0xFC, 0xFF, 0xFF, 0xFF, 0x00, 0x00, 0x01, 0x00, 0x01, 0x00, 0x03, 0x00,
        0x05, 0x00, 0x04, 0x00, 0x04, 0x00, 0x03, 0x00, 0x00, 0x00, 0xFE, 0xFF, 0xFF, 0xFF, 0xFD, 0xFF,
        0xFA, 0xFF, 0xFC, 0xFF, 0xFE, 0xFF, 0xFD, 0xFF, 0xFD, 0xFF, 0x01, 0x00, 0x01, 0x00, 0x00, 0x00,
        0x03, 0x00, 0x04, 0x00, 0x03, 0x00, 0x04, 0x00, 0x01, 0x00, 0x00, 0x00, 0x00, 0x00, 0xFE, 0xFF,
        0xFD, 0xFF, 0xFE, 0xFF, 0xFD, 0xFF, 0xFC, 0xFF, 0xFA, 0xFF, 0xFA, 0xFF, 0xFD, 0xFF, 0xFD, 0xFF,
        0x00, 0x00, 0x02, 0x00, 0xFF, 0xFF, 0x00, 0x00, 0x05, 0x00, 0x04, 0x00, 0x01, 0x00, 0x00, 0x00,
        0x00, 0x00, 0xFE, 0xFF, 0xFD, 0xFF, 0xFC, 0xFF, 0xFA, 0xFF, 0xFB, 0xFF, 0xFC, 0xFF, 0xFC, 0xFF,
        0xFE, 0xFF, 0x00, 0x00, 0xFF, 0xFF, 0x01, 0x00, 0x04, 0x00, 0x05, 0x00, 0x03, 0x00, 0x02, 0x00,
        0x05, 0x00, 0x05, 0x00, 0x01, 0x00, 0xFF, 0xFF, 0xFF, 0xFF, 0xFE, 0xFF, 0xFF, 0xFF, 0xFE, 0xFF,
        0xFD, 0xFF, 0xFE, 0xFF, 0xFF, 0xFF, 0x01, 0x00, 0x01, 0x00, 0x01, 0x00, 0x03, 0x00, 0x03, 0x00,
        0x04, 0x00, 0x03, 0x00, 0x02, 0x00, 0x04, 0x00, 0x04, 0x00, 0xFD, 0xFF, 0xF9, 0xFF, 0xFA, 0xFF,
        0xFA, 0xFF, 0xFA, 0xFF, 0xFB, 0xFF, 0xFC, 0xFF, 0xFD, 0xFF, 0xFC, 0xFF, 0xFF, 0xFF, 0x01, 0x00,
        0x01, 0x00, 0x02, 0x00, 0x00, 0x00, 0x01, 0x00, 0x02, 0x00, 0xFF, 0xFF, 0xFE, 0xFF, 0xFE, 0xFF,
        0xFC, 0xFF, 0xFB, 0xFF, 0xFB, 0xFF, 0xF9, 0xFF, 0xFA, 0xFF, 0xFD, 0xFF, 0xFD, 0xFF, 0xFC, 0xFF,
        0xFF, 0xFF, 0x02, 0x00, 0x02, 0x00, 0x02, 0x00, 0x01, 0x00, 0x00, 0x00, 0x02, 0x00, 0x01, 0x00,
        0xFF, 0xFF, 0x00, 0x00, 0xFF, 0xFF, 0xFE, 0xFF, 0xFB, 0xFF, 0xFA, 0xFF, 0xFD, 0xFF, 0xFF, 0xFF,
        0xFE, 0xFF, 0xFF, 0xFF, 0x00, 0x00, 0x03, 0x00, 0x05, 0x00, 0x05, 0x00, 0x04, 0x00, 0x03, 0x00,
        0x02, 0x00, 0x04, 0x00, 0x03, 0x00, 0xFF, 0xFF, 0xFE, 0xFF, 0xFD, 0xFF, 0xFC, 0xFF, 0xFC, 0xFF,
        0xFC, 0xFF, 0xFD, 0xFF, 0xFE, 0xFF, 0xFD, 0xFF, 0xFF, 0xFF, 0x02, 0x00, 0x03, 0x00, 0x03, 0x00,
        0x03, 0x00, 0x04, 0x00, 0x04, 0x00, 0x03, 0x00, 0x03, 0x00, 0xFF, 0xFF, 0xFD, 0xFF, 0xFE, 0xFF,
        0xFD, 0xFF, 0xFB, 0xFF, 0xFC, 0xFF, 0xFB, 0xFF, 0xFB, 0xFF, 0xFF, 0xFF, 0x00, 0x00, 0xFF, 0xFF,
        0x02, 0x00, 0x02, 0x00, 0x01, 0x00, 0x02, 0x00, 0x02, 0x00, 0x01, 0x00, 0x00, 0x00, 0xFE, 0xFF,
        0xFB, 0xFF, 0xFB, 0xFF, 0xFC, 0xFF, 0xFB, 0xFF, 0xFC, 0xFF, 0xFE, 0xFF, 0xFF, 0xFF, 0xFF, 0xFF,
        0x01, 0x00, 0x03, 0x00, 0x03, 0x00, 0x03, 0x00, 0x03, 0x00, 0x05, 0x00, 0x07, 0x00, 0x05, 0x00,
        0x01, 0x00, 0xFF, 0xFF, 0xFD, 0xFF, 0xFC, 0xFF, 0xFE, 0xFF, 0xFD, 0xFF, 0xFB, 0xFF, 0xFB, 0xFF,
        0xFD, 0xFF, 0xFE, 0xFF, 0xFF, 0xFF, 0x03, 0x00, 0x05, 0x00, 0x05, 0x00, 0x05, 0x00, 0x03, 0x00,
        0xFF, 0xFF, 0xFF, 0xFF, 0xFF, 0xFF, 0xFF, 0xFF, 0xFE, 0xFF, 0xFA, 0xFF, 0xF9, 0xFF, 0xFC, 0xFF,
        0xFC, 0xFF, 0xFC, 0xFF, 0xFD, 0xFF, 0xFD, 0xFF, 0x00, 0x00, 0x05, 0x00, 0x04, 0x00, 0x01, 0x00,
        0x02, 0x00, 0x03, 0x00, 0x01, 0x00, 0x01, 0x00, 0xFF, 0xFF, 0xFD, 0xFF, 0xFD, 0xFF, 0xFD, 0xFF,
        0xFB, 0xFF, 0xFB, 0xFF, 0xFB, 0xFF, 0xFB, 0xFF, 0xFD, 0xFF, 0x00, 0x00, 0x00, 0x00, 0x00, 0x00,
        0x01, 0x00, 0x02, 0x00, 0x03, 0x00, 0x04, 0x00, 0x03, 0x00, 0x00, 0x00, 0xFF, 0xFF, 0x00, 0x00,
        0xFD, 0xFF, 0xFB, 0xFF, 0xFD, 0xFF, 0xFC, 0xFF, 0xFA, 0xFF, 0xFC, 0xFF, 0x00, 0x00, 0xFE, 0xFF,
        0xFF, 0xFF, 0x01, 0x00, 0x02, 0x00, 0x05, 0x00, 0x06, 0x00, 0x04, 0x00, 0x03, 0x00, 0x01, 0x00,
        0x00, 0x00, 0x01, 0x00, 0xFD, 0xFF, 0xFB, 0xFF, 0xFC, 0xFF, 0xFA, 0xFF, 0xFC, 0xFF, 0xFF, 0xFF,
        0xFE, 0xFF, 0xFD, 0xFF, 0x00, 0x00, 0x02, 0x00, 0x03, 0x00, 0x02, 0x00, 0x02, 0x00, 0x03, 0x00,
        0x02, 0x00, 0x02, 0x00, 0x00, 0x00, 0xFD, 0xFF, 0xFD, 0xFF, 0xFB, 0xFF, 0xF9, 0xFF, 0xFA, 0xFF,
        0xFB, 0xFF, 0xFD, 0xFF, 0xFF, 0xFF, 0xFF, 0xFF, 0x00, 0x00, 0x01, 0x00, 0x02, 0x00, 0x03, 0x00,
        0x02, 0x00, 0x01, 0x00, 0x04, 0x00, 0x04, 0x00, 0xFF, 0xFF, 0xFD, 0xFF, 0xFF, 0xFF, 0xFD, 0xFF,
        0xFB, 0xFF, 0xFA, 0xFF, 0xFC, 0xFF, 0xFD, 0xFF, 0xFC, 0xFF, 0xFE, 0xFF, 0x02, 0x00, 0x03, 0x00,
        0x04, 0x00, 0x05, 0x00, 0x02, 0x00, 0x03, 0x00, 0x04, 0x00, 0x01, 0x00, 0x00, 0x00, 0x00, 0x00,
        0xFD, 0xFF, 0xFC, 0xFF, 0xFD, 0xFF, 0xFC, 0xFF, 0xFC, 0xFF, 0xFF, 0xFF, 0xFF, 0xFF, 0xFF, 0xFF,
        0x01, 0x00, 0x03, 0x00, 0x04, 0x00, 0x05, 0x00, 0x05, 0x00, 0x03, 0x00, 0x03, 0x00, 0x02, 0x00,
        0x00, 0x00, 0x00, 0x00, 0x00, 0x00, 0xFF, 0xFF, 0xFE, 0xFF, 0xFC, 0xFF, 0xFC, 0xFF, 0xFF, 0xFF,
        0xFF, 0xFF, 0xFF, 0xFF, 0x03, 0x00, 0x03, 0x00, 0x02, 0x00, 0x02, 0x00, 0x01, 0x00, 0x02, 0x00,
        0x03, 0x00, 0x01, 0x00, 0x00, 0x00, 0x00, 0x00, 0xFD, 0xFF, 0xFB, 0xFF, 0xFC, 0xFF, 0xFC, 0xFF,
        0xFA, 0xFF, 0xFA, 0xFF, 0xFB, 0xFF, 0xFD, 0xFF, 0xFF, 0xFF, 0x00, 0x00, 0x01, 0x00, 0x02, 0x00,
        0x03, 0x00, 0x03, 0x00, 0x02, 0x00, 0x02, 0x00, 0xFF, 0xFF, 0xFD, 0xFF, 0xFD, 0xFF, 0xFC, 0xFF,
        0xFB, 0xFF, 0xFD, 0xFF, 0xFE, 0xFF, 0xFD, 0xFF, 0xFE, 0xFF, 0x00, 0x00, 0x03, 0x00, 0x04, 0x00,
        0x04, 0x00, 0x07, 0x00, 0x06, 0x00, 0x05, 0x00, 0x06, 0x00, 0x03, 0x00, 0xFE, 0xFF, 0xFF, 0xFF,
        0xFF, 0xFF, 0xFE, 0xFF, 0xFD, 0xFF, 0xFB, 0xFF, 0xFB, 0xFF, 0xFD, 0xFF, 0xFF, 0xFF, 0x00, 0x00,
        0x01, 0x00, 0x01, 0x00, 0x03, 0x00, 0x05, 0x00, 0x03, 0x00, 0x02, 0x00, 0x03, 0x00, 0x02, 0x00,
        0x01, 0x00, 0x00, 0x00, 0xFC, 0xFF, 0xFB, 0xFF, 0xFD, 0xFF, 0xFD, 0xFF, 0xFC, 0xFF, 0xFC, 0xFF,
        0xFC, 0xFF, 0xFF, 0xFF, 0x02, 0x00, 0x01, 0x00, 0x01, 0x00, 0x03, 0x00, 0x03, 0x00, 0x03, 0x00,
        0x02, 0x00, 0xFF, 0xFF, 0xFD, 0xFF, 0xFE, 0xFF, 0xFD, 0xFF, 0xFC, 0xFF, 0xFB, 0xFF, 0xFB, 0xFF,
        0xFB, 0xFF, 0xFC, 0xFF, 0xFF, 0xFF, 0x00, 0x00, 0x00, 0x00, 0x02, 0x00, 0x02, 0x00, 0x05, 0x00,
        0x07, 0x00, 0x05, 0x00, 0x03, 0x00, 0x02, 0x00, 0x00, 0x00, 0xFF, 0xFF, 0xFE, 0xFF, 0xFC, 0xFF,
        0xFD, 0xFF, 0xFE, 0xFF, 0xFD, 0xFF, 0xFE, 0xFF, 0x00, 0x00, 0x02, 0x00, 0x02, 0x00, 0x02, 0x00,
        0x03, 0x00, 0x05, 0x00, 0x06, 0x00, 0x04, 0x00, 0x03, 0x00, 0x04, 0x00, 0x02, 0x00, 0x00, 0x00,
        0x00, 0x00, 0xFE, 0xFF, 0xFB, 0xFF, 0xFD, 0xFF, 0xFE, 0xFF, 0xFE, 0xFF, 0x00, 0x00, 0x00, 0x00,
        0x01, 0x00, 0x01, 0x00, 0x02, 0x00, 0x05, 0x00, 0x05, 0x00, 0x02, 0x00, 0x01, 0x00, 0x01, 0x00,
        0x00, 0x00, 0xFF, 0xFF, 0xFD, 0xFF, 0xFB, 0xFF, 0xFB, 0xFF, 0xFC, 0xFF, 0xFD, 0xFF, 0xFC, 0xFF,
        0xFC, 0xFF, 0xFE, 0xFF, 0xFF, 0xFF, 0x02, 0x00, 0x02, 0x00, 0x01, 0x00, 0x03, 0x00, 0x01, 0x00,
        0xFF, 0xFF, 0x01, 0x00, 0x01, 0x00, 0xFE, 0xFF, 0xFD, 0xFF, 0xFC, 0xFF, 0xFC, 0xFF, 0xFD, 0xFF,
        0xFD, 0xFF, 0xFE, 0xFF, 0xFF, 0xFF, 0x00, 0x00, 0x02, 0x00, 0x04, 0x00, 0x03, 0x00, 0x03, 0x00,
        0x03, 0x00, 0x03, 0x00, 0x01, 0x00, 0x01, 0x00, 0x01, 0x00, 0xFF, 0xFF, 0xFF, 0xFF, 0xFE, 0xFF,
        0xFC, 0xFF, 0xFD, 0xFF, 0xFC, 0xFF, 0xFC, 0xFF, 0xFF, 0xFF, 0x01, 0x00, 0x01, 0x00, 0x03, 0x00,
        0x05, 0x00, 0x05, 0x00, 0x03, 0x00, 0x02, 0x00, 0x03, 0x00, 0x02, 0x00, 0x01, 0x00, 0x00, 0x00,
        0xFC, 0xFF, 0xFC, 0xFF, 0xFD, 0xFF, 0xFA, 0xFF, 0xFC, 0xFF, 0xFF, 0xFF, 0xFF, 0xFF, 0xFF, 0xFF,
        0xFF, 0xFF, 0x01, 0x00, 0x04, 0x00, 0x02, 0x00, 0x00, 0x00, 0x04, 0x00, 0x03, 0x00, 0x00, 0x00,
        0xFE, 0xFF, 0xFC, 0xFF, 0xFB, 0xFF, 0xFB, 0xFF, 0xFC, 0xFF, 0xFC, 0xFF, 0xFB, 0xFF, 0xFD, 0xFF,
        0xFE, 0xFF, 0xFE, 0xFF, 0x02, 0x00, 0x04, 0x00, 0x01, 0x00, 0x02, 0x00, 0x04, 0x00, 0x02, 0x00,
        0x02, 0x00, 0x02, 0x00, 0xFE, 0xFF, 0xFC, 0xFF, 0xFD, 0xFF, 0xFD, 0xFF, 0xFE, 0xFF, 0xFD, 0xFF,
        0xFB, 0xFF, 0xFC, 0xFF, 0x00, 0x00, 0x01, 0x00, 0x02, 0x00, 0x05, 0x00, 0x04, 0x00, 0x01, 0x00,
        0x04, 0x00, 0x06, 0x00, 0x03, 0x00, 0x02, 0x00, 0x00, 0x00, 0xFE, 0xFF, 0xFE, 0xFF, 0xFC, 0xFF,
        0xFB, 0xFF, 0xFD, 0xFF, 0xFF, 0xFF, 0xFD, 0xFF, 0xFE, 0xFF, 0x01, 0x00, 0x01, 0x00, 0x00, 0x00,
        0x03, 0x00, 0x04, 0x00, 0x02, 0x00, 0x03, 0x00, 0x03, 0x00, 0x01, 0x00, 0x01, 0x00, 0xFF, 0xFF,
        0xFC, 0xFF, 0xFA, 0xFF, 0xFB, 0xFF, 0xFD, 0xFF, 0xFD, 0xFF, 0xFD, 0xFF, 0xFD, 0xFF, 0xFC, 0xFF,
        0xFF, 0xFF, 0x00, 0x00, 0xFF, 0xFF, 0x02, 0x00, 0x03, 0x00, 0x01, 0x00, 0x03, 0x00, 0x02, 0x00,
        0xFE, 0xFF, 0xFF, 0xFF, 0xFF, 0xFF, 0xFE, 0xFF, 0xFF, 0xFF, 0xFB, 0xFF, 0xFA, 0xFF, 0xFE, 0xFF,
        0xFF, 0xFF, 0xFF, 0xFF, 0x00, 0x00, 0x01, 0x00, 0x02, 0x00, 0x03, 0x00, 0x03, 0x00, 0x03, 0x00,
        0x03, 0x00, 0x00, 0x00, 0xFF, 0xFF, 0x00, 0x00, 0xFE, 0xFF, 0xFC, 0xFF, 0xFD, 0xFF, 0xFC, 0xFF,
        0xFC, 0xFF, 0xFF, 0xFF, 0xFF, 0xFF, 0xFF, 0xFF, 0x02, 0x00, 0x03, 0x00, 0x03, 0x00, 0x04, 0x00,
        0x03, 0x00, 0x02, 0x00, 0x02, 0x00, 0x00, 0x00, 0xFE, 0xFF, 0xFE, 0xFF, 0xFD, 0xFF, 0xFD, 0xFF,
        0xFD, 0xFF, 0xFD, 0xFF, 0xFD, 0xFF, 0xFE, 0xFF, 0x00, 0x00, 0x01, 0x00, 0x00, 0x00, 0x02, 0x00,
        0x03, 0x00, 0x02, 0x00, 0x03, 0x00, 0x04, 0x00, 0x02, 0x00, 0x00, 0x00, 0xFF, 0xFF, 0xFF, 0xFF,
        0xFE, 0xFF, 0xFD, 0xFF, 0xFB, 0xFF, 0xFA, 0xFF, 0xFC, 0xFF, 0xFC, 0xFF, 0xFD, 0xFF, 0x00, 0x00,
        0x01, 0x00, 0x01, 0x00, 0x03, 0x00, 0x02, 0x00, 0x01, 0x00, 0x02, 0x00, 0x02, 0x00, 0xFF, 0xFF,
        0xFF, 0xFF, 0x00, 0x00, 0xFD, 0xFF, 0xFC, 0xFF, 0xFC, 0xFF, 0xFB, 0xFF, 0xFE, 0xFF, 0x00, 0x00,
        0xFD, 0xFF, 0xFF, 0xFF, 0x03, 0x00, 0x04, 0x00, 0x03, 0x00, 0x04, 0x00, 0x04, 0x00, 0x04, 0x00,
        0x03, 0x00, 0x04, 0x00, 0x02, 0x00, 0xFD, 0xFF, 0xFF, 0xFF, 0x00, 0x00, 0xFB, 0xFF, 0xFD, 0xFF,
        0x00, 0x00, 0x00, 0x00, 0x02, 0x00, 0x03, 0x00, 0x02, 0x00, 0x02, 0x00, 0x00, 0x00, 0x02, 0x00,
        0x05, 0x00, 0x04, 0x00, 0x00, 0x00, 0xFF, 0xFF, 0x00, 0x00, 0x00, 0x00, 0xFE, 0xFF, 0xFD, 0xFF,
        0xFB, 0xFF, 0xFA, 0xFF, 0xFC, 0xFF, 0xFC, 0xFF, 0xFC, 0xFF, 0xFF, 0xFF, 0x01, 0x00, 0x01, 0x00,
        0x01, 0x00, 0x03, 0x00, 0x03, 0x00, 0x00, 0x00, 0xFF, 0xFF, 0x00, 0x00, 0x01, 0x00, 0xFF, 0xFF,
        0xFA, 0xFF, 0xFB, 0xFF, 0x00, 0x00, 0xFE, 0xFF, 0xFC, 0xFF, 0xFF, 0xFF, 0xFF, 0xFF, 0x01, 0x00,
        0x03, 0x00, 0x02, 0x00, 0x03, 0x00, 0x03, 0x00, 0x02, 0x00, 0x04, 0x00, 0x03, 0x00, 0x00, 0x00,
        0xFF, 0xFF, 0xFE, 0xFF, 0xFE, 0xFF, 0xFE, 0xFF, 0xFD, 0xFF, 0xFC, 0xFF, 0xFC, 0xFF, 0xFE, 0xFF,
        0x00, 0x00, 0x00, 0x00, 0x01, 0x00, 0x04, 0x00, 0x04, 0x00, 0x03, 0x00, 0x03, 0x00, 0x03, 0x00,
        0x01, 0x00, 0x01, 0x00, 0x00, 0x00, 0xFB, 0xFF, 0xFC, 0xFF, 0xFF, 0xFF, 0xFE, 0xFF, 0xFE, 0xFF,
        0xFE, 0xFF, 0xFD, 0xFF, 0x00, 0x00, 0x01, 0x00, 0x00, 0x00, 0x02, 0x00, 0x02, 0x00, 0x01, 0x00,
        0x02, 0x00, 0x01, 0x00, 0x01, 0x00, 0xFF, 0xFF, 0xFD, 0xFF, 0xFF, 0xFF, 0xFF, 0xFF, 0xFC, 0xFF,
        0xFB, 0xFF, 0xFA, 0xFF, 0xFA, 0xFF, 0xFB, 0xFF, 0xFD, 0xFF, 0x00, 0x00, 0x01, 0x00, 0x01, 0x00,
        0x02, 0x00, 0x02, 0x00, 0x02, 0x00, 0x03, 0x00, 0x01, 0x00, 0xFE, 0xFF, 0xFF, 0xFF, 0x00, 0x00,
        0xFE, 0xFF, 0xFD, 0xFF, 0xFD, 0xFF, 0xFC, 0xFF, 0xFD, 0xFF, 0xFD, 0xFF, 0xFE, 0xFF, 0x00, 0x00,
        0x02, 0x00, 0x03, 0x00, 0x03, 0x00, 0x01, 0x00, 0x03, 0x00, 0x05, 0x00, 0x04, 0x00, 0x01, 0x00,
        0xFE, 0xFF, 0xFD, 0xFF, 0xFF, 0xFF, 0xFE, 0xFF, 0xFC, 0xFF, 0xFD, 0xFF, 0xFE, 0xFF, 0xFE, 0xFF,
        0x00, 0x00, 0x02, 0x00, 0x02, 0x00, 0x02, 0x00, 0x04, 0x00, 0x04, 0x00, 0x03, 0x00, 0x05, 0x00,
        0x03, 0x00, 0xFE, 0xFF, 0x00, 0x00, 0x00, 0x00, 0xFC, 0xFF, 0xFD, 0xFF, 0xFD, 0xFF, 0xFB, 0xFF,
        0xFD, 0xFF, 0xFE, 0xFF, 0xFE, 0xFF, 0x00, 0x00, 0x00, 0x00, 0x02, 0x00, 0x03, 0x00, 0x01, 0x00,
        0x02, 0x00, 0x03, 0x00, 0xFE, 0xFF, 0xFD, 0xFF, 0xFD, 0xFF, 0xFC, 0xFF, 0xFC, 0xFF, 0xFA, 0xFF,
        0xF9, 0xFF, 0xFC, 0xFF, 0xFC, 0xFF, 0xFE, 0xFF, 0x01, 0x00, 0xFF, 0xFF, 0x01, 0x00, 0x05, 0x00,
        0x04, 0x00, 0x03, 0x00, 0x03, 0x00, 0x01, 0x00, 0x03, 0x00, 0x02, 0x00, 0x00, 0x00, 0xFF, 0xFF,
        0xFD, 0xFF, 0xFE, 0xFF, 0xFF, 0xFF, 0xFC, 0xFF, 0xFD, 0xFF, 0x00, 0x00, 0x00, 0x00, 0x01, 0x00,
        0x01, 0x00, 0x02, 0x00, 0x02, 0x00, 0x00, 0x00, 0x00, 0x00, 0x02, 0x00, 0x01, 0x00, 0x00, 0x00,
        0xFE, 0xFF, 0xFD, 0xFF, 0xFE, 0xFF, 0xFE, 0xFF, 0xFC, 0xFF, 0xFD, 0xFF, 0xFF, 0xFF, 0xFE, 0xFF,
        0xFF, 0xFF, 0x00, 0x00, 0x00, 0x00, 0x02, 0x00, 0x04, 0x00, 0x02, 0x00, 0x00, 0x00, 0x01, 0x00,
        0x00, 0x00, 0xFE, 0xFF, 0xFD, 0xFF, 0xFC, 0xFF, 0xFA, 0xFF, 0xFB, 0xFF, 0xFC, 0xFF, 0xFC, 0xFF,
        0xFB, 0xFF, 0xFC, 0xFF, 0xFE, 0xFF, 0x01, 0x00, 0x00, 0x00, 0x00, 0x00, 0x02, 0x00, 0x01, 0x00,
        0x00, 0x00, 0x01, 0x00, 0x00, 0x00, 0x00, 0x00, 0x01, 0x00, 0xFE, 0xFF, 0xFD, 0xFF, 0xFE, 0xFF,
        0xFC, 0xFF, 0xFE, 0xFF, 0x00, 0x00, 0x00, 0x00, 0x01, 0x00, 0x00, 0x00, 0x02, 0x00, 0x05, 0x00,
        0x03, 0x00, 0x02, 0x00, 0x05, 0x00, 0x02, 0x00, 0xFF, 0xFF, 0x00, 0x00, 0xFF, 0xFF, 0xFE, 0xFF,
        0xFE, 0xFF, 0xFC, 0xFF, 0xFB, 0xFF, 0xFD, 0xFF, 0xFE, 0xFF, 0xFE, 0xFF, 0xFF, 0xFF, 0x00, 0x00,
        0x02, 0x00, 0x02, 0x00, 0x01, 0x00, 0x01, 0x00, 0x04, 0x00, 0x04, 0x00, 0x01, 0x00, 0xFE, 0xFF,
        0xFC, 0xFF, 0xFE, 0xFF, 0x00, 0x00, 0xFE, 0xFF, 0xFB, 0xFF, 0xFC, 0xFF, 0xFD, 0xFF, 0xFE, 0xFF,
        0xFE, 0xFF, 0xFE, 0xFF, 0x01, 0x00, 0x04, 0x00, 0x03, 0x00, 0x02, 0x00, 0x01, 0x00, 0xFF, 0xFF,
        0xFF, 0xFF, 0xFD, 0xFF, 0xFD, 0xFF, 0xFC, 0xFF, 0xFB, 0xFF, 0xFC, 0xFF, 0xFC, 0xFF, 0xF8, 0xFF,
        0xF9, 0xFF, 0xFC, 0xFF, 0xFC, 0xFF, 0xFE, 0xFF, 0x00, 0x00, 0x01, 0x00, 0x03, 0x00, 0x03, 0x00,
        0x00, 0x00, 0x01, 0x00, 0x02, 0x00, 0xFF, 0xFF, 0xFC, 0xFF, 0xFD, 0xFF, 0xFC, 0xFF, 0xFB, 0xFF,
        0xFC, 0xFF, 0xFC, 0xFF, 0xFD, 0xFF, 0x00, 0x00, 0xFF, 0xFF, 0xFF, 0xFF, 0x03, 0x00, 0x02, 0x00,
        0x00, 0x00, 0x02, 0x00, 0x03, 0x00, 0x03, 0x00, 0x03, 0x00, 0x02, 0x00, 0xFE, 0xFF, 0xFC, 0xFF,
        0xFC, 0xFF, 0xFE, 0xFF, 0xFE, 0xFF, 0xFD, 0xFF, 0xFC, 0xFF, 0xFC, 0xFF, 0xFE, 0xFF, 0xFF, 0xFF,
        0x01, 0x00, 0x03, 0x00, 0x04, 0x00, 0x03, 0x00, 0x01, 0x00, 0x01, 0x00, 0x03, 0x00, 0xFF, 0xFF,
        0xFD, 0xFF, 0xFC, 0xFF, 0xF8, 0xFF, 0xFA, 0xFF, 0xFC, 0xFF, 0xFB, 0xFF, 0xFE, 0xFF, 0xFE, 0xFF,
        0xFD, 0xFF, 0xFF, 0xFF, 0x00, 0x00, 0x00, 0x00, 0x02, 0x00, 0x01, 0x00, 0x00, 0x00, 0x01, 0x00,
        0xFF, 0xFF, 0xFF, 0xFF, 0xFF, 0xFF, 0xFC, 0xFF, 0xFA, 0xFF, 0xFA, 0xFF, 0xF9, 0xFF, 0xF9, 0xFF,
        0xFB, 0xFF, 0xFC, 0xFF, 0xFE, 0xFF, 0x00, 0x00, 0x00, 0x00, 0x02, 0x00, 0x04, 0x00, 0x02, 0x00,
        0x02, 0x00, 0x03, 0x00, 0x00, 0x00, 0x00, 0x00, 0xFF, 0xFF, 0xFB, 0xFF, 0xFA, 0xFF, 0xFA, 0xFF,
        0xFC, 0xFF, 0xFC, 0xFF, 0xFC, 0xFF, 0x00, 0x00, 0x00, 0x00, 0xFE, 0xFF, 0x00, 0x00, 0x01, 0x00,
        0x02, 0x00, 0x04, 0x00, 0x03, 0x00, 0x01, 0x00, 0x00, 0x00, 0xFE, 0xFF, 0xFE, 0xFF, 0xFB, 0xFF,
        0xFA, 0xFF, 0xFC, 0xFF, 0xFB, 0xFF, 0xFB, 0xFF, 0xFD, 0xFF, 0xFD, 0xFF, 0xFE, 0xFF, 0x00, 0x00,
        0x00, 0x00, 0x00, 0x00, 0x01, 0x00, 0x01, 0x00, 0xFF, 0xFF, 0xFE, 0xFF, 0xFE, 0xFF, 0xFB, 0xFF,
        0xFB, 0xFF, 0xFC, 0xFF, 0xF9, 0xFF, 0xFA, 0xFF, 0xFC, 0xFF, 0xFB, 0xFF, 0xFC, 0xFF, 0xFE, 0xFF,
        0xFE, 0xFF, 0xFD, 0xFF, 0xFE, 0xFF, 0x00, 0x00, 0x02, 0x00, 0x00, 0x00, 0x00, 0x00, 0x00, 0x00,
        0xFF, 0xFF, 0xFE, 0xFF, 0xFD, 0xFF, 0xFD, 0xFF, 0xFD, 0xFF, 0xFA, 0xFF, 0xFB, 0xFF, 0xFD, 0xFF,
        0xFC, 0xFF, 0xFD, 0xFF, 0x00, 0x00, 0xFF, 0xFF, 0x01, 0x00, 0x04, 0x00, 0x03, 0x00, 0x03, 0x00,
        0x03, 0x00, 0x01, 0x00, 0x01, 0x00, 0x01, 0x00, 0xFD, 0xFF, 0xFB, 0xFF, 0xFC, 0xFF, 0xFC, 0xFF,
        0xFA, 0xFF, 0xFB, 0xFF, 0xFD, 0xFF, 0xFD, 0xFF, 0xFC, 0xFF, 0x00, 0x00, 0x01, 0x00, 0xFF, 0xFF,
        0x02, 0x00, 0x04, 0x00, 0x02, 0x00, 0x01, 0x00, 0xFF, 0xFF, 0xFC, 0xFF, 0xFE, 0xFF, 0xFC, 0xFF,
        0xF9, 0xFF, 0xFA, 0xFF, 0xFA, 0xFF, 0xF9, 0xFF, 0xFB, 0xFF, 0xFC, 0xFF, 0xFD, 0xFF, 0xFF, 0xFF,
        0x00, 0x00, 0x00, 0x00, 0x00, 0x00, 0x01, 0x00, 0x00, 0x00, 0x00, 0x00, 0x04, 0x00, 0x01, 0x00,
        0xFC, 0xFF, 0xFB, 0xFF, 0xF9, 0xFF, 0xFA, 0xFF, 0xFC, 0xFF, 0xFB, 0xFF, 0xFD, 0xFF, 0x01, 0x00,
        0xFF, 0xFF, 0xFF, 0xFF, 0x01, 0x00, 0x02, 0x00, 0x03, 0x00, 0x02, 0x00, 0x00, 0x00, 0x00, 0x00,
        0x00, 0x00, 0xFD, 0xFF, 0xFD, 0xFF, 0xFD, 0xFF, 0xFC, 0xFF, 0xF9, 0xFF, 0xFA, 0xFF, 0xFD, 0xFF,
        0xFD, 0xFF, 0xFE, 0xFF, 0x00, 0x00, 0xFF, 0xFF, 0x01, 0x00, 0x03, 0x00, 0x02, 0x00, 0x03, 0x00,
        0x04, 0x00, 0x02, 0x00, 0x01, 0x00, 0xFF, 0xFF, 0xFE, 0xFF, 0xFE, 0xFF, 0xFD, 0xFF, 0xFC, 0xFF,
        0xFC, 0xFF, 0xFB, 0xFF, 0xFB, 0xFF, 0xFE, 0xFF, 0xFF, 0xFF, 0x00, 0x00, 0x00, 0x00, 0x01, 0x00,
        0x02, 0x00, 0x01, 0x00, 0x01, 0x00, 0xFF, 0xFF, 0xFC, 0xFF, 0xFD, 0xFF, 0xFC, 0xFF, 0xF9, 0xFF,
        0xFB, 0xFF, 0xFA, 0xFF, 0xF7, 0xFF, 0xFA, 0xFF, 0xFB, 0xFF, 0xFB, 0xFF, 0xFE, 0xFF, 0xFD, 0xFF,
        0xFD, 0xFF, 0x03, 0x00, 0x02, 0x00, 0xFE, 0xFF, 0xFF, 0xFF, 0x02, 0x00, 0x02, 0x00, 0x00, 0x00,
        0x00, 0x00, 0xFF, 0xFF, 0xFD, 0xFF, 0xFC, 0xFF, 0xFC, 0xFF, 0xFC, 0xFF, 0xFE, 0xFF, 0x01, 0x00,
        0xFF, 0xFF, 0xFF, 0xFF, 0x02, 0x00, 0x03, 0x00, 0x02, 0x00, 0x03, 0x00, 0x04, 0x00, 0x02, 0x00,
        0xFF, 0xFF, 0xFE, 0xFF, 0xFD, 0xFF, 0xFC, 0xFF, 0xFB, 0xFF, 0xFC, 0xFF, 0xFD, 0xFF, 0xFB, 0xFF,
        0xFC, 0xFF, 0xFC, 0xFF, 0xFD, 0xFF, 0x00, 0x00, 0x02, 0x00, 0x00, 0x00, 0x01, 0x00, 0x03, 0x00,
        0x02, 0x00, 0x01, 0x00, 0xFF, 0xFF, 0xFD, 0xFF, 0xFC, 0xFF, 0xFB, 0xFF, 0xF9, 0xFF, 0xFC, 0xFF,
        0xFC, 0xFF, 0xFA, 0xFF, 0xFD, 0xFF, 0xFF, 0xFF, 0xFD, 0xFF, 0xFE, 0xFF, 0x02, 0x00, 0x01, 0x00,
        0x01, 0x00, 0x03, 0x00, 0x03, 0x00, 0x02, 0x00, 0x00, 0x00, 0xFC, 0xFF, 0xFA, 0xFF, 0xFB, 0xFF,
        0xFB, 0xFF, 0xFC, 0xFF, 0xFB, 0xFF, 0xF9, 0xFF, 0xFA, 0xFF, 0xFD, 0xFF, 0xFD, 0xFF, 0x01, 0x00,
        0x05, 0x00, 0x03, 0x00, 0x00, 0x00, 0x01, 0x00, 0x00, 0x00, 0x00, 0x00, 0x02, 0x00, 0x00, 0x00,
        0xFB, 0xFF, 0xFA, 0xFF, 0xFA, 0xFF, 0xFB, 0xFF, 0xFD, 0xFF, 0xFC, 0xFF, 0xFC, 0xFF, 0xFE, 0xFF,
        0x00, 0x00, 0x00, 0x00, 0x00, 0x00, 0x02, 0x00, 0x04, 0x00, 0x03, 0x00, 0x03, 0x00, 0x02, 0x00,
        0xFF, 0xFF, 0xFF, 0xFF, 0xFE, 0xFF, 0xFA, 0xFF, 0xFA, 0xFF, 0xFA, 0xFF, 0xF9, 0xFF, 0xFD, 0xFF,
        0xFD, 0xFF, 0xFB, 0xFF, 0x01, 0x00, 0x01, 0x00, 0xFE, 0xFF, 0x01, 0x00, 0x02, 0x00, 0x01, 0x00,
        0x02, 0x00, 0x01, 0x00, 0xFE, 0xFF, 0xFE, 0xFF, 0xFE, 0xFF, 0xFC, 0xFF, 0xF9, 0xFF, 0xF9, 0xFF,
        0xFB, 0xFF, 0xFB, 0xFF, 0xFD, 0xFF, 0xFD, 0xFF, 0xFD, 0xFF, 0x00, 0x00, 0x01, 0x00, 0xFF, 0xFF,
        0x00, 0x00, 0x00, 0x00, 0xFF, 0xFF, 0xFE, 0xFF, 0xFD, 0xFF, 0xFD, 0xFF, 0xFC, 0xFF, 0xF8, 0xFF,
        0xF9, 0xFF, 0xFB, 0xFF, 0xFB, 0xFF, 0xFB, 0xFF, 0xFC, 0xFF, 0xFD, 0xFF, 0xFE, 0xFF, 0xFF, 0xFF,
        0x00, 0x00, 0x02, 0x00, 0x05, 0x00, 0x04, 0x00, 0x01, 0x00, 0x01, 0x00, 0x01, 0x00, 0x00, 0x00,
        0xFF, 0xFF, 0xFC, 0xFF, 0xFD, 0xFF, 0xFD, 0xFF, 0xFB, 0xFF, 0xFE, 0xFF, 0x00, 0x00, 0xFF, 0xFF,
        0x00, 0x00, 0xFF, 0xFF, 0xFF, 0xFF, 0x04, 0x00, 0x04, 0x00, 0x01, 0x00, 0x00, 0x00, 0x01, 0x00,
        0x02, 0x00, 0x00, 0x00, 0xFC, 0xFF, 0xFE, 0xFF, 0xFD, 0xFF, 0xF9, 0xFF, 0xFA, 0xFF, 0xFC, 0xFF,
        0xFB, 0xFF, 0xFD, 0xFF, 0x00, 0x00, 0x01, 0x00, 0x00, 0x00, 0xFF, 0xFF, 0x00, 0x00, 0x01, 0x00,
        0xFF, 0xFF, 0xFE, 0xFF, 0xFE, 0xFF, 0xFD, 0xFF, 0xFD, 0xFF, 0xFA, 0xFF, 0xF9, 0xFF, 0xFC, 0xFF,
        0xFD, 0xFF, 0xFB, 0xFF, 0xFB, 0xFF, 0xFD, 0xFF, 0x01, 0x00, 0x01, 0x00, 0x00, 0x00, 0x03, 0x00,
        0x02, 0x00, 0xFE, 0xFF, 0x00, 0x00, 0x01, 0x00, 0xFE, 0xFF, 0xFD, 0xFF, 0xFD, 0xFF, 0xFA, 0xFF,
        0xFA, 0xFF, 0xFD, 0xFF, 0xFB, 0xFF, 0xFA, 0xFF, 0xFE, 0xFF, 0xFF, 0xFF, 0xFE, 0xFF, 0x00, 0x00,
        0x05, 0x00, 0x06, 0x00, 0x04, 0x00, 0x02, 0x00, 0x02, 0x00, 0x01, 0x00, 0xFF, 0xFF, 0xFE, 0xFF,
        0xFE, 0xFF, 0xFE, 0xFF, 0xFD, 0xFF, 0xFB, 0xFF, 0xFE, 0xFF, 0xFE, 0xFF, 0xFB, 0xFF, 0xFE, 0xFF,
        0x00, 0x00, 0xFF, 0xFF, 0x03, 0x00, 0x02, 0x00, 0xFF, 0xFF, 0x02, 0x00, 0x02, 0x00, 0xFE, 0xFF,
        0xFF, 0xFF, 0xFE, 0xFF, 0xFC, 0xFF, 0xFD, 0xFF, 0xFC, 0xFF, 0xF8, 0xFF, 0xF8, 0xFF, 0xFB, 0xFF,
        0xFE, 0xFF, 0xFF, 0xFF, 0xFE, 0xFF, 0x00, 0x00, 0x02, 0x00, 0x02, 0x00, 0x00, 0x00, 0xFF, 0xFF,
        0x00, 0x00, 0x00, 0x00, 0xFF, 0xFF, 0xFE, 0xFF, 0xFD, 0xFF, 0xFB, 0xFF, 0xF8, 0xFF, 0xF8, 0xFF,
        0xFA, 0xFF, 0xFD, 0xFF, 0xFD, 0xFF, 0xFB, 0xFF, 0xFD, 0xFF, 0xFF, 0xFF, 0xFF, 0xFF, 0x03, 0x00,
        0x04, 0x00, 0x00, 0x00, 0x01, 0x00, 0x02, 0x00, 0xFF, 0xFF, 0xFF, 0xFF, 0xFF, 0xFF, 0xFD, 0xFF,
        0xFE, 0xFF, 0xFE, 0xFF, 0xFE, 0xFF, 0xFF, 0xFF, 0xFE, 0xFF, 0xFE, 0xFF, 0x02, 0x00, 0x03, 0x00,
        0x01, 0x00, 0x04, 0x00, 0x04, 0x00, 0x01, 0x00, 0x02, 0x00, 0x04, 0x00, 0x00, 0x00, 0xFE, 0xFF,
        0xFE, 0xFF, 0xFF, 0xFF, 0xFC, 0xFF, 0xFA, 0xFF, 0xFA, 0xFF, 0xFC, 0xFF, 0xFF, 0xFF, 0xFF, 0xFF,
        0xFE, 0xFF, 0x02, 0x00, 0x03, 0x00, 0x00, 0x00, 0x02, 0x00, 0x04, 0x00, 0x02, 0x00, 0x01, 0x00,
        0xFE, 0xFF, 0xFC, 0xFF, 0xFF, 0xFF, 0xFF, 0xFF, 0xFC, 0xFF, 0xFC, 0xFF, 0xFB, 0xFF, 0xFD, 0xFF,
        0xFF, 0xFF, 0xFE, 0xFF, 0x01, 0x00, 0x04, 0x00, 0x03, 0x00, 0x01, 0x00, 0x02, 0x00, 0x04, 0x00,
        0x02, 0x00, 0xFE, 0xFF, 0xFF, 0xFF, 0xFF, 0xFF, 0xFC, 0xFF, 0xFD, 0xFF, 0xFD, 0xFF, 0xF8, 0xFF,
        0xF9, 0xFF, 0xFD, 0xFF, 0xFD, 0xFF, 0xFE, 0xFF, 0xFF, 0xFF, 0x01, 0x00, 0x01, 0x00, 0x01, 0x00,
        0x03, 0x00, 0x04, 0x00, 0x02, 0x00, 0xFF, 0xFF, 0x01, 0x00, 0x01, 0x00, 0xFD, 0xFF, 0xFE, 0xFF,
        0xFF, 0xFF, 0xFA, 0xFF, 0xFC, 0xFF, 0x01, 0x00, 0x00, 0x00, 0x00, 0x00, 0x02, 0x00, 0x02, 0x00,
        0x04, 0x00, 0x04, 0x00, 0x01, 0x00, 0x04, 0x00, 0x03, 0x00, 0x02, 0x00, 0x02, 0x00, 0xFE, 0xFF,
        0xFC, 0xFF, 0xFD, 0xFF, 0xF9, 0xFF, 0xFB, 0xFF, 0xFF, 0xFF, 0xFE, 0xFF, 0xFE, 0xFF, 0xFF, 0xFF,
        0xFE, 0xFF, 0x02, 0x00, 0x02, 0x00, 0x00, 0x00, 0x03, 0x00, 0x04, 0x00, 0x01, 0x00, 0x00, 0x00,
        0xFF, 0xFF, 0xFE, 0xFF, 0xFC, 0xFF, 0xFC, 0xFF, 0xFC, 0xFF, 0xFB, 0xFF, 0xFC, 0xFF, 0xFE, 0xFF,
        0xFD, 0xFF, 0x01, 0x00, 0x02, 0x00, 0x01, 0x00, 0x03, 0x00, 0x03, 0x00, 0x00, 0x00, 0x01, 0x00,
        0x02, 0x00, 0x01, 0x00, 0x01, 0x00, 0x00, 0x00, 0x00, 0x00, 0xFD, 0xFF, 0xFC, 0xFF, 0xFD, 0xFF,
        0xFA, 0xFF, 0xFC, 0xFF, 0x01, 0x00, 0xFE, 0xFF, 0xFF, 0xFF, 0x04, 0x00, 0x04, 0x00, 0x03, 0x00,
        0x04, 0x00, 0x02, 0x00, 0x01, 0x00, 0x02, 0x00, 0x01, 0x00, 0x00, 0x00, 0xFD, 0xFF, 0xFD, 0xFF,
        0xFC, 0xFF, 0xFE, 0xFF, 0xFF, 0xFF, 0xFC, 0xFF, 0xFB, 0xFF, 0x00, 0x00, 0x01, 0x00, 0x01, 0x00,
        0x02, 0x00, 0x03, 0x00, 0x03, 0x00, 0x02, 0x00, 0x00, 0x00, 0x02, 0x00, 0xFF, 0xFF, 0xFD, 0xFF,
        0xFE, 0xFF, 0xFC, 0xFF, 0xFC, 0xFF, 0xFE, 0xFF, 0xFB, 0xFF, 0xFD, 0xFF, 0x00, 0x00, 0xFD, 0xFF,
        0x00, 0x00, 0x03, 0x00, 0x00, 0x00, 0x01, 0x00, 0x03, 0x00, 0x02, 0x00, 0x00, 0x00, 0x01, 0x00,
        0x00, 0x00, 0xFD, 0xFF, 0xFD, 0xFF, 0xFC, 0xFF, 0xF9, 0xFF, 0xFB, 0xFF, 0xFE, 0xFF, 0xFD, 0xFF,
        0xFE, 0xFF, 0xFF, 0xFF, 0xFE, 0xFF, 0x01, 0x00, 0x03, 0x00, 0x01, 0x00, 0x01, 0x00, 0x03, 0x00,
        0x03, 0x00, 0x01, 0x00, 0x01, 0x00, 0x02, 0x00, 0xFE, 0xFF, 0xFC, 0xFF, 0xFE, 0xFF, 0xFD, 0xFF,
        0xFD, 0xFF, 0x00, 0x00, 0x00, 0x00, 0xFF, 0xFF, 0x02, 0x00, 0x02, 0x00, 0x03, 0x00, 0x03, 0x00,
        0x02, 0x00, 0x01, 0x00, 0x02, 0x00, 0x02, 0x00, 0xFF, 0xFF, 0xFC, 0xFF, 0xFC, 0xFF, 0xFC, 0xFF,
        0xFB, 0xFF, 0xFC, 0xFF, 0xFB, 0xFF, 0xFC, 0xFF, 0xFF, 0xFF, 0xFF, 0xFF, 0xFE, 0xFF, 0x00, 0x00,
        0x02, 0x00, 0x04, 0x00, 0x04, 0x00, 0x03, 0x00, 0x01, 0x00, 0xFF, 0xFF, 0xFF, 0xFF, 0xFE, 0xFF,
        0xFB, 0xFF, 0xFB, 0xFF, 0xFC, 0xFF, 0xFD, 0xFF, 0xFB, 0xFF, 0xFB, 0xFF, 0xFF, 0xFF, 0xFF, 0xFF,
        0x00, 0x00, 0x04, 0x00, 0x04, 0x00, 0x04, 0x00, 0x06, 0x00, 0x05, 0x00, 0x03, 0x00, 0x00, 0x00,
        0xFF, 0xFF, 0x02, 0x00, 0x01, 0x00, 0xFE, 0xFF, 0xFF, 0xFF, 0xFF, 0xFF, 0xFE, 0xFF, 0xFE, 0xFF,
        0xFF, 0xFF, 0x00, 0x00, 0x02, 0x00, 0x04, 0x00, 0x06, 0x00, 0x05, 0x00, 0x04, 0x00, 0x05, 0x00,
        0x03, 0x00, 0xFF, 0xFF, 0x01, 0x00, 0x03, 0x00, 0x00, 0x00, 0xFC, 0xFF, 0xFE, 0xFF, 0xFF, 0xFF,
        0xFF, 0xFF, 0xFF, 0xFF, 0xFF, 0xFF, 0x00, 0x00, 0x01, 0x00, 0x00, 0x00, 0x03, 0x00, 0x06, 0x00,
        0x02, 0x00, 0x01, 0x00, 0x03, 0x00, 0x02, 0x00, 0x02, 0x00, 0x00, 0x00, 0xFC, 0xFF, 0xFC, 0xFF,
        0xFE, 0xFF, 0xFC, 0xFF, 0xFC, 0xFF, 0xFC, 0xFF, 0xFC, 0xFF, 0xFF, 0xFF, 0x00, 0x00, 0x02, 0x00,
        0x05, 0x00, 0x01, 0x00, 0x01, 0x00, 0x06, 0x00, 0x05, 0x00, 0x02, 0x00, 0x01, 0x00, 0xFF, 0xFF,
        0xFD, 0xFF, 0xFB, 0xFF, 0xFC, 0xFF, 0xFF, 0xFF, 0x00, 0x00, 0xFF, 0xFF, 0xFF, 0xFF, 0x00, 0x00,
        0x02, 0x00, 0x03, 0x00, 0x02, 0x00, 0x04, 0x00, 0x05, 0x00, 0x04, 0x00, 0x02, 0x00, 0x00, 0x00,
        0x01, 0x00, 0x00, 0x00, 0xFF, 0xFF, 0xFF, 0xFF, 0xFE, 0xFF, 0xFE, 0xFF, 0x01, 0x00, 0xFF, 0xFF,
        0xFF, 0xFF, 0x02, 0x00, 0x04, 0x00, 0x06, 0x00, 0x06, 0x00, 0x04, 0x00, 0x05, 0x00, 0x03, 0x00,
        0x01, 0x00, 0x02, 0x00, 0x00, 0x00, 0xFE, 0xFF, 0xFF, 0xFF, 0xFF, 0xFF, 0xFD, 0xFF, 0xFE, 0xFF,
        0x00, 0x00, 0xFF, 0xFF, 0xFF, 0xFF, 0x04, 0x00, 0x06, 0x00, 0x05, 0x00, 0x08, 0x00, 0x06, 0x00,
        0x03, 0x00, 0x03, 0x00, 0x03, 0x00, 0x01, 0x00, 0xFE, 0xFF, 0xFC, 0xFF, 0xFE, 0xFF, 0xFE, 0xFF,
        0xFC, 0xFF, 0xFF, 0xFF, 0xFE, 0xFF, 0xFB, 0xFF, 0xFD, 0xFF, 0xFF, 0xFF, 0x01, 0x00, 0x02, 0x00,
        0x03, 0x00, 0x05, 0x00, 0x04, 0x00, 0x02, 0x00, 0x02, 0x00, 0x01, 0x00, 0x01, 0x00, 0x01, 0x00,
        0x00, 0x00, 0xFF, 0xFF, 0xFD, 0xFF, 0xFC, 0xFF, 0xFE, 0xFF, 0xFF, 0xFF, 0x01, 0x00, 0x03, 0x00,
        0x03, 0x00, 0x05, 0x00, 0x06, 0x00, 0x05, 0x00, 0x06, 0x00, 0x06, 0x00, 0x04, 0x00, 0x02, 0x00,
        0x01, 0x00, 0x00, 0x00, 0xFE, 0xFF, 0xFE, 0xFF, 0xFF, 0xFF, 0xFF, 0xFF, 0xFF, 0xFF, 0xFF, 0xFF,
        0xFF, 0xFF, 0x00, 0x00, 0x02, 0x00, 0x02, 0x00, 0x01, 0x00, 0x03, 0x00, 0x05, 0x00, 0x04, 0x00,
        0x04, 0x00, 0x04, 0x00, 0x01, 0x00, 0x00, 0x00, 0x00, 0x00, 0xFF, 0xFF, 0xFE, 0xFF, 0xFF, 0xFF,
        0xFF, 0xFF, 0xFE, 0xFF, 0xFE, 0xFF, 0x00, 0x00, 0x01, 0x00, 0x01, 0x00, 0x04, 0x00, 0x04, 0x00,
        0x03, 0x00, 0x03, 0x00, 0x04, 0x00, 0x03, 0x00, 0x00, 0x00, 0xFF, 0xFF, 0xFE, 0xFF, 0xFD, 0xFF,
        0xFD, 0xFF, 0xFE, 0xFF, 0xFE, 0xFF, 0x00, 0x00, 0x01, 0x00, 0x02, 0x00, 0x03, 0x00, 0x02, 0x00,
        0x02, 0x00, 0x00, 0x00, 0x00, 0x00, 0x02, 0x00, 0x02, 0x00, 0x02, 0x00, 0x03, 0x00, 0x01, 0x00,
        0x01, 0x00, 0x02, 0x00, 0xFF, 0xFF, 0xFE, 0xFF, 0x00, 0x00, 0x00, 0x00, 0x01, 0x00, 0x03, 0x00,
        0x05, 0x00, 0x08, 0x00, 0x08, 0x00, 0x06, 0x00, 0x06, 0x00, 0x07, 0x00, 0x05, 0x00, 0x02, 0x00,
        0x02, 0x00, 0x01, 0x00, 0xFF, 0xFF, 0xFF, 0xFF, 0xFF, 0xFF, 0xFD, 0xFF, 0xFE, 0xFF, 0x00, 0x00,
        0x01, 0x00, 0x03, 0x00, 0x04, 0x00, 0x03, 0x00, 0x05, 0x00, 0x06, 0x00, 0x05, 0x00, 0x02, 0x00,
        0x02, 0x00, 0x01, 0x00, 0xFE, 0xFF, 0x00, 0x00, 0x02, 0x00, 0xFE, 0xFF, 0xFD, 0xFF, 0x00, 0x00,
        0xFE, 0xFF, 0xFF, 0xFF, 0x02, 0x00, 0x04, 0x00, 0x05, 0x00, 0x03, 0x00, 0x02, 0x00, 0x04, 0x00,
        0x05, 0x00, 0x06, 0x00, 0x04, 0x00, 0x00, 0x00, 0x02, 0x00, 0x02, 0x00, 0xFE, 0xFF, 0xFE, 0xFF,
        0x00, 0x00, 0xFF, 0xFF, 0xFF, 0xFF, 0x01, 0x00, 0x03, 0x00, 0x04, 0x00, 0x04, 0x00, 0x05, 0x00,
        0x07, 0x00, 0x07, 0x00, 0x08, 0x00, 0x07, 0x00, 0x03, 0x00, 0x02, 0x00, 0x01, 0x00, 0x00, 0x00,
        0x02, 0x00, 0x03, 0x00, 0x00, 0x00, 0xFE, 0xFF, 0x00, 0x00, 0x01, 0x00, 0x01, 0x00, 0x02, 0x00,
        0x04, 0x00, 0x06, 0x00, 0x07, 0x00, 0x06, 0x00, 0x05, 0x00, 0x07, 0x00, 0x06, 0x00, 0x02, 0x00,
        0x00, 0x00, 0x00, 0x00, 0xFF, 0xFF, 0xFE, 0xFF, 0xFE, 0xFF, 0xFE, 0xFF, 0xFE, 0xFF, 0xFF, 0xFF,
        0x01, 0x00, 0x03, 0x00, 0x03, 0x00, 0x04, 0x00, 0x05, 0x00, 0x05, 0x00, 0x05, 0x00, 0x04, 0x00,
        0x03, 0x00, 0x03, 0x00, 0x01, 0x00, 0xFF, 0xFF, 0xFE, 0xFF, 0xFC, 0xFF, 0xFB, 0xFF, 0xFE, 0xFF,
        0xFF, 0xFF, 0xFE, 0xFF, 0x00, 0x00, 0x02, 0x00, 0x03, 0x00, 0x03, 0x00, 0x03, 0x00, 0x05, 0x00,
        0x06, 0x00, 0x04, 0x00, 0x03, 0x00, 0x03, 0x00, 0x01, 0x00, 0x00, 0x00, 0x00, 0x00, 0x00, 0x00,
        0x00, 0x00, 0x00, 0x00, 0xFF, 0xFF, 0x01, 0x00, 0x02, 0x00, 0x03, 0x00, 0x05, 0x00, 0x06, 0x00,
        0x06, 0x00, 0x06, 0x00, 0x07, 0x00, 0x05, 0x00, 0x04, 0x00, 0x05, 0x00, 0x03, 0x00, 0x01, 0x00,
        0x02, 0x00, 0x02, 0x00, 0x01, 0x00, 0x01, 0x00, 0x01, 0x00, 0x03, 0x00, 0x04, 0x00, 0x03, 0x00,
        0x04, 0x00, 0x06, 0x00, 0x06, 0x00, 0x08, 0x00, 0x07, 0x00, 0x04, 0x00, 0x04, 0x00, 0x04, 0x00,
        0x03, 0x00, 0xFF, 0xFF, 0xFE, 0xFF, 0x00, 0x00, 0xFF, 0xFF, 0xFE, 0xFF, 0xFF, 0xFF, 0x00, 0x00,
        0x02, 0x00, 0x03, 0x00, 0x03, 0x00, 0x03, 0x00, 0x03, 0x00, 0x05, 0x00, 0x07, 0x00, 0x05, 0x00,
        0x04, 0x00, 0x04, 0x00, 0x02, 0x00, 0x02, 0x00, 0x03, 0x00, 0x00, 0x00, 0xFF, 0xFF, 0x01, 0x00,
        0x02, 0x00, 0x03, 0x00, 0x04, 0x00, 0x06, 0x00, 0x06, 0x00, 0x06, 0x00, 0x06, 0x00, 0x07, 0x00,
        0x09, 0x00, 0x05, 0x00, 0x02, 0x00, 0x04, 0x00, 0x05, 0x00, 0x03, 0x00, 0x02, 0x00, 0x00, 0x00,
        0x02, 0x00, 0x04, 0x00, 0x06, 0x00, 0x05, 0x00, 0x03, 0x00, 0x05, 0x00, 0x07, 0x00, 0x04, 0x00,
        0x03, 0x00, 0x07, 0x00, 0x08, 0x00, 0x07, 0x00, 0x05, 0x00, 0x03, 0x00, 0x02, 0x00, 0xFF, 0xFF,
        0xFF, 0xFF, 0x00, 0x00, 0xFF, 0xFF, 0x00, 0x00, 0x02, 0x00, 0x01, 0x00, 0x02, 0x00, 0x04, 0x00,
        0x04, 0x00, 0x04, 0x00, 0x06, 0x00, 0x06, 0x00, 0x04, 0x00, 0x04, 0x00, 0x04, 0x00, 0x03, 0x00,
        0x03, 0x00, 0x02, 0x00, 0x00, 0x00, 0xFF, 0xFF, 0x00, 0x00, 0x01, 0x00, 0x01, 0x00, 0x00, 0x00,
        0x01, 0x00, 0x03, 0x00, 0x04, 0x00, 0x05, 0x00, 0x07, 0x00, 0x09, 0x00, 0x07, 0x00, 0x06, 0x00,
        0x06, 0x00, 0x05, 0x00, 0x04, 0x00, 0x05, 0x00, 0x02, 0x00, 0x01, 0x00, 0x02, 0x00, 0x01, 0x00,
        0x02, 0x00, 0x04, 0x00, 0x03, 0x00, 0x06, 0x00, 0x09, 0x00, 0x09, 0x00, 0x09, 0x00, 0x09, 0x00,
        0x08, 0x00, 0x07, 0x00, 0x05, 0x00, 0x03, 0x00, 0x03, 0x00, 0x02, 0x00, 0x00, 0x00, 0x01, 0x00,
        0x03, 0x00, 0x03, 0x00, 0x02, 0x00, 0x03, 0x00, 0x04, 0x00, 0x03, 0x00, 0x06, 0x00, 0x07, 0x00,
        0x05, 0x00, 0x09, 0x00, 0x0A, 0x00, 0x06, 0x00, 0x07, 0x00, 0x06, 0x00, 0x02, 0x00, 0x02, 0x00,
        0x01, 0x00, 0x01, 0x00, 0x01, 0x00, 0x00, 0x00, 0x00, 0x00, 0x02, 0x00, 0x03, 0x00, 0x06, 0x00,
        0x07, 0x00, 0x05, 0x00, 0x08, 0x00, 0x07, 0x00, 0x04, 0x00, 0x04, 0x00, 0x04, 0x00, 0x04, 0x00,
        0x03, 0x00, 0x00, 0x00, 0x00, 0x00, 0x03, 0x00, 0x01, 0x00, 0x01, 0x00, 0x03, 0x00, 0x03, 0x00,
        0x06, 0x00, 0x07, 0x00, 0x07, 0x00, 0x08, 0x00, 0x08, 0x00, 0x07, 0x00, 0x07, 0x00, 0x06, 0x00,
        0x05, 0x00, 0x05, 0x00, 0x06, 0x00, 0x05, 0x00, 0x03, 0x00, 0x01, 0x00, 0x03, 0x00, 0x03, 0x00,
        0x02, 0x00, 0x04, 0x00, 0x07, 0x00, 0x06, 0x00, 0x06, 0x00, 0x07, 0x00, 0x06, 0x00, 0x05, 0x00,
        0x09, 0x00, 0x09, 0x00, 0x05, 0x00, 0x03, 0x00, 0x02, 0x00, 0x01, 0x00, 0x02, 0x00, 0x03, 0x00,
        0x02, 0x00, 0x03, 0x00, 0x05, 0x00, 0x05, 0x00, 0x05, 0x00, 0x07, 0x00, 0x09, 0x00, 0x07, 0x00,
        0x07, 0x00, 0x08, 0x00, 0x08, 0x00, 0x07, 0x00, 0x05, 0x00, 0x04, 0x00, 0x01, 0x00, 0xFF, 0xFF,
        0x01, 0x00, 0x01, 0x00, 0xFF, 0xFF, 0x03, 0x00, 0x03, 0x00, 0x00, 0x00, 0x03, 0x00, 0x03, 0x00,
        0x05, 0x00, 0x09, 0x00, 0x07, 0x00, 0x05, 0x00, 0x06, 0x00, 0x04, 0x00, 0x03, 0x00, 0x03, 0x00,
        0x02, 0x00, 0x01, 0x00, 0x01, 0x00, 0x01, 0x00, 0x02, 0x00, 0x02, 0x00, 0x04, 0x00, 0x06, 0x00,
        0x06, 0x00, 0x06, 0x00, 0x05, 0x00, 0x06, 0x00, 0x08, 0x00, 0x08, 0x00, 0x08, 0x00, 0x08, 0x00,
        0x07, 0x00, 0x07, 0x00, 0x04, 0x00, 0x01, 0x00, 0x02, 0x00, 0x04, 0x00, 0x02, 0x00, 0x01, 0x00,
        0x03, 0x00, 0x04, 0x00, 0x03, 0x00, 0x06, 0x00, 0x08, 0x00, 0x06, 0x00, 0x07, 0x00, 0x08, 0x00,
        0x07, 0x00, 0x07, 0x00, 0x07, 0x00, 0x04, 0x00, 0x03, 0x00, 0x00, 0x00, 0xFE, 0xFF, 0x00, 0x00,
        0x02, 0x00, 0xFF, 0xFF, 0xFF, 0xFF, 0x02, 0x00, 0x04, 0x00, 0x04, 0x00, 0x07, 0x00, 0x08, 0x00,
        0x06, 0x00, 0x05, 0x00, 0x07, 0x00, 0x06, 0x00, 0x05, 0x00, 0x02, 0x00, 0x02, 0x00, 0x03, 0x00,
        0x01, 0x00, 0xFF, 0xFF, 0x00, 0x00, 0x00, 0x00, 0x02, 0x00, 0x05, 0x00, 0x05, 0x00, 0x06, 0x00,
        0x08, 0x00, 0x0A, 0x00, 0x09, 0x00, 0x07, 0x00, 0x05, 0x00, 0x07, 0x00, 0x07, 0x00, 0x02, 0x00,
        0x03, 0x00, 0x03, 0x00, 0x02, 0x00, 0x02, 0x00, 0x02, 0x00, 0x03, 0x00, 0x06, 0x00, 0x06, 0x00,
        0x05, 0x00, 0x08, 0x00, 0x07, 0x00, 0x06, 0x00, 0x08, 0x00, 0x09, 0x00, 0x08, 0x00, 0x07, 0x00,
        0x05, 0x00, 0x06, 0x00, 0x06, 0x00, 0x02, 0x00, 0x00, 0x00, 0x02, 0x00, 0x03, 0x00, 0x03, 0x00,
        0x03, 0x00, 0x04, 0x00, 0x05, 0x00, 0x07, 0x00, 0x07, 0x00, 0x05, 0x00, 0x06, 0x00, 0x08, 0x00,
        0x07, 0x00, 0x06, 0x00, 0x05, 0x00, 0x01, 0x00, 0x01, 0x00, 0x03, 0x00, 0x01, 0x00, 0x01, 0x00,
        0x02, 0x00, 0x02, 0x00, 0x00, 0x00, 0x01, 0x00, 0x04, 0x00, 0x05, 0x00, 0x04, 0x00, 0x06, 0x00,
        0x08, 0x00, 0x05, 0x00, 0x05, 0x00, 0x07, 0x00, 0x05, 0x00, 0x03, 0x00, 0x04, 0x00, 0x04, 0x00,
        0x03, 0x00, 0x03, 0x00, 0x01, 0x00, 0x00, 0x00, 0x02, 0x00, 0x04, 0x00, 0x04, 0x00, 0x06, 0x00,
        0x06, 0x00, 0x05, 0x00, 0x07, 0x00, 0x07, 0x00, 0x06, 0x00, 0x08, 0x00, 0x09, 0x00, 0x05, 0x00,
        0x03, 0x00, 0x03, 0x00, 0x03, 0x00, 0x01, 0x00, 0x01, 0x00, 0x04, 0x00, 0x05, 0x00, 0x06, 0x00,
        0x07, 0x00, 0x07, 0x00, 0x07, 0x00, 0x08, 0x00, 0x07, 0x00, 0x08, 0x00, 0x08, 0x00, 0x06, 0x00,
        0x05, 0x00, 0x06, 0x00, 0x04, 0x00, 0x02, 0x00, 0x02, 0x00, 0x02, 0x00, 0x01, 0x00, 0x00, 0x00,
        0x03, 0x00, 0x04, 0x00, 0x02, 0x00, 0x04, 0x00, 0x06, 0x00, 0x07, 0x00, 0x07, 0x00, 0x07, 0x00,
        0x07, 0x00, 0x05, 0x00, 0x03, 0x00, 0x03, 0x00, 0x00, 0x00, 0xFE, 0xFF, 0xFF, 0xFF, 0x00, 0x00,
        0x00, 0x00, 0x01, 0x00, 0x01, 0x00, 0x01, 0x00, 0x04, 0x00, 0x05, 0x00, 0x05, 0x00, 0x06, 0x00,
        0x07, 0x00, 0x07, 0x00, 0x07, 0x00, 0x07, 0x00, 0x05, 0x00, 0x02, 0x00, 0x04, 0x00, 0x05, 0x00,
        0x02, 0x00, 0x00, 0x00, 0x00, 0x00, 0x03, 0x00, 0x04, 0x00, 0x05, 0x00, 0x06, 0x00, 0x07, 0x00,
        0x08, 0x00, 0x0A, 0x00, 0x09, 0x00, 0x06, 0x00, 0x08, 0x00, 0x09, 0x00, 0x06, 0x00, 0x05, 0x00,
        0x03, 0x00, 0x01, 0x00, 0x00, 0x00, 0xFF, 0xFF, 0x01, 0x00, 0x03, 0x00, 0x02, 0x00, 0x03, 0x00,
        0x04, 0x00, 0x05, 0x00, 0x06, 0x00, 0x05, 0x00, 0x05, 0x00, 0x07, 0x00, 0x06, 0x00, 0x06, 0x00,
        0x05, 0x00, 0x03, 0x00, 0x04, 0x00, 0x03, 0x00, 0xFF, 0xFF, 0x00, 0x00, 0x02, 0x00, 0x02, 0x00,
        0x03, 0x00, 0x03, 0x00, 0x03, 0x00, 0x04, 0x00, 0x04, 0x00, 0x04, 0x00, 0x06, 0x00, 0x07, 0x00,
        0x06, 0x00, 0x05, 0x00, 0x04, 0x00, 0x03, 0x00, 0x02, 0x00, 0x00, 0x00, 0xFE, 0xFF, 0xFF, 0xFF,
        0xFF, 0xFF, 0x01, 0x00, 0x03, 0x00, 0x03, 0x00, 0x02, 0x00, 0x05, 0x00, 0x08, 0x00, 0x08, 0x00,
        0x06, 0x00, 0x05, 0x00, 0x05, 0x00, 0x05, 0x00, 0x05, 0x00, 0x03, 0x00, 0x01, 0x00, 0x02, 0x00,
        0x02, 0x00, 0x01, 0x00, 0x03, 0x00, 0x02, 0x00, 0x01, 0x00, 0x04, 0x00, 0x05, 0x00, 0x06, 0x00,
        0x09, 0x00, 0x09, 0x00, 0x08, 0x00, 0x07, 0x00, 0x06, 0x00, 0x06, 0x00, 0x04, 0x00, 0x02, 0x00,
        0x04, 0x00, 0x03, 0x00, 0x02, 0x00, 0x02, 0x00, 0x01, 0x00, 0x00, 0x00, 0x01, 0x00, 0x02, 0x00,
        0x04, 0x00, 0x05, 0x00, 0x04, 0x00, 0x06, 0x00, 0x06, 0x00, 0x04, 0x00, 0x04, 0x00, 0x04, 0x00,
        0x04, 0x00, 0x03, 0x00, 0x01, 0x00, 0x02, 0x00, 0x01, 0x00, 0xFD, 0xFF, 0xFE, 0xFF, 0x00, 0x00,
        0x01, 0x00, 0x04, 0x00, 0x05, 0x00, 0x02, 0x00, 0x04, 0x00, 0x06, 0x00, 0x07, 0x00, 0x07, 0x00,
        0x07, 0x00, 0x07, 0x00, 0x04, 0x00, 0xFF, 0xFF, 0xFF, 0xFF, 0x01, 0x00, 0x02, 0x00, 0x00, 0x00,
        0xFF, 0xFF, 0x03, 0x00, 0x04, 0x00, 0x01, 0x00, 0x03, 0x00, 0x06, 0x00, 0x06, 0x00, 0x08, 0x00,
        0x09, 0x00, 0x06, 0x00, 0x05, 0x00, 0x05, 0x00, 0x04, 0x00, 0x02, 0x00, 0x02, 0x00, 0x03, 0x00,
        0x01, 0x00, 0x01, 0x00, 0x01, 0x00, 0xFF, 0xFF, 0x02, 0x00, 0x05, 0x00, 0x05, 0x00, 0x06, 0x00,
        0x07, 0x00, 0x09, 0x00, 0x09, 0x00, 0x06, 0x00, 0x05, 0x00, 0x04, 0x00, 0x03, 0x00, 0x05, 0x00,
        0x02, 0x00, 0xFE, 0xFF, 0x00, 0x00, 0x00, 0x00, 0xFE, 0xFF, 0x00, 0x00, 0x00, 0x00, 0x01, 0x00,
        0x03, 0x00, 0x02, 0x00, 0x04, 0x00, 0x05, 0x00, 0x04, 0x00, 0x04, 0x00, 0x03, 0x00, 0x03, 0x00,
        0x03, 0x00, 0x01, 0x00, 0xFF, 0xFF, 0xFF, 0xFF, 0xFF, 0xFF, 0x00, 0x00, 0xFF, 0xFF, 0x00, 0x00,
        0x02, 0x00, 0x02, 0x00, 0x03, 0x00, 0x06, 0x00, 0x06, 0x00, 0x06, 0x00, 0x07, 0x00, 0x06, 0x00,
        0x05, 0x00, 0x04, 0x00, 0x02, 0x00, 0x02, 0x00, 0x03, 0x00, 0x01, 0x00, 0xFF, 0xFF, 0x00, 0x00,
        0x01, 0x00, 0x01, 0x00, 0x02, 0x00, 0x02, 0x00, 0x03, 0x00, 0x04, 0x00, 0x04, 0x00, 0x04, 0x00,
        0x05, 0x00, 0x06, 0x00, 0x07, 0x00, 0x04, 0x00, 0x02, 0x00, 0x04, 0x00, 0x01, 0x00, 0xFF, 0xFF,
        0x00, 0x00, 0x00, 0x00, 0xFF, 0xFF, 0x00, 0x00, 0x03, 0x00, 0x04, 0x00, 0x01, 0x00, 0x03, 0x00,
        0x05, 0x00, 0x05, 0x00, 0x06, 0x00, 0x04, 0x00, 0x02, 0x00, 0x04, 0x00, 0x04, 0x00, 0x00, 0x00,
        0xFF, 0xFF, 0xFC, 0xFF, 0xFC, 0xFF, 0xFF, 0xFF, 0x02, 0x00, 0x03, 0x00, 0x02, 0x00, 0x02, 0x00,
        0x04, 0x00, 0x03, 0x00, 0x04, 0x00, 0x08, 0x00, 0x07, 0x00, 0x04, 0x00, 0x03, 0x00, 0x02, 0x00,
        0x03, 0x00, 0x02, 0x00, 0x00, 0x00, 0x01, 0x00, 0x00, 0x00, 0xFF, 0xFF, 0x00, 0x00, 0x01, 0x00,
        0x02, 0x00, 0x04, 0x00, 0x04, 0x00, 0x05, 0x00, 0x06, 0x00, 0x06, 0x00, 0x05, 0x00, 0x04, 0x00,
        0x04, 0x00, 0x03, 0x00, 0x03, 0x00, 0x03, 0x00, 0x02, 0x00, 0x00, 0x00, 0xFE, 0xFF, 0xFE, 0xFF,
        0x00, 0x00, 0x00, 0x00, 0x01, 0x00, 0x03, 0x00, 0x03, 0x00, 0x05, 0x00, 0x05, 0x00, 0x03, 0x00,
        0x07, 0x00, 0x08, 0x00, 0x03, 0x00, 0x03, 0x00, 0x03, 0x00, 0xFE, 0xFF, 0xFF, 0xFF, 0x01, 0x00,
        0xFE, 0xFF, 0xFE, 0xFF, 0xFE, 0xFF, 0xFE, 0xFF, 0x01, 0x00, 0x01, 0x00, 0x02, 0x00, 0x04, 0x00,
        0x04, 0x00, 0x03, 0x00, 0x03, 0x00, 0x02, 0x00, 0x03, 0x00, 0x03, 0x00, 0x01, 0x00, 0x00, 0x00,
        0x00, 0x00, 0x00, 0x00, 0xFE, 0xFF, 0xFD, 0xFF, 0x01, 0x00, 0x02, 0x00, 0x01, 0x00, 0x01, 0x00,
        0x00, 0x00, 0x01, 0x00, 0x04, 0x00, 0x03, 0x00, 0x04, 0x00, 0x06, 0x00, 0x03, 0x00, 0x02, 0x00,
        0x04, 0x00, 0x01, 0x00, 0xFE, 0xFF, 0xFF, 0xFF, 0xFF, 0xFF, 0x00, 0x00, 0x00, 0x00, 0xFF, 0xFF,
        0x00, 0x00, 0x01, 0x00, 0x01, 0x00, 0x04, 0x00, 0x05, 0x00, 0x07, 0x00, 0x08, 0x00, 0x06, 0x00,
        0x05, 0x00, 0x05, 0x00, 0x03, 0x00, 0x01, 0x00, 0xFF, 0xFF, 0xFF, 0xFF, 0xFE, 0xFF, 0xFE, 0xFF,
        0xFF, 0xFF, 0xFF, 0xFF, 0x00, 0x00, 0x00, 0x00, 0x00, 0x00, 0x03, 0x00, 0x05, 0x00, 0x04, 0x00,
        0x06, 0x00, 0x05, 0x00, 0x01, 0x00, 0x02, 0x00, 0x01, 0x00, 0xFF, 0xFF, 0x01, 0x00, 0xFF, 0xFF,
        0xFC, 0xFF, 0xFF, 0xFF, 0x00, 0x00, 0x00, 0x00, 0xFF, 0xFF, 0xFF, 0xFF, 0x04, 0x00, 0x04, 0x00,
        0x00, 0x00, 0x02, 0x00, 0x04, 0x00, 0x04, 0x00, 0x03, 0x00, 0x01, 0x00, 0x03, 0x00, 0x02, 0x00,
        0xFE, 0xFF, 0xFD, 0xFF, 0xFD, 0xFF, 0xFC, 0xFF, 0xFC, 0xFF, 0xFE, 0xFF, 0xFF, 0xFF, 0x01, 0x00,
        0x02, 0x00, 0x04, 0x00, 0x03, 0x00, 0x04, 0x00, 0x05, 0x00, 0x04, 0x00, 0x04, 0x00, 0x04, 0x00,
        0x02, 0x00, 0x01, 0x00, 0x00, 0x00, 0xFF, 0xFF, 0x00, 0x00, 0xFD, 0xFF, 0xFE, 0xFF, 0x02, 0x00,
        0x02, 0x00, 0x02, 0x00, 0x04, 0x00, 0x04, 0x00, 0x05, 0x00, 0x04, 0x00, 0x04, 0x00, 0x05, 0x00,
        0x05, 0x00, 0x05, 0x00, 0x04, 0x00, 0x00, 0x00, 0x01, 0x00, 0x03, 0x00, 0x00, 0x00, 0xFE, 0xFF,
        0xFF, 0xFF, 0xFD, 0xFF, 0xFE, 0xFF, 0x03, 0x00, 0x04, 0x00, 0x01, 0x00, 0x02, 0x00, 0x03, 0x00,
        0x02, 0x00, 0x04, 0x00, 0x04, 0x00, 0x02, 0x00, 0x02, 0x00, 0x00, 0x00, 0xFF, 0xFF, 0xFE, 0xFF,
        0xFC, 0xFF, 0xFD, 0xFF, 0xFF, 0xFF, 0xFE, 0xFF, 0x00, 0x00, 0x02, 0x00, 0x00, 0x00, 0x02, 0x00,
        0x04, 0x00, 0x02, 0x00, 0x02, 0x00, 0x04, 0x00, 0x03, 0x00, 0x00, 0x00, 0x01, 0x00, 0x01, 0x00,
        0x01, 0x00, 0x00, 0x00, 0xFE, 0xFF, 0xFE, 0xFF, 0x00, 0x00, 0xFF, 0xFF, 0xFF, 0xFF, 0x02, 0x00,
        0x02, 0x00, 0x03, 0x00, 0x04, 0x00, 0x04, 0x00, 0x06, 0x00, 0x04, 0x00, 0x01, 0x00, 0x03, 0x00,
        0x04, 0x00, 0x00, 0x00, 0xFD, 0xFF, 0xFD, 0xFF, 0xFE, 0xFF, 0xFF, 0xFF, 0xFF, 0xFF, 0xFF, 0xFF,
        0x00, 0x00, 0x01, 0x00, 0x05, 0x00, 0x04, 0x00, 0x02, 0x00, 0x03, 0x00, 0x03, 0x00, 0x02, 0x00,
        0x03, 0x00, 0x01, 0x00, 0x00, 0x00, 0x00, 0x00, 0xFD, 0xFF, 0xFB, 0xFF, 0xFC, 0xFF, 0xFE, 0xFF,
        0xFF, 0xFF, 0xFF, 0xFF, 0xFF, 0xFF, 0x00, 0x00, 0x01, 0x00, 0x00, 0x00, 0x01, 0x00, 0x04, 0x00,
        0x03, 0x00, 0x02, 0x00, 0x02, 0x00, 0x01, 0x00, 0x00, 0x00, 0x00, 0x00, 0x00, 0x00, 0xFF, 0xFF,
        0xFE, 0xFF, 0xFF, 0xFF, 0xFF, 0xFF, 0xFE, 0xFF, 0x00, 0x00, 0x02, 0x00, 0x02, 0x00, 0x03, 0x00,
        0x03, 0x00, 0x02, 0x00, 0x02, 0x00, 0x02, 0x00, 0x03, 0x00, 0x02, 0x00, 0x00, 0x00, 0x01, 0x00,
        0x00, 0x00, 0xFE, 0xFF, 0xFC, 0xFF, 0xFD, 0xFF, 0x00, 0x00, 0x01, 0x00, 0x00, 0x00, 0x01, 0x00,
        0x03, 0x00, 0x04, 0x00, 0x05, 0x00, 0x06, 0x00, 0x05, 0x00, 0x05, 0x00, 0x03, 0x00, 0x02, 0x00,
        0x02, 0x00, 0x02, 0x00, 0xFE, 0xFF, 0xFC, 0xFF, 0xFD, 0xFF, 0xFE, 0xFF, 0xFD, 0xFF, 0xFF, 0xFF,
        0x00, 0x00, 0xFF, 0xFF, 0x01, 0x00, 0x02, 0x00, 0x02, 0x00, 0x05, 0x00, 0x04, 0x00, 0x03, 0x00,
        0x02, 0x00, 0xFF, 0xFF, 0xFD, 0xFF, 0xFE, 0xFF, 0xFD, 0xFF, 0xFD, 0xFF, 0xFC, 0xFF, 0xFA, 0xFF,
        0xFB, 0xFF, 0xFB, 0xFF, 0xFD, 0xFF, 0x01, 0x00, 0x01, 0x00, 0x01, 0x00, 0x03, 0x00, 0x03, 0x00,
        0x01, 0x00, 0xFF, 0xFF, 0x01, 0x00, 0x02, 0x00, 0x00, 0x00, 0x00, 0x00, 0x00, 0x00, 0xFF, 0xFF,
        0xFE, 0xFF, 0xFD, 0xFF, 0xFC, 0xFF, 0xFE, 0xFF, 0x00, 0x00, 0x01, 0x00, 0x02, 0x00, 0x01, 0x00,
        0x03, 0x00, 0x04, 0x00, 0x04, 0x00, 0x05, 0x00, 0x03, 0x00, 0x01, 0x00, 0x01, 0x00, 0x00, 0x00,
        0xFF, 0xFF, 0x01, 0x00, 0x01, 0x00, 0xFD, 0xFF, 0xFC, 0xFF, 0xFE, 0xFF, 0xFE, 0xFF, 0x00, 0x00,
        0x03, 0x00, 0x01, 0x00, 0x02, 0x00, 0x05, 0x00, 0x03, 0x00, 0x03, 0x00, 0x04, 0x00, 0x00, 0x00,
        0x01, 0x00, 0x02, 0x00, 0xFC, 0xFF, 0xFC, 0xFF, 0xFD, 0xFF, 0xF9, 0xFF, 0xFB, 0xFF, 0xFF, 0xFF,
        0xFD, 0xFF, 0xFF, 0xFF, 0x01, 0x00, 0x01, 0x00, 0x03, 0x00, 0x04, 0x00, 0x01, 0x00, 0x01, 0x00,
        0x02, 0x00, 0x01, 0x00, 0x00, 0x00, 0xFF, 0xFF, 0xFE, 0xFF, 0xFD, 0xFF, 0xFE, 0xFF, 0xFE, 0xFF,
        0xFE, 0xFF, 0xFE, 0xFF, 0xFF, 0xFF, 0x01, 0x00, 0x03, 0x00, 0x02, 0x00, 0x02, 0x00, 0x05, 0x00,
        0x06, 0x00, 0x05, 0x00, 0x03, 0x00, 0x02, 0x00, 0x01, 0x00, 0xFD, 0xFF, 0xFC, 0xFF, 0xFE, 0xFF,
        0xFD, 0xFF, 0xFC, 0xFF, 0xFF, 0xFF, 0x00, 0x00, 0x01, 0x00, 0x02, 0x00, 0x03, 0x00, 0x04, 0x00,
        0x04, 0x00, 0x03, 0x00, 0x03, 0x00, 0x04, 0x00, 0x03, 0x00, 0x02, 0x00, 0x02, 0x00, 0x00, 0x00,
        0xFE, 0xFF, 0xFE, 0xFF, 0xFD, 0xFF, 0xFD, 0xFF, 0xFE, 0xFF, 0xFD, 0xFF, 0xFC, 0xFF, 0xFE, 0xFF,
        0x01, 0x00, 0x01, 0x00, 0x01, 0x00, 0x04, 0x00, 0x05, 0x00, 0x01, 0x00, 0xFF, 0xFF, 0x00, 0x00,
        0x00, 0x00, 0x00, 0x00, 0xFF, 0xFF, 0xFD, 0xFF, 0xFC, 0xFF, 0xFD, 0xFF, 0xFD, 0xFF, 0xFC, 0xFF,
        0xFD, 0xFF, 0x00, 0x00, 0x02, 0x00, 0x03, 0x00, 0x03, 0x00, 0x01, 0x00, 0x02, 0x00, 0x04, 0x00,
        0x01, 0x00, 0xFD, 0xFF, 0xFE, 0xFF, 0x00, 0x00, 0xFE, 0xFF, 0xFB, 0xFF, 0xFD, 0xFF, 0x00, 0x00,
        0xFF, 0xFF, 0xFE, 0xFF, 0x00, 0x00, 0x02, 0x00, 0x04, 0x00, 0x03, 0x00, 0x02, 0x00, 0x04, 0x00,
        0x04, 0x00, 0x01, 0x00, 0x02, 0x00, 0x02, 0x00, 0x00, 0x00, 0xFD, 0xFF, 0xFD, 0xFF, 0xFC, 0xFF,
        0xFB, 0xFF, 0xFD, 0xFF, 0xFE, 0xFF, 0xFD, 0xFF, 0xFF, 0xFF, 0x00, 0x00, 0x02, 0x00, 0x04, 0x00,
        0x04, 0x00, 0x04, 0x00, 0x05, 0x00, 0x05, 0x00, 0x03, 0x00, 0x00, 0x00, 0xFD, 0xFF, 0xFD, 0xFF,
        0xFE, 0xFF, 0xFC, 0xFF, 0xFC, 0xFF, 0xFC, 0xFF, 0xFD, 0xFF, 0xFE, 0xFF, 0xFE, 0xFF, 0xFF, 0xFF,
        0x02, 0x00, 0x03, 0x00, 0x02, 0x00, 0x00, 0x00, 0x00, 0x00, 0x01, 0x00, 0xFF, 0xFF, 0xFE, 0xFF,
        0xFD, 0xFF, 0xFB, 0xFF, 0xFB, 0xFF, 0xFC, 0xFF, 0xFC, 0xFF, 0xFD, 0xFF, 0xFB, 0xFF, 0xFA, 0xFF,
        0xFD, 0xFF, 0x00, 0x00, 0x01, 0x00, 0x02, 0x00, 0x01, 0x00, 0x01, 0x00, 0x03, 0x00, 0x01, 0x00,
        0x01, 0x00, 0x01, 0x00, 0xFF, 0xFF, 0xFC, 0xFF, 0xFC, 0xFF, 0xFE, 0xFF, 0xFC, 0xFF, 0xFB, 0xFF,
        0xFE, 0xFF, 0xFF, 0xFF, 0xFF, 0xFF, 0xFF, 0xFF, 0xFF, 0xFF, 0x02, 0x00, 0x04, 0x00, 0x03, 0x00,
        0x03, 0x00, 0x05, 0x00, 0x03, 0x00, 0xFF, 0xFF, 0xFD, 0xFF, 0xFF, 0xFF, 0xFD, 0xFF, 0xFB, 0xFF,
        0xFB, 0xFF, 0xFB, 0xFF, 0xFC, 0xFF, 0x00, 0x00, 0x00, 0x00, 0x00, 0x00, 0x02, 0x00, 0x01, 0x00,
        0x00, 0x00, 0x02, 0x00, 0x01, 0x00, 0x00, 0x00, 0x03, 0x00, 0x00, 0x00, 0xFC, 0xFF, 0xFC, 0xFF,
        0xFB, 0xFF, 0xFB, 0xFF, 0xFC, 0xFF, 0xFD, 0xFF, 0xFE, 0xFF, 0xFC, 0xFF, 0xFC, 0xFF, 0xFE, 0xFF,
        0xFE, 0xFF, 0x01, 0x00, 0x03, 0x00, 0x00, 0x00, 0x00, 0x00, 0x02, 0x00, 0xFF, 0xFF, 0xFE, 0xFF,
        0xFF, 0xFF, 0xFE, 0xFF, 0xFD, 0xFF, 0xFB, 0xFF, 0xFC, 0xFF, 0xFE, 0xFF, 0xFD, 0xFF, 0xFC, 0xFF,
        0xFF, 0xFF, 0x01, 0x00, 0x02, 0x00, 0x01, 0x00, 0x00, 0x00, 0x05, 0x00, 0x06, 0x00, 0x02, 0x00,
        0x00, 0x00, 0x00, 0x00, 0xFF, 0xFF, 0xFF, 0xFF, 0xFD, 0xFF, 0xFC, 0xFF, 0xFC, 0xFF, 0xFB, 0xFF,
        0xFD, 0xFF, 0x02, 0x00, 0x00, 0x00, 0xFE, 0xFF, 0x02, 0x00, 0x03, 0x00, 0x03, 0x00, 0x03, 0x00,
        0x03, 0x00, 0x03, 0x00, 0x00, 0x00, 0xFE, 0xFF, 0x01, 0x00, 0xFF, 0xFF, 0xFC, 0xFF, 0xFD, 0xFF,
        0xFB, 0xFF, 0xF9, 0xFF, 0xFC, 0xFF, 0xFD, 0xFF, 0xFF, 0xFF, 0x00, 0x00, 0x01, 0x00, 0x03, 0x00,
        0x02, 0x00, 0x02, 0x00, 0x03, 0x00, 0xFF, 0xFF, 0x00, 0x00, 0x01, 0x00, 0xFF, 0xFF, 0xFF, 0xFF,
        0xFE, 0xFF, 0xFB, 0xFF, 0xFD, 0xFF, 0xFD, 0xFF, 0xFA, 0xFF, 0xFD, 0xFF, 0x01, 0x00, 0x00, 0x00,
        0x00, 0x00, 0x03, 0x00, 0x04, 0x00, 0x03, 0x00, 0x01, 0x00, 0x00, 0x00, 0xFF, 0xFF, 0xFF, 0xFF,
        0x00, 0x00, 0xFD, 0xFF, 0xFD, 0xFF, 0xFD, 0xFF, 0xFD, 0xFF, 0xFE, 0xFF, 0xFE, 0xFF, 0xFC, 0xFF,
        0xFD, 0xFF, 0x00, 0x00, 0x00, 0x00, 0x01, 0x00, 0x03, 0x00, 0x02, 0x00, 0x03, 0x00, 0x03, 0x00,
        0x01, 0x00, 0x00, 0x00, 0x00, 0x00, 0xFE, 0xFF, 0xFD, 0xFF, 0xFD, 0xFF, 0xFD, 0xFF, 0xFC, 0xFF,
        0xFD, 0xFF, 0xFE, 0xFF, 0xFF, 0xFF, 0xFF, 0xFF, 0x01, 0x00, 0x02, 0x00, 0x02, 0x00, 0x02, 0x00,
        0x03, 0x00, 0x03, 0x00, 0x02, 0x00, 0x00, 0x00, 0xFF, 0xFF, 0xFD, 0xFF, 0xFA, 0xFF, 0xFC, 0xFF,
        0xFD, 0xFF, 0xFB, 0xFF, 0xFB, 0xFF, 0xFD, 0xFF, 0xFD, 0xFF, 0x00, 0x00, 0x02, 0x00, 0x02, 0x00,
        0x02, 0x00, 0x00, 0x00, 0xFF, 0xFF, 0x00, 0x00, 0x01, 0x00, 0xFF, 0xFF, 0xFF, 0xFF, 0xFD, 0xFF,
        0xFC, 0xFF, 0xFD, 0xFF, 0xFD, 0xFF, 0xFC, 0xFF, 0xFC, 0xFF, 0xFC, 0xFF, 0xFD, 0xFF, 0xFF, 0xFF,
        0x00, 0x00, 0x03, 0x00, 0x04, 0x00, 0x01, 0x00, 0x01, 0x00, 0x02, 0x00, 0x00, 0x00, 0xFF, 0xFF,
        0xFE, 0xFF, 0xFD, 0xFF, 0xFF, 0xFF, 0xFE, 0xFF, 0xFB, 0xFF, 0xFE, 0xFF, 0xFF, 0xFF, 0xFE, 0xFF,
        0x00, 0x00, 0x00, 0x00, 0x00, 0x00, 0x02, 0x00, 0x02, 0x00, 0x02, 0x00, 0x03, 0x00, 0x02, 0x00,
        0x01, 0x00, 0x00, 0x00, 0xFF, 0xFF, 0xFE, 0xFF, 0xFC, 0xFF, 0xFC, 0xFF, 0xFD, 0xFF, 0xFC, 0xFF,
        0xFC, 0xFF, 0xFF, 0xFF, 0x01, 0x00, 0x00, 0x00, 0xFF, 0xFF, 0x02, 0x00, 0x02, 0x00, 0x01, 0x00,
        0x02, 0x00, 0x02, 0x00, 0x00, 0x00, 0xFE, 0xFF, 0xFE, 0xFF, 0xFD, 0xFF, 0xFD, 0xFF, 0xFC, 0xFF,
        0xFB, 0xFF, 0xFA, 0xFF, 0xFA, 0xFF, 0xFD, 0xFF, 0xFE, 0xFF, 0xFF, 0xFF, 0x00, 0x00, 0xFE, 0xFF,
        0x00, 0x00, 0x03, 0x00, 0x01, 0x00, 0x00, 0x00, 0x01, 0x00, 0xFF, 0xFF, 0xFE, 0xFF, 0xFE, 0xFF,
        0xFB, 0xFF, 0xFB, 0xFF, 0xFC, 0xFF, 0xFB, 0xFF, 0xFD, 0xFF, 0xFF, 0xFF, 0x00, 0x00, 0xFF, 0xFF,
        0xFE, 0xFF, 0x00, 0x00, 0x02, 0x00, 0x02, 0x00, 0x02, 0x00, 0x01, 0x00, 0x01, 0x00, 0x00, 0x00,
        0xFE, 0xFF, 0xFF, 0xFF, 0xFF, 0xFF, 0xFE, 0xFF, 0xFD, 0xFF, 0xFB, 0xFF, 0xFC, 0xFF, 0xFE, 0xFF,
        0xFE, 0xFF, 0xFF, 0xFF, 0x01, 0x00, 0x02, 0x00, 0x02, 0x00, 0x01, 0x00, 0x00, 0x00, 0x01, 0x00,
        0xFF, 0xFF, 0xFD, 0xFF, 0xFD, 0xFF, 0xFC, 0xFF, 0xFC, 0xFF, 0xFD, 0xFF, 0xFC, 0xFF, 0xFC, 0xFF,
        0xFD, 0xFF, 0xFC, 0xFF, 0xFC, 0xFF, 0xFC, 0xFF, 0xFF, 0xFF, 0xFF, 0xFF, 0x00, 0x00, 0x02, 0x00,
        0x00, 0x00, 0xFF, 0xFF, 0x01, 0x00, 0x00, 0x00, 0xFE, 0xFF, 0xFC, 0xFF, 0xFA, 0xFF, 0xFC, 0xFF,
        0xFD, 0xFF, 0xFB, 0xFF, 0xFD, 0xFF, 0xFE, 0xFF, 0xFD, 0xFF, 0xFF, 0xFF, 0x02, 0x00, 0x01, 0x00,
        0x00, 0x00, 0x01, 0x00, 0x01, 0x00, 0x00, 0x00, 0xFF, 0xFF, 0xFD, 0xFF, 0xFC, 0xFF, 0xFC, 0xFF,
        0xFA, 0xFF, 0xFA, 0xFF, 0xFC, 0xFF, 0xFB, 0xFF, 0xFD, 0xFF, 0xFE, 0xFF, 0xFC, 0xFF, 0xFD, 0xFF,
        0x00, 0x00, 0x00, 0x00, 0x01, 0x00, 0x00, 0x00, 0x00, 0x00, 0x01, 0x00, 0x00, 0x00, 0xFF, 0xFF,
        0xFF, 0xFF, 0xFC, 0xFF, 0xFD, 0xFF, 0xFE, 0xFF, 0xFC, 0xFF, 0xFC, 0xFF, 0xFB, 0xFF, 0xFB, 0xFF,
        0xFE, 0xFF, 0x00, 0x00, 0xFF, 0xFF, 0x01, 0x00, 0x01, 0x00, 0x01, 0x00, 0x02, 0x00, 0x01, 0x00,
        0xFE, 0xFF, 0xFC, 0xFF, 0xFB, 0xFF, 0xFB, 0xFF, 0xFC, 0xFF, 0xFD, 0xFF, 0xFA, 0xFF, 0xFA, 0xFF,
        0xFC, 0xFF, 0xFD, 0xFF, 0xFF, 0xFF, 0x00, 0x00, 0x01, 0x00, 0x02, 0x00, 0x00, 0x00, 0x01, 0x00,
        0x02, 0x00, 0x01, 0x00, 0x02, 0x00, 0x00, 0x00, 0xFC, 0xFF, 0xFE, 0xFF, 0xFE, 0xFF, 0xFB, 0xFF,
        0xFC, 0xFF, 0xFC, 0xFF, 0xFB, 0xFF, 0xFE, 0xFF, 0xFF, 0xFF, 0xFF, 0xFF, 0x00, 0x00, 0x00, 0x00,
        0x01, 0x00, 0x03, 0x00, 0x03, 0x00, 0x02, 0x00, 0x01, 0x00, 0x00, 0x00, 0xFE, 0xFF, 0xFF, 0xFF,
        0xFF, 0xFF, 0xFB, 0xFF, 0xFC, 0xFF, 0xFD, 0xFF, 0xFD, 0xFF, 0xFF, 0xFF, 0xFE, 0xFF, 0xFF, 0xFF,
        0x02, 0x00, 0x01, 0x00, 0x02, 0x00, 0x04, 0x00, 0x01, 0x00, 0x00, 0x00, 0x01, 0x00, 0xFF, 0xFF,
        0xFC, 0xFF, 0xFB, 0xFF, 0xFC, 0xFF, 0xFE, 0xFF, 0xFD, 0xFF, 0xFC, 0xFF, 0xFC, 0xFF, 0xFC, 0xFF,
        0xFE, 0xFF, 0xFE, 0xFF, 0xFE, 0xFF, 0x02, 0x00, 0x02, 0x00, 0xFF, 0xFF, 0xFE, 0xFF, 0xFE, 0xFF,
        0xFD, 0xFF, 0xFE, 0xFF, 0xFD, 0xFF, 0xFB, 0xFF, 0xFA, 0xFF, 0xFB, 0xFF, 0xFC, 0xFF, 0xFD, 0xFF,
        0xFE, 0xFF, 0xFE, 0xFF, 0xFF, 0xFF, 0x00, 0x00, 0x00, 0x00, 0x02, 0x00, 0x02, 0x00, 0x00, 0x00,
        0x02, 0x00, 0x03, 0x00, 0x00, 0x00, 0x00, 0x00, 0x00, 0x00, 0xFE, 0xFF, 0xFC, 0xFF, 0xFC, 0xFF,
        0xFF, 0xFF, 0xFE, 0xFF, 0xFA, 0xFF, 0xFE, 0xFF, 0x00, 0x00, 0xFF, 0xFF, 0x01, 0x00, 0x03, 0x00,
        0x02, 0x00, 0x02, 0x00, 0x02, 0x00, 0x02, 0x00, 0x01, 0x00, 0xFF, 0xFF, 0xFF, 0xFF, 0xFE, 0xFF,
        0xFD, 0xFF, 0xFE, 0xFF, 0xFE, 0xFF, 0xFF, 0xFF, 0xFE, 0xFF, 0xFE, 0xFF, 0xFF, 0xFF, 0x00, 0x00,
        0x02, 0x00, 0x03, 0x00, 0x01, 0x00, 0x00, 0x00, 0x02, 0x00, 0x01, 0x00, 0x00, 0x00, 0xFF, 0xFF,
        0xFE, 0xFF, 0xFB, 0xFF, 0xFA, 0xFF, 0xFD, 0xFF, 0xFC, 0xFF, 0xFB, 0xFF, 0xFE, 0xFF, 0x00, 0x00,
        0xFE, 0xFF, 0x00, 0x00, 0x00, 0x00, 0x00, 0x00, 0x01, 0x00, 0x01, 0x00, 0x00, 0x00, 0x00, 0x00,
        0x00, 0x00, 0xFE, 0xFF, 0xFD, 0xFF, 0xFC, 0xFF, 0xFB, 0xFF, 0xFA, 0xFF, 0xFC, 0xFF, 0xFD, 0xFF,
        0xFD, 0xFF, 0xFE, 0xFF, 0xFF, 0xFF, 0x00, 0x00, 0x01, 0x00, 0xFF, 0xFF, 0xFE, 0xFF, 0x00, 0x00,
        0x00, 0x00, 0xFF, 0xFF, 0x00, 0x00, 0xFE, 0xFF, 0xFC, 0xFF, 0xFE, 0xFF, 0xFE, 0xFF, 0xFC, 0xFF,
        0xFE, 0xFF, 0xFE, 0xFF, 0xFD, 0xFF, 0xFF, 0xFF, 0x00, 0x00, 0x00, 0x00, 0x02, 0x00, 0x03, 0x00,
        0x02, 0x00, 0x02, 0x00, 0x01, 0x00, 0x00, 0x00, 0x00, 0x00, 0xFF, 0xFF, 0xFE, 0xFF, 0xFE, 0xFF,
        0xFD, 0xFF, 0xFC, 0xFF, 0xFD, 0xFF, 0xFD, 0xFF, 0xFD, 0xFF, 0xFD, 0xFF, 0xFE, 0xFF, 0x01, 0x00,
        0x01, 0x00, 0x02, 0x00, 0x03, 0x00, 0x02, 0x00, 0x01, 0x00, 0x00, 0x00, 0xFD, 0xFF, 0xFC, 0xFF,
        0xFC, 0xFF, 0xFD, 0xFF, 0xFD, 0xFF, 0xFC, 0xFF, 0xFB, 0xFF, 0xFC, 0xFF, 0xFC, 0xFF, 0xFE, 0xFF,
        0xFE, 0xFF, 0xFF, 0xFF, 0x00, 0x00, 0x01, 0x00, 0x03, 0x00, 0x02, 0x00, 0xFF, 0xFF, 0x00, 0x00,
        0xFE, 0xFF, 0xFC, 0xFF, 0xFC, 0xFF, 0xF9, 0xFF, 0xFB, 0xFF, 0xFD, 0xFF, 0xFB, 0xFF, 0xFC, 0xFF,
        0xFF, 0xFF, 0xFE, 0xFF, 0xFF, 0xFF, 0x02, 0x00, 0x01, 0x00, 0x03, 0x00, 0x04, 0x00, 0x02, 0x00,
        0x00, 0x00, 0xFF, 0xFF, 0xFE, 0xFF, 0xFE, 0xFF, 0xFE, 0xFF, 0xFE, 0xFF, 0xFD, 0xFF, 0xFC, 0xFF,
        0xFD, 0xFF, 0xFD, 0xFF, 0xFD, 0xFF, 0xFD, 0xFF, 0xFD, 0xFF, 0x00, 0x00, 0x00, 0x00, 0xFE, 0xFF,
        0x01, 0x00, 0x02, 0x00, 0xFF, 0xFF, 0x00, 0x00, 0x00, 0x00, 0xFC, 0xFF, 0xFB, 0xFF, 0xFC, 0xFF,
        0xFB, 0xFF, 0xFB, 0xFF, 0xFB, 0xFF, 0xFB, 0xFF, 0xFD, 0xFF, 0xFE, 0xFF, 0xFE, 0xFF, 0x01, 0x00,
        0x01, 0x00, 0x00, 0x00, 0x01, 0x00, 0x01, 0x00, 0x00, 0x00, 0xFF, 0xFF, 0xFE, 0xFF, 0x00, 0x00,
        0xFE, 0xFF, 0xFA, 0xFF, 0xFB, 0xFF, 0xFB, 0xFF, 0xFB, 0xFF, 0xFD, 0xFF, 0xFE, 0xFF, 0xFF, 0xFF,
        0xFF, 0xFF, 0xFD, 0xFF, 0xFF, 0xFF, 0x00, 0x00, 0x00, 0x00, 0x01, 0x00, 0xFF, 0xFF, 0xFD, 0xFF,
        0xFE, 0xFF, 0xFE, 0xFF, 0xFD, 0xFF, 0xFE, 0xFF, 0xFD, 0xFF, 0xFB, 0xFF, 0xFC, 0xFF, 0xFD, 0xFF,
        0xFB, 0xFF, 0xFD, 0xFF, 0x00, 0x00, 0x00, 0x00, 0xFF, 0xFF, 0x00, 0x00, 0x02, 0x00, 0x02, 0x00,
        0x02, 0x00, 0x01, 0x00, 0x00, 0x00, 0xFE, 0xFF, 0xFE, 0xFF, 0xFF, 0xFF, 0xFD, 0xFF, 0xFD, 0xFF,
        0xFE, 0xFF, 0xFE, 0xFF, 0xFD, 0xFF, 0xFD, 0xFF, 0xFE, 0xFF, 0xFE, 0xFF, 0xFF, 0xFF, 0x01, 0x00,
        0x02, 0x00, 0x01, 0x00, 0x01, 0x00, 0xFF, 0xFF, 0xFE, 0xFF, 0xFE, 0xFF, 0xFD, 0xFF, 0xFD, 0xFF,
        0xFC, 0xFF, 0xFA, 0xFF, 0xFC, 0xFF, 0xFE, 0xFF, 0xFC, 0xFF, 0xFC, 0xFF, 0xFD, 0xFF, 0xFF, 0xFF,
        0x00, 0x00, 0x00, 0x00, 0x01, 0x00, 0x02, 0x00, 0x01, 0x00, 0xFF, 0xFF, 0xFE, 0xFF, 0xFD, 0xFF,
        0xFE, 0xFF, 0xFB, 0xFF, 0xFB, 0xFF, 0xFE, 0xFF, 0xFD, 0xFF, 0xFC, 0xFF, 0xFC, 0xFF, 0xFE, 0xFF,
        0x00, 0x00, 0xFE, 0xFF, 0xFF, 0xFF, 0x02, 0x00, 0x01, 0x00, 0x01, 0x00, 0x02, 0x00, 0x00, 0x00,
        0xFF, 0xFF, 0xFD, 0xFF, 0xFB, 0xFF, 0xFD, 0xFF, 0xFC, 0xFF, 0xFB, 0xFF, 0xFD, 0xFF, 0xFC, 0xFF,
        0xFB, 0xFF, 0xFF, 0xFF, 0xFF, 0xFF, 0xFD, 0xFF, 0xFE, 0xFF, 0x00, 0x00, 0x00, 0x00, 0xFE, 0xFF,
        0xFD, 0xFF, 0x00, 0x00, 0xFE, 0xFF, 0xF9, 0xFF, 0xFB, 0xFF, 0xFC, 0xFF, 0xF9, 0xFF, 0xF9, 0xFF,
        0xFA, 0xFF, 0xF9, 0xFF, 0xFD, 0xFF, 0xFE, 0xFF, 0xFD, 0xFF, 0xFF, 0xFF, 0xFF, 0xFF, 0xFF, 0xFF,
        0x02, 0x00, 0xFF, 0xFF, 0xFE, 0xFF, 0x00, 0x00, 0xFD, 0xFF, 0xFA, 0xFF, 0xFB, 0xFF, 0xFA, 0xFF,
        0xFA, 0xFF, 0xFC, 0xFF, 0xFB, 0xFF, 0xFA, 0xFF, 0xFC, 0xFF, 0x00, 0x00, 0xFF, 0xFF, 0xFF, 0xFF,
        0xFF, 0xFF, 0xFF, 0xFF, 0xFF, 0xFF, 0x01, 0x00, 0x00, 0x00, 0xFE, 0xFF, 0xFD, 0xFF, 0xFC, 0xFF,
        0xFD, 0xFF, 0xFC, 0xFF, 0xFB, 0xFF, 0xFC, 0xFF, 0xFC, 0xFF, 0xFD, 0xFF, 0xFE, 0xFF, 0xFE, 0xFF,
        0xFD, 0xFF, 0xFD, 0xFF, 0x01, 0x00, 0x02, 0x00, 0x01, 0x00, 0x01, 0x00, 0x00, 0x00, 0xFE, 0xFF,
        0xFE, 0xFF, 0xFF, 0xFF, 0xFE, 0xFF, 0xFC, 0xFF, 0xFB, 0xFF, 0xFC, 0xFF, 0xFD, 0xFF, 0xFE, 0xFF,
        0xFD, 0xFF, 0xFE, 0xFF, 0x00, 0x00, 0xFF, 0xFF, 0x00, 0x00, 0x01, 0x00, 0x00, 0x00, 0x01, 0x00,
        0x00, 0x00, 0xFC, 0xFF, 0xFC, 0xFF, 0xFE, 0xFF, 0xFC, 0xFF, 0xFA, 0xFF, 0xF9, 0xFF, 0xF9, 0xFF,
        0xFC, 0xFF, 0xFC, 0xFF, 0xFC, 0xFF, 0xFD, 0xFF, 0xFC, 0xFF, 0xFE, 0xFF, 0x01, 0x00, 0xFE, 0xFF,
        0xFD, 0xFF, 0xFF, 0xFF, 0xFE, 0xFF, 0xFE, 0xFF, 0xFE, 0xFF, 0xFC, 0xFF, 0xFB, 0xFF, 0xF9, 0xFF,
        0xF9, 0xFF, 0xFB, 0xFF, 0xFA, 0xFF, 0xFC, 0xFF, 0xFD, 0xFF, 0xFA, 0xFF, 0xFB, 0xFF, 0xFF, 0xFF,
        0x00, 0x00, 0xFF, 0xFF, 0xFF, 0xFF, 0x00, 0x00, 0x01, 0x00, 0xFF, 0xFF, 0xFE, 0xFF, 0xFE, 0xFF,
        0xFD, 0xFF, 0xFD, 0xFF, 0xFD, 0xFF, 0xFC, 0xFF, 0xFC, 0xFF, 0xFD, 0xFF, 0xFF, 0xFF, 0x00, 0x00,
        0xFE, 0xFF, 0xFF, 0xFF, 0x01, 0x00, 0x01, 0x00, 0x02, 0x00, 0x02, 0x00, 0x02, 0x00, 0x02, 0x00,
        0xFF, 0xFF, 0xFD, 0xFF, 0xFD, 0xFF, 0xFC, 0xFF, 0xFC, 0xFF, 0xFC, 0xFF, 0xFA, 0xFF, 0xFB, 0xFF,
        0xFD, 0xFF, 0xFD, 0xFF, 0xFE, 0xFF, 0xFE, 0xFF, 0xFE, 0xFF, 0x00, 0x00, 0xFF, 0xFF, 0xFE, 0xFF,
        0x00, 0x00, 0x00, 0x00, 0xFE, 0xFF, 0xFD, 0xFF, 0xFB, 0xFF, 0xFB, 0xFF, 0xFC, 0xFF, 0xFA, 0xFF,
        0xF9, 0xFF, 0xFA, 0xFF, 0xFD, 0xFF, 0xFF, 0xFF, 0xFF, 0xFF, 0xFF, 0xFF, 0x00, 0x00, 0x02, 0x00,
        0x03, 0x00, 0x01, 0x00, 0x00, 0x00, 0x00, 0x00, 0xFF, 0xFF, 0xFF, 0xFF, 0xFE, 0xFF, 0xFD, 0xFF,
        0xFC, 0xFF, 0xFB, 0xFF, 0xFB, 0xFF, 0xFD, 0xFF, 0xFE, 0xFF, 0x00, 0x00, 0x01, 0x00, 0x01, 0x00,
        0x03, 0x00, 0x02, 0x00, 0x01, 0x00, 0x03, 0x00, 0x02, 0x00, 0x00, 0x00, 0x01, 0x00, 0xFF, 0xFF,
        0xFC, 0xFF, 0xFD, 0xFF, 0xFD, 0xFF, 0xFC, 0xFF, 0xFC, 0xFF, 0xFC, 0xFF, 0xFE, 0xFF, 0xFF, 0xFF,
        0xFF, 0xFF, 0x00, 0x00, 0x01, 0x00, 0x00, 0x00, 0xFF, 0xFF, 0xFF, 0xFF, 0xFD, 0xFF, 0x00, 0x00,
        0x00, 0x00, 0xFB, 0xFF, 0xFA, 0xFF, 0xFC, 0xFF, 0xFA, 0xFF, 0xF9, 0xFF, 0xFB, 0xFF, 0xFC, 0xFF,
        0xFD, 0xFF, 0xFF, 0xFF, 0xFF, 0xFF, 0xFE, 0xFF, 0xFF, 0xFF, 0x01, 0x00, 0x01, 0x00, 0xFF, 0xFF,
        0xFE, 0xFF, 0xFD, 0xFF, 0xFC, 0xFF, 0xFC, 0xFF, 0xFC, 0xFF, 0xFC, 0xFF, 0xFC, 0xFF, 0xFA, 0xFF,
        0xFA, 0xFF, 0xFB, 0xFF, 0xFC, 0xFF, 0xFC, 0xFF, 0xFE, 0xFF, 0x00, 0x00, 0xFF, 0xFF, 0xFF, 0xFF,
        0x00, 0x00, 0xFE, 0xFF, 0xFF, 0xFF, 0x02, 0x00, 0x00, 0x00, 0xFD, 0xFF, 0xFC, 0xFF, 0xFB, 0xFF,
        0xFA, 0xFF, 0xFC, 0xFF, 0xFC, 0xFF, 0xFD, 0xFF, 0xFD, 0xFF, 0x00, 0x00, 0x01, 0x00, 0xFF, 0xFF,
        0x00, 0x00, 0x03, 0x00, 0x02, 0x00, 0xFF, 0xFF, 0x01, 0x00, 0x01, 0x00, 0x00, 0x00, 0xFE, 0xFF,
        0xFB, 0xFF, 0xFA, 0xFF, 0xFB, 0xFF, 0xFA, 0xFF, 0xFA, 0xFF, 0xFB, 0xFF, 0xFB, 0xFF, 0xFC, 0xFF,
        0xFE, 0xFF, 0xFD, 0xFF, 0xFE, 0xFF, 0x00, 0x00, 0x01, 0x00, 0x01, 0x00, 0xFE, 0xFF, 0xFD, 0xFF,
        0xFE, 0xFF, 0xFB, 0xFF, 0xF9, 0xFF, 0xFB, 0xFF, 0xFA, 0xFF, 0xFB, 0xFF, 0xFE, 0xFF, 0xFB, 0xFF,
        0xFC, 0xFF, 0xFF, 0xFF, 0xFE, 0xFF, 0xFF, 0xFF, 0x00, 0x00, 0xFF, 0xFF, 0xFF, 0xFF, 0xFF, 0xFF,
        0xFE, 0xFF, 0x00, 0x00, 0xFF, 0xFF, 0xFC, 0xFF, 0xFC, 0xFF, 0xFB, 0xFF, 0xFA, 0xFF, 0xFA, 0xFF,
        0xFA, 0xFF, 0xFB, 0xFF, 0xFD, 0xFF, 0xFC, 0xFF, 0xFD, 0xFF, 0x00, 0x00, 0x00, 0x00, 0x02, 0x00,
        0x03, 0x00, 0x00, 0x00, 0xFF, 0xFF, 0x00, 0x00, 0xFF, 0xFF, 0xFC, 0xFF, 0xFC, 0xFF, 0xFD, 0xFF,
        0xFC, 0xFF, 0xFA, 0xFF, 0xFA, 0xFF, 0xFC, 0xFF, 0xFD, 0xFF, 0xFD, 0xFF, 0xFE, 0xFF, 0xFF, 0xFF,
        0x00, 0x00, 0x00, 0x00, 0x00, 0x00, 0x01, 0x00, 0x01, 0x00, 0xFF, 0xFF, 0xFD, 0xFF, 0xFC, 0xFF,
        0xFB, 0xFF, 0xF9, 0xFF, 0xF9, 0xFF, 0xF9, 0xFF, 0xFA, 0xFF, 0xFB, 0xFF, 0xFD, 0xFF, 0xFD, 0xFF,
        0xFD, 0xFF, 0xFF, 0xFF, 0x00, 0x00, 0x00, 0x00, 0xFE, 0xFF, 0xFD, 0xFF, 0xFF, 0xFF, 0xFE, 0xFF,
        0xFC, 0xFF, 0xFC, 0xFF, 0xFB, 0xFF, 0xFA, 0xFF, 0xF9, 0xFF, 0xFA, 0xFF, 0xFB, 0xFF, 0xFA, 0xFF,
        0xFB, 0xFF, 0xFF, 0xFF, 0xFF, 0xFF, 0xFD, 0xFF, 0x01, 0x00, 0x01, 0x00, 0xFF, 0xFF, 0x00, 0x00,
        0x01, 0x00, 0xFE, 0xFF, 0xFD, 0xFF, 0xFB, 0xFF, 0xFB, 0xFF, 0xFB, 0xFF, 0xFB, 0xFF, 0xFA, 0xFF,
        0xF9, 0xFF, 0xFB, 0xFF, 0xFF, 0xFF, 0x00, 0x00, 0xFE, 0xFF, 0x00, 0x00, 0x01, 0x00, 0xFF, 0xFF,
        0xFF, 0xFF, 0xFF, 0xFF, 0xFF, 0xFF, 0xFE, 0xFF, 0xFC, 0xFF, 0xFD, 0xFF, 0xFC, 0xFF, 0xFA, 0xFF,
        0xFB, 0xFF, 0xFB, 0xFF, 0xF9, 0xFF, 0xFA, 0xFF, 0xFD, 0xFF, 0xFD, 0xFF, 0xFD, 0xFF, 0xFD, 0xFF,
        0xFF, 0xFF, 0x00, 0x00, 0x00, 0x00, 0xFF, 0xFF, 0xFF, 0xFF, 0xFC, 0xFF, 0xFA, 0xFF, 0xFA, 0xFF,
        0xFA, 0xFF, 0xFA, 0xFF, 0xFA, 0xFF, 0xF8, 0xFF, 0xF9, 0xFF, 0xFB, 0xFF, 0xFB, 0xFF, 0xFC, 0xFF,
        0xFD, 0xFF, 0xFE, 0xFF, 0xFE, 0xFF, 0xFC, 0xFF, 0xFD, 0xFF, 0xFF, 0xFF, 0xFD, 0xFF, 0xFB, 0xFF,
        0xFB, 0xFF, 0xFA, 0xFF, 0xF9, 0xFF, 0xF8, 0xFF, 0xFA, 0xFF, 0xFD, 0xFF, 0xFB, 0xFF, 0xF9, 0xFF,
        0xFC, 0xFF, 0xFE, 0xFF, 0xFF, 0xFF, 0x00, 0x00, 0x01, 0x00, 0x00, 0x00, 0x00, 0x00, 0xFF, 0xFF,
        0x00, 0x00, 0x00, 0x00, 0xFD, 0xFF, 0xFC, 0xFF, 0xFD, 0xFF, 0xFB, 0xFF, 0xFA, 0xFF, 0xFA, 0xFF,
        0xFA, 0xFF, 0xFB, 0xFF, 0xFD, 0xFF, 0xFF, 0xFF, 0x00, 0x00, 0xFF, 0xFF, 0xFF, 0xFF, 0x00, 0x00,
        0xFF, 0xFF, 0xFE, 0xFF, 0xFE, 0xFF, 0xFC, 0xFF, 0xFC, 0xFF, 0xFE, 0xFF, 0xFC, 0xFF, 0xFA, 0xFF,
        0xF9, 0xFF, 0xFB, 0xFF, 0xFC, 0xFF, 0xFC, 0xFF, 0xFA, 0xFF, 0xFB, 0xFF, 0xFD, 0xFF, 0xFE, 0xFF,
        0xFF, 0xFF, 0x00, 0x00, 0x01, 0x00, 0x00, 0x00, 0xFC, 0xFF, 0xFB, 0xFF, 0xFD, 0xFF, 0xFC, 0xFF,
        0xFA, 0xFF, 0xF9, 0xFF, 0xF8, 0xFF, 0xF6, 0xFF, 0xF7, 0xFF, 0xFB, 0xFF, 0xFB, 0xFF, 0xFB, 0xFF,
        0xFE, 0xFF, 0x00, 0x00, 0x01, 0x00, 0xFF, 0xFF, 0xFE, 0xFF, 0x00, 0x00, 0x01, 0x00, 0xFD, 0xFF,
        0xFA, 0xFF, 0xFB, 0xFF, 0xFB, 0xFF, 0xF9, 0xFF, 0xF9, 0xFF, 0xFB, 0xFF, 0xFD, 0xFF, 0xFC, 0xFF,
        0xFC, 0xFF, 0xFE, 0xFF, 0x00, 0x00, 0xFF, 0xFF, 0xFE, 0xFF, 0xFF, 0xFF, 0x01, 0x00, 0x00, 0x00,
        0xFE, 0xFF, 0xFE, 0xFF, 0xFF, 0xFF, 0xFB, 0xFF, 0xFA, 0xFF, 0xFC, 0xFF, 0xFC, 0xFF, 0xFA, 0xFF,
        0xFB, 0xFF, 0xFC, 0xFF, 0xFC, 0xFF, 0xFD, 0xFF, 0xFF, 0xFF, 0xFF, 0xFF, 0xFE, 0xFF, 0x01, 0x00,
        0x02, 0x00, 0xFF, 0xFF, 0xFD, 0xFF, 0xFD, 0xFF, 0xFC, 0xFF, 0xFB, 0xFF, 0xFB, 0xFF, 0xFA, 0xFF,
        0xF9, 0xFF, 0xF9, 0xFF, 0xF9, 0xFF, 0xFA, 0xFF, 0xFC, 0xFF, 0xFC, 0xFF, 0xFD, 0xFF, 0x00, 0x00,
        0x00, 0x00, 0xFE, 0xFF, 0xFE, 0xFF, 0xFD, 0xFF, 0xFC, 0xFF, 0xFC, 0xFF, 0xFB, 0xFF, 0xF9, 0xFF,
        0xF8, 0xFF, 0xF9, 0xFF, 0xF8, 0xFF, 0xF7, 0xFF, 0xFB, 0xFF, 0xFC, 0xFF, 0xFA, 0xFF, 0xFD, 0xFF,
        0x00, 0x00, 0xFF, 0xFF, 0xFF, 0xFF, 0x00, 0x00, 0x00, 0x00, 0xFF, 0xFF, 0xFE, 0xFF, 0xFE, 0xFF,
        0xFF, 0xFF, 0xFF, 0xFF, 0xFB, 0xFF, 0xF9, 0xFF, 0xFC, 0xFF, 0xFE, 0xFF, 0xFC, 0xFF, 0xFC, 0xFF,
        0xFE, 0xFF, 0xFF, 0xFF, 0xFF, 0xFF, 0xFF, 0xFF, 0xFF, 0xFF, 0xFF, 0xFF, 0x00, 0x00, 0x00, 0x00,
        0xFE, 0xFF, 0xFE, 0xFF, 0xFF, 0xFF, 0xFE, 0xFF, 0xFB, 0xFF, 0xFB, 0xFF, 0xFD, 0xFF, 0xFE, 0xFF,
        0xFD, 0xFF, 0xFE, 0xFF, 0xFE, 0xFF, 0xFD, 0xFF, 0xFF, 0xFF, 0x00, 0x00, 0x00, 0x00, 0x01, 0x00,
        0xFF, 0xFF, 0xFE, 0xFF, 0xFF, 0xFF, 0xFC, 0xFF, 0xFB, 0xFF, 0xFC, 0xFF, 0xFB, 0xFF, 0xFB, 0xFF,
        0xFA, 0xFF, 0xF9, 0xFF, 0xFB, 0xFF, 0xFB, 0xFF, 0xFB, 0xFF, 0xFD, 0xFF, 0xFE, 0xFF, 0xFF, 0xFF,
        0xFF, 0xFF, 0xFE, 0xFF, 0x00, 0x00, 0x00, 0x00, 0xFD, 0xFF, 0xFD, 0xFF, 0xFD, 0xFF, 0xF9, 0xFF,
        0xF8, 0xFF, 0xFA, 0xFF, 0xFA, 0xFF, 0xFA, 0xFF, 0xFB, 0xFF, 0xFE, 0xFF, 0xFE, 0xFF, 0xFD, 0xFF,
        0xFE, 0xFF, 0x02, 0x00, 0x02, 0x00, 0x00, 0x00, 0x01, 0x00, 0x02, 0x00, 0x01, 0x00, 0xFF, 0xFF,
        0xFC, 0xFF, 0xFD, 0xFF, 0xFD, 0xFF, 0xFB, 0xFF, 0xFB, 0xFF, 0xFE, 0xFF, 0xFE, 0xFF, 0xFE, 0xFF,
        0xFE, 0xFF, 0xFF, 0xFF, 0x01, 0x00, 0x01, 0x00, 0x00, 0x00, 0x00, 0x00, 0x01, 0x00, 0xFF, 0xFF,
        0xFE, 0xFF, 0xFC, 0xFF, 0xFA, 0xFF, 0xFA, 0xFF, 0xFC, 0xFF, 0xFB, 0xFF, 0xF9, 0xFF, 0xFB, 0xFF,
        0xFB, 0xFF, 0xFA, 0xFF, 0xFB, 0xFF, 0xFD, 0xFF, 0xFE, 0xFF, 0xFB, 0xFF, 0xFE, 0xFF, 0x02, 0x00,
        0xFE, 0xFF, 0xFC, 0xFF, 0xFE, 0xFF, 0xFC, 0xFF, 0xFA, 0xFF, 0xFB, 0xFF, 0xF8, 0xFF, 0xF7, 0xFF,
        0xFA, 0xFF, 0xF9, 0xFF, 0xF9, 0xFF, 0xFB, 0xFF, 0xFD, 0xFF, 0xFF, 0xFF, 0xFE, 0xFF, 0xFD, 0xFF,
        0xFF, 0xFF, 0x01, 0x00, 0x00, 0x00, 0x00, 0x00, 0xFD, 0xFF, 0xFB, 0xFF, 0xFE, 0xFF, 0xFF, 0xFF,
        0xFC, 0xFF, 0xFB, 0xFF, 0xFA, 0xFF, 0xF9, 0xFF, 0xFC, 0xFF, 0xFD, 0xFF, 0xFD, 0xFF, 0xFF, 0xFF,
        0xFF, 0xFF, 0x00, 0x00, 0x01, 0x00, 0x00, 0x00, 0xFF, 0xFF, 0x00, 0x00, 0x00, 0x00, 0x00, 0x00,
        0xFE, 0xFF, 0xFB, 0xFF, 0xFB, 0xFF, 0xFB, 0xFF, 0xF9, 0xFF, 0xFB, 0xFF, 0xFB, 0xFF, 0xFC, 0xFF,
        0xFD, 0xFF, 0xFE, 0xFF, 0x00, 0x00, 0x01, 0x00, 0xFF, 0xFF, 0xFD, 0xFF, 0xFE, 0xFF, 0xFF, 0xFF,
        0xFF, 0xFF, 0xFD, 0xFF, 0xFC, 0xFF, 0xFB, 0xFF, 0xF9, 0xFF, 0xF9, 0xFF, 0xFD, 0xFF, 0xFC, 0xFF,
        0xFA, 0xFF, 0xFE, 0xFF, 0xFE, 0xFF, 0xFD, 0xFF, 0xFF, 0xFF, 0x01, 0x00, 0xFF, 0xFF, 0x00, 0x00,
        0x01, 0x00, 0xFF, 0xFF, 0xFD, 0xFF, 0xFD, 0xFF, 0xFC, 0xFF, 0xFC, 0xFF, 0xFD, 0xFF, 0xFC, 0xFF,
        0xFA, 0xFF, 0xFB, 0xFF, 0xFE, 0xFF, 0xFE, 0xFF, 0xFE, 0xFF, 0x02, 0x00, 0x03, 0x00, 0xFF, 0xFF,
        0xFF, 0xFF, 0x02, 0x00, 0x00, 0x00, 0xFE, 0xFF, 0x00, 0x00, 0x00, 0x00, 0xFE, 0xFF, 0xFC, 0xFF,
        0xFD, 0xFF, 0xFE, 0xFF, 0xFC, 0xFF, 0xFB, 0xFF, 0xFD, 0xFF, 0xFE, 0xFF, 0xFE, 0xFF, 0x00, 0x00,
        0x02, 0x00, 0x02, 0x00, 0x00, 0x00, 0xFE, 0xFF, 0x01, 0x00, 0x03, 0x00, 0xFF, 0xFF, 0xFC, 0xFF,
        0xFE, 0xFF, 0xFF, 0xFF, 0xFD, 0xFF, 0xFB, 0xFF, 0xFB, 0xFF, 0xFB, 0xFF, 0xFD, 0xFF, 0xFE, 0xFF,
        0xFE, 0xFF, 0x00, 0x00, 0x01, 0x00, 0xFF, 0xFF, 0x00, 0x00, 0x03, 0x00, 0x03, 0x00, 0x01, 0x00,
        0xFF, 0xFF, 0xFD, 0xFF, 0xFE, 0xFF, 0xFC, 0xFF, 0xFB, 0xFF, 0xFC, 0xFF, 0xFB, 0xFF, 0xFB, 0xFF,
        0xFC, 0xFF, 0xFA, 0xFF, 0xFC, 0xFF, 0xFF, 0xFF, 0xFE, 0xFF, 0xFE, 0xFF, 0xFF, 0xFF, 0x01, 0x00,
        0x04, 0x00, 0x01, 0x00, 0xFF, 0xFF, 0xFF, 0xFF, 0xFE, 0xFF, 0xFF, 0xFF, 0xFE, 0xFF, 0xFC, 0xFF,
        0xFE, 0xFF, 0xFD, 0xFF, 0xFC, 0xFF, 0xFE, 0xFF, 0xFE, 0xFF, 0x00, 0x00, 0x03, 0x00, 0x01, 0x00,
        0x01, 0x00, 0x03, 0x00, 0x00, 0x00, 0x00, 0x00, 0x02, 0x00, 0xFF, 0xFF, 0xFE, 0xFF, 0xFF, 0xFF,
        0xFE, 0xFF, 0xFD, 0xFF, 0xFD, 0xFF, 0xFC, 0xFF, 0xFE, 0xFF, 0x00, 0x00, 0xFE, 0xFF, 0xFE, 0xFF,
        0x00, 0x00, 0x01, 0x00, 0x01, 0x00, 0x00, 0x00, 0xFE, 0xFF, 0xFF, 0xFF, 0x00, 0x00, 0xFD, 0xFF,
        0xFB, 0xFF, 0xFD, 0xFF, 0xFF, 0xFF, 0xFB, 0xFF, 0xFB, 0xFF, 0xFF, 0xFF, 0xFE, 0xFF, 0xFD, 0xFF,
        0xFF, 0xFF, 0xFE, 0xFF, 0xFF, 0xFF, 0x01, 0x00, 0x00, 0x00, 0x01, 0x00, 0x01, 0x00, 0xFF, 0xFF,
        0xFF, 0xFF, 0xFF, 0xFF, 0xFD, 0xFF, 0xFD, 0xFF, 0xFC, 0xFF, 0xFD, 0xFF, 0xFE, 0xFF, 0xFD, 0xFF,
        0xFD, 0xFF, 0xFF, 0xFF, 0x00, 0x00, 0x01, 0x00, 0x01, 0x00, 0x01, 0x00, 0x02, 0x00, 0x01, 0x00,
        0x02, 0x00, 0x04, 0x00, 0x02, 0x00, 0x01, 0x00, 0x02, 0x00, 0x01, 0x00, 0xFD, 0xFF, 0xFC, 0xFF,
        0xFF, 0xFF, 0x00, 0x00, 0x00, 0x00, 0xFF, 0xFF, 0x00, 0x00, 0x01, 0x00, 0x00, 0x00, 0x01, 0x00,
        0x04, 0x00, 0x03, 0x00, 0x03, 0x00, 0x03, 0x00, 0x00, 0x00, 0x00, 0x00, 0x00, 0x00, 0xFB, 0xFF,
        0xFB, 0xFF, 0xFF, 0xFF, 0xFE, 0xFF, 0xFD, 0xFF, 0x00, 0x00, 0x01, 0x00, 0xFF, 0xFF, 0x00, 0x00,
        0x01, 0x00, 0x01, 0x00, 0x02, 0x00, 0x02, 0x00, 0x01, 0x00, 0x02, 0x00, 0x01, 0x00, 0xFD, 0xFF,
        0xFD, 0xFF, 0xFE, 0xFF, 0xFC, 0xFF, 0xFC, 0xFF, 0xFD, 0xFF, 0xFD, 0xFF, 0xFD, 0xFF, 0xFF, 0xFF,
        0x00, 0x00, 0xFF, 0xFF, 0x01, 0x00, 0x02, 0x00, 0x00, 0x00, 0x01, 0x00, 0x02, 0x00, 0x01, 0x00,
        0x02, 0x00, 0x01, 0x00, 0xFE, 0xFF, 0xFF, 0xFF, 0xFF, 0xFF, 0xFD, 0xFF, 0xFF, 0xFF, 0x00, 0x00,
        0xFF, 0xFF, 0xFF, 0xFF, 0x00, 0x00, 0x03, 0x00, 0x03, 0x00, 0x03, 0x00, 0x04, 0x00, 0x03, 0x00,
        0x02, 0x00, 0x02, 0x00, 0x01, 0x00, 0xFF, 0xFF, 0x01, 0x00, 0x00, 0x00, 0xFC, 0xFF, 0xFD, 0xFF,
        0xFE, 0xFF, 0xFC, 0xFF, 0xFF, 0xFF, 0x01, 0x00, 0x00, 0x00, 0x03, 0x00, 0x05, 0x00, 0x02, 0x00,
        0x03, 0x00, 0x05, 0x00, 0x02, 0x00, 0x01, 0x00, 0x00, 0x00, 0xFF, 0xFF, 0xFF, 0xFF, 0xFE, 0xFF,
        0xFE, 0xFF, 0xFD, 0xFF, 0xFC, 0xFF, 0xFF, 0xFF, 0x01, 0x00, 0x01, 0x00, 0x02, 0x00, 0x00, 0x00,
        0x01, 0x00, 0x04, 0x00, 0x01, 0x00, 0x02, 0x00, 0x04, 0x00, 0x00, 0x00, 0xFF, 0xFF, 0xFF, 0xFF,
        0xFD, 0xFF, 0xFC, 0xFF, 0xFC, 0xFF, 0xFD, 0xFF, 0xFF, 0xFF, 0xFE, 0xFF, 0xFF, 0xFF, 0xFF, 0xFF,
        0xFF, 0xFF, 0x01, 0x00, 0x02, 0x00, 0x01, 0x00, 0x04, 0x00, 0x04, 0x00, 0x02, 0x00, 0x01, 0x00,
        0x00, 0x00, 0x00, 0x00, 0x00, 0x00, 0xFF, 0xFF, 0x00, 0x00, 0x00, 0x00, 0xFD, 0xFF, 0xFD, 0xFF,
        0xFF, 0xFF, 0x03, 0x00, 0x04, 0x00, 0x02, 0x00, 0x03, 0x00, 0x05, 0x00, 0x04, 0x00, 0x03, 0x00,
        0x04, 0x00, 0x03, 0x00, 0x02, 0x00, 0x02, 0x00, 0x00, 0x00, 0xFF, 0xFF, 0xFE, 0xFF, 0xFE, 0xFF,
        0xFE, 0xFF, 0xFE, 0xFF, 0x00, 0x00, 0x00, 0x00, 0xFF, 0xFF, 0x00, 0x00, 0x04, 0x00, 0x03, 0x00,
        0x02, 0x00, 0x03, 0x00, 0x01, 0x00, 0x00, 0x00, 0x02, 0x00, 0x01, 0x00, 0x00, 0x00, 0xFF, 0xFF,
        0xFE, 0xFF, 0xFC, 0xFF, 0xFD, 0xFF, 0xFF, 0xFF, 0xFE, 0xFF, 0xFD, 0xFF, 0xFE, 0xFF, 0x02, 0x00,
        0x04, 0x00, 0x03, 0x00, 0x03, 0x00, 0x04, 0x00, 0x03, 0x00, 0x02, 0x00, 0x02, 0x00, 0x01, 0x00,
        0x01, 0x00, 0x00, 0x00, 0xFD, 0xFF, 0xFF, 0xFF, 0xFF, 0xFF, 0xFD, 0xFF, 0xFF, 0xFF, 0xFF, 0xFF,
        0x00, 0x00, 0x04, 0x00, 0x03, 0x00, 0x03, 0x00, 0x04, 0x00, 0x04, 0x00, 0x03, 0x00, 0x03, 0x00,
        0x02, 0x00, 0x01, 0x00, 0x00, 0x00, 0x00, 0x00, 0x00, 0x00, 0xFF, 0xFF, 0x00, 0x00, 0x00, 0x00,
        0xFE, 0xFF, 0x00, 0x00, 0x02, 0x00, 0x03, 0x00, 0x05, 0x00, 0x03, 0x00, 0x01, 0x00, 0x03, 0x00,
        0x03, 0x00, 0x03, 0x00, 0x03, 0x00, 0x01, 0x00, 0x00, 0x00, 0x00, 0x00, 0xFF, 0xFF, 0x00, 0x00,
        0x01, 0x00, 0xFF, 0xFF, 0x00, 0x00, 0x01, 0x00, 0x01, 0x00, 0x03, 0x00, 0x04, 0x00, 0x03, 0x00,
        0x04, 0x00, 0x05, 0x00, 0x03, 0x00, 0x00, 0x00, 0x00, 0x00, 0xFF, 0xFF, 0xFD, 0xFF, 0xFE, 0xFF,
        0xFF, 0xFF, 0xFF, 0xFF, 0xFE, 0xFF, 0xFF, 0xFF, 0x01, 0x00, 0x01, 0x00, 0x00, 0x00, 0x00, 0x00,
        0x01, 0x00, 0x03, 0x00, 0x05, 0x00, 0x04, 0x00, 0x04, 0x00, 0x04, 0x00, 0x03, 0x00, 0x02, 0x00,
        0x01, 0x00, 0xFF, 0xFF, 0xFF, 0xFF, 0xFF, 0xFF, 0xFF, 0xFF, 0x00, 0x00, 0x01, 0x00, 0x01, 0x00,
        0x03, 0x00, 0x04, 0x00, 0x04, 0x00, 0x05, 0x00, 0x06, 0x00, 0x05, 0x00, 0x06, 0x00, 0x05, 0x00,
        0x01, 0x00, 0x03, 0x00, 0x02, 0x00, 0xFF, 0xFF, 0x00, 0x00, 0x00, 0x00, 0x01, 0x00, 0x01, 0x00,
        0x01, 0x00, 0x03, 0x00, 0x03, 0x00, 0x01, 0x00, 0x03, 0x00, 0x04, 0x00, 0x03, 0x00, 0x04, 0x00,
        0x03, 0x00, 0x01, 0x00, 0x01, 0x00, 0x00, 0x00, 0x01, 0x00, 0x01, 0x00, 0xFD, 0xFF, 0xFE, 0xFF,
        0xFF, 0xFF, 0xFF, 0xFF, 0x02, 0x00, 0x02, 0x00, 0x01, 0x00, 0x01, 0x00, 0x01, 0x00, 0x02, 0x00,
        0x04, 0x00, 0x03, 0x00, 0x02, 0x00, 0x03, 0x00, 0x01, 0x00, 0x00, 0x00, 0x00, 0x00, 0x01, 0x00,
        0x00, 0x00, 0xFF, 0xFF, 0xFF, 0xFF, 0x00, 0x00, 0x01, 0x00, 0x01, 0x00, 0x01, 0x00, 0x01, 0x00,
        0x02, 0x00, 0x04, 0x00, 0x04, 0x00, 0x03, 0x00, 0x03, 0x00, 0x02, 0x00, 0x03, 0x00, 0x05, 0x00,
        0x01, 0x00, 0xFF, 0xFF, 0x01, 0x00, 0x00, 0x00, 0x00, 0x00, 0x02, 0x00, 0x01, 0x00, 0x02, 0x00,
        0x03, 0x00, 0x00, 0x00, 0x03, 0x00, 0x05, 0x00, 0x02, 0x00, 0x02, 0x00, 0x02, 0x00, 0x01, 0x00,
        0x02, 0x00, 0x02, 0x00, 0x00, 0x00, 0x01, 0x00, 0x02, 0x00, 0x00, 0x00, 0xFF, 0xFF, 0x00, 0x00,
        0x03, 0x00, 0x01, 0x00, 0x00, 0x00, 0x02, 0x00, 0x03, 0x00, 0x03, 0x00, 0x04, 0x00, 0x03, 0x00,
        0x02, 0x00, 0x03, 0x00, 0x02, 0x00, 0x00, 0x00, 0xFF, 0xFF, 0xFD, 0xFF, 0xFF, 0xFF, 0x01, 0x00,
        0xFF, 0xFF, 0xFD, 0xFF, 0x00, 0x00, 0x00, 0x00, 0x00, 0x00, 0x03, 0x00, 0x04, 0x00, 0x04, 0x00,
        0x04, 0x00, 0x02, 0x00, 0x04, 0x00, 0x04, 0x00, 0x01, 0x00, 0x00, 0x00, 0x01, 0x00, 0xFF, 0xFF,
        0xFE, 0xFF, 0xFF, 0xFF, 0xFF, 0xFF, 0x01, 0x00, 0x01, 0x00, 0xFF, 0xFF, 0x00, 0x00, 0x04, 0x00,
        0x06, 0x00, 0x05, 0x00, 0x05, 0x00, 0x06, 0x00, 0x04, 0x00, 0x03, 0x00, 0x02, 0x00, 0x01, 0x00,
        0x01, 0x00, 0x00, 0x00, 0x00, 0x00, 0x02, 0x00, 0x00, 0x00, 0x00, 0x00, 0x02, 0x00, 0x02, 0x00,
        0x02, 0x00, 0x03, 0x00, 0x02, 0x00, 0x03, 0x00, 0x03, 0x00, 0x03, 0x00, 0x05, 0x00, 0x03, 0x00,
        0x00, 0x00, 0x01, 0x00, 0x00, 0x00, 0x00, 0x00, 0x01, 0x00, 0xFF, 0xFF, 0xFF, 0xFF, 0x00, 0x00,
        0xFE, 0xFF, 0x01, 0x00, 0x05, 0x00, 0x03, 0x00, 0x02, 0x00, 0x03, 0x00, 0x03, 0x00, 0x02, 0x00,
        0x02, 0x00, 0x03, 0x00, 0x02, 0x00, 0x01, 0x00, 0x02, 0x00, 0x01, 0x00, 0x00, 0x00, 0xFF, 0xFF,
        0xFE, 0xFF, 0xFF, 0xFF, 0xFF, 0xFF, 0x00, 0x00, 0x03, 0x00, 0x04, 0x00, 0x06, 0x00, 0x04, 0x00,
        0x00, 0x00, 0x04, 0x00, 0x07, 0x00, 0x01, 0x00, 0x01, 0x00, 0x04, 0x00, 0xFF, 0xFF, 0xFD, 0xFF,
        0xFF, 0xFF, 0xFF, 0xFF, 0xFF, 0xFF, 0xFE, 0xFF, 0xFF, 0xFF, 0x03, 0x00, 0x03, 0x00, 0x02, 0x00,
        0x03, 0x00, 0x03, 0x00, 0x03, 0x00, 0x05, 0x00, 0x05, 0x00, 0x03, 0x00, 0x02, 0x00, 0x01, 0x00,
        0x00, 0x00, 0x01, 0x00, 0x03, 0x00, 0x02, 0x00, 0x00, 0x00, 0x01, 0x00, 0x02, 0x00, 0x01, 0x00,
        0x01, 0x00, 0x03, 0x00, 0x05, 0x00, 0x04, 0x00, 0x05, 0x00, 0x07, 0x00, 0x06, 0x00, 0x05, 0x00,
        0x03, 0x00, 0x02, 0x00, 0x02, 0x00, 0xFF, 0xFF, 0xFE, 0xFF, 0xFF, 0xFF, 0xFF, 0xFF, 0x01, 0x00,
        0x03, 0x00, 0x02, 0x00, 0x02, 0x00, 0x03, 0x00, 0x03, 0x00, 0x07, 0x00, 0x05, 0x00, 0x02, 0x00,
        0x05, 0x00, 0x04, 0x00, 0x01, 0x00, 0x02, 0x00, 0x01, 0x00, 0xFF, 0xFF, 0x01, 0x00, 0x01, 0x00,
        0xFF, 0xFF, 0x00, 0x00, 0x02, 0x00, 0x02, 0x00, 0x02, 0x00, 0x05, 0x00, 0x07, 0x00, 0x05, 0x00,
        0x04, 0x00, 0x04, 0x00, 0x04, 0x00, 0x05, 0x00, 0x05, 0x00, 0x03, 0x00, 0x03, 0x00, 0x03, 0x00,
        0x03, 0x00, 0x03, 0x00, 0x01, 0x00, 0x02, 0x00, 0x04, 0x00, 0x03, 0x00, 0x03, 0x00, 0x04, 0x00,
        0x04, 0x00, 0x04, 0x00, 0x06, 0x00, 0x07, 0x00, 0x05, 0x00, 0x05, 0x00, 0x05, 0x00, 0x02, 0x00,
        0x01, 0x00, 0x03, 0x00, 0x01, 0x00, 0xFF, 0xFF, 0xFF, 0xFF, 0x01, 0x00, 0x03, 0x00, 0x04, 0x00,
        0x02, 0x00, 0x03, 0x00, 0x05, 0x00, 0x06, 0x00, 0x05, 0x00, 0x06, 0x00, 0x05, 0x00, 0x04, 0x00,
        0x03, 0x00, 0x01, 0x00, 0x02, 0x00, 0x04, 0x00, 0x00, 0x00, 0xFE, 0xFF, 0x00, 0x00, 0xFF, 0xFF,
        0x00, 0x00, 0x02, 0x00, 0x01, 0x00, 0x04, 0x00, 0x08, 0x00, 0x05, 0x00, 0x05, 0x00, 0x06, 0x00,
        0x04, 0x00, 0x04, 0x00, 0x03, 0x00, 0x02, 0x00, 0x01, 0x00, 0xFE, 0xFF, 0xFF, 0xFF, 0x02, 0x00,
        0xFF, 0xFF, 0x00, 0x00, 0x03, 0x00, 0x02, 0x00, 0x03, 0x00, 0x05, 0x00, 0x05, 0x00, 0x05, 0x00,
        0x04, 0x00, 0x04, 0x00, 0x05, 0x00, 0x05, 0x00, 0x04, 0x00, 0x02, 0x00, 0x01, 0x00, 0x02, 0x00,
        0x03, 0x00, 0x03, 0x00, 0x02, 0x00, 0x00, 0x00, 0x01, 0x00, 0x04, 0x00, 0x04, 0x00, 0x03, 0x00,
        0x04, 0x00, 0x04, 0x00, 0x02, 0x00, 0x03, 0x00, 0x05, 0x00, 0x04, 0x00, 0x01, 0x00, 0x02, 0x00,
        0xFF, 0xFF, 0xFF, 0xFF, 0x00, 0x00, 0xFD, 0xFF, 0xFE, 0xFF, 0x02, 0x00, 0x01, 0x00, 0x03, 0x00,
        0x05, 0x00, 0x03, 0x00, 0x04, 0x00, 0x06, 0x00, 0x04, 0x00, 0x04, 0x00, 0x04, 0x00, 0x02, 0x00,
        0x02, 0x00, 0x03, 0x00, 0x02, 0x00, 0xFE, 0xFF, 0x00, 0x00, 0x02, 0x00, 0x00, 0x00, 0x00, 0x00,
        0x03, 0x00, 0x04, 0x00, 0x03, 0x00, 0x05, 0x00, 0x07, 0x00, 0x06, 0x00, 0x04, 0x00, 0x05, 0x00,
        0x04, 0x00, 0x04, 0x00, 0x07, 0x00, 0x04, 0x00, 0x01, 0x00, 0x04, 0x00, 0x03, 0x00, 0x00, 0x00,
        0x03, 0x00, 0x04, 0x00, 0x03, 0x00, 0x03, 0x00, 0x04, 0x00, 0x05, 0x00, 0x04, 0x00, 0x04, 0x00,
        0x07, 0x00, 0x07, 0x00, 0x05, 0x00, 0x05, 0x00, 0x04, 0x00, 0x02, 0x00, 0x00, 0x00, 0x00, 0x00,
        0x01, 0x00, 0x01, 0x00, 0xFF, 0xFF, 0x00, 0x00, 0x02, 0x00, 0x02, 0x00, 0x03, 0x00, 0x03, 0x00,
        0x05, 0x00, 0x05, 0x00, 0x03, 0x00, 0x03, 0x00, 0x04, 0x00, 0x04, 0x00, 0x02, 0x00, 0x02, 0x00,
        0x03, 0x00, 0x02, 0x00, 0xFF, 0xFF, 0xFF, 0xFF, 0x00, 0x00, 0x00, 0x00, 0x01, 0x00, 0x01, 0x00,
        0x02, 0x00, 0x05, 0x00, 0x06, 0x00, 0x04, 0x00, 0x06, 0x00, 0x06, 0x00, 0x03, 0x00, 0x03, 0x00,
        0x04, 0x00, 0x02, 0x00, 0x01, 0x00, 0x02, 0x00, 0x01, 0x00, 0x01, 0x00, 0x03, 0x00, 0x02, 0x00,
        0x01, 0x00, 0x02, 0x00, 0x04, 0x00, 0x03, 0x00, 0x04, 0x00, 0x05, 0x00, 0x04, 0x00, 0x03, 0x00,
        0x03, 0x00, 0x02, 0x00, 0x00, 0x00, 0x01, 0x00, 0x02, 0x00, 0x02, 0x00, 0x01, 0x00, 0xFE, 0xFF,
        0x01, 0x00, 0x01, 0x00, 0xFF, 0xFF, 0x03, 0x00, 0x05, 0x00, 0x02, 0x00, 0x05, 0x00, 0x06, 0x00,
        0x03, 0x00, 0x05, 0x00, 0x04, 0x00, 0x01, 0x00, 0x04, 0x00, 0x02, 0x00, 0x00, 0x00, 0x02, 0x00,
        0xFF, 0xFF, 0xFD, 0xFF, 0x00, 0x00, 0x00, 0x00, 0xFF, 0xFF, 0x00, 0x00, 0x01, 0x00, 0x02, 0x00,
        0x02, 0x00, 0x03, 0x00, 0x03, 0x00, 0x02, 0x00, 0x02, 0x00, 0x02, 0x00, 0x00, 0x00, 0x01, 0x00,
        0x01, 0x00, 0x00, 0x00, 0xFF, 0xFF, 0x01, 0x00, 0x01, 0x00, 0x00, 0x00, 0x02, 0x00, 0x03, 0x00,
        0x01, 0x00, 0x03, 0x00, 0x06, 0x00, 0x05, 0x00, 0x04, 0x00, 0x04, 0x00, 0x03, 0x00, 0x05, 0x00,
        0x04, 0x00, 0x04, 0x00, 0x03, 0x00, 0x00, 0x00, 0x00, 0x00, 0x00, 0x00, 0xFF, 0xFF, 0x01, 0x00,
        0x03, 0x00, 0x03, 0x00, 0x04, 0x00, 0x04, 0x00, 0x05, 0x00, 0x05, 0x00, 0x04, 0x00, 0x05, 0x00,
        0x04, 0x00, 0x01, 0x00, 0x02, 0x00, 0x02, 0x00, 0x01, 0x00, 0x03, 0x00, 0x01, 0x00, 0xFF, 0xFF,
        0x01, 0x00, 0x01, 0x00, 0x03, 0x00, 0x04, 0x00, 0x02, 0x00, 0x02, 0x00, 0x04, 0x00, 0x05, 0x00,
        0x04, 0x00, 0x03, 0x00, 0x04, 0x00, 0x02, 0x00, 0xFF, 0xFF, 0x01, 0x00, 0x02, 0x00, 0x00, 0x00,
        0xFF, 0xFF, 0xFF, 0xFF, 0x00, 0x00, 0x01, 0x00, 0x01, 0x00, 0xFF, 0xFF, 0x00, 0x00, 0x03, 0x00,
        0x05, 0x00, 0x03, 0x00, 0x05, 0x00, 0x06, 0x00, 0x03, 0x00, 0x03, 0x00, 0x03, 0x00, 0x01, 0x00,
        0x01, 0x00, 0x01, 0x00, 0x00, 0x00, 0xFF, 0xFF, 0x01, 0x00, 0x01, 0x00, 0x01, 0x00, 0x02, 0x00,
        0x05, 0x00, 0x06, 0x00, 0x06, 0x00, 0x07, 0x00, 0x06, 0x00, 0x03, 0x00, 0x03, 0x00, 0x05, 0x00,
        0x05, 0x00, 0x03, 0x00, 0x02, 0x00, 0x03, 0x00, 0x02, 0x00, 0x00, 0x00, 0x00, 0x00, 0x02, 0x00,
        0x03, 0x00, 0x03, 0x00, 0x03, 0x00, 0x04, 0x00, 0x05, 0x00, 0x04, 0x00, 0x04, 0x00, 0x04, 0x00,
        0x05, 0x00, 0x05, 0x00, 0x03, 0x00, 0x01, 0x00, 0x02, 0x00, 0x01, 0x00, 0xFF, 0xFF, 0x00, 0x00,
        0x02, 0x00, 0x01, 0x00, 0x02, 0x00, 0x03, 0x00, 0x03, 0x00, 0x04, 0x00, 0x04, 0x00, 0x04, 0x00,
        0x05, 0x00, 0x04, 0x00, 0x02, 0x00, 0x02, 0x00, 0x01, 0x00, 0x01, 0x00, 0x01, 0x00, 0xFE, 0xFF,
        0xFE, 0xFF, 0x00, 0x00, 0x00, 0x00, 0x00, 0x00, 0x02, 0x00, 0x03, 0x00, 0x05, 0x00, 0x05, 0x00,
        0x04, 0x00, 0x04, 0x00, 0x06, 0x00, 0x06, 0x00, 0x06, 0x00, 0x05, 0x00, 0x02, 0x00, 0x02, 0x00,
        0x03, 0x00, 0x01, 0x00, 0x00, 0x00, 0x01, 0x00, 0x02, 0x00, 0x02, 0x00, 0x01, 0x00, 0x02, 0x00,
        0x04, 0x00, 0x05, 0x00, 0x06, 0x00, 0x07, 0x00, 0x05, 0x00, 0x03, 0x00, 0x04, 0x00, 0x05, 0x00,
        0x02, 0x00, 0x00, 0x00, 0x01, 0x00, 0x01, 0x00, 0xFF, 0xFF, 0xFF, 0xFF, 0x00, 0x00, 0xFF, 0xFF,
        0x00, 0x00, 0x02, 0x00, 0x02, 0x00, 0x01, 0x00, 0x01, 0x00, 0x04, 0x00, 0x03, 0x00, 0x01, 0x00,
        0x02, 0x00, 0x02, 0x00, 0xFF, 0xFF, 0xFF, 0xFF, 0xFF, 0xFF, 0xFE, 0xFF, 0xFF, 0xFF, 0x00, 0x00,
        0x02, 0x00, 0x02, 0x00, 0x01, 0x00, 0x02, 0x00, 0x04, 0x00, 0x05, 0x00, 0x05, 0x00, 0x04, 0x00,
        0x05, 0x00, 0x05, 0x00, 0x02, 0x00, 0x02, 0x00, 0x00, 0x00, 0xFE, 0xFF, 0x01, 0x00, 0x01, 0x00,
        0xFF, 0xFF, 0xFE, 0xFF, 0xFF, 0xFF, 0x00, 0x00, 0x01, 0x00, 0x02, 0x00, 0x03, 0x00, 0x02, 0x00,
        0x02, 0x00, 0x05, 0x00, 0x05, 0x00, 0x05, 0x00, 0x04, 0x00, 0x03, 0x00, 0x04, 0x00, 0x01, 0x00,
        0xFE, 0xFF, 0xFF, 0xFF, 0xFE, 0xFF, 0xFF, 0xFF, 0x01, 0x00, 0x01, 0x00, 0x02, 0x00, 0x03, 0x00,
        0x01, 0x00, 0x03, 0x00, 0x03, 0x00, 0x01, 0x00, 0x03, 0x00, 0x03, 0x00, 0x02, 0x00, 0x01, 0x00,
        0x00, 0x00, 0x03, 0x00, 0x02, 0x00, 0x00, 0x00, 0x00, 0x00, 0xFC, 0xFF, 0xFD, 0xFF, 0x02, 0x00,
        0x01, 0x00, 0x00, 0x00, 0x03, 0x00, 0x03, 0x00, 0x02, 0x00, 0x02, 0x00, 0x03, 0x00, 0x03, 0x00,
        0x02, 0x00, 0x03, 0x00, 0x03, 0x00, 0x01, 0x00, 0x01, 0x00, 0xFF, 0xFF, 0xFE, 0xFF, 0x02, 0x00,
        0x00, 0x00, 0xFE, 0xFF, 0x00, 0x00, 0x01, 0x00, 0x03, 0x00, 0x04, 0x00, 0x02, 0x00, 0x02, 0x00,
        0x05, 0x00, 0x04, 0x00, 0x01, 0x00, 0x01, 0x00, 0x01, 0x00, 0x01, 0x00, 0x01, 0x00, 0x01, 0x00,
        0xFE, 0xFF, 0xFF, 0xFF, 0x02, 0x00, 0x00, 0x00, 0xFF, 0xFF, 0x03, 0x00, 0x04, 0x00, 0x04, 0x00,
        0x05, 0x00, 0x04, 0x00, 0x03, 0x00, 0x05, 0x00, 0x04, 0x00, 0x01, 0x00, 0x00, 0x00, 0x02, 0x00,
        0x02, 0x00, 0x00, 0x00, 0xFF, 0xFF, 0xFE, 0xFF, 0x00, 0x00, 0x02, 0x00, 0x00, 0x00, 0x00, 0x00,
        0x04, 0x00, 0x04, 0x00, 0x04, 0x00, 0x06, 0x00, 0x05, 0x00, 0x04, 0x00, 0x04, 0x00, 0x03, 0x00,
        0x01, 0x00, 0xFF, 0xFF, 0x01, 0x00, 0x01, 0x00, 0xFE, 0xFF, 0xFF, 0xFF, 0x01, 0x00, 0xFF, 0xFF,
        0x01, 0x00, 0x04, 0x00, 0x02, 0x00, 0x03, 0x00, 0x06, 0x00, 0x04, 0x00, 0x02, 0x00, 0x03, 0x00,
        0x02, 0x00, 0x03, 0x00, 0x02, 0x00, 0xFF, 0xFF, 0xFF, 0xFF, 0xFF, 0xFF, 0x00, 0x00, 0x02, 0x00,
        0x02, 0x00, 0x02, 0x00, 0x03, 0x00, 0x04, 0x00, 0x05, 0x00, 0x05, 0x00, 0x05, 0x00, 0x04, 0x00,
        0x03, 0x00, 0x04, 0x00, 0x05, 0x00, 0x05, 0x00, 0x02, 0x00, 0x01, 0x00, 0x02, 0x00, 0x02, 0x00,
        0x00, 0x00, 0x02, 0x00, 0x03, 0x00, 0x01, 0x00, 0x01, 0x00, 0x02, 0x00, 0x04, 0x00, 0x06, 0x00,
        0x05, 0x00, 0x04, 0x00, 0x06, 0x00, 0x05, 0x00, 0x05, 0x00, 0x05, 0x00, 0x03, 0x00, 0x03, 0x00,
        0x03, 0x00, 0x01, 0x00, 0xFE, 0xFF, 0x00, 0x00, 0x03, 0x00, 0x00, 0x00, 0xFF, 0xFF, 0x04, 0x00,
        0x05, 0x00, 0x03, 0x00, 0x04, 0x00, 0x02, 0x00, 0x01, 0x00, 0x03, 0x00, 0x04, 0x00, 0x02, 0x00,
        0xFF, 0xFF, 0xFF, 0xFF, 0x00, 0x00, 0xFE, 0xFF, 0xFE, 0xFF, 0x00, 0x00, 0xFE, 0xFF, 0x00, 0x00,
        0x03, 0x00, 0x01, 0x00, 0x02, 0x00, 0x03, 0x00, 0x03, 0x00, 0x04, 0x00, 0x03, 0x00, 0x03, 0x00,
        0x04, 0x00, 0x03, 0x00, 0x02, 0x00, 0x01, 0x00, 0x00, 0x00, 0x00, 0x00, 0x01, 0x00, 0x02, 0x00,
        0x02, 0x00, 0x00, 0x00, 0x01, 0x00, 0x04, 0x00, 0x04, 0x00, 0x05, 0x00, 0x05, 0x00, 0x05, 0x00,
        0x05, 0x00, 0x04, 0x00, 0x05, 0x00, 0x05, 0x00, 0x02, 0x00, 0x02, 0x00, 0x02, 0x00, 0x03, 0x00,
        0x03, 0x00, 0x01, 0x00, 0x01, 0x00, 0x03, 0x00, 0x05, 0x00, 0x06, 0x00, 0x03, 0x00, 0x03, 0x00,
        0x04, 0x00, 0x03, 0x00, 0x04, 0x00, 0x05, 0x00, 0x02, 0x00, 0x01, 0x00, 0x01, 0x00, 0x01, 0x00,
        0x02, 0x00, 0xFF, 0xFF, 0xFD, 0xFF, 0x00, 0x00, 0x01, 0x00, 0x01, 0x00, 0x01, 0x00, 0xFF, 0xFF,
        0x02, 0x00, 0x05, 0x00, 0x04, 0x00, 0x03, 0x00, 0x04, 0x00, 0x03, 0x00, 0x01, 0x00, 0xFF, 0xFF,
        0x00, 0x00, 0x00, 0x00, 0x00, 0x00, 0xFF, 0xFF, 0xFD, 0xFF, 0xFD, 0xFF, 0x00, 0x00, 0x01, 0x00,
        0x01, 0x00, 0x01, 0x00, 0x02, 0x00, 0x03, 0x00, 0x04, 0x00, 0x06, 0x00, 0x06, 0x00, 0x03, 0x00,
        0x03, 0x00, 0x03, 0x00, 0x01, 0x00, 0x02, 0x00, 0x02, 0x00, 0x00, 0x00, 0x00, 0x00, 0xFF, 0xFF,
        0xFE, 0xFF, 0x00, 0x00, 0x02, 0x00, 0x01, 0x00, 0x01, 0x00, 0x03, 0x00, 0x03, 0x00, 0x03, 0x00,
        0x03, 0x00, 0x01, 0x00, 0x02, 0x00, 0x04, 0x00, 0x02, 0x00, 0x01, 0x00, 0x02, 0x00, 0xFF, 0xFF,
        0xFF, 0xFF, 0x01, 0x00, 0x00, 0x00, 0x01, 0x00, 0x02, 0x00, 0x00, 0x00, 0x01, 0x00, 0x03, 0x00,
        0x04, 0x00, 0x06, 0x00, 0x05, 0x00, 0x03, 0x00, 0x03, 0x00, 0x02, 0x00, 0x01, 0x00, 0xFF, 0xFF,
        0xFD, 0xFF, 0xFE, 0xFF, 0x00, 0x00, 0x00, 0x00, 0xFE, 0xFF, 0xFF, 0xFF, 0x00, 0x00, 0x01, 0x00,
        0x03, 0x00, 0x04, 0x00, 0x02, 0x00, 0x03, 0x00, 0x03, 0x00, 0x02, 0x00, 0x02, 0x00, 0x01, 0x00,
        0x02, 0x00, 0x02, 0x00, 0xFF, 0xFF, 0x00, 0x00, 0x01, 0x00, 0x00, 0x00, 0x03, 0x00, 0x04, 0x00,
        0x02, 0x00, 0x02, 0x00, 0x04, 0x00, 0x04, 0x00, 0x03, 0x00, 0x03, 0x00, 0x04, 0x00, 0x03, 0x00,
        0x02, 0x00, 0x03, 0x00, 0x01, 0x00, 0x01, 0x00, 0x03, 0x00, 0x02, 0x00, 0x01, 0x00, 0x02, 0x00,
        0x00, 0x00, 0x01, 0x00, 0x02, 0x00, 0x02, 0x00, 0x03, 0x00, 0x03, 0x00, 0x02, 0x00, 0x02, 0x00,
        0x01, 0x00, 0x02, 0x00, 0x03, 0x00, 0x01, 0x00, 0x00, 0x00, 0x01, 0x00, 0xFF, 0xFF, 0xFE, 0xFF,
        0x00, 0x00, 0x01, 0x00, 0xFE, 0xFF, 0xFF, 0xFF, 0x03, 0x00, 0x02, 0x00, 0x02, 0x00, 0x02, 0x00,
        0x02, 0x00, 0x02, 0x00, 0x02, 0x00, 0x03, 0x00, 0x02, 0x00, 0xFF, 0xFF, 0x00, 0x00, 0x02, 0x00,
        0xFF, 0xFF, 0xFE, 0xFF, 0x01, 0x00, 0x01, 0x00, 0xFF, 0xFF, 0x00, 0x00, 0x02, 0x00, 0x02, 0x00,
        0x04, 0x00, 0x05, 0x00, 0x04, 0x00, 0x02, 0x00, 0x02, 0x00, 0x03, 0x00, 0x03, 0x00, 0x02, 0x00,
        0x01, 0x00, 0x00, 0x00, 0x01, 0x00, 0x01, 0x00, 0x00, 0x00, 0xFF, 0xFF, 0x01, 0x00, 0x03, 0x00,
        0x04, 0x00, 0x04, 0x00, 0x03, 0x00, 0x03, 0x00, 0x06, 0x00, 0x07, 0x00, 0x02, 0x00, 0x02, 0x00,
        0x04, 0x00, 0x02, 0x00, 0x01, 0x00, 0x02, 0x00, 0x00, 0x00, 0xFF, 0xFF, 0x02, 0x00, 0x00, 0x00,
        0xFF, 0xFF, 0x02, 0x00, 0x01, 0x00, 0x02, 0x00, 0x03, 0x00, 0x01, 0x00, 0x02, 0x00, 0x05, 0x00,
        0x05, 0x00, 0x04, 0x00, 0x02, 0x00, 0x02, 0x00, 0x03, 0x00, 0x01, 0x00, 0x00, 0x00, 0x00, 0x00,
        0x00, 0x00, 0x02, 0x00, 0x02, 0x00, 0xFF, 0xFF, 0x01, 0x00, 0x03, 0x00, 0x03, 0x00, 0x03, 0x00,
        0x01, 0x00, 0x03, 0x00, 0x05, 0x00, 0x01, 0x00, 0xFF, 0xFF, 0x01, 0x00, 0x01, 0x00, 0xFD, 0xFF,
        0xFD, 0xFF, 0x01, 0x00, 0x00, 0x00, 0xFF, 0xFF, 0x03, 0x00, 0x02, 0x00, 0x00, 0x00, 0x04, 0x00,
        0x04, 0x00, 0x03, 0x00, 0x04, 0x00, 0x03, 0x00, 0x02, 0x00, 0x02, 0x00, 0x03, 0x00, 0x03, 0x00,
        0x00, 0x00, 0x01, 0x00, 0x01, 0x00, 0x00, 0x00, 0x01, 0x00, 0xFF, 0xFF, 0x00, 0x00, 0x04, 0x00,
        0x02, 0x00, 0x01, 0x00, 0x05, 0x00, 0x04, 0x00, 0x04, 0x00, 0x05, 0x00, 0x05, 0x00, 0x04, 0x00,
        0x00, 0x00, 0xFE, 0xFF, 0x02, 0x00, 0x02, 0x00, 0x00, 0x00, 0xFF, 0xFF, 0xFF, 0xFF, 0x02, 0x00,
        0x02, 0x00, 0x01, 0x00, 0x04, 0x00, 0x04, 0x00, 0x03, 0x00, 0x04, 0x00, 0x02, 0x00, 0x03, 0x00,
        0x05, 0x00, 0x00, 0x00, 0x00, 0x00, 0x02, 0x00, 0x01, 0x00, 0x00, 0x00, 0xFE, 0xFF, 0xFF, 0xFF,
        0x02, 0x00, 0xFF, 0xFF, 0xFE, 0xFF, 0x00, 0x00, 0x00, 0x00, 0x02, 0x00, 0x04, 0x00, 0x05, 0x00,
        0x04, 0x00, 0x04, 0x00, 0x04, 0x00, 0x02, 0x00, 0x01, 0x00, 0x03, 0x00, 0x01, 0x00, 0xFF, 0xFF,
        0x01, 0x00, 0x00, 0x00, 0xFF, 0xFF, 0x00, 0x00, 0x02, 0x00, 0x04, 0x00, 0x04, 0x00, 0x05, 0x00,
        0x05, 0x00, 0x04, 0x00, 0x06, 0x00, 0x06, 0x00, 0x03, 0x00, 0x04, 0x00, 0x04, 0x00, 0x02, 0x00,
        0x01, 0x00, 0x01, 0x00, 0x01, 0x00, 0x00, 0x00, 0xFF, 0xFF, 0x01, 0x00, 0x03, 0x00, 0x00, 0x00,
        0x03, 0x00, 0x05, 0x00, 0x03, 0x00, 0x04, 0x00, 0x04, 0x00, 0x03, 0x00, 0x05, 0x00, 0x04, 0x00,
        0x01, 0x00, 0x01, 0x00, 0x01, 0x00, 0x01, 0x00, 0x00, 0x00, 0xFF, 0xFF, 0x01, 0x00, 0x02, 0x00,
        0xFF, 0xFF, 0xFF, 0xFF, 0x02, 0x00, 0x03, 0x00, 0x04, 0x00, 0x05, 0x00, 0x03, 0x00, 0x03, 0x00,
        0x05, 0x00, 0x04, 0x00, 0x01, 0x00, 0x00, 0x00, 0x01, 0x00, 0x00, 0x00, 0xFF, 0xFF, 0xFE, 0xFF,
        0xFE, 0xFF, 0x00, 0x00, 0x00, 0x00, 0x00, 0x00, 0x01, 0x00, 0x01, 0x00, 0x01, 0x00, 0x02, 0x00,
        0x03, 0x00, 0x03, 0x00, 0x02, 0x00, 0x03, 0x00, 0x04, 0x00, 0x02, 0x00, 0x00, 0x00, 0x01, 0x00,
        0xFF, 0xFF, 0xFF, 0xFF, 0x02, 0x00, 0x03, 0x00, 0x02, 0x00, 0x03, 0x00, 0x03, 0x00, 0x04, 0x00,
        0x04, 0x00, 0x04, 0x00, 0x05, 0x00, 0x04, 0x00, 0x04, 0x00, 0x04, 0x00, 0x02, 0x00, 0x01, 0x00,
        0x01, 0x00, 0x01, 0x00, 0x01, 0x00, 0x01, 0x00, 0x00, 0x00, 0x01, 0x00, 0x01, 0x00, 0x01, 0x00,
        0x02, 0x00, 0x03, 0x00, 0x03, 0x00, 0x02, 0x00, 0x03, 0x00, 0x05, 0x00, 0x03, 0x00, 0x02, 0x00,
        0x00, 0x00, 0xFE, 0xFF, 0x01, 0x00, 0x01, 0x00, 0xFE, 0xFF, 0x00, 0x00, 0xFF, 0xFF, 0xFE, 0xFF,
        0x01, 0x00, 0x01, 0x00, 0x00, 0x00, 0x03, 0x00, 0x03, 0x00, 0x02, 0x00, 0x04, 0x00, 0x04, 0x00,
        0x03, 0x00, 0x03, 0x00, 0x03, 0x00, 0x01, 0x00, 0xFE, 0xFF, 0x00, 0x00, 0x02, 0x00, 0x00, 0x00,
        0x00, 0x00, 0x01, 0x00, 0x04, 0x00, 0x04, 0x00, 0x01, 0x00, 0x03, 0x00, 0x05, 0x00, 0x03, 0x00,
        0x03, 0x00, 0x05, 0x00, 0x04, 0x00, 0x04, 0x00, 0x02, 0x00, 0xFF, 0xFF, 0x00, 0x00, 0x01, 0x00,
        0xFF, 0xFF, 0xFE, 0xFF, 0x00, 0x00, 0x00, 0x00, 0x00, 0x00, 0x02, 0x00, 0x02, 0x00, 0x02, 0x00,
        0x03, 0x00, 0x03, 0x00, 0x03, 0x00, 0x04, 0x00, 0x03, 0x00, 0x01, 0x00, 0x02, 0x00, 0x02, 0x00,
        0x02, 0x00, 0x01, 0x00, 0x00, 0x00, 0x01, 0x00, 0x01, 0x00, 0xFF, 0xFF, 0xFF, 0xFF, 0xFF, 0xFF,
        0x01, 0x00, 0x02, 0x00, 0x02, 0x00, 0x03, 0x00, 0x04, 0x00, 0x04, 0x00, 0x02, 0x00, 0x01, 0x00,
        0x00, 0x00, 0x00, 0x00, 0xFE, 0xFF, 0xFF, 0xFF, 0x01, 0x00, 0x02, 0x00, 0x02, 0x00, 0x00, 0x00,
        0x01, 0x00, 0x03, 0x00, 0x02, 0x00, 0x03, 0x00, 0x04, 0x00, 0x03, 0x00, 0x03, 0x00, 0x05, 0x00,
        0x04, 0x00, 0x02, 0x00, 0x02, 0x00, 0x01, 0x00, 0x01, 0x00, 0x02, 0x00, 0x01, 0x00, 0xFF, 0xFF,
        0x00, 0x00, 0x02, 0x00, 0x01, 0x00, 0x02, 0x00, 0x03, 0x00, 0x03, 0x00, 0x04, 0x00, 0x05, 0x00,
        0x04, 0x00, 0x05, 0x00, 0x05, 0x00, 0x04, 0x00, 0x03, 0x00, 0x01, 0x00, 0x01, 0x00, 0x01, 0x00,
        0x00, 0x00, 0x01, 0x00, 0x01, 0x00, 0x01, 0x00, 0x02, 0x00, 0x01, 0x00, 0x03, 0x00, 0x03, 0x00,
        0x02, 0x00, 0x03, 0x00, 0x06, 0x00, 0x04, 0x00, 0x03, 0x00, 0x05, 0x00, 0x04, 0x00, 0x01, 0x00,
        0x01, 0x00, 0x00, 0x00, 0xFF, 0xFF, 0x01, 0x00, 0x01, 0x00, 0xFF, 0xFF, 0x01, 0x00, 0x02, 0x00,
        0x00, 0x00, 0x02, 0x00, 0x04, 0x00, 0x04, 0x00, 0x03, 0x00, 0x04, 0x00, 0x05, 0x00, 0x04, 0x00,
        0x03, 0x00, 0x02, 0x00, 0x01, 0x00, 0x02, 0x00, 0x02, 0x00, 0x02, 0x00, 0x01, 0x00, 0x01, 0x00,
        0x03, 0x00, 0x04, 0x00, 0x03, 0x00, 0x04, 0x00, 0x05, 0x00, 0x04, 0x00, 0x04, 0x00, 0x04, 0x00,
        0x06, 0x00, 0x06, 0x00, 0x02, 0x00, 0x03, 0x00, 0x03, 0x00, 0x01, 0x00, 0x02, 0x00, 0x01, 0x00,
        0x02, 0x00, 0x03, 0x00, 0x01, 0x00, 0x02, 0x00, 0x05, 0x00, 0x02, 0x00, 0x02, 0x00, 0x04, 0x00,
        0x04, 0x00, 0x03, 0x00, 0x03, 0x00, 0x04, 0x00, 0x02, 0x00, 0x01, 0x00, 0x01, 0x00, 0x01, 0x00,
        0xFF, 0xFF, 0x00, 0x00, 0x00, 0x00, 0xFF, 0xFF, 0x00, 0x00, 0x02, 0x00, 0x03, 0x00, 0x03, 0x00,
        0x05, 0x00, 0x05, 0x00, 0x04, 0x00, 0x04, 0x00, 0x05, 0x00, 0x04, 0x00, 0x03, 0x00, 0x02, 0x00,
        0x01, 0x00, 0x01, 0x00, 0x02, 0x00, 0x00, 0x00, 0xFF, 0xFF, 0x01, 0x00, 0x02, 0x00, 0x01, 0x00,
        0x05, 0x00, 0x05, 0x00, 0x02, 0x00, 0x04, 0x00, 0x05, 0x00, 0x02, 0x00, 0x04, 0x00, 0x05, 0x00,
        0x03, 0x00, 0x03, 0x00, 0x02, 0x00, 0x00, 0x00, 0x01, 0x00, 0x02, 0x00, 0x03, 0x00, 0x02, 0x00,
        0x01, 0x00, 0x03, 0x00, 0x04, 0x00, 0x04, 0x00, 0x05, 0x00, 0x03, 0x00, 0x05, 0x00, 0x08, 0x00,
        0x05, 0x00, 0x03, 0x00, 0x04, 0x00, 0x02, 0x00, 0x01, 0x00, 0x02, 0x00, 0x03, 0x00, 0x02, 0x00,
        0x01, 0x00, 0x02, 0x00, 0x02, 0x00, 0x01, 0x00, 0x02, 0x00, 0x02, 0x00, 0x03, 0x00, 0x05, 0x00,
        0x03, 0x00, 0x03, 0x00, 0x03, 0x00, 0x00, 0x00, 0x00, 0x00, 0x00, 0x00, 0xFD, 0xFF, 0x00, 0x00,
        0x03, 0x00, 0x00, 0x00, 0xFF, 0xFF, 0xFF, 0xFF, 0x00, 0x00, 0x00, 0x00, 0x01, 0x00, 0x02, 0x00,
        0x01, 0x00, 0x01, 0x00, 0x04, 0x00, 0x04, 0x00, 0x02, 0x00, 0x03, 0x00, 0x02, 0x00, 0x00, 0x00,
        0x00, 0x00, 0x00, 0x00, 0x00, 0x00, 0x00, 0x00, 0x01, 0x00, 0x02, 0x00, 0x00, 0x00, 0x01, 0x00,
        0x05, 0x00, 0x04, 0x00, 0x03, 0x00, 0x04, 0x00, 0x04, 0x00, 0x03, 0x00, 0x03, 0x00, 0x01, 0x00,
        0x01, 0x00, 0x01, 0x00, 0x01, 0x00, 0x02, 0x00, 0x02, 0x00, 0x01, 0x00, 0x00, 0x00, 0x01, 0x00,
        0x01, 0x00, 0x01, 0x00, 0x03, 0x00, 0x04, 0x00, 0x05, 0x00, 0x06, 0x00, 0x05, 0x00, 0x05, 0x00,
        0x04, 0x00, 0x03, 0x00, 0x02, 0x00, 0x01, 0x00, 0x01, 0x00, 0x01, 0x00, 0x02, 0x00, 0x02, 0x00,
        0x00, 0x00, 0xFF, 0xFF, 0x02, 0x00, 0x03, 0x00, 0x02, 0x00, 0x02, 0x00, 0x03, 0x00, 0x05, 0x00,
        0x05, 0x00, 0x04, 0x00, 0x03, 0x00, 0x04, 0x00, 0x02, 0x00, 0x00, 0x00, 0x01, 0x00, 0x02, 0x00,
        0xFF, 0xFF, 0xFF, 0xFF, 0x00, 0x00, 0x00, 0x00, 0x01, 0x00, 0x01, 0x00, 0x01, 0x00, 0x02, 0x00,
        0x02, 0x00, 0x01, 0x00, 0x04, 0x00, 0x03, 0x00, 0x02, 0x00, 0x01, 0x00, 0x00, 0x00, 0x01, 0x00,
        0x00, 0x00, 0xFF, 0xFF, 0x00, 0x00, 0x01, 0x00, 0x01, 0x00, 0x00, 0x00, 0x01, 0x00, 0x02, 0x00,
        0x01, 0x00, 0x00, 0x00, 0x03, 0x00, 0x03, 0x00, 0x02, 0x00, 0x03, 0x00, 0x01, 0x00, 0x02, 0x00,
        0x03, 0x00, 0x01, 0x00, 0x01, 0x00, 0x01, 0x00, 0x00, 0x00, 0x01, 0x00, 0x01, 0x00, 0x01, 0x00,
        0x01, 0x00, 0x00, 0x00, 0x02, 0x00, 0x03, 0x00, 0x03, 0x00, 0x03, 0x00, 0x03, 0x00, 0x03, 0x00,
        0x02, 0x00, 0x02, 0x00, 0x02, 0x00, 0x01, 0x00, 0x01, 0x00, 0xFF, 0xFF, 0xFE, 0xFF, 0xFF, 0xFF,
        0x01, 0x00, 0xFF, 0xFF, 0x01, 0x00, 0x01, 0x00, 0x00, 0x00, 0x03, 0x00, 0x03, 0x00, 0x02, 0x00,
        0x04, 0x00, 0x02, 0x00, 0x00, 0x00, 0x03, 0x00, 0x01, 0x00, 0x01, 0x00, 0x02, 0x00, 0x00, 0x00,
        0x00, 0x00, 0xFF, 0xFF, 0xFF, 0xFF, 0x02, 0x00, 0x00, 0x00, 0xFF, 0xFF, 0x04, 0x00, 0x03, 0x00,
        0x02, 0x00, 0x04, 0x00, 0x02, 0x00, 0x02, 0x00, 0x02, 0x00, 0x01, 0x00, 0x01, 0x00, 0x01, 0x00,
        0x01, 0x00, 0x01, 0x00, 0x00, 0x00, 0x01, 0x00, 0x02, 0x00, 0x00, 0x00, 0x01, 0x00, 0x03, 0x00,
        0x03, 0x00, 0x03, 0x00, 0x04, 0x00, 0x05, 0x00, 0x05, 0x00, 0x04, 0x00, 0x05, 0x00, 0x03, 0x00,
        0x01, 0x00, 0x01, 0x00, 0x01, 0x00, 0x01, 0x00, 0x01, 0x00, 0x00, 0x00, 0x01, 0x00, 0x01, 0x00,
        0x00, 0x00, 0x02, 0x00, 0x04, 0x00, 0x04, 0x00, 0x04, 0x00, 0x03, 0x00, 0x02, 0x00, 0x02, 0x00,
        0x02, 0x00, 0x02, 0x00, 0x03, 0x00, 0x02, 0x00, 0x00, 0x00, 0x00, 0x00, 0x00, 0x00, 0xFF, 0xFF,
        0xFF, 0xFF, 0x01, 0x00, 0x01, 0x00, 0x01, 0x00, 0x02, 0x00, 0x02, 0x00, 0x02, 0x00, 0x04, 0x00,
        0x03, 0x00, 0x01, 0x00, 0x03, 0x00, 0x03, 0x00, 0x00, 0x00, 0x00, 0x00, 0x02, 0x00, 0x01, 0x00,
        0x00, 0x00, 0x02, 0x00, 0x00, 0x00, 0x00, 0x00, 0x03, 0x00, 0x01, 0x00, 0x01, 0x00, 0x04, 0x00,
        0x04, 0x00, 0x03, 0x00, 0x03, 0x00, 0x03, 0x00, 0x03, 0x00, 0x03, 0x00, 0x02, 0x00, 0x00, 0x00,
        0xFE, 0xFF, 0x00, 0x00, 0x02, 0x00, 0x00, 0x00, 0x01, 0x00, 0x01, 0x00, 0xFF, 0xFF, 0x01, 0x00,
        0x02, 0x00, 0x03, 0x00, 0x03, 0x00, 0x00, 0x00, 0x01, 0x00, 0x03, 0x00, 0x02, 0x00, 0x01, 0x00,
        0x01, 0x00, 0x00, 0x00, 0x01, 0x00, 0x00, 0x00, 0xFF, 0xFF, 0x00, 0x00, 0xFF, 0xFF, 0xFF, 0xFF,
        0x00, 0x00, 0xFF, 0xFF, 0x01, 0x00, 0x02, 0x00, 0x03, 0x00, 0x03, 0x00, 0x02, 0x00, 0x03, 0x00,
        0x02, 0x00, 0xFF, 0xFF, 0x02, 0x00, 0x03, 0x00, 0x00, 0x00, 0x01, 0x00, 0x00, 0x00, 0xFE, 0xFF,
        0x00, 0x00, 0x01, 0x00, 0x00, 0x00, 0x01, 0x00, 0x01, 0x00, 0x00, 0x00, 0x02, 0x00, 0x04, 0x00,
        0x04, 0x00, 0x03, 0x00, 0x02, 0x00, 0x01, 0x00, 0x01, 0x00, 0x02, 0x00, 0x00, 0x00, 0xFF, 0xFF,
        0x01, 0x00, 0x02, 0x00, 0x01, 0x00, 0x01, 0x00, 0x01, 0x00, 0x01, 0x00, 0x02, 0x00, 0x03, 0x00,
        0x02, 0x00, 0x01, 0x00, 0x02, 0x00, 0x03, 0x00, 0x02, 0x00, 0x02, 0x00, 0x01, 0x00, 0x00, 0x00,
        0x00, 0x00, 0x00, 0x00, 0x00, 0x00, 0xFF, 0xFF, 0xFF, 0xFF, 0x01, 0x00, 0x00, 0x00, 0x01, 0x00,
        0x02, 0x00, 0x01, 0x00, 0x02, 0x00, 0x04, 0x00, 0x04, 0x00, 0x03, 0x00, 0x02, 0x00, 0x01, 0x00,
        0x01, 0x00, 0x01, 0x00, 0x00, 0x00, 0x00, 0x00, 0x00, 0x00, 0xFE, 0xFF, 0xFD, 0xFF, 0x00, 0x00,
        0x01, 0x00, 0x01, 0x00, 0x01, 0x00, 0xFF, 0xFF, 0xFF, 0xFF, 0x01, 0x00, 0x01, 0x00, 0x01, 0x00,
        0x01, 0x00, 0x00, 0x00, 0x01, 0x00, 0x00, 0x00, 0xFD, 0xFF, 0xFF, 0xFF, 0xFF, 0xFF, 0xFE, 0xFF,
        0xFF, 0xFF, 0xFF, 0xFF, 0xFF, 0xFF, 0x01, 0x00, 0x03, 0x00, 0x01, 0x00, 0x01, 0x00, 0x03, 0x00,
        0x02, 0x00, 0x00, 0x00, 0x02, 0x00, 0x02, 0x00, 0x01, 0x00, 0x03, 0x00, 0x00, 0x00, 0xFF, 0xFF,
        0x01, 0x00, 0xFF, 0xFF, 0xFF, 0xFF, 0x01, 0x00, 0x00, 0x00, 0x02, 0x00, 0x01, 0x00, 0x00, 0x00,
        0x03, 0x00, 0x02, 0x00, 0x01, 0x00, 0x03, 0x00, 0x02, 0x00, 0x00, 0x00, 0x00, 0x00, 0xFF, 0xFF,
        0xFF, 0xFF, 0xFE, 0xFF, 0xFD, 0xFF, 0xFE, 0xFF, 0x00, 0x00, 0x00, 0x00, 0x01, 0x00, 0x00, 0x00,
        0x00, 0x00, 0x01, 0x00, 0x02, 0x00, 0x03, 0x00, 0x03, 0x00, 0x01, 0x00, 0x02, 0x00, 0x01, 0x00,
        0xFD, 0xFF, 0xFE, 0xFF, 0xFF, 0xFF, 0xFE, 0xFF, 0x00, 0x00, 0x02, 0x00, 0xFF, 0xFF, 0xFF, 0xFF,
        0x00, 0x00, 0x00, 0x00, 0x02, 0x00, 0x02, 0x00, 0x01, 0x00, 0x02, 0x00, 0x02, 0x00, 0x02, 0x00,
        0x02, 0x00, 0x01, 0x00, 0x01, 0x00, 0x00, 0x00, 0x00, 0x00, 0x00, 0x00, 0x00, 0x00, 0x00, 0x00,
        0x00, 0x00, 0x00, 0x00, 0x02, 0x00, 0x02, 0x00, 0x01, 0x00, 0x02, 0x00, 0x04, 0x00, 0x04, 0x00,
        0x03, 0x00, 0x04, 0x00, 0x03, 0x00, 0x00, 0x00, 0x00, 0x00, 0xFF, 0xFF, 0xFE, 0xFF, 0x00, 0x00,
        0xFF, 0xFF, 0xFD, 0xFF, 0x00, 0x00, 0x01, 0x00, 0x01, 0x00, 0x02, 0x00, 0x02, 0x00, 0x03, 0x00,
        0x03, 0x00, 0x01, 0x00, 0x01, 0x00, 0x01, 0x00, 0x01, 0x00, 0x02, 0x00, 0x00, 0x00, 0xFE, 0xFF,
        0xFE, 0xFF, 0xFD, 0xFF, 0xFF, 0xFF, 0x00, 0x00, 0x00, 0x00, 0xFF, 0xFF, 0xFE, 0xFF, 0xFF, 0xFF,
        0x01, 0x00, 0x01, 0x00, 0x01, 0x00, 0x01, 0x00, 0x01, 0x00, 0x01, 0x00, 0xFF, 0xFF, 0x00, 0x00,
        0x00, 0x00, 0xFF, 0xFF, 0x00, 0x00, 0xFE, 0xFF, 0xFD, 0xFF, 0x00, 0x00, 0xFF, 0xFF, 0xFE, 0xFF,
        0x00, 0x00, 0x00, 0x00, 0x00, 0x00, 0x01, 0x00, 0x02, 0x00, 0x03, 0x00, 0x01, 0x00, 0x00, 0x00,
        0x03, 0x00, 0x01, 0x00, 0xFF, 0xFF, 0x00, 0x00, 0x00, 0x00, 0xFF, 0xFF, 0x00, 0x00, 0xFE, 0xFF,
        0xFD, 0xFF, 0xFF, 0xFF, 0x00, 0x00, 0x00, 0x00, 0x02, 0x00, 0x01, 0x00, 0x00, 0x00, 0x03, 0x00,
        0x03, 0x00, 0x01, 0x00, 0x02, 0x00, 0x00, 0x00, 0xFE, 0xFF, 0x00, 0x00, 0xFF, 0xFF, 0xFD, 0xFF,
        0xFD, 0xFF, 0xFC, 0xFF, 0xFE, 0xFF, 0xFF, 0xFF, 0x00, 0x00, 0x00, 0x00, 0xFF, 0xFF, 0x00, 0x00,
        0x02, 0x00, 0x01, 0x00, 0x01, 0x00, 0x00, 0x00, 0xFF, 0xFF, 0xFF, 0xFF, 0xFE, 0xFF, 0xFE, 0xFF,
        0xFE, 0xFF, 0xFD, 0xFF, 0xFD, 0xFF, 0xFD, 0xFF, 0xFD, 0xFF, 0xFE, 0xFF, 0xFE, 0xFF, 0xFF, 0xFF,
        0xFF, 0xFF, 0x00, 0x00, 0x01, 0x00, 0x01, 0x00, 0x00, 0x00, 0x00, 0x00, 0xFF, 0xFF, 0x00, 0x00,
        0x00, 0x00, 0xFD, 0xFF, 0xFE, 0xFF, 0x00, 0x00, 0xFF, 0xFF, 0xFF, 0xFF, 0xFE, 0xFF, 0xFE, 0xFF,
        0x00, 0x00, 0x02, 0x00, 0x01, 0x00, 0x01, 0x00, 0x01, 0x00, 0x01, 0x00, 0x01, 0x00, 0x00, 0x00,
        0x00, 0x00, 0xFF, 0xFF, 0x00, 0x00, 0x00, 0x00, 0xFD, 0xFF, 0xFE, 0xFF, 0xFD, 0xFF, 0xFC, 0xFF,
        0xFE, 0xFF, 0x00, 0x00, 0x00, 0x00, 0x01, 0x00, 0x02, 0x00, 0x02, 0x00, 0x02, 0x00, 0x02, 0x00,
        0x01, 0x00, 0xFE, 0xFF, 0xFE, 0xFF, 0x00, 0x00, 0xFE, 0xFF, 0xFD, 0xFF, 0xFE, 0xFF, 0xFE, 0xFF,
        0xFB, 0xFF, 0xFD, 0xFF, 0xFF, 0xFF, 0xFD, 0xFF, 0xFE, 0xFF, 0x00, 0x00, 0xFE, 0xFF, 0xFE, 0xFF,
        0x01, 0x00, 0x01, 0x00, 0x00, 0x00, 0x00, 0x00, 0xFF, 0xFF, 0xFE, 0xFF, 0xFE, 0xFF, 0xFD, 0xFF,
        0xFC, 0xFF, 0xFC, 0xFF, 0xFC, 0xFF, 0xFC, 0xFF, 0xFC, 0xFF, 0xFC, 0xFF, 0xFE, 0xFF, 0x00, 0x00,
        0xFF, 0xFF, 0xFF, 0xFF, 0x01, 0x00, 0x02, 0x00, 0x00, 0x00, 0xFF, 0xFF, 0xFF, 0xFF, 0x00, 0x00,
        0x00, 0x00, 0x00, 0x00, 0xFF, 0xFF, 0xFE, 0xFF, 0xFD, 0xFF, 0xFF, 0xFF, 0xFD, 0xFF, 0xFD, 0xFF,
        0x00, 0x00, 0xFF, 0xFF, 0xFE, 0xFF, 0x01, 0x00, 0x01, 0x00, 0x00, 0x00, 0x00, 0x00, 0x00, 0x00,
        0xFF, 0xFF, 0xFF, 0xFF, 0xFF, 0xFF, 0xFC, 0xFF, 0xFC, 0xFF, 0xFD, 0xFF, 0xFC, 0xFF, 0xFC, 0xFF,
        0xFD, 0xFF, 0xFD, 0xFF, 0xFE, 0xFF, 0xFE, 0xFF, 0xFD, 0xFF, 0xFE, 0xFF, 0x00, 0x00, 0xFF, 0xFF,
        0xFE, 0xFF, 0xFE, 0xFF, 0xFD, 0xFF, 0xFD, 0xFF, 0xFC, 0xFF, 0xFD, 0xFF, 0xFC, 0xFF, 0xFC, 0xFF,
        0xFB, 0xFF, 0xFB, 0xFF, 0xFC, 0xFF, 0xFD, 0xFF, 0xFE, 0xFF, 0xFE, 0xFF, 0xFF, 0xFF, 0x00, 0x00,
        0x01, 0x00, 0x01, 0x00, 0x00, 0x00, 0xFF, 0xFF, 0xFF, 0xFF, 0xFF, 0xFF, 0xFF, 0xFF, 0xFD, 0xFF,
        0xFC, 0xFF, 0xFC, 0xFF, 0xFD, 0xFF, 0xFE, 0xFF, 0xFC, 0xFF, 0xFB, 0xFF, 0xFD, 0xFF, 0xFE, 0xFF,
        0x01, 0x00, 0x02, 0x00, 0x00, 0x00, 0x00, 0x00, 0x01, 0x00, 0x00, 0x00, 0xFF, 0xFF, 0xFD, 0xFF,
        0xFC, 0xFF, 0xFE, 0xFF, 0xFC, 0xFF, 0xFB, 0xFF, 0xFC, 0xFF, 0xFB, 0xFF, 0xFB, 0xFF, 0xFD, 0xFF,
        0xFE, 0xFF, 0xFE, 0xFF, 0x00, 0x00, 0x02, 0x00, 0x00, 0x00, 0xFE, 0xFF, 0xFF, 0xFF, 0xFF, 0xFF,
        0xFE, 0xFF, 0xFF, 0xFF, 0xFD, 0xFF, 0xFC, 0xFF, 0xFD, 0xFF, 0xFC, 0xFF, 0xFD, 0xFF, 0xFD, 0xFF,
        0xFB, 0xFF, 0xFD, 0xFF, 0xFE, 0xFF, 0xFD, 0xFF, 0x00, 0x00, 0x00, 0x00, 0xFE, 0xFF, 0xFE, 0xFF,
        0xFE, 0xFF, 0xFE, 0xFF, 0xFE, 0xFF, 0xFD, 0xFF, 0xFD, 0xFF, 0xFC, 0xFF, 0xFB, 0xFF, 0xFC, 0xFF,
        0xFD, 0xFF, 0xFE, 0xFF, 0xFE, 0xFF, 0xFD, 0xFF, 0xFD, 0xFF, 0xFE, 0xFF, 0xFF, 0xFF, 0x01, 0x00,
        0x00, 0x00, 0xFE, 0xFF, 0xFE, 0xFF, 0xFF, 0xFF, 0xFF, 0xFF, 0xFF, 0xFF, 0xFC, 0xFF, 0xFC, 0xFF,
        0xFE, 0xFF, 0xFC, 0xFF, 0xFC, 0xFF, 0xFE, 0xFF, 0xFE, 0xFF, 0xFD, 0xFF, 0xFD, 0xFF, 0xFE, 0xFF,
        0x00, 0x00, 0xFE, 0xFF, 0xFD, 0xFF, 0x00, 0x00, 0xFF, 0xFF, 0xFF, 0xFF, 0x01, 0x00, 0xFD, 0xFF,
        0xFC, 0xFF, 0xFF, 0xFF, 0xFC, 0xFF, 0xFA, 0xFF, 0xFC, 0xFF, 0xFC, 0xFF, 0xFC, 0xFF, 0xFD, 0xFF,
        0xFD, 0xFF, 0xFE, 0xFF, 0xFF, 0xFF, 0xFF, 0xFF, 0x00, 0x00, 0x00, 0x00, 0x00, 0x00, 0x00, 0x00,
        0xFD, 0xFF, 0xFC, 0xFF, 0xFD, 0xFF, 0xFC, 0xFF, 0xFB, 0xFF, 0xFC, 0xFF, 0xFC, 0xFF, 0xFB, 0xFF,
        0xFB, 0xFF, 0xFC, 0xFF, 0xFD, 0xFF, 0xFD, 0xFF, 0xFF, 0xFF, 0xFE, 0xFF, 0xFD, 0xFF, 0xFE, 0xFF,
        0xFE, 0xFF, 0xFD, 0xFF, 0xFB, 0xFF, 0xFB, 0xFF, 0xFC, 0xFF, 0xFD, 0xFF, 0xFD, 0xFF, 0xFC, 0xFF,
        0xFD, 0xFF, 0xFE, 0xFF, 0xFD, 0xFF, 0xFE, 0xFF, 0xFE, 0xFF, 0xFE, 0xFF, 0x00, 0x00, 0xFF, 0xFF,
        0xFE, 0xFF, 0x01, 0x00, 0x01, 0x00, 0x00, 0x00, 0x00, 0x00, 0xFE, 0xFF, 0xFE, 0xFF, 0xFF, 0xFF,
        0xFC, 0xFF, 0xFC, 0xFF, 0xFE, 0xFF, 0xFC, 0xFF, 0xFB, 0xFF, 0xFC, 0xFF, 0xFF, 0xFF, 0x00, 0x00,
        0xFE, 0xFF, 0xFD, 0xFF, 0xFF, 0xFF, 0x00, 0x00, 0xFF, 0xFF, 0xFE, 0xFF, 0xFE, 0xFF, 0xFD, 0xFF,
        0xFE, 0xFF, 0xFE, 0xFF, 0xFD, 0xFF, 0xFC, 0xFF, 0xFC, 0xFF, 0xFC, 0xFF, 0xFB, 0xFF, 0xFC, 0xFF,
        0xFE, 0xFF, 0xFD, 0xFF, 0xFE, 0xFF, 0x00, 0x00, 0x00, 0x00, 0x00, 0x00, 0x01, 0x00, 0xFF, 0xFF,
        0xFE, 0xFF, 0x00, 0x00, 0xFD, 0xFF, 0xFC, 0xFF, 0xFD, 0xFF, 0xFD, 0xFF, 0xFE, 0xFF, 0xFC, 0xFF,
        0xFA, 0xFF, 0xFD, 0xFF, 0xFD, 0xFF, 0xFC, 0xFF, 0xFF, 0xFF, 0xFF, 0xFF, 0xFE, 0xFF, 0x00, 0x00,
        0xFF, 0xFF, 0xFD, 0xFF, 0xFD, 0xFF, 0xFD, 0xFF, 0xFC, 0xFF, 0xFC, 0xFF, 0xFC, 0xFF, 0xFB, 0xFF,
        0xFB, 0xFF, 0xFC, 0xFF, 0xFD, 0xFF, 0xFD, 0xFF, 0xFE, 0xFF, 0xFC, 0xFF, 0xFD, 0xFF, 0xFF, 0xFF,
        0xFE, 0xFF, 0xFE, 0xFF, 0x00, 0x00, 0xFF, 0xFF, 0xFE, 0xFF, 0xFE, 0xFF, 0xFE, 0xFF, 0xFE, 0xFF,
        0xFD, 0xFF, 0xFC, 0xFF, 0xFC, 0xFF, 0xFA, 0xFF, 0xFC, 0xFF, 0xFF, 0xFF, 0xFD, 0xFF, 0xFD, 0xFF,
        0xFF, 0xFF, 0xFF, 0xFF, 0xFF, 0xFF, 0xFF, 0xFF, 0xFE, 0xFF, 0xFE, 0xFF, 0xFE, 0xFF, 0xFD, 0xFF,
        0xFD, 0xFF, 0xFA, 0xFF, 0xFA, 0xFF, 0xFB, 0xFF, 0xFB, 0xFF, 0xFB, 0xFF, 0xFC, 0xFF, 0xFC, 0xFF,
        0xFD, 0xFF, 0xFC, 0xFF, 0xFC, 0xFF, 0xFD, 0xFF, 0xFF, 0xFF, 0xFF, 0xFF, 0xFF, 0xFF, 0xFE, 0xFF,
        0xFE, 0xFF, 0xFE, 0xFF, 0xFD, 0xFF, 0xFD, 0xFF, 0xFB, 0xFF, 0xFC, 0xFF, 0xFE, 0xFF, 0xFC, 0xFF,
        0xFC, 0xFF, 0xFE, 0xFF, 0xFD, 0xFF, 0xFE, 0xFF, 0xFF, 0xFF, 0xFF, 0xFF, 0xFF, 0xFF, 0x00, 0x00,
        0x00, 0x00, 0xFF, 0xFF, 0xFE, 0xFF, 0xFF, 0xFF, 0xFD, 0xFF, 0xFB, 0xFF, 0xFC, 0xFF, 0xFC, 0xFF,
        0xFC, 0xFF, 0xFD, 0xFF, 0xFC, 0xFF, 0xFE, 0xFF, 0x00, 0x00, 0xFF, 0xFF, 0xFE, 0xFF, 0x00, 0x00,
        0xFF, 0xFF, 0xFE, 0xFF, 0xFE, 0xFF, 0xFE, 0xFF, 0xFE, 0xFF, 0xFD, 0xFF, 0xFD, 0xFF, 0xFD, 0xFF,
        0xFB, 0xFF, 0xFC, 0xFF, 0xFD, 0xFF, 0xFA, 0xFF, 0xFA, 0xFF, 0xFB, 0xFF, 0xFC, 0xFF, 0xFD, 0xFF,
        0xFE, 0xFF, 0xFF, 0xFF, 0xFF, 0xFF, 0xFE, 0xFF, 0xFF, 0xFF, 0xFF, 0xFF, 0xFE, 0xFF, 0xFE, 0xFF,
        0xFD, 0xFF, 0xFB, 0xFF, 0xFB, 0xFF, 0xFB, 0xFF, 0xFB, 0xFF, 0xFB, 0xFF, 0xFC, 0xFF, 0xFD, 0xFF,
        0xFD, 0xFF, 0xFE, 0xFF, 0x00, 0x00, 0xFF, 0xFF, 0xFE, 0xFF, 0xFF, 0xFF, 0xFE, 0xFF, 0xFD, 0xFF,
        0xFD, 0xFF, 0xFE, 0xFF, 0xFC, 0xFF, 0xFC, 0xFF, 0xFC, 0xFF, 0xFC, 0xFF, 0xFD, 0xFF, 0xFD, 0xFF,
        0xFB, 0xFF, 0xFC, 0xFF, 0xFD, 0xFF, 0xFC, 0xFF, 0xFF, 0xFF, 0xFF, 0xFF, 0xFC, 0xFF, 0xFF, 0xFF,
        0x01, 0x00, 0xFF, 0xFF, 0xFE, 0xFF, 0xFD, 0xFF, 0xFC, 0xFF, 0xFD, 0xFF, 0xFB, 0xFF, 0xFB, 0xFF,
        0xFE, 0xFF, 0xFC, 0xFF, 0xFB, 0xFF, 0xFE, 0xFF, 0xFD, 0xFF, 0xFC, 0xFF, 0xFF, 0xFF, 0xFF, 0xFF,
        0xFE, 0xFF, 0x00, 0x00, 0x00, 0x00, 0xFF, 0xFF, 0xFE, 0xFF, 0xFD, 0xFF, 0xFC, 0xFF, 0xFC, 0xFF,
        0xFB, 0xFF, 0xFC, 0xFF, 0xFC, 0xFF, 0xFA, 0xFF, 0xFB, 0xFF, 0xFD, 0xFF, 0xFE, 0xFF, 0xFE, 0xFF,
        0xFE, 0xFF, 0xFF, 0xFF, 0xFF, 0xFF, 0xFE, 0xFF, 0xFE, 0xFF, 0xFF, 0xFF, 0xFF, 0xFF, 0xFE, 0xFF,
        0xFD, 0xFF, 0xFE, 0xFF, 0xFD, 0xFF, 0xFB, 0xFF, 0xFB, 0xFF, 0xFC, 0xFF, 0xFC, 0xFF, 0xFE, 0xFF,
        0xFE, 0xFF, 0xFE, 0xFF, 0x00, 0x00, 0x00, 0x00, 0xFF, 0xFF, 0x00, 0x00, 0xFF, 0xFF, 0xFE, 0xFF,
        0xFE, 0xFF, 0xFC, 0xFF, 0xFC, 0xFF, 0xFD, 0xFF, 0xFC, 0xFF, 0xFD, 0xFF, 0xFE, 0xFF, 0xFD, 0xFF,
        0xFC, 0xFF, 0xFE, 0xFF, 0xFF, 0xFF, 0x00, 0x00, 0xFF, 0xFF, 0xFF, 0xFF, 0x00, 0x00, 0x00, 0x00,
        0xFF, 0xFF, 0xFF, 0xFF, 0xFF, 0xFF, 0xFD, 0xFF, 0xFD, 0xFF, 0xFC, 0xFF, 0xFB, 0xFF, 0xFB, 0xFF,
        0xFA, 0xFF, 0xFB, 0xFF, 0xFE, 0xFF, 0xFE, 0xFF, 0xFE, 0xFF, 0xFF, 0xFF, 0x00, 0x00, 0x00, 0x00,
        0xFF, 0xFF, 0xFF, 0xFF, 0xFF, 0xFF, 0xFE, 0xFF, 0xFE, 0xFF, 0xFD, 0xFF, 0xFC, 0xFF, 0xFC, 0xFF,
        0xFC, 0xFF, 0xFC, 0xFF, 0xFC, 0xFF, 0xFC, 0xFF, 0xFC, 0xFF, 0xFD, 0xFF, 0xFD, 0xFF, 0xFD, 0xFF,
        0xFE, 0xFF, 0xFF, 0xFF, 0xFF, 0xFF, 0xFE, 0xFF, 0xFE, 0xFF, 0xFF, 0xFF, 0xFE, 0xFF, 0xFC, 0xFF,
        0xFC, 0xFF, 0xFD, 0xFF, 0xFC, 0xFF, 0xFA, 0xFF, 0xFC, 0xFF, 0xFF, 0xFF, 0xFF, 0xFF, 0xFC, 0xFF,
        0xFC, 0xFF, 0xFE, 0xFF, 0xFF, 0xFF, 0xFE, 0xFF, 0xFE, 0xFF, 0xFF, 0xFF, 0xFF, 0xFF, 0x00, 0x00,
        0xFF, 0xFF, 0xFC, 0xFF, 0xFC, 0xFF, 0xFC, 0xFF, 0xFC, 0xFF, 0xFD, 0xFF, 0xFC, 0xFF, 0xFC, 0xFF,
        0xFE, 0xFF, 0xFE, 0xFF, 0xFE, 0xFF, 0xFF, 0xFF, 0xFF, 0xFF, 0xFF, 0xFF, 0x00, 0x00, 0x00, 0x00,
        0xFF, 0xFF, 0xFF, 0xFF, 0xFD, 0xFF, 0xFC, 0xFF, 0xFC, 0xFF, 0xFC, 0xFF, 0xFC, 0xFF, 0xFB, 0xFF,
        0xFB, 0xFF, 0xFC, 0xFF, 0xFD, 0xFF, 0xFD, 0xFF, 0xFD, 0xFF, 0xFC, 0xFF, 0xFE, 0xFF, 0xFE, 0xFF,
        0xFF, 0xFF, 0xFF, 0xFF, 0x00, 0x00, 0x00, 0x00, 0xFD, 0xFF, 0xFB, 0xFF, 0xFC, 0xFF, 0xFC, 0xFF,
        0xFD, 0xFF, 0xFD, 0xFF, 0xFC, 0xFF, 0xFD, 0xFF, 0xFF, 0xFF, 0xFE, 0xFF, 0xFE, 0xFF, 0xFE, 0xFF,
        0xFF, 0xFF, 0xFF, 0xFF, 0x00, 0x00, 0xFE, 0xFF, 0xFD, 0xFF, 0xFF, 0xFF, 0x00, 0x00, 0xFD, 0xFF,
        0xFD, 0xFF, 0xFD, 0xFF, 0xFD, 0xFF, 0xFD, 0xFF, 0xFE, 0xFF, 0xFC, 0xFF, 0xFB, 0xFF, 0xFD, 0xFF,
        0x00, 0x00, 0x00, 0x00, 0xFE, 0xFF, 0xFF, 0xFF, 0x00, 0x00, 0x01, 0x00, 0x00, 0x00, 0xFF, 0xFF,
        0xFD, 0xFF, 0xFB, 0xFF, 0xFC, 0xFF, 0xFD, 0xFF, 0xFB, 0xFF, 0xFC, 0xFF, 0xFD, 0xFF, 0xFC, 0xFF,
        0xFD, 0xFF, 0xFE, 0xFF, 0xFE, 0xFF, 0xFF, 0xFF, 0xFF, 0xFF, 0xFF, 0xFF, 0x01, 0x00, 0xFE, 0xFF,
        0xFD, 0xFF, 0xFE, 0xFF, 0xFD, 0xFF, 0xFC, 0xFF, 0xFE, 0xFF, 0xFC, 0xFF, 0xFB, 0xFF, 0xFB, 0xFF,
        0xFC, 0xFF, 0xFD, 0xFF, 0xFC, 0xFF, 0xFC, 0xFF, 0xFE, 0xFF, 0xFF, 0xFF, 0xFE, 0xFF, 0xFE, 0xFF,
        0xFF, 0xFF, 0x00, 0x00, 0xFE, 0xFF, 0xFC, 0xFF, 0xFE, 0xFF, 0xFE, 0xFF, 0xFC, 0xFF, 0xFB, 0xFF,
        0xFC, 0xFF, 0xFD, 0xFF, 0xFD, 0xFF, 0xFD, 0xFF, 0xFE, 0xFF, 0xFE, 0xFF, 0xFD, 0xFF, 0xFE, 0xFF,
        0x00, 0x00, 0x00, 0x00, 0xFF, 0xFF, 0x00, 0x00, 0x00, 0x00, 0xFF, 0xFF, 0xFF, 0xFF, 0xFD, 0xFF,
        0xFB, 0xFF, 0xFE, 0xFF, 0xFE, 0xFF, 0xFB, 0xFF, 0xFD, 0xFF, 0xFD, 0xFF, 0xFD, 0xFF, 0xFF, 0xFF,
        0xFD, 0xFF, 0xFF, 0xFF, 0x01, 0x00, 0xFF, 0xFF, 0x00, 0x00, 0x00, 0x00, 0xFF, 0xFF, 0xFF, 0xFF,
        0xFE, 0xFF, 0xFE, 0xFF, 0xFD, 0xFF, 0xFC, 0xFF, 0xFD, 0xFF, 0xFD, 0xFF, 0xFC, 0xFF, 0xFC, 0xFF,
        0xFC, 0xFF, 0xFC, 0xFF, 0xFF, 0xFF, 0xFF, 0xFF, 0xFF, 0xFF, 0x00, 0x00, 0xFF, 0xFF, 0xFD, 0xFF,
        0xFD, 0xFF, 0xFC, 0xFF, 0xFD, 0xFF, 0xFD, 0xFF, 0xFB, 0xFF, 0xFB, 0xFF, 0xFC, 0xFF, 0xFB, 0xFF,
        0xFD, 0xFF, 0xFD, 0xFF, 0xFA, 0xFF, 0xFC, 0xFF, 0xFF, 0xFF, 0xFD, 0xFF, 0xFF, 0xFF, 0x00, 0x00,
        0xFE, 0xFF, 0xFF, 0xFF, 0x00, 0x00, 0xFE, 0xFF, 0xFE, 0xFF, 0xFE, 0xFF, 0xFC, 0xFF, 0xFC, 0xFF,
        0xFC, 0xFF, 0xFC, 0xFF, 0xFE, 0xFF, 0xFD, 0xFF, 0xFC, 0xFF, 0xFE, 0xFF, 0x01, 0x00, 0x01, 0x00,
        0x00, 0x00, 0x01, 0x00, 0xFF, 0xFF, 0xFE, 0xFF, 0xFF, 0xFF, 0xFF, 0xFF, 0xFE, 0xFF, 0xFE, 0xFF,
        0xFD, 0xFF, 0xFF, 0xFF, 0xFE, 0xFF, 0xFB, 0xFF, 0xFD, 0xFF, 0x00, 0x00, 0xFF, 0xFF, 0x00, 0x00,
        0x00, 0x00, 0x00, 0x00, 0x00, 0x00, 0xFF, 0xFF, 0x00, 0x00, 0x01, 0x00, 0xFF, 0xFF, 0xFE, 0xFF,
        0xFD, 0xFF, 0xFC, 0xFF, 0xFD, 0xFF, 0xFE, 0xFF, 0xFC, 0xFF, 0xFC, 0xFF, 0xFE, 0xFF, 0xFE, 0xFF,
        0xFD, 0xFF, 0xFE, 0xFF, 0xFE, 0xFF, 0xFD, 0xFF, 0xFF, 0xFF, 0x00, 0x00, 0xFF, 0xFF, 0xFE, 0xFF,
        0xFE, 0xFF, 0xFE, 0xFF, 0xFE, 0xFF, 0xFD, 0xFF, 0xFD, 0xFF, 0xFD, 0xFF, 0xFF, 0xFF, 0xFF, 0xFF,
        0xFB, 0xFF, 0xFC, 0xFF, 0xFE, 0xFF, 0xFE, 0xFF, 0xFF, 0xFF, 0xFF, 0xFF, 0xFF, 0xFF, 0x01, 0x00,
        0x02, 0x00, 0x00, 0x00, 0x01, 0x00, 0x01, 0x00, 0xFE, 0xFF, 0xFE, 0xFF, 0xFD, 0xFF, 0xFC, 0xFF,
        0xFD, 0xFF, 0xFE, 0xFF, 0xFE, 0xFF, 0xFE, 0xFF, 0xFF, 0xFF, 0xFF, 0xFF, 0x00, 0x00, 0x00, 0x00,
        0xFF, 0xFF, 0x00, 0x00, 0x00, 0x00, 0x00, 0x00, 0x00, 0x00, 0x00, 0x00, 0xFF, 0xFF, 0xFF, 0xFF,
        0xFF, 0xFF, 0xFE, 0xFF, 0xFE, 0xFF, 0xFD, 0xFF, 0xFD, 0xFF, 0xFE, 0xFF, 0xFE, 0xFF, 0xFE, 0xFF,
        0xFF, 0xFF, 0xFF, 0xFF, 0x00, 0x00, 0x00, 0x00, 0xFF, 0xFF, 0x00, 0x00, 0xFF, 0xFF, 0xFE, 0xFF,
        0xFF, 0xFF, 0xFF, 0xFF, 0xFC, 0xFF, 0xFE, 0xFF, 0xFE, 0xFF, 0xFC, 0xFF, 0xFD, 0xFF, 0xFE, 0xFF,
        0xFD, 0xFF, 0xFE, 0xFF, 0x00, 0x00, 0xFF, 0xFF, 0xFF, 0xFF, 0x00, 0x00, 0x01, 0x00, 0x01, 0x00,
        0x00, 0x00, 0xFE, 0xFF, 0xFE, 0xFF, 0xFD, 0xFF, 0xFD, 0xFF, 0xFE, 0xFF, 0xFE, 0xFF, 0xFD, 0xFF,
        0xFE, 0xFF, 0xFD, 0xFF, 0xFE, 0xFF, 0x01, 0x00, 0x00, 0x00, 0xFF, 0xFF, 0x01, 0x00, 0x02, 0x00,
        0x01, 0x00, 0x01, 0x00, 0x01, 0x00, 0x00, 0x00, 0xFE, 0xFF, 0xFF, 0xFF, 0xFF, 0xFF, 0xFE, 0xFF,
        0xFE, 0xFF, 0xFF, 0xFF, 0xFE, 0xFF, 0xFE, 0xFF, 0xFE, 0xFF, 0xFF, 0xFF, 0x01, 0x00, 0x01, 0x00,
        0x00, 0x00, 0x00, 0x00, 0x00, 0x00, 0x00, 0x00, 0xFF, 0xFF, 0xFF, 0xFF, 0xFE, 0xFF, 0xFE, 0xFF,
        0xFF, 0xFF, 0xFE, 0xFF, 0xFD, 0xFF, 0xFE, 0xFF, 0xFD, 0xFF, 0xFC, 0xFF, 0xFD, 0xFF, 0xFD, 0xFF,
        0x00, 0x00, 0x01, 0x00, 0x00, 0x00, 0x01, 0x00, 0x00, 0x00, 0xFF, 0xFF, 0x01, 0x00, 0xFF, 0xFF,
        0xFC, 0xFF, 0xFD, 0xFF, 0xFC, 0xFF, 0xFC, 0xFF, 0xFC, 0xFF, 0xFC, 0xFF, 0xFD, 0xFF, 0xFD, 0xFF,
        0xFD, 0xFF, 0xFD, 0xFF, 0xFF, 0xFF, 0x01, 0x00, 0x00, 0x00, 0xFF, 0xFF, 0x01, 0x00, 0x01, 0x00,
        0xFE, 0xFF, 0xFE, 0xFF, 0x00, 0x00, 0xFF, 0xFF, 0xFD, 0xFF, 0xFE, 0xFF, 0xFE, 0xFF, 0xFD, 0xFF,
        0xFE, 0xFF, 0xFF, 0xFF, 0xFF, 0xFF, 0x00, 0x00, 0x00, 0x00, 0x00, 0x00, 0x02, 0x00, 0x01, 0x00,
        0x00, 0x00, 0x01, 0x00, 0x00, 0x00, 0xFF, 0xFF, 0xFF, 0xFF, 0xFF, 0xFF, 0xFF, 0xFF, 0xFE, 0xFF,
        0xFD, 0xFF, 0xFE, 0xFF, 0xFE, 0xFF, 0xFE, 0xFF, 0xFE, 0xFF, 0xFE, 0xFF, 0xFF, 0xFF, 0x01, 0x00,
        0x00, 0x00, 0x00, 0x00, 0x02, 0x00, 0x00, 0x00, 0xFE, 0xFF, 0xFF, 0xFF, 0xFE, 0xFF, 0xFE, 0xFF,
        0xFF, 0xFF, 0xFC, 0xFF, 0xFB, 0xFF, 0xFE, 0xFF, 0xFE, 0xFF, 0xFD, 0xFF, 0xFE, 0xFF, 0xFE, 0xFF,
        0xFE, 0xFF, 0xFE, 0xFF, 0x00, 0x00, 0x02, 0x00, 0x01, 0x00, 0x00, 0x00, 0x01, 0x00, 0x01, 0x00,
        0xFF, 0xFF, 0xFF, 0xFF, 0xFF, 0xFF, 0xFE, 0xFF, 0xFC, 0xFF, 0xFE, 0xFF, 0xFF, 0xFF, 0xFE, 0xFF,
        0xFF, 0xFF, 0x00, 0x00, 0xFF, 0xFF, 0x02, 0x00, 0x02, 0x00, 0x00, 0x00, 0x01, 0x00, 0x01, 0x00,
        0x01, 0x00, 0x00, 0x00, 0xFE, 0xFF, 0xFE, 0xFF, 0xFE, 0xFF, 0xFE, 0xFF, 0xFF, 0xFF, 0xFE, 0xFF,
        0xFE, 0xFF, 0xFF, 0xFF, 0xFE, 0xFF, 0xFF, 0xFF, 0x00, 0x00, 0x00, 0x00, 0x01, 0x00, 0x01, 0x00,
        0xFF, 0xFF, 0x01, 0x00, 0x03, 0x00, 0x01, 0x00, 0xFE, 0xFF, 0xFE, 0xFF, 0xFF, 0xFF, 0xFE, 0xFF,
        0xFE, 0xFF, 0xFD, 0xFF, 0xFD, 0xFF, 0xFF, 0xFF, 0x00, 0x00, 0x01, 0x00, 0x01, 0x00, 0x00, 0x00,
        0x00, 0x00, 0x01, 0x00, 0x00, 0x00, 0x01, 0x00, 0x01, 0x00, 0xFF, 0xFF, 0x00, 0x00, 0xFF, 0xFF,
        0xFD, 0xFF, 0xFF, 0xFF, 0xFF, 0xFF, 0xFD, 0xFF, 0xFE, 0xFF, 0xFF, 0xFF, 0xFF, 0xFF, 0xFE, 0xFF,
        0x00, 0x00, 0x01, 0x00, 0x00, 0x00, 0x02, 0x00, 0x02, 0x00, 0x01, 0x00, 0x02, 0x00, 0x00, 0x00,
        0xFD, 0xFF, 0xFE, 0xFF, 0xFF, 0xFF, 0xFE, 0xFF, 0xFF, 0xFF, 0xFF, 0xFF, 0xFF, 0xFF, 0xFF, 0xFF,
        0xFF, 0xFF, 0x00, 0x00, 0x01, 0x00, 0x02, 0x00, 0x04, 0x00, 0x02, 0x00, 0x02, 0x00, 0x02, 0x00,
        0x00, 0x00, 0x00, 0x00, 0x01, 0x00, 0xFE, 0xFF, 0xFF, 0xFF, 0xFF, 0xFF, 0xFE, 0xFF, 0xFF, 0xFF,
        0xFF, 0xFF, 0xFF, 0xFF, 0x00, 0x00, 0x00, 0x00, 0x00, 0x00, 0x00, 0x00, 0x00, 0x00, 0x01, 0x00,
        0x02, 0x00, 0x00, 0x00, 0xFF, 0xFF, 0x00, 0x00, 0xFF, 0xFF, 0xFF, 0xFF, 0xFE, 0xFF, 0xFC, 0xFF,
        0xFD, 0xFF, 0xFE, 0xFF, 0xFE, 0xFF, 0xFE, 0xFF, 0xFD, 0xFF, 0xFF, 0xFF, 0x00, 0x00, 0xFF, 0xFF,
        0x01, 0x00, 0x01, 0x00, 0xFF, 0xFF, 0x00, 0x00, 0x00, 0x00, 0x00, 0x00, 0x01, 0x00, 0xFF, 0xFF,
        0xFE, 0xFF, 0xFF, 0xFF, 0xFF, 0xFF, 0x00, 0x00, 0x00, 0x00, 0xFF, 0xFF, 0x00, 0x00, 0x00, 0x00,
        0x01, 0x00, 0x02, 0x00, 0x01, 0x00, 0x01, 0x00, 0x00, 0x00, 0xFF, 0xFF, 0x01, 0x00, 0x00, 0x00,
        0xFE, 0xFF, 0xFE, 0xFF, 0xFD, 0xFF, 0xFD, 0xFF, 0xFE, 0xFF, 0xFE, 0xFF, 0x00, 0x00, 0x00, 0x00,
        0xFF, 0xFF, 0x02, 0x00, 0x02, 0x00, 0x00, 0x00, 0x02, 0x00, 0x03, 0x00, 0x02, 0x00, 0x00, 0x00,
        0xFF, 0xFF, 0x02, 0x00, 0x02, 0x00, 0x00, 0x00, 0xFF, 0xFF, 0xFE, 0xFF, 0xFE, 0xFF, 0xFD, 0xFF,
        0xFE, 0xFF, 0xFF, 0xFF, 0x00, 0x00, 0x01, 0x00, 0x02, 0x00, 0x00, 0x00, 0x00, 0x00, 0x01, 0x00,
        0x00, 0x00, 0x01, 0x00, 0x01, 0x00, 0x00, 0x00, 0x01, 0x00, 0x00, 0x00, 0xFD, 0xFF, 0xFD, 0xFF,
        0xFF, 0xFF, 0x00, 0x00, 0xFF, 0xFF, 0xFE, 0xFF, 0xFF, 0xFF, 0x00, 0x00, 0x01, 0x00, 0x02, 0x00,
        0x01, 0x00, 0x00, 0x00, 0x01, 0x00, 0xFF, 0xFF, 0x00, 0x00, 0x00, 0x00, 0xFD, 0xFF, 0x00, 0x00,
        0x00, 0x00, 0xFD, 0xFF, 0xFF, 0xFF, 0x00, 0x00, 0xFF, 0xFF, 0xFF, 0xFF, 0x00, 0x00, 0x01, 0x00,
        0x01, 0x00, 0x01, 0x00, 0x01, 0x00, 0x01, 0x00, 0x01, 0x00, 0x02, 0x00, 0x00, 0x00, 0xFF, 0xFF,
        0x00, 0x00, 0x00, 0x00, 0xFF, 0xFF, 0x00, 0x00, 0xFF, 0xFF, 0xFF, 0xFF, 0x00, 0x00, 0xFF, 0xFF,
        0xFF, 0xFF, 0x01, 0x00, 0x01, 0x00, 0x00, 0x00, 0x01, 0x00, 0x03, 0x00, 0x00, 0x00, 0xFE, 0xFF,
        0x00, 0x00, 0x00, 0x00, 0xFF, 0xFF, 0xFF, 0xFF, 0xFE, 0xFF, 0xFE, 0xFF, 0xFF, 0xFF, 0xFF, 0xFF,
        0xFE, 0xFF, 0xFF, 0xFF, 0xFF, 0xFF, 0xFF, 0xFF, 0x00, 0x00, 0x00, 0x00, 0xFF, 0xFF, 0x00, 0x00,
        0x00, 0x00, 0x00, 0x00, 0x00, 0x00, 0xFF, 0xFF, 0xFD, 0xFF, 0xFE, 0xFF, 0xFF, 0xFF, 0xFF, 0xFF,
        0xFF, 0xFF, 0xFF, 0xFF, 0xFF, 0xFF, 0xFF, 0xFF, 0xFE, 0xFF, 0x00, 0x00, 0x00, 0x00, 0xFF, 0xFF,
        0x01, 0x00, 0x02, 0x00, 0x00, 0x00, 0x01, 0x00, 0x02, 0x00, 0xFF, 0xFF, 0xFE, 0xFF, 0xFF, 0xFF,
        0xFF, 0xFF, 0x00, 0x00, 0xFF, 0xFF, 0xFE, 0xFF, 0xFF, 0xFF, 0x00, 0x00, 0x00, 0x00, 0x00, 0x00,
        0x01, 0x00, 0x02, 0x00, 0x02, 0x00, 0x02, 0x00, 0x01, 0x00, 0x00, 0x00, 0x00, 0x00, 0x01, 0x00,
        0x00, 0x00, 0xFF, 0xFF, 0xFF, 0xFF, 0xFF, 0xFF, 0xFF, 0xFF, 0x00, 0x00, 0x00, 0x00, 0x00, 0x00,
        0x01, 0x00, 0x02, 0x00, 0x02, 0x00, 0x02, 0x00, 0x02, 0x00, 0x02, 0x00, 0x01, 0x00, 0x00, 0x00,
        0x02, 0x00, 0x01, 0x00, 0xFE, 0xFF, 0xFE, 0xFF, 0xFF, 0xFF, 0xFE, 0xFF, 0xFE, 0xFF, 0xFE, 0xFF,
        0xFE, 0xFF, 0xFF, 0xFF, 0x00, 0x00, 0x00, 0x00, 0xFF, 0xFF, 0xFF, 0xFF, 0x01, 0x00, 0x02, 0x00,
        0x00, 0x00, 0x00, 0x00, 0x01, 0x00, 0x00, 0x00, 0xFF, 0xFF, 0xFF, 0xFF, 0xFE, 0xFF, 0xFF, 0xFF,
        0xFF, 0xFF, 0xFE, 0xFF, 0xFF, 0xFF, 0x01, 0x00, 0x00, 0x00, 0x00, 0x00, 0x01, 0x00, 0x00, 0x00,
        0x01, 0x00, 0x02, 0x00, 0x01, 0x00, 0x01, 0x00, 0x01, 0x00, 0x01, 0x00, 0x01, 0x00, 0xFF, 0xFF,
        0xFE, 0xFF, 0xFE, 0xFF, 0xFF, 0xFF, 0xFF, 0xFF, 0xFE, 0xFF, 0xFE, 0xFF, 0x00, 0x00, 0x00, 0x00,
        0x00, 0x00, 0x01, 0x00, 0x03, 0x00, 0x01, 0x00, 0x00, 0x00, 0x00, 0x00, 0x01, 0x00, 0x00, 0x00,
        0xFF, 0xFF, 0x00, 0x00, 0x00, 0x00, 0xFF, 0xFF, 0xFF, 0xFF, 0x00, 0x00, 0x00, 0x00, 0xFE, 0xFF,
        0xFF, 0xFF, 0x02, 0x00, 0x02, 0x00, 0x01, 0x00, 0x01, 0x00, 0x01, 0x00, 0x00, 0x00, 0x00, 0x00,
        0x00, 0x00, 0x00, 0x00, 0x01, 0x00, 0x00, 0x00, 0xFF, 0xFF, 0xFF, 0xFF, 0xFE, 0xFF, 0xFF, 0xFF,
        0xFF, 0xFF, 0xFE, 0xFF, 0x00, 0x00, 0x01, 0x00, 0x00, 0x00, 0x01, 0x00, 0x02, 0x00, 0x02, 0x00,
        0x02, 0x00, 0x02, 0x00, 0x00, 0x00, 0xFF, 0xFF, 0x01, 0x00, 0x00, 0x00, 0xFF, 0xFF, 0x01, 0x00,
        0x00, 0x00, 0xFF, 0xFF, 0x00, 0x00, 0x00, 0x00, 0x00, 0x00, 0x02, 0x00, 0x01, 0x00, 0x01, 0x00,
        0x02, 0x00, 0x03, 0x00, 0x02, 0x00, 0x02, 0x00, 0x03, 0x00, 0x02, 0x00, 0x00, 0x00, 0x01, 0x00,
        0x01, 0x00, 0xFE, 0xFF, 0xFF, 0xFF, 0xFF, 0xFF, 0xFF, 0xFF, 0x00, 0x00, 0x00, 0x00, 0xFF, 0xFF,
        0x02, 0x00, 0x01, 0x00, 0xFF, 0xFF, 0x01, 0x00, 0x03, 0x00, 0x01, 0x00, 0x00, 0x00, 0x00, 0x00,
        0x00, 0x00, 0xFF, 0xFF, 0x00, 0x00, 0xFF, 0xFF, 0xFE, 0xFF, 0xFF, 0xFF, 0x00, 0x00, 0xFF, 0xFF,
        0x00, 0x00, 0x00, 0x00, 0x00, 0x00, 0x01, 0x00, 0x00, 0x00, 0x01, 0x00, 0x02, 0x00, 0x00, 0x00,
        0xFF, 0xFF, 0x01, 0x00, 0x01, 0x00, 0x00, 0x00, 0xFE, 0xFF, 0xFD, 0xFF, 0xFF, 0xFF, 0x00, 0x00,
        0xFF, 0xFF, 0xFF, 0xFF, 0x02, 0x00, 0x03, 0x00, 0x00, 0x00, 0x02, 0x00, 0x03, 0x00, 0x02, 0x00,
        0x03, 0x00, 0x03, 0x00, 0x01, 0x00, 0x01, 0x00, 0x01, 0x00, 0xFF, 0xFF, 0x00, 0x00, 0x00, 0x00,
        0x00, 0x00, 0x00, 0x00, 0x00, 0x00, 0xFF, 0xFF, 0x01, 0x00, 0x02, 0x00, 0x01, 0x00, 0x01, 0x00,
        0x01, 0x00, 0x02, 0x00, 0x03, 0x00, 0x02, 0x00, 0x01, 0x00, 0x01, 0x00, 0x01, 0x00, 0x00, 0x00,
        0xFF, 0xFF, 0xFF, 0xFF, 0x00, 0x00, 0xFF, 0xFF, 0xFE, 0xFF, 0xFF, 0xFF, 0x01, 0x00, 0x02, 0x00,
        0x01, 0x00, 0x01, 0x00, 0x03, 0x00, 0x01, 0x00, 0x00, 0x00, 0x02, 0x00, 0x01, 0x00, 0xFE, 0xFF,
        0xFF, 0xFF, 0x00, 0x00, 0x00, 0x00, 0xFE, 0xFF, 0xFF, 0xFF, 0x00, 0x00, 0xFF, 0xFF, 0xFF, 0xFF,
        0x00, 0x00, 0x01, 0x00, 0x01, 0x00, 0x01, 0x00, 0x01, 0x00, 0x01, 0x00, 0x01, 0x00, 0x01, 0x00,
        0x01, 0x00, 0xFF, 0xFF, 0xFF, 0xFF, 0x00, 0x00, 0x00, 0x00, 0x00, 0x00, 0x00, 0x00, 0xFF, 0xFF,
        0x00, 0x00, 0x00, 0x00, 0x00, 0x00, 0x01, 0x00, 0x03, 0x00, 0x02, 0x00, 0x01, 0x00, 0x02, 0x00,
        0x02, 0x00, 0x01, 0x00, 0x02, 0x00, 0x01, 0x00, 0x00, 0x00, 0x01, 0x00, 0xFF, 0xFF, 0xFF, 0xFF,
        0x00, 0x00, 0x00, 0x00, 0x00, 0x00, 0x00, 0x00, 0x00, 0x00, 0x02, 0x00, 0x01, 0x00, 0x01, 0x00,
        0x02, 0x00, 0x01, 0x00, 0x01, 0x00, 0x01, 0x00, 0xFF, 0xFF, 0x00, 0x00, 0x00, 0x00, 0xFF, 0xFF,
        0xFF, 0xFF, 0xFF, 0xFF, 0xFF, 0xFF, 0xFF, 0xFF, 0xFF, 0xFF, 0x00, 0x00, 0x00, 0x00, 0x00, 0x00,
        0x01, 0x00, 0x01, 0x00, 0x01, 0x00, 0x01, 0x00, 0x00, 0x00, 0x01, 0x00, 0x01, 0x00, 0xFE, 0xFF,
        0xFF, 0xFF, 0xFF, 0xFF, 0xFF, 0xFF, 0xFF, 0xFF, 0x00, 0x00, 0xFF, 0xFF, 0x00, 0x00, 0x00, 0x00,
        0x01, 0x00, 0x02, 0x00, 0x03, 0x00, 0x02, 0x00, 0x01, 0x00, 0x03, 0x00, 0x03, 0x00, 0x01, 0x00,
        0x00, 0x00, 0x02, 0x00, 0x00, 0x00, 0xFE, 0xFF, 0xFF, 0xFF, 0xFF, 0xFF, 0xFE, 0xFF, 0xFD, 0xFF,
        0xFE, 0xFF, 0x00, 0x00, 0x01, 0x00, 0x01, 0x00, 0x03, 0x00, 0x03, 0x00, 0x01, 0x00, 0x01, 0x00,
        0x02, 0x00, 0x02, 0x00, 0x01, 0x00, 0x00, 0x00, 0x00, 0x00, 0x01, 0x00, 0xFE, 0xFF, 0xFE, 0xFF,
        0xFF, 0xFF, 0xFE, 0xFF, 0x00, 0x00, 0x02, 0x00, 0x00, 0x00, 0xFE, 0xFF, 0x00, 0x00, 0x02, 0x00,
        0x01, 0x00, 0x02, 0x00, 0x02, 0x00, 0xFF, 0xFF, 0xFF, 0xFF, 0x01, 0x00, 0xFF, 0xFF, 0xFE, 0xFF,
        0xFF, 0xFF, 0x00, 0x00, 0x00, 0x00, 0xFF, 0xFF, 0xFF, 0xFF, 0xFF, 0xFF, 0x00, 0x00, 0x01, 0x00,
        0x01, 0x00, 0x01, 0x00, 0x01, 0x00, 0x00, 0x00, 0x01, 0x00, 0x01, 0x00, 0x00, 0x00, 0x01, 0x00,
        0x00, 0x00, 0xFF, 0xFF, 0x00, 0x00, 0xFF, 0xFF, 0xFE, 0xFF, 0x00, 0x00, 0x00, 0x00, 0x01, 0x00,
        0x02, 0x00, 0x02, 0x00, 0x03, 0x00, 0x02, 0x00, 0x02, 0x00, 0x01, 0x00, 0x00, 0x00, 0x01, 0x00,
        0x02, 0x00, 0x01, 0x00, 0x00, 0x00, 0x00, 0x00, 0x00, 0x00, 0x00, 0x00, 0xFF, 0xFF, 0x01, 0x00,
        0x02, 0x00, 0x01, 0x00, 0x01, 0x00, 0x02, 0x00, 0x01, 0x00, 0x02, 0x00, 0x04, 0x00, 0x03, 0x00,
        0x01, 0x00, 0x02, 0x00, 0x02, 0x00, 0xFF, 0xFF, 0xFF, 0xFF, 0xFF, 0xFF, 0xFF, 0xFF, 0xFF, 0xFF,
        0xFF, 0xFF, 0xFF, 0xFF, 0x00, 0x00, 0xFF, 0xFF, 0x00, 0x00, 0x02, 0x00, 0x01, 0x00, 0x00, 0x00,
        0x02, 0x00, 0x01, 0x00, 0x00, 0x00, 0x01, 0x00, 0x01, 0x00, 0x01, 0x00, 0xFF, 0xFF, 0xFE, 0xFF,
        0xFE, 0xFF, 0xFF, 0xFF, 0x00, 0x00, 0x00, 0x00, 0x00, 0x00, 0x00, 0x00, 0x01, 0x00, 0x00, 0x00,
        0x00, 0x00, 0x03, 0x00, 0x03, 0x00, 0x02, 0x00, 0x02, 0x00, 0x02, 0x00, 0x00, 0x00, 0xFF, 0xFF,
        0x00, 0x00, 0x00, 0x00, 0x00, 0x00, 0x00, 0x00, 0x00, 0x00, 0xFF, 0xFF, 0xFF, 0xFF, 0x01, 0x00,
        0x01, 0x00, 0x01, 0x00, 0x01, 0x00, 0x02, 0x00, 0x03, 0x00, 0x03, 0x00, 0x00, 0x00, 0x00, 0x00,
        0x01, 0x00, 0x00, 0x00, 0x00, 0x00, 0xFF, 0xFF, 0xFE, 0xFF, 0xFF, 0xFF, 0x01, 0x00, 0x00, 0x00,
        0xFF, 0xFF, 0x00, 0x00, 0xFF, 0xFF, 0x00, 0x00, 0x02, 0x00, 0x02, 0x00, 0x01, 0x00, 0x03, 0x00,
        0x03, 0x00, 0x00, 0x00, 0x00, 0x00, 0x02, 0x00, 0x00, 0x00, 0xFE, 0xFF, 0xFF, 0xFF, 0xFF, 0xFF,
        0xFE, 0xFF, 0xFF, 0xFF, 0xFF, 0xFF, 0xFE, 0xFF, 0x00, 0x00, 0x00, 0x00, 0x00, 0x00, 0x01, 0x00,
        0x01, 0x00, 0x01, 0x00, 0x03, 0x00, 0x01, 0x00, 0xFF, 0xFF, 0x00, 0x00, 0x00, 0x00, 0xFF, 0xFF,
        0xFE, 0xFF, 0xFE, 0xFF, 0xFF, 0xFF, 0xFE, 0xFF, 0xFF, 0xFF, 0x00, 0x00, 0x00, 0x00, 0x01, 0x00,
        0x02, 0x00, 0x01, 0x00, 0x00, 0x00, 0x00, 0x00, 0x00, 0x00, 0x00, 0x00, 0x00, 0x00, 0xFF, 0xFF,
        0xFF, 0xFF, 0x00, 0x00, 0xFF, 0xFF, 0xFF, 0xFF, 0x00, 0x00, 0x00, 0x00, 0x00, 0x00, 0x01, 0x00,
        0x02, 0x00, 0x01, 0x00, 0x02, 0x00, 0x01, 0x00, 0x00, 0x00, 0x02, 0x00, 0x02, 0x00, 0x00, 0x00,
        0x00, 0x00, 0x00, 0x00, 0xFF, 0xFF, 0xFF, 0xFF, 0xFF, 0xFF, 0xFF, 0xFF, 0xFF, 0xFF, 0xFE, 0xFF,
        0xFF, 0xFF, 0x00, 0x00, 0xFF, 0xFF, 0x01, 0x00, 0x01, 0x00, 0x01, 0x00, 0x01, 0x00, 0x01, 0x00,
        0x00, 0x00, 0x01, 0x00, 0x01, 0x00, 0xFF, 0xFF, 0xFF, 0xFF, 0xFF, 0xFF, 0xFF, 0xFF, 0x00, 0x00,
        0x00, 0x00, 0x01, 0x00, 0x01, 0x00, 0x00, 0x00, 0x01, 0x00, 0x01, 0x00, 0x00, 0x00, 0x01, 0x00,
        0x01, 0x00, 0x00, 0x00, 0x01, 0x00, 0x02, 0x00, 0x01, 0x00, 0xFF, 0xFF, 0xFE, 0xFF, 0xFF, 0xFF,
        0x00, 0x00, 0x00, 0x00, 0x00, 0x00, 0x00, 0x00, 0x00, 0x00, 0x00, 0x00, 0xFF, 0xFF, 0x00, 0x00,
        0x02, 0x00, 0x02, 0x00, 0x02, 0x00, 0x02, 0x00, 0x02, 0x00, 0x03, 0x00, 0x01, 0x00, 0xFE, 0xFF,
        0xFF, 0xFF, 0x01, 0x00, 0xFF, 0xFF, 0xFF, 0xFF, 0x01, 0x00, 0x01, 0x00, 0x01, 0x00, 0x01, 0x00,
        0x00, 0x00, 0x00, 0x00, 0x02, 0x00, 0x00, 0x00, 0xFF, 0xFF, 0x01, 0x00, 0x01, 0x00, 0xFF, 0xFF,
        0x01, 0x00, 0x00, 0x00, 0xFD, 0xFF, 0xFE, 0xFF, 0xFF, 0xFF, 0xFE, 0xFF, 0xFE, 0xFF, 0xFE, 0xFF,
        0xFE, 0xFF, 0x00, 0x00, 0x01, 0x00, 0xFF, 0xFF, 0xFF, 0xFF, 0x01, 0x00, 0x03, 0x00, 0x02, 0x00,
        0x01, 0x00, 0x00, 0x00, 0xFF, 0xFF, 0xFF, 0xFF, 0x00, 0x00, 0xFF, 0xFF, 0xFF, 0xFF, 0x00, 0x00,
        0xFF, 0xFF, 0x01, 0x00, 0x01, 0x00, 0xFF, 0xFF, 0x00, 0x00, 0x01, 0x00, 0x02, 0x00, 0x02, 0x00,
        0x00, 0x00, 0x00, 0x00, 0x02, 0x00, 0x01, 0x00, 0x02, 0x00, 0x02, 0x00, 0xFF, 0xFF, 0xFF, 0xFF,
        0x01, 0x00, 0x01, 0x00, 0x00, 0x00, 0xFF, 0xFF, 0x01, 0x00, 0x02, 0x00, 0xFF, 0xFF, 0xFF, 0xFF,
        0x00, 0x00, 0x00, 0x00, 0x02, 0x00, 0x02, 0x00, 0x01, 0x00, 0x01, 0x00, 0x00, 0x00, 0x01, 0x00,
        0x01, 0x00, 0xFF, 0xFF, 0xFF, 0xFF, 0x01, 0x00, 0xFF, 0xFF, 0x00, 0x00, 0x02, 0x00, 0x00, 0x00,
        0x00, 0x00, 0x01, 0x00, 0x00, 0x00, 0x01, 0x00, 0x01, 0x00, 0x01, 0x00, 0x01, 0x00, 0x00, 0x00,
        0x00, 0x00, 0xFF, 0xFF, 0xFE, 0xFF, 0xFF, 0xFF, 0xFF, 0xFF, 0xFD, 0xFF, 0xFD, 0xFF, 0xFE, 0xFF,
        0xFF, 0xFF, 0x00, 0x00, 0x00, 0x00, 0x01, 0x00, 0x02, 0x00, 0x02, 0x00, 0x01, 0x00, 0x00, 0x00,
        0x00, 0x00, 0x02, 0x00, 0x01, 0x00, 0x00, 0x00, 0x00, 0x00, 0x00, 0x00, 0xFE, 0xFF, 0xFE, 0xFF,
        0xFF, 0xFF, 0xFF, 0xFF, 0x00, 0x00, 0xFF, 0xFF, 0x00, 0x00, 0x01, 0x00, 0x02, 0x00, 0x01, 0x00,
        0x01, 0x00, 0x01, 0x00, 0x02, 0x00, 0x02, 0x00, 0x01, 0x00, 0xFF, 0xFF, 0xFF, 0xFF, 0xFF, 0xFF,
        0x00, 0x00, 0x01, 0x00, 0x00, 0x00, 0xFE, 0xFF, 0xFE, 0xFF, 0x00, 0x00, 0x01, 0x00, 0x02, 0x00,
        0x01, 0x00, 0x02, 0x00, 0x02, 0x00, 0xFF, 0xFF, 0x00, 0x00, 0x03, 0x00, 0x02, 0x00, 0x00, 0x00,
        0x00, 0x00, 0x00, 0x00, 0xFF, 0xFF, 0x00, 0x00, 0xFF, 0xFF, 0xFF, 0xFF, 0x01, 0x00, 0x00, 0x00,
        0x00, 0x00, 0x03, 0x00, 0x02, 0x00, 0x00, 0x00, 0x01, 0x00, 0x02, 0x00, 0x01, 0x00, 0x01, 0x00,
        0x00, 0x00, 0x00, 0x00, 0x00, 0x00, 0xFF, 0xFF, 0xFF, 0xFF, 0xFF, 0xFF, 0x00, 0x00, 0x00, 0x00,
        0xFF, 0xFF, 0xFF, 0xFF, 0x01, 0x00, 0x02, 0x00, 0x02, 0x00, 0x01, 0x00, 0x01, 0x00, 0x03, 0x00,
        0x04, 0x00, 0x02, 0x00, 0x01, 0x00, 0x01, 0x00, 0x00, 0x00, 0x00, 0x00, 0x00, 0x00, 0x01, 0x00,
        0x02, 0x00, 0x01, 0x00, 0xFF, 0xFF, 0x01, 0x00, 0x02, 0x00, 0x00, 0x00, 0x01, 0x00, 0x03, 0x00,
        0x03, 0x00, 0x01, 0x00, 0x02, 0x00, 0x01, 0x00, 0x00, 0x00, 0x00, 0x00, 0x01, 0x00, 0x00, 0x00,
        0xFF, 0xFF, 0xFF, 0xFF, 0xFF, 0xFF, 0xFE, 0xFF, 0xFF, 0xFF, 0x00, 0x00, 0x01, 0x00, 0x00, 0x00,
        0x00, 0x00, 0x01, 0x00, 0x00, 0x00, 0x01, 0x00, 0x03, 0x00, 0x01, 0x00, 0xFF, 0xFF, 0xFF, 0xFF,
        0x00, 0x00, 0x00, 0x00, 0x00, 0x00, 0x00, 0x00, 0xFF, 0xFF, 0xFE, 0xFF, 0xFF, 0xFF, 0xFE, 0xFF,
        0xFE, 0xFF, 0x02, 0x00, 0x01, 0x00, 0xFF, 0xFF, 0x01, 0x00, 0x01, 0x00, 0xFF, 0xFF, 0xFF, 0xFF,
        0xFF, 0xFF, 0xFF, 0xFF, 0xFF, 0xFF, 0xFE, 0xFF, 0xFE, 0xFF, 0xFE, 0xFF, 0xFE, 0xFF, 0x01, 0x00,
        0x01, 0x00, 0x00, 0x00, 0x00, 0x00, 0x01, 0x00, 0x02, 0x00, 0x02, 0x00, 0x03, 0x00, 0x03, 0x00,
        0x00, 0x00, 0xFF, 0xFF, 0x02, 0x00, 0x01, 0x00, 0x00, 0x00, 0x01, 0x00, 0x00, 0x00, 0x00, 0x00,
        0x01, 0x00, 0x00, 0x00, 0x00, 0x00, 0x00, 0x00, 0x00, 0x00, 0x01, 0x00, 0x01, 0x00, 0x02, 0x00,
        0x01, 0x00, 0x01, 0x00, 0x02, 0x00, 0x00, 0x00, 0xFF, 0xFF, 0x01, 0x00, 0x00, 0x00, 0xFF, 0xFF,
        0xFF, 0xFF, 0xFE, 0xFF, 0xFF, 0xFF, 0x00, 0x00, 0x00, 0x00, 0x01, 0x00, 0x02, 0x00, 0x02, 0x00,
        0x02, 0x00, 0x02, 0x00, 0x02, 0x00, 0x02, 0x00, 0x02, 0x00, 0x02, 0x00, 0x00, 0x00, 0x00, 0x00,
        0x00, 0x00, 0xFE, 0xFF, 0xFE, 0xFF, 0x00, 0x00, 0xFF, 0xFF, 0xFF, 0xFF, 0x00, 0x00, 0xFF, 0xFF,
        0xFF, 0xFF, 0x01, 0x00, 0x01, 0x00, 0x02, 0x00, 0x02, 0x00, 0x00, 0x00, 0x01, 0x00, 0x02, 0x00,
        0x00, 0x00, 0xFF, 0xFF, 0xFF, 0xFF, 0xFF, 0xFF, 0x00, 0x00, 0x01, 0x00, 0x01, 0x00, 0x00, 0x00,
        0x00, 0x00, 0x02, 0x00, 0x01, 0x00, 0x02, 0x00, 0x03, 0x00, 0x02, 0x00, 0x01, 0x00, 0x02, 0x00,
        0x01, 0x00, 0x00, 0x00, 0x01, 0x00, 0x00, 0x00, 0x00, 0x00, 0x01, 0x00, 0xFF, 0xFF, 0xFE, 0xFF,
        0x01, 0x00, 0x01, 0x00, 0xFF, 0xFF, 0x01, 0x00, 0x02, 0x00, 0x02, 0x00, 0x02, 0x00, 0x03, 0x00,
        0x03, 0x00, 0x02, 0x00, 0x01, 0x00, 0x01, 0x00, 0x00, 0x00, 0x00, 0x00, 0x00, 0x00, 0x00, 0x00,
        0x01, 0x00, 0x00, 0x00, 0xFF, 0xFF, 0xFF, 0xFF, 0x00, 0x00, 0x01, 0x00, 0x01, 0x00, 0x00, 0x00,
        0x01, 0x00, 0x03, 0x00, 0x01, 0x00, 0x01, 0x00, 0x01, 0x00, 0x00, 0x00, 0x00, 0x00, 0x00, 0x00,
        0x00, 0x00, 0xFF, 0xFF, 0xFE, 0xFF, 0xFF, 0xFF, 0x00, 0x00, 0xFE, 0xFF, 0x00, 0x00, 0x02, 0x00,
        0x01, 0x00, 0x02, 0x00, 0x03, 0x00, 0x03, 0x00, 0x04, 0x00, 0x03, 0x00, 0x03, 0x00, 0x03, 0x00,
        0x01, 0x00, 0x00, 0x00, 0x01, 0x00, 0x01, 0x00, 0x01, 0x00, 0x00, 0x00, 0x01, 0x00, 0x02, 0x00,
        0x02, 0x00, 0x03, 0x00, 0x02, 0x00, 0x01, 0x00, 0x02, 0x00, 0x03, 0x00, 0x03, 0x00, 0x03, 0x00,
        0x03, 0x00, 0x04, 0x00, 0x03, 0x00, 0x00, 0x00, 0x01, 0x00, 0x00, 0x00, 0xFF, 0xFF, 0x00, 0x00,
        0x01, 0x00, 0x00, 0x00, 0x00, 0x00, 0x00, 0x00, 0x01, 0x00, 0x02, 0x00, 0x01, 0x00, 0x01, 0x00,
        0x02, 0x00, 0x02, 0x00, 0x03, 0x00, 0x01, 0x00, 0xFF, 0xFF, 0x00, 0x00, 0x00, 0x00, 0xFF, 0xFF,
        0x00, 0x00, 0x00, 0x00, 0xFF, 0xFF, 0x01, 0x00, 0x01, 0x00, 0x01, 0x00, 0x02, 0x00, 0x01, 0x00,
        0x01, 0x00, 0x03, 0x00, 0x02, 0x00, 0x02, 0x00, 0x02, 0x00, 0x01, 0x00, 0x01, 0x00, 0x02, 0x00,
        0x01, 0x00, 0x02, 0x00, 0x01, 0x00, 0x00, 0x00, 0x02, 0x00, 0x01, 0x00, 0x00, 0x00, 0x01, 0x00,
        0x03, 0x00, 0x02, 0x00, 0x02, 0x00, 0x01, 0x00, 0x01, 0x00, 0x01, 0x00, 0x01, 0x00, 0x01, 0x00,
        0x00, 0x00, 0x00, 0x00, 0x00, 0x00, 0xFF, 0xFF, 0x00, 0x00, 0x01, 0x00, 0x00, 0x00, 0x00, 0x00,
        0x01, 0x00, 0x01, 0x00, 0x01, 0x00, 0x02, 0x00, 0x04, 0x00, 0x03, 0x00, 0x01, 0x00, 0x02, 0x00,
        0x03, 0x00, 0x02, 0x00, 0x01, 0x00, 0x00, 0x00, 0x00, 0x00, 0xFF, 0xFF, 0xFF, 0xFF, 0x00, 0x00,
        0xFF, 0xFF, 0xFF, 0xFF, 0x02, 0x00, 0x02, 0x00, 0x01, 0x00, 0x00, 0x00, 0x01, 0x00, 0x03, 0x00,
        0x04, 0x00, 0x03, 0x00, 0x02, 0x00, 0x00, 0x00, 0x00, 0x00, 0x01, 0x00, 0x00, 0x00, 0xFF, 0xFF,
        0x01, 0x00, 0x01, 0x00, 0x01, 0x00, 0x01, 0x00, 0x01, 0x00, 0x02, 0x00, 0x03, 0x00, 0x03, 0x00,
        0x03, 0x00, 0x03, 0x00, 0x02, 0x00, 0x02, 0x00, 0x01, 0x00, 0x03, 0x00, 0x02, 0x00, 0x00, 0x00,
        0x01, 0x00, 0x01, 0x00, 0x01, 0x00, 0x02, 0x00, 0x02, 0x00, 0x01, 0x00, 0x01, 0x00, 0x02, 0x00,
        0x03, 0x00, 0x03, 0x00, 0x03, 0x00, 0x02, 0x00, 0x02, 0x00, 0x04, 0x00, 0x03, 0x00, 0x02, 0x00,
        0x02, 0x00, 0x01, 0x00, 0x00, 0x00, 0x01, 0x00, 0x01, 0x00, 0x02, 0x00, 0x02, 0x00, 0x02, 0x00,
        0x02, 0x00, 0x02, 0x00, 0x03, 0x00, 0x04, 0x00, 0x03, 0x00, 0x03, 0x00, 0x03, 0x00, 0x01, 0x00,
        0x02, 0x00, 0x02, 0x00, 0x01, 0x00, 0x03, 0x00, 0x02, 0x00, 0xFF, 0xFF, 0x01, 0x00, 0x02, 0x00,
        0x01, 0x00, 0x00, 0x00, 0x01, 0x00, 0x03, 0x00, 0x02, 0x00, 0x02, 0x00, 0x03, 0x00, 0x02, 0x00,
        0x01, 0x00, 0x02, 0x00, 0x02, 0x00, 0x03, 0x00, 0x02, 0x00, 0x00, 0x00, 0x01, 0x00, 0x01, 0x00,
        0x00, 0x00, 0x00, 0x00, 0x00, 0x00, 0x01, 0x00, 0x03, 0x00, 0x03, 0x00, 0x03, 0x00, 0x04, 0x00,
        0x03, 0x00, 0x03, 0x00, 0x04, 0x00, 0x04, 0x00, 0x03, 0x00, 0x03, 0x00, 0x04, 0x00, 0x02, 0x00,
        0xFF, 0xFF, 0x01, 0x00, 0x02, 0x00, 0x00, 0x00, 0x01, 0x00, 0x03, 0x00, 0x01, 0x00, 0x01, 0x00,
        0x04, 0x00, 0x04, 0x00, 0x02, 0x00, 0x02, 0x00, 0x03, 0x00, 0x03, 0x00, 0x02, 0x00, 0x02, 0x00,
        0x01, 0x00, 0x01, 0x00, 0x01, 0x00, 0x01, 0x00, 0x02, 0x00, 0x02, 0x00, 0x01, 0x00, 0x02, 0x00,
        0x01, 0x00, 0x01, 0x00, 0x03, 0x00, 0x02, 0x00, 0x02, 0x00, 0x04, 0x00, 0x04, 0x00, 0x04, 0x00,
        0x03, 0x00, 0x00, 0x00, 0xFF, 0xFF, 0x00, 0x00, 0x01, 0x00, 0x00, 0x00, 0xFE, 0xFF, 0xFE, 0xFF,
        0x01, 0x00, 0x01, 0x00, 0x01, 0x00, 0x03, 0x00, 0x03, 0x00, 0x02, 0x00, 0x03, 0x00, 0x03, 0x00,
        0x04, 0x00, 0x05, 0x00, 0x03, 0x00, 0x02, 0x00, 0x03, 0x00, 0x01, 0x00, 0x00, 0x00, 0x01, 0x00,
        0xFF, 0xFF, 0x00, 0x00, 0x02, 0x00, 0x01, 0x00, 0x01, 0x00, 0x01, 0x00, 0x01, 0x00, 0x03, 0x00,
        0x03, 0x00, 0x04, 0x00, 0x04, 0x00, 0x02, 0x00, 0x01, 0x00, 0x02, 0x00, 0x01, 0x00, 0x02, 0x00,
        0x02, 0x00, 0x00, 0x00, 0x01, 0x00, 0x02, 0x00, 0x01, 0x00, 0x01, 0x00, 0x01, 0x00, 0x02, 0x00,
        0x02, 0x00, 0x02, 0x00, 0x02, 0x00, 0x01, 0x00, 0x02, 0x00, 0x02, 0x00, 0x01, 0x00, 0x02, 0x00,
        0x01, 0x00, 0x00, 0x00, 0x01, 0x00, 0x01, 0x00, 0x01, 0x00, 0x01, 0x00, 0x00, 0x00, 0x01, 0x00,
        0x02, 0x00, 0x01, 0x00, 0x01, 0x00, 0x01, 0x00, 0x02, 0x00, 0x03, 0x00, 0x02, 0x00, 0x02, 0x00,
        0x01, 0x00, 0xFF, 0xFF, 0x01, 0x00, 0x01, 0x00, 0x00, 0x00, 0x01, 0x00, 0x00, 0x00, 0x00, 0x00,
        0x03, 0x00, 0x01, 0x00, 0x00, 0x00, 0x01, 0x00, 0x02, 0x00, 0x02, 0x00, 0x02, 0x00, 0x03, 0x00,
        0x02, 0x00, 0x01, 0x00, 0x03, 0x00, 0x04, 0x00, 0x01, 0x00, 0x00, 0x00, 0x00, 0x00, 0x01, 0x00,
        0x02, 0x00, 0x01, 0x00, 0x01, 0x00, 0x02, 0x00, 0x03, 0x00, 0x02, 0x00, 0x02, 0x00, 0x02, 0x00,
        0x02, 0x00, 0x02, 0x00, 0x03, 0x00, 0x02, 0x00, 0x01, 0x00, 0x01, 0x00, 0x02, 0x00, 0x01, 0x00,
        0xFF, 0xFF, 0xFF, 0xFF, 0x01, 0x00, 0x01, 0x00, 0xFF, 0xFF, 0xFF, 0xFF, 0x01, 0x00, 0x02, 0x00,
        0x02, 0x00, 0x00, 0x00, 0x00, 0x00, 0x02, 0x00, 0x03, 0x00, 0x02, 0x00, 0x02, 0x00, 0x02, 0x00,
        0x01, 0x00, 0xFF, 0xFF, 0xFF, 0xFF, 0x01, 0x00, 0x00, 0x00, 0xFF, 0xFF, 0x01, 0x00, 0x00, 0x00,
        0x00, 0x00, 0x02, 0x00, 0x02, 0x00, 0x01, 0x00, 0x03, 0x00, 0x03, 0x00, 0x02, 0x00, 0x02, 0x00,
        0x03, 0x00, 0x04, 0x00, 0x02, 0x00, 0x00, 0x00, 0x01, 0x00, 0x02, 0x00, 0x01, 0x00, 0x00, 0x00,
        0x01, 0x00, 0x02, 0x00, 0x03, 0x00, 0x03, 0x00, 0x03, 0x00, 0x02, 0x00, 0x02, 0x00, 0x03, 0x00,
        0x02, 0x00, 0x02, 0x00, 0x03, 0x00, 0x03, 0x00, 0x01, 0x00, 0x01, 0x00, 0x00, 0x00, 0xFF, 0xFF,
        0x00, 0x00, 0x01, 0x00, 0x01, 0x00, 0x01, 0x00, 0x02, 0x00, 0x01, 0x00, 0x01, 0x00, 0x03, 0x00,
        0x03, 0x00, 0x03, 0x00, 0x02, 0x00, 0x02, 0x00, 0x02, 0x00, 0x02, 0x00, 0x02, 0x00, 0x01, 0x00,
        0x00, 0x00, 0x00, 0x00, 0x01, 0x00, 0x00, 0x00, 0x01, 0x00, 0x01, 0x00, 0x01, 0x00, 0x02, 0x00,
        0x01, 0x00, 0x02, 0x00, 0x02, 0x00, 0x01, 0x00, 0x03, 0x00, 0x03, 0x00, 0x00, 0x00, 0x01, 0x00,
        0x01, 0x00, 0x00, 0x00, 0x00, 0x00, 0xFF, 0xFF, 0xFF, 0xFF, 0x01, 0x00, 0xFF, 0xFF, 0x00, 0x00,
        0x03, 0x00, 0x02, 0x00, 0x01, 0x00, 0x02, 0x00, 0x02, 0x00, 0x02, 0x00, 0x03, 0x00, 0x03, 0x00,
        0x03, 0x00, 0x03, 0x00, 0x03, 0x00, 0x01, 0x00, 0x00, 0x00, 0x01, 0x00, 0x00, 0x00, 0x00, 0x00,
        0x01, 0x00, 0x00, 0x00, 0x02, 0x00, 0x02, 0x00, 0x03, 0x00, 0x04, 0x00, 0x02, 0x00, 0x02, 0x00,
        0x03, 0x00, 0x02, 0x00, 0x02, 0x00, 0x02, 0x00, 0x00, 0x00, 0x01, 0x00, 0x01, 0x00, 0x01, 0x00,
        0x01, 0x00, 0xFF, 0xFF, 0x00, 0x00, 0x01, 0x00, 0x01, 0x00, 0x02, 0x00, 0x03, 0x00, 0x04, 0x00,
        0x04, 0x00, 0x02, 0x00, 0x01, 0x00, 0x03, 0x00, 0x03, 0x00, 0x02, 0x00, 0x03, 0x00, 0x02, 0x00,
        0x01, 0x00, 0x00, 0x00, 0xFF, 0xFF, 0x00, 0x00, 0x02, 0x00, 0x01, 0x00, 0x01, 0x00, 0x02, 0x00,
        0x04, 0x00, 0x04, 0x00, 0x03, 0x00, 0x02, 0x00, 0x02, 0x00, 0x03, 0x00, 0x03, 0x00, 0x02, 0x00,
        0x01, 0x00, 0x00, 0x00, 0x01, 0x00, 0x01, 0x00, 0x01, 0x00, 0x01, 0x00, 0x01, 0x00, 0x01, 0x00,
        0x02, 0x00, 0x02, 0x00, 0x03, 0x00, 0x04, 0x00, 0x03, 0x00, 0x02, 0x00, 0x02, 0x00, 0x02, 0x00,
        0x02, 0x00, 0x02, 0x00, 0x00, 0x00, 0x00, 0x00, 0x01, 0x00, 0x02, 0x00, 0x00, 0x00, 0xFF, 0xFF,
        0x00, 0x00, 0x01, 0x00, 0x02, 0x00, 0x03, 0x00, 0x03, 0x00, 0x02, 0x00, 0x02, 0x00, 0x01, 0x00,
        0x01, 0x00, 0x03, 0x00, 0x02, 0x00, 0x00, 0x00, 0x01, 0x00, 0x01, 0x00, 0xFF, 0xFF, 0x00, 0x00,
        0x00, 0x00, 0xFE, 0xFF, 0xFF, 0xFF, 0x01, 0x00, 0x01, 0x00, 0x02, 0x00, 0x03, 0x00, 0x02, 0x00,
        0x02, 0x00, 0x02, 0x00, 0x02, 0x00, 0x01, 0x00, 0x01, 0x00, 0x02, 0x00, 0x01, 0x00, 0x00, 0x00,
        0x00, 0x00, 0xFF, 0xFF, 0x00, 0x00, 0x00, 0x00, 0x00, 0x00, 0x00, 0x00, 0x00, 0x00, 0x01, 0x00,
        0x03, 0x00, 0x02, 0x00, 0x01, 0x00, 0x02, 0x00, 0x01, 0x00, 0x01, 0x00, 0x02, 0x00, 0x01, 0x00,
        0x00, 0x00, 0x00, 0x00, 0x01, 0x00, 0x01, 0x00, 0x00, 0x00, 0x00, 0x00, 0x01, 0x00, 0x00, 0x00,
        0x00, 0x00, 0x01, 0x00, 0x02, 0x00, 0x01, 0x00, 0x01, 0x00, 0x02, 0x00, 0x02, 0x00, 0x02, 0x00,
        0x02, 0x00, 0x01, 0x00, 0x01, 0x00, 0x01, 0x00, 0x00, 0x00, 0xFF, 0xFF, 0x00, 0x00, 0x01, 0x00,
        0x02, 0x00, 0x02, 0x00, 0x01, 0x00, 0x02, 0x00, 0x02, 0x00, 0x02, 0x00, 0x03, 0x00, 0x01, 0x00,
        0x01, 0x00, 0x02, 0x00, 0x01, 0x00, 0x00, 0x00, 0x00, 0x00, 0x00, 0x00, 0x00, 0x00, 0x00, 0x00,
        0x00, 0x00, 0x00, 0x00, 0x00, 0x00, 0x00, 0x00, 0x01, 0x00, 0x00, 0x00, 0x01, 0x00, 0x01, 0x00,
        0x01, 0x00, 0x02, 0x00, 0x02, 0x00, 0x01, 0x00, 0x01, 0x00, 0x01, 0x00, 0x01, 0x00, 0x00, 0x00,
        0x00, 0x00, 0x00, 0x00, 0xFF, 0xFF, 0x00, 0x00, 0x02, 0x00, 0x01, 0x00, 0x01, 0x00, 0x02, 0x00,
        0x02, 0x00, 0x02, 0x00, 0x02, 0x00, 0x02, 0x00, 0x01, 0x00, 0x01, 0x00, 0x01, 0x00, 0x01, 0x00,
        0x02, 0x00, 0x01, 0x00, 0x00, 0x00, 0x01, 0x00, 0x01, 0x00, 0xFF, 0xFF, 0xFF, 0xFF, 0x01, 0x00,
        0x00, 0x00, 0x01, 0x00, 0x03, 0x00, 0x02, 0x00, 0x03, 0x00, 0x03, 0x00, 0x02, 0x00, 0x01, 0x00,
        0x00, 0x00, 0x02, 0x00, 0x02, 0x00, 0x00, 0x00, 0x00, 0x00, 0x00, 0x00, 0xFF, 0xFF, 0x00, 0x00,
        0x01, 0x00, 0x00, 0x00, 0x01, 0x00, 0x01, 0x00, 0x01, 0x00, 0x01, 0x00, 0x01, 0x00, 0x01, 0x00,
        0x01, 0x00, 0x00, 0x00, 0x00, 0x00, 0x00, 0x00, 0x00, 0x00, 0xFF, 0xFF, 0xFF, 0xFF, 0x00, 0x00,
        0x00, 0x00, 0xFF, 0xFF, 0xFF, 0xFF, 0xFF, 0xFF, 0xFF, 0xFF, 0x00, 0x00, 0xFF, 0xFF, 0x00, 0x00,
        0x01, 0x00, 0x00, 0x00, 0x00, 0x00, 0x01, 0x00, 0x00, 0x00, 0x01, 0x00, 0x00, 0x00, 0xFF, 0xFF,
        0x00, 0x00, 0x01, 0x00, 0x00, 0x00, 0xFF, 0xFF, 0xFF, 0xFF, 0x00, 0x00, 0x01, 0x00, 0x02, 0x00,
        0x02, 0x00, 0x02, 0x00, 0x01, 0x00, 0x01, 0x00, 0x01, 0x00, 0x02, 0x00, 0x02, 0x00, 0x01, 0x00,
        0x01, 0x00, 0x01, 0x00, 0x01, 0x00, 0xFF, 0xFF, 0xFE, 0xFF, 0x00, 0x00, 0x01, 0x00, 0x01, 0x00,
        0x01, 0x00, 0x00, 0x00, 0x01, 0x00, 0x01, 0x00, 0x00, 0x00, 0x01, 0x00, 0x01, 0x00, 0x00, 0x00,
        0x01, 0x00, 0xFF, 0xFF, 0xFE, 0xFF, 0xFF, 0xFF, 0xFF, 0xFF, 0x00, 0x00, 0x01, 0x00, 0xFF, 0xFF,
        0xFF, 0xFF, 0x00, 0x00, 0x01, 0x00, 0x01, 0x00, 0x02, 0x00, 0x01, 0x00, 0x01, 0x00, 0x00, 0x00,
        0x00, 0x00, 0x00, 0x00, 0x02, 0x00, 0x01, 0x00, 0xFF, 0xFF, 0x01, 0x00, 0x00, 0x00, 0xFE, 0xFF,
        0x00, 0x00, 0x00, 0x00, 0x00, 0x00, 0x01, 0x00, 0x01, 0x00, 0x02, 0x00, 0x02, 0x00, 0x00, 0x00,
        0x01, 0x00, 0x02, 0x00, 0x00, 0x00, 0x00, 0x00, 0x00, 0x00, 0x00, 0x00, 0x01, 0x00, 0x00, 0x00,
        0xFE, 0xFF, 0xFF, 0xFF, 0xFF, 0xFF, 0xFF, 0xFF, 0x00, 0x00, 0x00, 0x00, 0x01, 0x00, 0x01, 0x00,
        0x00, 0x00, 0x00, 0x00, 0x00, 0x00, 0x00, 0x00, 0x01, 0x00, 0x00, 0x00, 0x00, 0x00, 0x00, 0x00,
        0x00, 0x00, 0xFF, 0xFF, 0xFF, 0xFF, 0xFE, 0xFF, 0xFF, 0xFF, 0xFF, 0xFF, 0xFF, 0xFF, 0xFF, 0xFF,
        0x00, 0x00, 0x01, 0x00, 0x01, 0x00, 0x00, 0x00, 0x01, 0x00, 0x01, 0x00, 0x01, 0x00, 0x01, 0x00,
        0x00, 0x00, 0x00, 0x00, 0xFF, 0xFF, 0xFF, 0xFF, 0xFE, 0xFF, 0xFE, 0xFF, 0xFD, 0xFF, 0xFE, 0xFF,
        0xFF, 0xFF, 0xFF, 0xFF, 0xFF, 0xFF, 0x00, 0x00, 0x00, 0x00, 0x00, 0x00, 0x01, 0x00, 0x01, 0x00,
        0x01, 0x00, 0x02, 0x00, 0x02, 0x00, 0x00, 0x00, 0x00, 0x00, 0xFF, 0xFF, 0xFD, 0xFF, 0xFF, 0xFF,
        0x01, 0x00, 0xFE, 0xFF, 0xFD, 0xFF, 0xFF, 0xFF, 0x00, 0x00, 0x00, 0x00, 0x01, 0x00, 0x01, 0x00,
        0x01, 0x00, 0x01, 0x00, 0x01, 0x00, 0x01, 0x00, 0xFF, 0xFF, 0xFF, 0xFF, 0x00, 0x00, 0xFF, 0xFF,
        0xFF, 0xFF, 0xFF, 0xFF, 0xFF, 0xFF, 0x00, 0x00, 0xFF, 0xFF, 0x00, 0x00, 0x01, 0x00, 0xFF, 0xFF,
        0x00, 0x00, 0x02, 0x00, 0x00, 0x00, 0x00, 0x00, 0x01, 0x00, 0x00, 0x00, 0xFF, 0xFF, 0x00, 0x00,
        0xFF, 0xFF, 0xFF, 0xFF, 0xFF, 0xFF, 0xFF, 0xFF, 0xFF, 0xFF, 0xFF, 0xFF, 0x00, 0x00, 0xFF, 0xFF,
        0xFF, 0xFF, 0x00, 0x00, 0x00, 0x00, 0x01, 0x00, 0x01, 0x00, 0x00, 0x00, 0x01, 0x00, 0x01, 0x00,
        0xFF, 0xFF, 0xFF, 0xFF, 0xFF, 0xFF, 0xFE, 0xFF, 0xFF, 0xFF, 0xFF, 0xFF, 0xFF, 0xFF, 0xFE, 0xFF,
        0xFE, 0xFF, 0xFF, 0xFF, 0x00, 0x00, 0x00, 0x00, 0x00, 0x00, 0x00, 0x00, 0x01, 0x00, 0x01, 0x00,
        0x00, 0x00, 0x00, 0x00, 0xFF, 0xFF, 0x00, 0x00, 0x00, 0x00, 0xFE, 0xFF, 0xFF, 0xFF, 0x00, 0x00,
        0xFF, 0xFF, 0xFE, 0xFF, 0xFF, 0xFF, 0xFF, 0xFF, 0x00, 0x00, 0x00, 0x00, 0x00, 0x00, 0x02, 0x00,
        0x01, 0x00, 0x01, 0x00, 0x01, 0x00, 0x00, 0x00, 0x00, 0x00, 0x00, 0x00, 0x00, 0x00, 0xFF, 0xFF,
        0xFF, 0xFF, 0x00, 0x00, 0x00, 0x00, 0xFE, 0xFF, 0xFE, 0xFF, 0x00, 0x00, 0x00, 0x00, 0x00, 0x00,
        0x01, 0x00, 0x01, 0x00, 0x01, 0x00, 0x01, 0x00, 0x00, 0x00, 0x00, 0x00, 0xFF, 0xFF, 0xFF, 0xFF,
        0xFF, 0xFF, 0xFE, 0xFF, 0xFF, 0xFF, 0xFF, 0xFF, 0xFD, 0xFF, 0xFD, 0xFF, 0xFE, 0xFF, 0xFE, 0xFF,
        0xFF, 0xFF, 0x00, 0x00, 0x00, 0x00, 0xFF, 0xFF, 0x00, 0x00, 0x01, 0x00, 0x02, 0x00, 0x00, 0x00,
        0xFE, 0xFF, 0x00, 0x00, 0xFF, 0xFF, 0xFE, 0xFF, 0xFF, 0xFF, 0xFF, 0xFF, 0xFE, 0xFF, 0xFD, 0xFF,
        0xFF, 0xFF, 0x00, 0x00, 0x00, 0x00, 0x00, 0x00, 0x01, 0x00, 0x00, 0x00, 0x00, 0x00, 0x00, 0x00,
        0xFF, 0xFF, 0xFF, 0xFF, 0x00, 0x00, 0x00, 0x00, 0xFF, 0xFF, 0xFF, 0xFF, 0xFE, 0xFF, 0xFF, 0xFF,
        0xFF, 0xFF, 0xFE, 0xFF, 0xFF, 0xFF, 0x00, 0x00, 0x00, 0x00, 0x00, 0x00, 0x00, 0x00, 0xFF, 0xFF,
        0xFF, 0xFF, 0xFF, 0xFF, 0x00, 0x00, 0x00, 0x00, 0xFF, 0xFF, 0xFF, 0xFF, 0x00, 0x00, 0xFF, 0xFF,
        0xFE, 0xFF, 0xFF, 0xFF, 0xFF, 0xFF, 0xFF, 0xFF, 0xFE, 0xFF, 0xFE, 0xFF, 0x00, 0x00, 0x00, 0x00,
        0x00, 0x00, 0xFF, 0xFF, 0xFE, 0xFF, 0x00, 0x00, 0x02, 0x00, 0x01, 0x00, 0x00, 0x00, 0xFF, 0xFF,
        0xFE, 0xFF, 0xFE, 0xFF, 0xFE, 0xFF, 0xFD, 0xFF, 0xFE, 0xFF, 0xFF, 0xFF, 0xFF, 0xFF, 0xFF, 0xFF,
        0xFF, 0xFF, 0xFF, 0xFF, 0x00, 0x00, 0x00, 0x00, 0x00, 0x00, 0x00, 0x00, 0x00, 0x00, 0xFF, 0xFF,
        0xFF, 0xFF, 0xFF, 0xFF, 0xFF, 0xFF, 0xFE, 0xFF, 0xFF, 0xFF, 0xFE, 0xFF, 0xFE, 0xFF, 0xFF, 0xFF,
        0xFF, 0xFF, 0xFF, 0xFF, 0x00, 0x00, 0x01, 0x00, 0x01, 0x00, 0x01, 0x00, 0x00, 0x00, 0x00, 0x00,
        0x00, 0x00, 0x00, 0x00, 0x00, 0x00, 0xFF, 0xFF, 0xFF, 0xFF, 0xFF, 0xFF, 0xFF, 0xFF, 0xFF, 0xFF,
        0xFF, 0xFF, 0xFE, 0xFF, 0xFF, 0xFF, 0x00, 0x00, 0x00, 0x00, 0x00, 0x00, 0x00, 0x00, 0x00, 0x00,
        0x00, 0x00, 0x00, 0x00, 0x00, 0x00, 0x00, 0x00, 0x00, 0x00, 0xFE, 0xFF, 0xFD, 0xFF, 0xFF, 0xFF,
        0xFF, 0xFF, 0xFF, 0xFF, 0xFF, 0xFF, 0xFE, 0xFF, 0xFF, 0xFF, 0xFF, 0xFF, 0xFF, 0xFF, 0xFF, 0xFF,
        0x00, 0x00, 0x00, 0x00, 0x00, 0x00, 0x00, 0x00, 0x00, 0x00, 0xFF, 0xFF, 0xFF, 0xFF, 0x00, 0x00,
        0xFE, 0xFF, 0xFF, 0xFF, 0x00, 0x00, 0xFE, 0xFF, 0xFF, 0xFF, 0xFF, 0xFF, 0xFE, 0xFF, 0x00, 0x00,
        0x01, 0x00, 0xFF, 0xFF, 0x00, 0x00, 0x01, 0x00, 0x00, 0x00, 0x01, 0x00, 0x00, 0x00, 0x00, 0x00,
        0x00, 0x00, 0xFF, 0xFF, 0xFF, 0xFF, 0xFF, 0xFF, 0xFF, 0xFF, 0xFF, 0xFF, 0xFE, 0xFF, 0xFF, 0xFF,
        0x00, 0x00, 0xFF, 0xFF, 0x00, 0x00, 0x01, 0x00, 0x00, 0x00, 0x00, 0x00, 0x00, 0x00, 0x00, 0x00,
        0x00, 0x00, 0x00, 0x00, 0x00, 0x00, 0xFF, 0xFF, 0xFE, 0xFF, 0xFF, 0xFF, 0xFE, 0xFF, 0xFE, 0xFF,
        0xFF, 0xFF, 0xFE, 0xFF, 0xFE, 0xFF, 0xFF, 0xFF, 0xFF, 0xFF, 0x00, 0x00, 0x00, 0x00, 0x00, 0x00,
        0x00, 0x00, 0xFE, 0xFF, 0xFE, 0xFF, 0xFF, 0xFF, 0xFF, 0xFF, 0x00, 0x00, 0xFF, 0xFF, 0xFD, 0xFF,
        0xFE, 0xFF, 0xFE, 0xFF, 0xFD, 0xFF, 0xFD, 0xFF, 0xFE, 0xFF, 0xFF, 0xFF, 0xFF, 0xFF, 0xFE, 0xFF,
        0xFF, 0xFF, 0xFF, 0xFF, 0xFF, 0xFF, 0x00, 0x00, 0x00, 0x00, 0xFF, 0xFF, 0xFF, 0xFF, 0xFE, 0xFF,
        0xFF, 0xFF, 0xFF, 0xFF, 0xFE, 0xFF, 0xFE, 0xFF, 0xFF, 0xFF, 0xFF, 0xFF, 0xFF, 0xFF, 0xFF, 0xFF,
        0x00, 0x00, 0x01, 0x00, 0x01, 0x00, 0x01, 0x00, 0x01, 0x00, 0x01, 0x00, 0x00, 0x00, 0x00, 0x00,
        0x01, 0x00, 0xFF, 0xFF, 0xFE, 0xFF, 0xFF, 0xFF, 0xFE, 0xFF, 0xFE, 0xFF, 0xFE, 0xFF, 0xFF, 0xFF,
        0xFE, 0xFF, 0xFF, 0xFF, 0x00, 0x00, 0x00, 0x00, 0xFF, 0xFF, 0x00, 0x00, 0x01, 0x00, 0xFF, 0xFF,
        0xFF, 0xFF, 0xFF, 0xFF, 0xFF, 0xFF, 0x00, 0x00, 0xFF, 0xFF, 0xFE, 0xFF, 0xFF, 0xFF, 0xFE, 0xFF,
        0xFD, 0xFF, 0xFF, 0xFF, 0xFF, 0xFF, 0xFE, 0xFF, 0xFF, 0xFF, 0x00, 0x00, 0xFE, 0xFF, 0xFF, 0xFF,
        0x00, 0x00, 0x00, 0x00, 0xFF, 0xFF, 0xFE, 0xFF, 0xFE, 0xFF, 0xFE, 0xFF, 0xFE, 0xFF, 0xFE, 0xFF,
        0xFF, 0xFF, 0xFE, 0xFF, 0xFE, 0xFF, 0x00, 0x00, 0x00, 0x00, 0xFF, 0xFF, 0x00, 0x00, 0x00, 0x00,
        0xFF, 0xFF, 0x00, 0x00, 0x01, 0x00, 0x00, 0x00, 0x00, 0x00, 0x00, 0x00, 0x00, 0x00, 0xFF, 0xFF,
        0xFE, 0xFF, 0xFE, 0xFF, 0xFF, 0xFF, 0xFE, 0xFF, 0xFE, 0xFF, 0xFF, 0xFF, 0xFF, 0xFF, 0x00, 0x00,
        0x00, 0x00, 0xFF, 0xFF, 0x00, 0x00, 0x00, 0x00, 0x00, 0x00, 0x00, 0x00, 0x00, 0x00, 0x00, 0x00,
        0xFF, 0xFF, 0xFF, 0xFF, 0xFF, 0xFF, 0xFF, 0xFF, 0xFF, 0xFF, 0xFF, 0xFF, 0xFF, 0xFF, 0xFF, 0xFF,
        0xFF, 0xFF, 0xFF, 0xFF, 0xFF, 0xFF, 0x00, 0x00, 0x00, 0x00, 0x00, 0x00, 0xFF, 0xFF, 0xFF, 0xFF,
        0xFF, 0xFF, 0xFF, 0xFF, 0x00, 0x00, 0xFF, 0xFF, 0xFD, 0xFF, 0xFD, 0xFF, 0xFF, 0xFF, 0xFE, 0xFF,
        0xFF, 0xFF, 0xFF, 0xFF, 0xFE, 0xFF, 0xFE, 0xFF, 0xFF, 0xFF, 0xFF, 0xFF, 0xFF, 0xFF, 0x00, 0x00,
        0x00, 0x00, 0x00, 0x00, 0xFF, 0xFF, 0xFE, 0xFF, 0xFF, 0xFF, 0xFF, 0xFF, 0xFF, 0xFF, 0xFE, 0xFF,
        0xFE, 0xFF, 0xFF, 0xFF, 0x00, 0x00, 0xFF, 0xFF, 0x00, 0x00, 0x00, 0x00, 0xFF, 0xFF, 0x01, 0x00,
        0x02, 0x00, 0x01, 0x00, 0x01, 0x00, 0x01, 0x00, 0x00, 0x00, 0x00, 0x00, 0xFF, 0xFF, 0xFF, 0xFF,
        0x00, 0x00, 0x00, 0x00, 0xFF, 0xFF, 0xFE, 0xFF, 0xFF, 0xFF, 0xFF, 0xFF, 0x00, 0x00, 0x00, 0x00,
        0x00, 0x00, 0x00, 0x00, 0x00, 0x00, 0x00, 0x00, 0x00, 0x00, 0x00, 0x00, 0x00, 0x00, 0x00, 0x00,
        0x00, 0x00, 0xFF, 0xFF, 0xFF, 0xFF, 0xFF, 0xFF, 0xFF, 0xFF, 0xFF, 0xFF, 0xFF, 0xFF, 0xFE, 0xFF,
        0x00, 0x00, 0x01, 0x00, 0x00, 0x00, 0x00, 0x00, 0x01, 0x00, 0x01, 0x00, 0x01, 0x00, 0x00, 0x00,
        0x00, 0x00, 0xFF, 0xFF, 0xFE, 0xFF, 0xFF, 0xFF, 0xFF, 0xFF, 0xFF, 0xFF, 0xFE, 0xFF, 0xFE, 0xFF,
        0x00, 0x00, 0xFF, 0xFF, 0xFF, 0xFF, 0x01, 0x00, 0x01, 0x00, 0x00, 0x00, 0x00, 0x00, 0x00, 0x00,
        0x00, 0x00, 0x00, 0x00, 0x00, 0x00, 0x00, 0x00, 0xFF, 0xFF, 0xFF, 0xFF, 0xFF, 0xFF, 0xFF, 0xFF,
        0xFF, 0xFF, 0x01, 0x00, 0x00, 0x00, 0xFF, 0xFF, 0x00, 0x00, 0x01, 0x00, 0x01, 0x00, 0x00, 0x00,
        0xFF, 0xFF, 0x00, 0x00, 0x01, 0x00, 0x01, 0x00, 0x01, 0x00, 0x00, 0x00, 0x00, 0x00, 0x00, 0x00,
        0x00, 0x00, 0x00, 0x00, 0x00, 0x00, 0xFF, 0xFF, 0x00, 0x00, 0xFF, 0xFF, 0xFF, 0xFF, 0x01, 0x00,
        0x00, 0x00, 0x00, 0x00, 0x01, 0x00, 0x00, 0x00, 0x00, 0x00, 0x01, 0x00, 0x01, 0x00, 0xFF, 0xFF,
        0xFF, 0xFF, 0xFF, 0xFF, 0xFF, 0xFF, 0xFF, 0xFF, 0xFF, 0xFF, 0xFF, 0xFF, 0xFF, 0xFF, 0xFF, 0xFF,
        0xFF, 0xFF, 0xFF, 0xFF, 0x00, 0x00, 0x00, 0x00, 0xFF, 0xFF, 0xFF, 0xFF, 0x00, 0x00, 0x00, 0x00,
        0xFF, 0xFF, 0xFF, 0xFF, 0xFF, 0xFF, 0xFF, 0xFF, 0x00, 0x00, 0x00, 0x00, 0xFF, 0xFF, 0xFF, 0xFF,
        0xFF, 0xFF, 0xFF, 0xFF, 0xFF, 0xFF, 0x00, 0x00, 0x00, 0x00, 0x00, 0x00, 0x01, 0x00, 0x01, 0x00,
        0x00, 0x00, 0x01, 0x00, 0x01, 0x00, 0x00, 0x00, 0xFF, 0xFF, 0xFF, 0xFF, 0x00, 0x00, 0xFE, 0xFF,
        0xFE, 0xFF, 0xFF, 0xFF, 0xFF, 0xFF, 0xFF, 0xFF, 0xFF, 0xFF, 0xFF, 0xFF, 0x00, 0x00, 0x01, 0x00,
        0x01, 0x00, 0x01, 0x00, 0x00, 0x00, 0x00, 0x00, 0x00, 0x00, 0xFF, 0xFF, 0xFF, 0xFF, 0xFF, 0xFF,
        0xFF, 0xFF, 0xFF, 0xFF, 0xFF, 0xFF, 0x00, 0x00, 0x00, 0x00, 0xFF, 0xFF, 0xFF, 0xFF, 0xFE, 0xFF,
        0xFF, 0xFF, 0x01, 0x00, 0x00, 0x00, 0x00, 0x00, 0x01, 0x00, 0x00, 0x00, 0x00, 0x00, 0xFF, 0xFF,
        0xFF, 0xFF, 0x00, 0x00, 0xFF, 0xFF, 0xFE, 0xFF, 0xFF, 0xFF, 0xFE, 0xFF, 0xFF, 0xFF, 0xFF, 0xFF,
        0xFF, 0xFF, 0xFF, 0xFF, 0xFF, 0xFF, 0x00, 0x00, 0x02, 0x00, 0x00, 0x00, 0x01, 0x00, 0x01, 0x00,
        0xFF, 0xFF, 0xFF, 0xFF, 0xFF, 0xFF, 0xFF, 0xFF, 0x00, 0x00, 0xFF, 0xFF, 0xFF, 0xFF, 0xFF, 0xFF,
        0xFF, 0xFF, 0x00, 0x00, 0x00, 0x00, 0xFF, 0xFF, 0x00, 0x00, 0x01, 0x00, 0x00, 0x00, 0x00, 0x00,
        0x01, 0x00, 0x01, 0x00, 0x00, 0x00, 0x00, 0x00, 0xFF, 0xFF, 0xFE, 0xFF, 0xFF, 0xFF, 0xFE, 0xFF,
        0xFD, 0xFF, 0xFF, 0xFF, 0x00, 0x00, 0xFF, 0xFF, 0xFF, 0xFF, 0xFF, 0xFF, 0xFF, 0xFF, 0x00, 0x00,
        0x01, 0x00, 0x00, 0x00, 0x00, 0x00, 0xFF, 0xFF, 0xFF, 0xFF, 0xFF, 0xFF, 0xFF, 0xFF, 0xFE, 0xFF,
        0xFF, 0xFF, 0xFF, 0xFF, 0xFE, 0xFF, 0xFE, 0xFF, 0xFF, 0xFF, 0x00, 0x00, 0xFF, 0xFF, 0xFF, 0xFF,
        0x00, 0x00, 0x01, 0x00, 0x01, 0x00, 0x01, 0x00, 0x01, 0x00, 0xFF, 0xFF, 0xFF, 0xFF, 0x00, 0x00,
        0xFF, 0xFF, 0xFF, 0xFF, 0x00, 0x00, 0x00, 0x00, 0xFF, 0xFF, 0xFF, 0xFF, 0xFE, 0xFF, 0xFD, 0xFF,
        0xFF, 0xFF, 0x01, 0x00, 0x00, 0x00, 0x00, 0x00, 0x00, 0x00, 0x01, 0x00, 0x00, 0x00, 0x00, 0x00,
        0x00, 0x00, 0x00, 0x00, 0xFF, 0xFF, 0xFF, 0xFF, 0x00, 0x00, 0xFF, 0xFF, 0x00, 0x00, 0x00, 0x00,
        0x00, 0x00, 0x00, 0x00, 0x00, 0x00, 0xFF, 0xFF, 0x01, 0x00, 0x00, 0x00, 0x00, 0x00, 0x02, 0x00,
        0x01, 0x00, 0x01, 0x00, 0x01, 0x00, 0x00, 0x00, 0x00, 0x00, 0x00, 0x00, 0x00, 0x00, 0xFF, 0xFF,
        0xFE, 0xFF, 0xFF, 0xFF, 0x00, 0x00, 0x00, 0x00, 0x00, 0x00, 0x00, 0x00, 0x00, 0x00, 0x01, 0x00,
        0x01, 0x00, 0x01, 0x00, 0x00, 0x00, 0x00, 0x00, 0x00, 0x00, 0x00, 0x00, 0x00, 0x00, 0x00, 0x00,
        0xFF, 0xFF, 0xFF, 0xFF, 0xFF, 0xFF, 0xFE, 0xFF, 0x00, 0x00, 0x00, 0x00, 0xFF, 0xFF, 0x00, 0x00,
        0x00, 0x00, 0x00, 0x00, 0xFF, 0xFF, 0x00, 0x00, 0x00, 0x00, 0x00, 0x00, 0x00, 0x00, 0x00, 0x00,
        0xFF, 0xFF, 0xFE, 0xFF, 0x00, 0x00, 0x01, 0x00, 0x00, 0x00, 0xFF, 0xFF, 0xFE, 0xFF, 0xFF, 0xFF,
        0x01, 0x00, 0x01, 0x00, 0x00, 0x00, 0x01, 0x00, 0x01, 0x00, 0x01, 0x00, 0x01, 0x00, 0x01, 0x00,
        0x01, 0x00, 0x01, 0x00, 0x00, 0x00, 0x00, 0x00, 0xFF, 0xFF, 0xFE, 0xFF, 0xFF, 0xFF, 0xFF, 0xFF,
        0xFF, 0xFF, 0x00, 0x00, 0x01, 0x00, 0x00, 0x00, 0x00, 0x00, 0x01, 0x00, 0x01, 0x00, 0x01, 0x00,
        0x01, 0x00, 0x01, 0x00, 0x01, 0x00, 0x00, 0x00, 0xFF, 0xFF, 0xFF, 0xFF, 0x00, 0x00, 0xFF, 0xFF,
        0xFE, 0xFF, 0xFF, 0xFF, 0xFF, 0xFF, 0xFF, 0xFF, 0x00, 0x00, 0x00, 0x00, 0x00, 0x00, 0x00, 0x00,
        0xFF, 0xFF, 0x00, 0x00, 0x01, 0x00, 0x01, 0x00, 0xFF, 0xFF, 0xFF, 0xFF, 0x00, 0x00, 0xFF, 0xFF,
        0xFF, 0xFF, 0xFF, 0xFF, 0xFE, 0xFF, 0xFE, 0xFF, 0xFD, 0xFF, 0xFF, 0xFF, 0x01, 0x00, 0x00, 0x00,
        0x00, 0x00, 0x01, 0x00, 0xFF, 0xFF, 0x01, 0x00, 0x01, 0x00, 0xFF, 0xFF, 0x01, 0x00, 0x01, 0x00,
        0xFF, 0xFF, 0x00, 0x00, 0x00, 0x00, 0xFF, 0xFF, 0xFF, 0xFF, 0x00, 0x00, 0x00, 0x00, 0x00, 0x00,
        0x00, 0x00, 0x01, 0x00, 0x00, 0x00, 0x00, 0x00, 0x00, 0x00, 0x00, 0x00, 0x00, 0x00, 0x00, 0x00,
        0x00, 0x00, 0x00, 0x00, 0xFF, 0xFF, 0x00, 0x00, 0x00, 0x00, 0xFE, 0xFF, 0xFE, 0xFF, 0xFF, 0xFF,
        0xFF, 0xFF, 0x00, 0x00, 0xFF, 0xFF, 0xFF, 0xFF, 0x00, 0x00, 0x00, 0x00, 0x00, 0x00, 0x00, 0x00,
        0xFF, 0xFF, 0xFF, 0xFF, 0xFF, 0xFF, 0x00, 0x00, 0x00, 0x00, 0xFF, 0xFF, 0x00, 0x00, 0xFF, 0xFF,
        0xFE, 0xFF, 0xFF, 0xFF, 0xFF, 0xFF, 0xFF, 0xFF, 0x00, 0x00, 0x00, 0x00, 0x00, 0x00, 0x01, 0x00,
        0x02, 0x00, 0x02, 0x00, 0x01, 0x00, 0x01, 0x00, 0x01, 0x00, 0x00, 0x00, 0x01, 0x00, 0xFF, 0xFF,
        0xFE, 0xFF, 0x00, 0x00, 0xFF, 0xFF, 0xFF, 0xFF, 0x01, 0x00, 0xFF, 0xFF, 0x00, 0x00, 0x01, 0x00,
        0x00, 0x00, 0x01, 0x00, 0x01, 0x00, 0x00, 0x00, 0x01, 0x00, 0x00, 0x00, 0x00, 0x00, 0x00, 0x00,
        0xFE, 0xFF, 0xFF, 0xFF, 0xFF, 0xFF, 0xFF, 0xFF, 0x00, 0x00, 0xFF, 0xFF, 0xFF, 0xFF, 0x00, 0x00,
        0x00, 0x00, 0x00, 0x00, 0x01, 0x00, 0x00, 0x00, 0x01, 0x00, 0x01, 0x00, 0x00, 0x00, 0x01, 0x00,
        0x00, 0x00, 0xFF, 0xFF, 0x00, 0x00, 0x00, 0x00, 0x00, 0x00, 0x00, 0x00, 0xFF, 0xFF, 0xFE, 0xFF,
        0xFF, 0xFF, 0x00, 0x00, 0x00, 0x00, 0x01, 0x00, 0x01, 0x00, 0x00, 0x00, 0x00, 0x00, 0x00, 0x00,
        0x01, 0x00, 0x01, 0x00, 0x00, 0x00, 0x00, 0x00, 0x00, 0x00, 0xFF, 0xFF, 0x00, 0x00, 0x00, 0x00,
        0xFF, 0xFF, 0xFF, 0xFF, 0xFF, 0xFF, 0xFF, 0xFF, 0x01, 0x00, 0x00, 0x00, 0xFF, 0xFF, 0x01, 0x00,
        0x02, 0x00, 0x00, 0x00, 0x01, 0x00, 0x01, 0x00, 0x00, 0x00, 0x00, 0x00, 0x00, 0x00, 0xFF, 0xFF,
        0x00, 0x00, 0x00, 0x00, 0x00, 0x00, 0x01, 0x00, 0x00, 0x00, 0xFF, 0xFF, 0x01, 0x00, 0x01, 0x00,
        0x01, 0x00, 0x01, 0x00, 0x01, 0x00, 0x01, 0x00, 0x01, 0x00, 0x01, 0x00, 0x00, 0x00, 0x00, 0x00,
        0x00, 0x00, 0x00, 0x00, 0xFF, 0xFF, 0xFF, 0xFF, 0x00, 0x00, 0x00, 0x00, 0x00, 0x00, 0xFF, 0xFF,
        0x00, 0x00, 0x01, 0x00, 0x01, 0x00, 0x00, 0x00, 0x01, 0x00, 0x01, 0x00, 0x00, 0x00, 0x01, 0x00,
        0x01, 0x00, 0x00, 0x00, 0xFF, 0xFF, 0xFE, 0xFF, 0xFE, 0xFF, 0x00, 0x00, 0x00, 0x00, 0xFF, 0xFF,
        0x00, 0x00, 0xFF, 0xFF, 0xFE, 0xFF, 0x00, 0x00, 0x01, 0x00, 0x01, 0x00, 0x01, 0x00, 0x00, 0x00,
        0xFF, 0xFF, 0x01, 0x00, 0x00, 0x00, 0xFF, 0xFF, 0xFF, 0xFF, 0xFE, 0xFF, 0xFF, 0xFF, 0xFF, 0xFF,
        0xFE, 0xFF, 0x00, 0x00, 0x00, 0x00, 0xFE, 0xFF, 0xFE, 0xFF, 0x00, 0x00, 0x00, 0x00, 0x01, 0x00,
        0x01, 0x00, 0x00, 0x00, 0x01, 0x00, 0x01, 0x00, 0x00, 0x00, 0x00, 0x00, 0x01, 0x00, 0x00, 0x00,
        0xFF, 0xFF, 0x00, 0x00, 0x00, 0x00, 0x01, 0x00, 0x00, 0x00, 0xFF, 0xFF, 0x00, 0x00, 0x01, 0x00,
        0x01, 0x00, 0x00, 0x00, 0x00, 0x00, 0x02, 0x00, 0x02, 0x00, 0x00, 0x00, 0xFF, 0xFF, 0xFF, 0xFF,
        0xFF, 0xFF, 0xFF, 0xFF, 0xFF, 0xFF, 0xFF, 0xFF, 0xFF, 0xFF, 0x00, 0x00, 0x00, 0x00, 0x00, 0x00,
        0xFF, 0xFF, 0xFF, 0xFF, 0xFF, 0xFF, 0xFF, 0xFF, 0x01, 0x00, 0x00, 0x00, 0xFF, 0xFF, 0x01, 0x00,
        0x00, 0x00, 0xFF, 0xFF, 0xFF, 0xFF, 0xFF, 0xFF, 0xFF, 0xFF, 0xFF, 0xFF, 0xFF, 0xFF, 0xFF, 0xFF,
        0x00, 0x00, 0x00, 0x00, 0x00, 0x00, 0x00, 0x00, 0x01, 0x00, 0x01, 0x00, 0x01, 0x00, 0x01, 0x00,
        0x01, 0x00, 0x00, 0x00, 0x00, 0x00, 0x00, 0x00, 0x00, 0x00, 0x00, 0x00, 0x02, 0x00, 0x00, 0x00,
        0x00, 0x00, 0x01, 0x00, 0x01, 0x00, 0x01, 0x00, 0x01, 0x00, 0x01, 0x00, 0x00, 0x00, 0x01, 0x00,
        0x01, 0x00, 0x01, 0x00, 0x01, 0x00, 0x00, 0x00, 0x00, 0x00, 0x00, 0x00, 0xFF, 0xFF, 0xFF, 0xFF,
        0x00, 0x00, 0x00, 0x00, 0x00, 0x00, 0x00, 0x00, 0x00, 0x00, 0x00, 0x00, 0x01, 0x00, 0x01, 0x00,
        0x00, 0x00, 0x01, 0x00, 0x02, 0x00, 0x01, 0x00, 0x00, 0x00, 0x00, 0x00, 0xFF, 0xFF, 0x00, 0x00,
        0x00, 0x00, 0xFE, 0xFF, 0xFF, 0xFF, 0x00, 0x00, 0xFF, 0xFF, 0xFF, 0xFF, 0xFF, 0xFF, 0xFF, 0xFF,
        0x00, 0x00, 0x00, 0x00, 0xFF, 0xFF, 0x01, 0x00, 0x01, 0x00, 0x00, 0x00, 0x01, 0x00, 0x00, 0x00,
        0x00, 0x00, 0x01, 0x00, 0xFF, 0xFF, 0xFF, 0xFF, 0x00, 0x00, 0xFF, 0xFF, 0xFF, 0xFF, 0x00, 0x00,
        0x00, 0x00, 0x00, 0x00, 0x01, 0x00, 0x01, 0x00, 0x01, 0x00, 0x00, 0x00, 0x00, 0x00, 0x01, 0x00,
        0x00, 0x00, 0x00, 0x00, 0x00, 0x00, 0x00, 0x00, 0xFF, 0xFF, 0xFE, 0xFF, 0xFF, 0xFF, 0x00, 0x00,
        0xFF, 0xFF, 0xFF, 0xFF, 0xFF, 0xFF, 0x00, 0x00, 0x01, 0x00, 0x01, 0x00, 0x00, 0x00, 0x01, 0x00,
        0x01, 0x00, 0x00, 0x00, 0x01, 0x00, 0x01, 0x00, 0x00, 0x00, 0x00, 0x00, 0x00, 0x00, 0x00, 0x00,
        0xFF, 0xFF, 0x00, 0x00, 0x00, 0x00, 0xFF, 0xFF, 0x00, 0x00, 0x01, 0x00, 0x00, 0x00, 0xFF, 0xFF,
        0x00, 0x00, 0x01, 0x00, 0x01, 0x00, 0x00, 0x00, 0x00, 0x00, 0x01, 0x00, 0x01, 0x00, 0x00, 0x00,
        0x00, 0x00, 0x00, 0x00, 0x00, 0x00, 0xFF, 0xFF, 0xFF, 0xFF, 0xFF, 0xFF, 0x01, 0x00, 0x01, 0x00,
        0x00, 0x00, 0x00, 0x00, 0x01, 0x00, 0x01, 0x00, 0x00, 0x00, 0x01, 0x00, 0x02, 0x00, 0x01, 0x00,
        0x00, 0x00, 0xFF, 0xFF, 0xFF, 0xFF, 0x00, 0x00, 0x00, 0x00, 0xFF, 0xFF, 0xFF, 0xFF, 0xFF, 0xFF,
        0x00, 0x00, 0x01, 0x00, 0x01, 0x00, 0x01, 0x00, 0x00, 0x00, 0x02, 0x00, 0x02, 0x00, 0x01, 0x00,
        0x01, 0x00, 0x01, 0x00, 0x00, 0x00, 0x02, 0x00, 0x01, 0x00, 0xFF, 0xFF, 0x00, 0x00, 0x00, 0x00,
        0x00, 0x00, 0x00, 0x00, 0xFE, 0xFF, 0x00, 0x00, 0x01, 0x00, 0x00, 0x00, 0x01, 0x00, 0x01, 0x00,
        0x00, 0x00, 0x00, 0x00, 0x01, 0x00, 0x00, 0x00, 0x00, 0x00, 0xFF, 0xFF, 0xFF, 0xFF, 0xFF, 0xFF,
        0xFF, 0xFF, 0xFF, 0xFF, 0xFF, 0xFF, 0xFF, 0xFF, 0x00, 0x00, 0x00, 0x00, 0x00, 0x00, 0x00, 0x00,
        0xFF, 0xFF, 0x00, 0x00, 0x01, 0x00, 0x00, 0x00, 0x01, 0x00, 0x02, 0x00, 0x00, 0x00, 0xFF, 0xFF,
        0x00, 0x00, 0xFF, 0xFF, 0xFE, 0xFF, 0xFF, 0xFF, 0xFF, 0xFF, 0xFF, 0xFF, 0x00, 0x00, 0x00, 0x00,
        0x00, 0x00, 0x00, 0x00, 0x00, 0x00, 0x00, 0x00, 0x01, 0x00, 0x01, 0x00, 0x00, 0x00, 0x00, 0x00,
        0x00, 0x00, 0xFF, 0xFF, 0xFF, 0xFF, 0xFF, 0xFF, 0xFF, 0xFF, 0xFF, 0xFF, 0x00, 0x00, 0x00, 0x00,
        0x00, 0x00, 0xFF, 0xFF, 0xFF, 0xFF, 0x00, 0x00, 0x00, 0x00, 0xFF, 0xFF, 0x01, 0x00, 0x01, 0x00,
        0x00, 0x00, 0x00, 0x00, 0xFF, 0xFF, 0xFF, 0xFF, 0xFF, 0xFF, 0xFE, 0xFF, 0xFF, 0xFF, 0xFF, 0xFF,
        0xFF, 0xFF, 0xFF, 0xFF, 0xFF, 0xFF, 0xFF, 0xFF, 0x00, 0x00, 0x00, 0x00, 0xFF, 0xFF, 0x00, 0x00,
        0x00, 0x00, 0x00, 0x00, 0x00, 0x00, 0x00, 0x00, 0x00, 0x00, 0xFF, 0xFF, 0xFF, 0xFF, 0xFF, 0xFF,
        0xFF, 0xFF, 0xFF, 0xFF, 0xFE, 0xFF, 0xFF, 0xFF, 0xFF, 0xFF, 0xFE, 0xFF, 0xFF, 0xFF, 0x00, 0x00,
        0x01, 0x00, 0xFF, 0xFF, 0x00, 0x00, 0x00, 0x00, 0x00, 0x00, 0x00, 0x00, 0x00, 0x00, 0x00, 0x00,
        0x00, 0x00, 0x00, 0x00, 0x00, 0x00, 0xFF, 0xFF, 0xFE, 0xFF, 0xFE, 0xFF, 0x00, 0x00, 0x00, 0x00,
        0xFF, 0xFF, 0x00, 0x00, 0x01, 0x00, 0x00, 0x00, 0x00, 0x00, 0x00, 0x00, 0x00, 0x00, 0x01, 0x00,
        0x01, 0x00, 0x00, 0x00, 0x00, 0x00, 0xFF, 0xFF, 0xFF, 0xFF, 0xFF, 0xFF, 0x00, 0x00, 0xFF, 0xFF,
        0xFF, 0xFF, 0x00, 0x00, 0x00, 0x00, 0x00, 0x00, 0x00, 0x00, 0x00, 0x00, 0x01, 0x00, 0x00, 0x00,
        0xFF, 0xFF, 0x01, 0x00, 0x00, 0x00, 0xFE, 0xFF, 0xFF, 0xFF, 0xFF, 0xFF, 0xFF, 0xFF, 0xFF, 0xFF,
        0xFE, 0xFF, 0xFE, 0xFF, 0xFE, 0xFF, 0xFF, 0xFF, 0x00, 0x00, 0x00, 0x00, 0x00, 0x00, 0x01, 0x00,
        0x01, 0x00, 0x00, 0x00, 0x00, 0x00, 0x00, 0x00, 0xFF, 0xFF, 0xFF, 0xFF, 0x00, 0x00, 0xFF, 0xFF,
        0xFF, 0xFF, 0xFF, 0xFF, 0xFF, 0xFF, 0xFF, 0xFF, 0xFF, 0xFF, 0xFF, 0xFF, 0x00, 0x00, 0x00, 0x00,
        0xFF, 0xFF, 0x00, 0x00, 0xFF, 0xFF, 0xFE, 0xFF, 0x00, 0x00, 0x00, 0x00, 0x00, 0x00, 0x00, 0x00,
        0xFF, 0xFF, 0xFF, 0xFF, 0xFF, 0xFF, 0xFE, 0xFF, 0xFF, 0xFF, 0x00, 0x00, 0x00, 0x00, 0xFF, 0xFF,
        0xFF, 0xFF, 0x00, 0x00, 0x01, 0x00, 0x00, 0x00, 0x00, 0x00, 0x00, 0x00, 0x00, 0x00, 0x01, 0x00,
        0x01, 0x00, 0x00, 0x00, 0x00, 0x00, 0xFF, 0xFF, 0xFF, 0xFF, 0x00, 0x00, 0xFF, 0xFF, 0xFF, 0xFF,
        0x00, 0x00, 0x00, 0x00, 0x01, 0x00, 0x00, 0x00, 0xFF, 0xFF, 0x00, 0x00, 0x01, 0x00, 0x00, 0x00,
        0x00, 0x00, 0x00, 0x00, 0xFF, 0xFF, 0xFF, 0xFF, 0xFE, 0xFF, 0xFF, 0xFF, 0xFF, 0xFF, 0xFE, 0xFF,
        0xFF, 0xFF, 0x00, 0x00, 0xFF, 0xFF, 0xFF, 0xFF, 0xFF, 0xFF, 0x00, 0x00, 0x01, 0x00, 0x00, 0x00,
        0x00, 0x00, 0x00, 0x00, 0x01, 0x00, 0xFF, 0xFF, 0xFF, 0xFF, 0x00, 0x00, 0x00, 0x00, 0xFF, 0xFF,
        0x00, 0x00, 0xFF, 0xFF, 0xFF, 0xFF, 0x00, 0x00, 0xFF, 0xFF, 0xFF, 0xFF, 0x00, 0x00, 0xFF, 0xFF,
        0x00, 0x00, 0x01, 0x00, 0x00, 0x00, 0x01, 0x00, 0x01, 0x00, 0xFF, 0xFF, 0x00, 0x00, 0x00, 0x00,
        0xFF, 0xFF, 0xFF, 0xFF, 0x00, 0x00, 0xFF, 0xFF, 0xFF, 0xFF, 0x00, 0x00, 0x00, 0x00, 0x00, 0x00,
        0x00, 0x00, 0x01, 0x00, 0x01, 0x00, 0x00, 0x00, 0x00, 0x00, 0x01, 0x00, 0x01, 0x00, 0x00, 0x00,
        0x00, 0x00, 0x00, 0x00, 0xFF, 0xFF, 0xFF, 0xFF, 0xFF, 0xFF, 0xFF, 0xFF, 0xFF, 0xFF, 0x00, 0x00,
        0xFE, 0xFF, 0xFF, 0xFF, 0x00, 0x00, 0x00, 0x00, 0xFF, 0xFF, 0x00, 0x00, 0x00, 0x00, 0x00, 0x00,
        0x01, 0x00, 0x01, 0x00, 0xFF, 0xFF, 0xFF, 0xFF, 0xFF, 0xFF, 0xFF, 0xFF, 0xFF, 0xFF, 0xFF, 0xFF,
        0xFE, 0xFF, 0xFF, 0xFF, 0x00, 0x00, 0xFF, 0xFF, 0x00, 0x00, 0x01, 0x00, 0x00, 0x00, 0x00, 0x00,
        0x00, 0x00, 0x00, 0x00, 0x00, 0x00, 0x00, 0x00, 0xFF, 0xFF, 0xFF, 0xFF, 0xFF, 0xFF, 0x00, 0x00,
        0x00, 0x00, 0xFE, 0xFF, 0xFE, 0xFF, 0xFF, 0xFF, 0xFF, 0xFF, 0x00, 0x00, 0x00, 0x00, 0x00, 0x00,
        0x00, 0x00, 0x01, 0x00, 0x00, 0x00, 0x00, 0x00, 0x00, 0x00, 0x00, 0x00, 0xFF, 0xFF, 0x00, 0x00,
        0x00, 0x00, 0xFF, 0xFF, 0xFF, 0xFF, 0xFE, 0xFF, 0xFE, 0xFF, 0x00, 0x00, 0x00, 0x00, 0xFF, 0xFF,
        0x00, 0x00, 0x00, 0x00, 0x00, 0x00, 0xFF, 0xFF, 0x00, 0x00, 0x00, 0x00, 0x00, 0x00, 0xFF, 0xFF,
        0x00, 0x00, 0x00, 0x00, 0x00, 0x00, 0xFF, 0xFF, 0xFF, 0xFF, 0xFF, 0xFF, 0xFF, 0xFF, 0xFF, 0xFF,
        0xFF, 0xFF, 0xFF, 0xFF, 0x00, 0x00, 0x01, 0x00, 0x00, 0x00, 0xFF, 0xFF, 0x00, 0x00, 0x00, 0x00,
        0xFF, 0xFF, 0xFF, 0xFF, 0xFF, 0xFF, 0x00, 0x00, 0xFF, 0xFF, 0xFF, 0xFF, 0xFF, 0xFF, 0x00, 0x00,
        0xFF, 0xFF, 0xFF, 0xFF, 0xFF, 0xFF, 0x00, 0x00, 0x01, 0x00, 0xFF, 0xFF, 0x00, 0x00, 0x01, 0x00,
        0x00, 0x00, 0x01, 0x00, 0x01, 0x00, 0xFF, 0xFF, 0xFF, 0xFF, 0xFF, 0xFF, 0xFF, 0xFF, 0xFF, 0xFF,
        0x00, 0x00, 0x00, 0x00, 0x00, 0x00, 0xFF, 0xFF, 0xFF, 0xFF, 0x00, 0x00, 0x01, 0x00, 0x00, 0x00,
        0x01, 0x00, 0x02, 0x00, 0x00, 0x00, 0xFF, 0xFF, 0x00, 0x00, 0x00, 0x00, 0x00, 0x00, 0x00, 0x00,
        0xFF, 0xFF, 0xFF, 0xFF, 0xFF, 0xFF, 0xFF, 0xFF, 0xFF, 0xFF, 0xFF, 0xFF, 0x00, 0x00, 0x01, 0x00,
        0xFF, 0xFF, 0xFF, 0xFF, 0x00, 0x00, 0x00, 0x00, 0x01, 0x00, 0x00, 0x00, 0xFF, 0xFF, 0x00, 0x00,
        0x01, 0x00, 0x00, 0x00, 0xFF, 0xFF, 0xFE, 0xFF, 0xFE, 0xFF, 0xFF, 0xFF, 0xFF, 0xFF, 0xFF, 0xFF,
        0xFE, 0xFF, 0xFF, 0xFF, 0x01, 0x00, 0x01, 0x00, 0x00, 0x00, 0x00, 0x00, 0x00, 0x00, 0x00, 0x00,
        0x01, 0x00, 0x00, 0x00, 0x00, 0x00, 0xFE, 0xFF, 0xFE, 0xFF, 0xFF, 0xFF, 0xFF, 0xFF, 0xFF, 0xFF,
        0xFF, 0xFF, 0xFF, 0xFF, 0x00, 0x00, 0x00, 0x00, 0x00, 0x00, 0x01, 0x00, 0x01, 0x00, 0x00, 0x00,
        0x00, 0x00, 0x01, 0x00, 0x00, 0x00, 0xFF, 0xFF, 0x01, 0x00, 0x01, 0x00, 0xFF, 0xFF, 0xFE, 0xFF,
        0xFF, 0xFF, 0x00, 0x00, 0x00, 0x00, 0x00, 0x00, 0x00, 0x00, 0x00, 0x00, 0x00, 0x00, 0x01, 0x00,
        0x00, 0x00, 0x00, 0x00, 0x01, 0x00, 0x00, 0x00, 0x00, 0x00, 0x01, 0x00, 0x00, 0x00, 0xFF, 0xFF,
        0x00, 0x00, 0x00, 0x00, 0x00, 0x00, 0xFF, 0xFF, 0xFF, 0xFF, 0xFF, 0xFF, 0xFF, 0xFF, 0x00, 0x00,
        0x00, 0x00, 0x00, 0x00, 0x00, 0x00, 0x01, 0x00, 0x00, 0x00, 0xFF, 0xFF, 0x00, 0x00, 0x00, 0x00,
        0xFF, 0xFF, 0xFF, 0xFF, 0xFF, 0xFF, 0xFF, 0xFF, 0x00, 0x00, 0x00, 0x00, 0xFF, 0xFF, 0x00, 0x00,
        0x00, 0x00, 0xFF, 0xFF, 0x00, 0x00, 0x00, 0x00, 0x00, 0x00, 0x00, 0x00, 0x00, 0x00, 0x01, 0x00,
        0x01, 0x00, 0x00, 0x00, 0xFF, 0xFF, 0x00, 0x00, 0xFF, 0xFF, 0x00, 0x00, 0x00, 0x00, 0xFF, 0xFF,
        0xFF, 0xFF, 0x00, 0x00, 0x00, 0x00, 0x00, 0x00, 0x00, 0x00, 0x00, 0x00, 0x00, 0x00, 0x00, 0x00,
        0x00, 0x00, 0x01, 0x00, 0x00, 0x00, 0x00, 0x00, 0x00, 0x00, 0xFE, 0xFF, 0xFF, 0xFF, 0xFF, 0xFF,
        0xFF, 0xFF, 0x00, 0x00, 0x00, 0x00, 0xFF, 0xFF, 0x00, 0x00, 0x01, 0x00, 0x00, 0x00, 0x00, 0x00,
        0x01, 0x00, 0x00, 0x00, 0x00, 0x00, 0x01, 0x00, 0x00, 0x00, 0xFF, 0xFF, 0xFF, 0xFF, 0xFF, 0xFF,
        0x00, 0x00, 0xFF, 0xFF, 0xFF, 0xFF, 0xFF, 0xFF, 0xFF, 0xFF, 0x00, 0x00, 0x00, 0x00, 0x00, 0x00,
        0x00, 0x00, 0x00, 0x00, 0x00, 0x00, 0x00, 0x00, 0x00, 0x00, 0x00, 0x00, 0x00, 0x00, 0x01, 0x00,
        0x00, 0x00, 0xFF, 0xFF, 0xFF, 0xFF, 0x00, 0x00, 0xFF, 0xFF, 0xFF, 0xFF, 0xFF, 0xFF, 0xFF, 0xFF,
        0x00, 0x00, 0x00, 0x00, 0x00, 0x00, 0x01, 0x00, 0x00, 0x00, 0x00, 0x00, 0x01, 0x00, 0x01, 0x00,
        0xFF, 0xFF, 0xFF, 0xFF, 0xFF, 0xFF, 0xFF, 0xFF, 0x00, 0x00, 0xFF, 0xFF, 0xFF, 0xFF, 0xFF, 0xFF,
        0xFF, 0xFF, 0x00, 0x00, 0x00, 0x00, 0x00, 0x00, 0x00, 0x00, 0x00, 0x00, 0x00, 0x00, 0x00, 0x00,
        0x00, 0x00, 0x00, 0x00, 0x00, 0x00, 0xFF, 0xFF, 0x00, 0x00, 0x00, 0x00, 0x00, 0x00, 0x00, 0x00,
        0xFF, 0xFF, 0xFF, 0xFF, 0xFF, 0xFF, 0xFF, 0xFF, 0xFF, 0xFF, 0x00, 0x00, 0x01, 0x00, 0x01, 0x00,
        0x00, 0x00, 0xFF, 0xFF, 0x00, 0x00, 0x00, 0x00, 0x00, 0x00, 0x01, 0x00, 0x00, 0x00, 0xFF, 0xFF,
        0xFF, 0xFF, 0xFF, 0xFF, 0xFF, 0xFF, 0xFF, 0xFF, 0xFE, 0xFF, 0xFF, 0xFF, 0x00, 0x00, 0x00, 0x00,
        0x00, 0x00, 0x00, 0x00, 0xFF, 0xFF, 0x00, 0x00, 0x00, 0x00, 0x00, 0x00, 0x00, 0x00, 0xFF, 0xFF,
        0xFF, 0xFF, 0x00, 0x00, 0xFF, 0xFF, 0xFF, 0xFF, 0xFF, 0xFF, 0xFE, 0xFF, 0xFF, 0xFF, 0xFF, 0xFF,
        0x00, 0x00, 0x01, 0x00, 0x00, 0x00, 0x00, 0x00, 0x00, 0x00, 0x00, 0x00, 0x01, 0x00, 0x01, 0x00,
        0x00, 0x00, 0x00, 0x00, 0x00, 0x00, 0x00, 0x00, 0x00, 0x00, 0xFF, 0xFF, 0xFF, 0xFF, 0xFF, 0xFF,
        0x00, 0x00, 0x00, 0x00, 0xFF, 0xFF, 0x00, 0x00, 0x00, 0x00, 0x00, 0x00, 0x01, 0x00, 0x00, 0x00,
        0x00, 0x00, 0x01, 0x00, 0x00, 0x00, 0x00, 0x00, 0x00, 0x00, 0x00, 0x00, 0xFF, 0xFF, 0xFE, 0xFF,
        0xFF, 0xFF, 0x01, 0x00, 0xFF, 0xFF, 0xFF, 0xFF, 0x00, 0x00, 0xFF, 0xFF, 0x00, 0x00, 0x00, 0x00,
        0xFF, 0xFF, 0x00, 0x00, 0x01, 0x00, 0x00, 0x00, 0x00, 0x00, 0x00, 0x00, 0xFF, 0xFF, 0xFF, 0xFF,
        0xFF, 0xFF, 0xFF, 0xFF, 0xFF, 0xFF, 0xFF, 0xFF, 0xFF, 0xFF, 0xFF, 0xFF, 0xFF, 0xFF, 0x00, 0x00,
        0x00, 0x00, 0x00, 0x00, 0x01, 0x00, 0x01, 0x00, 0x00, 0x00, 0x00, 0x00, 0x00, 0x00, 0x00, 0x00,
        0x00, 0x00, 0x01, 0x00, 0xFF, 0xFF, 0xFF, 0xFF, 0x00, 0x00, 0xFF, 0xFF, 0xFF, 0xFF, 0x00, 0x00,
        0x00, 0x00, 0x00, 0x00, 0x00, 0x00, 0x00, 0x00, 0x01, 0x00, 0x01, 0x00, 0x00, 0x00, 0x00, 0x00,
        0x01, 0x00, 0x01, 0x00, 0x00, 0x00, 0x00, 0x00, 0x01, 0x00, 0xFF, 0xFF, 0xFF, 0xFF, 0x00, 0x00,
        0xFF, 0xFF, 0xFE, 0xFF, 0x00, 0x00, 0x00, 0x00, 0x00, 0x00, 0x00, 0x00, 0x00, 0x00, 0x00, 0x00,
        0x00, 0x00, 0x00, 0x00, 0x00, 0x00, 0xFF, 0xFF, 0x00, 0x00, 0x00, 0x00, 0xFF, 0xFF, 0xFF, 0xFF,
        0xFF, 0xFF, 0xFF, 0xFF, 0xFF, 0xFF, 0x00, 0x00, 0x00, 0x00, 0x00, 0x00, 0x00, 0x00, 0x00, 0x00,
        0xFF, 0xFF, 0x00, 0x00, 0x01, 0x00, 0x00, 0x00, 0x00, 0x00, 0x00, 0x00, 0x00, 0x00, 0xFF, 0xFF,
        0xFE, 0xFF, 0x00, 0x00, 0x00, 0x00, 0xFF, 0xFF, 0xFF, 0xFF, 0xFF, 0xFF, 0x00, 0x00, 0x00, 0x00,
        0x00, 0x00, 0x00, 0x00, 0x01, 0x00, 0x01, 0x00, 0x01, 0x00, 0x01, 0x00, 0x00, 0x00, 0x00, 0x00,
        0x00, 0x00, 0xFF, 0xFF, 0xFF, 0xFF, 0x00, 0x00, 0xFF, 0xFF, 0xFF, 0xFF, 0xFF, 0xFF, 0xFF, 0xFF,
        0x00, 0x00, 0xFF, 0xFF, 0x00, 0x00, 0x01, 0x00, 0x00, 0x00, 0x00, 0x00, 0x01, 0x00, 0xFF, 0xFF,
        0xFF, 0xFF, 0x01, 0x00, 0xFF, 0xFF, 0xFF, 0xFF, 0x00, 0x00, 0xFF, 0xFF, 0xFF, 0xFF, 0xFF, 0xFF,
        0xFF, 0xFF, 0x00, 0x00, 0x00, 0x00, 0x00, 0x00, 0x00, 0x00, 0x00, 0x00, 0x00, 0x00, 0x00, 0x00,
        0x00, 0x00, 0x00, 0x00, 0x00, 0x00, 0x00, 0x00, 0x00, 0x00, 0x00, 0x00, 0xFF, 0xFF, 0xFF, 0xFF,
        0xFF, 0xFF, 0xFF, 0xFF, 0xFF, 0xFF, 0x00, 0x00, 0xFF, 0xFF, 0xFF, 0xFF, 0x00, 0x00, 0x01, 0x00,
        0x00, 0x00, 0x01, 0x00, 0x00, 0x00, 0x00, 0x00, 0x00, 0x00, 0x00, 0x00, 0xFF, 0xFF, 0xFF, 0xFF,
        0xFF, 0xFF, 0x00, 0x00, 0x00, 0x00, 0xFF, 0xFF, 0xFF, 0xFF, 0x00, 0x00, 0x00, 0x00, 0x00, 0x00,
        0x00, 0x00, 0x01, 0x00, 0x01, 0x00, 0x00, 0x00, 0x01, 0x00, 0x01, 0x00, 0x00, 0x00, 0x00, 0x00,
        0x00, 0x00, 0xFF, 0xFF, 0xFF, 0xFF, 0x00, 0x00, 0x00, 0x00, 0x00, 0x00, 0xFF, 0xFF, 0xFF, 0xFF,
        0x00, 0x00, 0x00, 0x00, 0x00, 0x00, 0xFF, 0xFF, 0x00, 0x00, 0x01, 0x00, 0x01, 0x00, 0x00, 0x00,
        0xFF, 0xFF, 0x00, 0x00, 0xFF, 0xFF, 0xFF, 0xFF, 0xFF, 0xFF, 0xFF, 0xFF, 0xFF, 0xFF, 0xFF, 0xFF,
        0xFF, 0xFF, 0xFF, 0xFF, 0xFF, 0xFF, 0x00, 0x00, 0x00, 0x00, 0x00, 0x00, 0x00, 0x00, 0x00, 0x00,
        0x00, 0x00, 0x00, 0x00, 0x00, 0x00, 0x00, 0x00, 0x00, 0x00, 0x00, 0x00, 0xFF, 0xFF, 0xFF, 0xFF,
        0xFF, 0xFF, 0x00, 0x00, 0xFF, 0xFF, 0xFF, 0xFF, 0xFF, 0xFF, 0x00, 0x00, 0x00, 0x00, 0x00, 0x00,
        0x01, 0x00, 0x01, 0x00, 0x00, 0x00, 0x00, 0x00, 0x01, 0x00, 0x00, 0x00, 0x00, 0x00, 0x00, 0x00,
        0x00, 0x00, 0xFF, 0xFF, 0xFF, 0xFF, 0xFF, 0xFF, 0x00, 0x00, 0x01, 0x00, 0x00, 0x00, 0x00, 0x00,
        0x00, 0x00, 0xFF, 0xFF, 0x00, 0x00, 0x01, 0x00, 0x01, 0x00, 0x00, 0x00, 0xFF, 0xFF, 0x00, 0x00,
        0x01, 0x00, 0x00, 0x00, 0xFF, 0xFF, 0xFF, 0xFF, 0x00, 0x00, 0x00, 0x00, 0x00, 0x00, 0x00, 0x00,
        0x00, 0x00, 0x00, 0x00, 0x01, 0x00, 0x00, 0x00, 0x00, 0x00, 0x00, 0x00, 0x01, 0x00, 0x00, 0x00,
        0xFF, 0xFF, 0xFF, 0xFF, 0xFF, 0xFF, 0x00, 0x00, 0x00, 0x00, 0xFF, 0xFF, 0xFF, 0xFF, 0x00, 0x00,
        0xFF, 0xFF, 0xFF, 0xFF, 0xFF, 0xFF, 0x00, 0x00, 0x00, 0x00, 0x00, 0x00, 0x00, 0x00, 0x01, 0x00,
        0x00, 0x00, 0x00, 0x00, 0x00, 0x00, 0x00, 0x00, 0xFF, 0xFF, 0x00, 0x00, 0x00, 0x00, 0x00, 0x00,
        0x00, 0x00, 0xFF, 0xFF, 0x00, 0x00, 0x00, 0x00, 0x00, 0x00, 0x00, 0x00, 0x01, 0x00, 0x01, 0x00,
        0x01, 0x00, 0x00, 0x00, 0x00, 0x00, 0x00, 0x00, 0x00, 0x00, 0x00, 0x00, 0x00, 0x00, 0x00, 0x00,
        0x00, 0x00, 0xFF, 0xFF, 0x00, 0x00, 0xFF, 0xFF, 0xFF, 0xFF, 0x00, 0x00, 0x00, 0x00, 0x00, 0x00,
        0x00, 0x00, 0x01, 0x00, 0x01, 0x00, 0x00, 0x00, 0x00, 0x00, 0x00, 0x00, 0x00, 0x00, 0x00, 0x00,
        0x01, 0x00, 0x00, 0x00, 0x00, 0x00, 0x00, 0x00, 0x00, 0x00, 0x00, 0x00, 0xFF, 0xFF, 0x00, 0x00,
        0x00, 0x00, 0x00, 0x00, 0x00, 0x00, 0x01, 0x00, 0x00, 0x00, 0x00, 0x00, 0x00, 0x00, 0xFF, 0xFF,
        0x01, 0x00, 0x01, 0x00, 0x00, 0x00, 0x00, 0x00, 0x01, 0x00, 0x00, 0x00, 0xFF, 0xFF, 0x00, 0x00,
        0x00, 0x00, 0x00, 0x00, 0x00, 0x00, 0x00, 0x00, 0x00, 0x00, 0x01, 0x00, 0x01, 0x00, 0x00, 0x00,
        0x00, 0x00, 0x01, 0x00, 0x01, 0x00, 0x00, 0x00, 0x00, 0x00, 0x01, 0x00, 0x01, 0x00, 0xFF, 0xFF,
        0xFF, 0xFF, 0x00, 0x00, 0x00, 0x00, 0x00, 0x00, 0x01, 0x00, 0x01, 0x00, 0x00, 0x00, 0x01, 0x00,
        0x01, 0x00, 0x01, 0x00, 0x00, 0x00, 0x00, 0x00, 0x00, 0x00, 0x00, 0x00, 0xFF, 0xFF, 0x00, 0x00,
        0x00, 0x00, 0x00, 0x00, 0x00, 0x00, 0xFF, 0xFF, 0xFF, 0xFF, 0x00, 0x00, 0xFF, 0xFF, 0xFF, 0xFF,
        0x00, 0x00, 0x01, 0x00, 0x01, 0x00, 0x01, 0x00, 0x00, 0x00, 0x00, 0x00, 0x01, 0x00, 0x00, 0x00,
        0x00, 0x00, 0xFF, 0xFF, 0xFF, 0xFF, 0x00, 0x00, 0x00, 0x00, 0xFF, 0xFF, 0x00, 0x00, 0x00, 0x00,
        0x00, 0x00, 0x00, 0x00, 0x00, 0x00, 0x00, 0x00, 0x00, 0x00, 0x00, 0x00, 0x01, 0x00, 0x00, 0x00,
        0x00, 0x00, 0x00, 0x00, 0x00, 0x00, 0xFF, 0xFF, 0xFF, 0xFF, 0xFF, 0xFF, 0x00, 0x00, 0x00, 0x00,
        0xFF, 0xFF, 0x00, 0x00, 0x01, 0x00, 0x00, 0x00, 0x00, 0x00, 0x01, 0x00, 0x01, 0x00, 0x01, 0x00,
        0x01, 0x00, 0x01, 0x00, 0x01, 0x00, 0x02, 0x00, 0x01, 0x00, 0x00, 0x00, 0x00, 0x00, 0xFF, 0xFF,
        0xFF, 0xFF, 0x00, 0x00, 0xFF, 0xFF, 0xFF, 0xFF, 0x00, 0x00, 0x00, 0x00, 0x00, 0x00, 0x00, 0x00,
        0x01, 0x00, 0x01, 0x00, 0x00, 0x00, 0x00, 0x00, 0x01, 0x00, 0x01, 0x00, 0x01, 0x00, 0x00, 0x00,
        0x00, 0x00, 0x00, 0x00, 0xFF, 0xFF, 0x00, 0x00, 0x01, 0x00, 0xFF, 0xFF, 0xFF, 0xFF, 0x00, 0x00,
        0x00, 0x00, 0x01, 0x00, 0x01, 0x00, 0x00, 0x00, 0x01, 0x00, 0x01, 0x00, 0x00, 0x00, 0x00, 0x00,
        0x00, 0x00, 0x00, 0x00, 0x00, 0x00, 0xFF, 0xFF, 0xFF, 0xFF, 0x00, 0x00, 0x00, 0x00, 0x00, 0x00,
        0x00, 0x00, 0x00, 0x00, 0x00, 0x00, 0x01, 0x00, 0x00, 0x00, 0x00, 0x00, 0x01, 0x00, 0x00, 0x00,
        0x00, 0x00, 0x01, 0x00, 0x01, 0x00, 0xFF, 0xFF, 0x00, 0x00, 0x01, 0x00, 0x00, 0x00, 0xFF, 0xFF,
        0x00, 0x00, 0x01, 0x00, 0x00, 0x00, 0x00, 0x00, 0x01, 0x00, 0x00, 0x00, 0x00, 0x00, 0x01, 0x00,
        0x01, 0x00, 0x00, 0x00, 0x00, 0x00, 0x00, 0x00, 0x00, 0x00, 0x01, 0x00, 0x00, 0x00, 0x00, 0x00,
        0x00, 0x00, 0x00, 0x00, 0x00, 0x00, 0x00, 0x00, 0x01, 0x00, 0x01, 0x00, 0x00, 0x00, 0x00, 0x00,
        0x01, 0x00, 0x01, 0x00, 0x01, 0x00, 0x01, 0x00, 0x00, 0x00, 0x00, 0x00, 0x01, 0x00, 0x00, 0x00,
        0x00, 0x00, 0x00, 0x00, 0xFF, 0xFF, 0x00, 0x00, 0x00, 0x00, 0x00, 0x00, 0x00, 0x00, 0x00, 0x00,
        0xFF, 0xFF, 0x01, 0x00, 0x01, 0x00, 0x00, 0x00, 0x00, 0x00, 0x01, 0x00, 0x01, 0x00, 0x00, 0x00,
        0xFF, 0xFF, 0x01, 0x00, 0x00, 0x00, 0xFF, 0xFF, 0x00, 0x00, 0x01, 0x00, 0x00, 0x00, 0x00, 0x00,
        0x00, 0x00, 0x01, 0x00, 0x01, 0x00, 0x00, 0x00, 0x00, 0x00, 0x00, 0x00, 0x00, 0x00, 0x01, 0x00,
        0x01, 0x00, 0x00, 0x00, 0x01, 0x00, 0x00, 0x00, 0xFF, 0xFF, 0xFF, 0xFF, 0x00, 0x00, 0xFF, 0xFF,
        0xFF, 0xFF, 0x00, 0x00, 0x00, 0x00, 0x01, 0x00, 0x01, 0x00, 0x01, 0x00, 0x00, 0x00, 0x00, 0x00,
        0x00, 0x00, 0x00, 0x00, 0x01, 0x00, 0x01, 0x00, 0x00, 0x00, 0x00, 0x00, 0x00, 0x00, 0xFF, 0xFF,
        0xFF, 0xFF, 0x00, 0x00, 0x00, 0x00, 0x00, 0x00, 0x01, 0x00, 0x00, 0x00, 0x01, 0x00, 0x00, 0x00,
        0x00, 0x00, 0x01, 0x00, 0x01, 0x00, 0x00, 0x00, 0x01, 0x00, 0x01, 0x00, 0x00, 0x00, 0xFF, 0xFF,
        0x00, 0x00, 0x00, 0x00, 0x00, 0x00, 0xFF, 0xFF, 0xFF, 0xFF, 0xFF, 0xFF, 0xFF, 0xFF, 0x00, 0x00,
        0x01, 0x00, 0x00, 0x00, 0x00, 0x00, 0x00, 0x00, 0x01, 0x00, 0x01, 0x00, 0x00, 0x00, 0x01, 0x00,
        0x00, 0x00, 0x00, 0x00, 0x00, 0x00, 0x00, 0x00, 0xFF, 0xFF, 0x00, 0x00, 0x00, 0x00, 0x00, 0x00,
        0x00, 0x00, 0x00, 0x00, 0x00, 0x00, 0x01, 0x00, 0x00, 0x00, 0x01, 0x00, 0x01, 0x00, 0x00, 0x00,
        0x00, 0x00, 0x00, 0x00, 0x00, 0x00, 0x00, 0x00, 0xFF, 0xFF, 0xFF, 0xFF, 0x00, 0x00, 0x01, 0x00,
        0x00, 0x00, 0x00, 0x00, 0x01, 0x00, 0x00, 0x00, 0x00, 0x00, 0x00, 0x00, 0x01, 0x00, 0x01, 0x00,
        0x00, 0x00, 0x00, 0x00, 0x01, 0x00, 0x00, 0x00, 0x00, 0x00, 0x01, 0x00, 0x00, 0x00, 0xFF, 0xFF,
        0xFF, 0xFF, 0xFF, 0xFF, 0x00, 0x00, 0x00, 0x00, 0x00, 0x00, 0x00, 0x00, 0x00, 0x00, 0x00, 0x00,
        0x00, 0x00, 0x00, 0x00, 0x00, 0x00, 0x00, 0x00, 0x00, 0x00, 0x00, 0x00, 0x00, 0x00, 0xFF, 0xFF,
        0x00, 0x00, 0x00, 0x00, 0x00, 0x00, 0x00, 0x00, 0x01, 0x00, 0x01, 0x00, 0x00, 0x00, 0x00, 0x00,
        0x00, 0x00, 0x01, 0x00, 0x01, 0x00, 0x00, 0x00, 0x01, 0x00, 0x01, 0x00, 0x00, 0x00, 0x00, 0x00,
        0x01, 0x00, 0x00, 0x00, 0x00, 0x00, 0x00, 0x00, 0x00, 0x00, 0x00, 0x00, 0x00, 0x00, 0x00, 0x00,
        0x00, 0x00, 0x00, 0x00, 0x01, 0x00, 0x01, 0x00, 0x01, 0x00, 0x01, 0x00, 0x00, 0x00, 0x01, 0x00,
        0x01, 0x00, 0x00, 0x00, 0x00, 0x00, 0x00, 0x00, 0x00, 0x00, 0x00, 0x00, 0x01, 0x00, 0x00, 0x00,
        0x00, 0x00, 0x00, 0x00, 0x00, 0x00, 0x01, 0x00, 0x00, 0x00, 0x00, 0x00, 0x00, 0x00, 0x01, 0x00,
        0x01, 0x00, 0x01, 0x00, 0x01, 0x00, 0x00, 0x00, 0xFF, 0xFF, 0xFF, 0xFF, 0x00, 0x00, 0x00, 0x00,
        0x00, 0x00, 0xFF, 0xFF, 0xFF, 0xFF, 0xFF, 0xFF, 0x01, 0x00, 0x00, 0x00, 0x00, 0x00, 0x01, 0x00,
        0x01, 0x00, 0x00, 0x00, 0x01, 0x00, 0x01, 0x00, 0x01, 0x00, 0x00, 0x00, 0x00, 0x00, 0x00, 0x00,
        0x00, 0x00, 0x00, 0x00, 0x00, 0x00, 0x00, 0x00, 0x01, 0x00, 0x00, 0x00, 0x01, 0x00, 0x01, 0x00,
        0x01, 0x00, 0x02, 0x00, 0x01, 0x00, 0x00, 0x00, 0x01, 0x00, 0x01, 0x00, 0x00, 0x00, 0x01, 0x00,
        0x00, 0x00, 0xFF, 0xFF, 0x00, 0x00, 0x00, 0x00, 0xFF, 0xFF, 0x00, 0x00, 0x01, 0x00, 0x01, 0x00,
        0x01, 0x00, 0x01, 0x00, 0x01, 0x00, 0x01, 0x00, 0x01, 0x00, 0x01, 0x00, 0x01, 0x00, 0x01, 0x00,
        0x01, 0x00, 0x01, 0x00, 0x00, 0x00, 0xFF, 0xFF, 0xFF, 0xFF, 0x00, 0x00, 0x00, 0x00, 0xFF, 0xFF,
        0x00, 0x00, 0x00, 0x00, 0x00, 0x00, 0x00, 0x00, 0x00, 0x00, 0x00, 0x00, 0x00, 0x00, 0x00, 0x00,
        0x00, 0x00, 0x00, 0x00, 0x00, 0x00, 0x00, 0x00, 0x00, 0x00, 0x00, 0x00, 0x00, 0x00, 0x00, 0x00,
        0x00, 0x00, 0x00, 0x00, 0x01, 0x00, 0x01, 0x00, 0x01, 0x00, 0x00, 0x00, 0x00, 0x00, 0x01, 0x00,
        0x01, 0x00, 0x00, 0x00, 0x00, 0x00, 0x00, 0x00, 0x00, 0x00, 0x01, 0x00, 0x00, 0x00, 0x00, 0x00,
        0x00, 0x00, 0x00, 0x00, 0x00, 0x00, 0x01, 0x00, 0x00, 0x00, 0x00, 0x00, 0x00, 0x00, 0x00, 0x00,
        0x00, 0x00, 0x01, 0x00, 0x01, 0x00, 0x00, 0x00, 0x00, 0x00, 0x01, 0x00, 0x01, 0x00, 0x00, 0x00,
        0x00, 0x00, 0x00, 0x00, 0x00, 0x00, 0xFF, 0xFF, 0xFF, 0xFF, 0x00, 0x00, 0x01, 0x00, 0x00, 0x00,
        0xFF, 0xFF, 0x00, 0x00, 0x01, 0x00, 0x00, 0x00, 0x00, 0x00, 0x01, 0x00, 0x01, 0x00, 0x00, 0x00,
        0x00, 0x00, 0x00, 0x00, 0x00, 0x00, 0x00, 0x00, 0x00, 0x00, 0x00, 0x00, 0x00, 0x00, 0xFF, 0xFF,
        0x00, 0x00, 0x01, 0x00, 0x00, 0x00, 0x00, 0x00, 0x01, 0x00, 0x01, 0x00, 0x00, 0x00, 0x01, 0x00,
        0x01, 0x00, 0x00, 0x00, 0x00, 0x00, 0x00, 0x00, 0x00, 0x00, 0x00, 0x00, 0x01, 0x00, 0x00, 0x00,
        0x00, 0x00, 0x00, 0x00, 0x00, 0x00, 0x00, 0x00, 0x00, 0x00, 0x01, 0x00, 0x01, 0x00, 0x00, 0x00,
        0x00, 0x00, 0x01, 0x00, 0x01, 0x00, 0x01, 0x00, 0x01, 0x00, 0x01, 0x00, 0x00, 0x00, 0x00, 0x00,
        0x00, 0x00, 0x00, 0x00, 0x00, 0x00, 0x00, 0x00, 0x00, 0x00, 0x01, 0x00, 0x00, 0x00, 0x00, 0x00,
        0xFF, 0xFF, 0x00, 0x00, 0x01, 0x00, 0x00, 0x00, 0x00, 0x00, 0x00, 0x00, 0x00, 0x00, 0xFF, 0xFF,
        0x00, 0x00, 0x00, 0x00, 0x00, 0x00, 0xFF, 0xFF, 0x00, 0x00, 0x00, 0x00, 0xFF, 0xFF, 0x00, 0x00,
        0x01, 0x00, 0x00, 0x00, 0xFF, 0xFF, 0x00, 0x00, 0x00, 0x00, 0x00, 0x00, 0x00, 0x00, 0x00, 0x00,
        0x00, 0x00, 0x01, 0x00, 0x00, 0x00, 0x00, 0x00, 0x00, 0x00, 0x00, 0x00, 0x00, 0x00, 0x00, 0x00,
        0x01, 0x00, 0x01, 0x00, 0x00, 0x00, 0x00, 0x00, 0x01, 0x00, 0x00, 0x00, 0x01, 0x00, 0x01, 0x00,
        0x00, 0x00, 0x00, 0x00, 0x01, 0x00, 0x00, 0x00, 0x00, 0x00, 0x00, 0x00, 0x00, 0x00, 0x00, 0x00,
        0x00, 0x00, 0x00, 0x00, 0x01, 0x00, 0x01, 0x00, 0x00, 0x00, 0x00, 0x00, 0x00, 0x00, 0x00, 0x00,
        0x01, 0x00, 0x01, 0x00, 0x01, 0x00, 0x00, 0x00, 0x00, 0x00, 0x00, 0x00, 0x00, 0x00, 0x00, 0x00,
        0x00, 0x00, 0x00, 0x00, 0x00, 0x00, 0xFF, 0xFF, 0xFF, 0xFF, 0x00, 0x00, 0x00, 0x00, 0x00, 0x00,
        0x00, 0x00, 0x00, 0x00, 0x00, 0x00, 0x01, 0x00, 0x01, 0x00, 0x00, 0x00, 0xFF, 0xFF, 0xFF, 0xFF,
        0xFF, 0xFF, 0xFF, 0xFF, 0x00, 0x00, 0x00, 0x00, 0xFF, 0xFF, 0x00, 0x00, 0x00, 0x00, 0x00, 0x00,
        0x00, 0x00, 0x00, 0x00, 0x00, 0x00, 0x00, 0x00, 0x00, 0x00, 0x01, 0x00, 0x02, 0x00, 0x01, 0x00,
        0x00, 0x00, 0x00, 0x00, 0x00, 0x00, 0xFF, 0xFF, 0xFF, 0xFF, 0x00, 0x00, 0x00, 0x00, 0x00, 0x00,
        0x00, 0x00, 0x00, 0x00, 0x00, 0x00, 0x01, 0x00, 0x01, 0x00, 0x00, 0x00, 0x01, 0x00, 0x01, 0x00,
        0x00, 0x00, 0x01, 0x00, 0x00, 0x00, 0x00, 0x00, 0x01, 0x00, 0x00, 0x00, 0xFF, 0xFF, 0x00, 0x00,
        0x00, 0x00, 0x00, 0x00, 0x00, 0x00, 0x00, 0x00, 0x00, 0x00, 0x00, 0x00, 0x00, 0x00, 0x00, 0x00,
        0x01, 0x00, 0x00, 0x00, 0x00, 0x00, 0x01, 0x00, 0x00, 0x00, 0x00, 0x00, 0x00, 0x00, 0x00, 0x00,
        0x00, 0x00, 0x00, 0x00, 0x00, 0x00, 0x01, 0x00, 0x01, 0x00, 0x00, 0x00, 0x00, 0x00, 0x00, 0x00,
        0x00, 0x00, 0x00, 0x00, 0x00, 0x00, 0x00, 0x00, 0x00, 0x00, 0x00, 0x00, 0x00, 0x00, 0x00, 0x00,
        0x00, 0x00, 0x00, 0x00, 0x00, 0x00, 0x00, 0x00, 0xFF, 0xFF, 0x00, 0x00, 0x01, 0x00, 0x00, 0x00,
        0x01, 0x00, 0x01, 0x00, 0x01, 0x00, 0x00, 0x00, 0x00, 0x00, 0x01, 0x00, 0x01, 0x00, 0x01, 0x00,
        0x01, 0x00, 0x01, 0x00, 0x00, 0x00, 0x00, 0x00, 0x01, 0x00, 0x00, 0x00, 0x00, 0x00, 0x00, 0x00,
        0xFF, 0xFF, 0x00, 0x00, 0x00, 0x00, 0x00, 0x00, 0x00, 0x00, 0x00, 0x00, 0x00, 0x00, 0x01, 0x00,
        0x00, 0x00, 0x00, 0x00, 0x01, 0x00, 0x00, 0x00, 0xFF, 0xFF, 0x00, 0x00, 0x00, 0x00, 0x00, 0x00,
        0x00, 0x00, 0x00, 0x00, 0x00, 0x00, 0x00, 0x00, 0x00, 0x00, 0x01, 0x00, 0x01, 0x00, 0x01, 0x00,
        0x01, 0x00, 0x01, 0x00, 0x01, 0x00, 0x01, 0x00, 0x00, 0x00, 0x00, 0x00, 0x00, 0x00, 0x00, 0x00,
        0x00, 0x00, 0x00, 0x00, 0x01, 0x00, 0x00, 0x00, 0x00, 0x00, 0x00, 0x00, 0x00, 0x00, 0x00, 0x00,
        0x01, 0x00, 0x01, 0x00, 0x00, 0x00, 0x01, 0x00, 0x00, 0x00, 0x00, 0x00, 0x01, 0x00, 0x00, 0x00,
        0x00, 0x00, 0x00, 0x00, 0x00, 0x00, 0x00, 0x00, 0x00, 0x00, 0xFF, 0xFF, 0x01, 0x00, 0x01, 0x00,
        0x01, 0x00, 0x00, 0x00, 0x00, 0x00, 0x01, 0x00, 0x01, 0x00, 0x00, 0x00, 0x01, 0x00, 0x01, 0x00,
        0x00, 0x00, 0x00, 0x00, 0x00, 0x00, 0x00, 0x00, 0x00, 0x00, 0x00, 0x00, 0x00, 0x00, 0x00, 0x00,
        0x00, 0x00, 0x00, 0x00, 0x01, 0x00, 0x01, 0x00, 0x01, 0x00, 0x01, 0x00, 0x01, 0x00, 0x01, 0x00,
        0x01, 0x00, 0x00, 0x00, 0x00, 0x00, 0x01, 0x00, 0x01, 0x00, 0x00, 0x00, 0xFF, 0xFF, 0xFF, 0xFF,
        0x00, 0x00, 0x00, 0x00, 0x00, 0x00, 0x00, 0x00, 0x00, 0x00, 0x00, 0x00, 0x00, 0x00, 0x00, 0x00,
        0x00, 0x00, 0x01, 0x00, 0x00, 0x00, 0x00, 0x00, 0x00, 0x00, 0x00, 0x00, 0x00, 0x00, 0x00, 0x00,
        0x00, 0x00, 0x00, 0x00, 0x00, 0x00, 0x00, 0x00, 0x00, 0x00, 0x00, 0x00, 0x00, 0x00, 0x00, 0x00,
        0x00, 0x00, 0x01, 0x00, 0x00, 0x00, 0x00, 0x00, 0x00, 0x00, 0x00, 0x00, 0x00, 0x00, 0x00, 0x00,
        0x00, 0x00, 0x01, 0x00, 0x00, 0x00, 0x00, 0x00, 0x00, 0x00, 0x01, 0x00, 0x01, 0x00, 0x01, 0x00,
        0x01, 0x00, 0x01, 0x00, 0x01, 0x00, 0x01, 0x00, 0x00, 0x00, 0x00, 0x00, 0x01, 0x00, 0x01, 0x00,
        0x01, 0x00, 0x00, 0x00, 0x00, 0x00, 0x00, 0x00, 0x01, 0x00, 0x00, 0x00, 0x00, 0x00, 0x01, 0x00,
        0x00, 0x00, 0x00, 0x00, 0x01, 0x00, 0x01, 0x00, 0x01, 0x00, 0x00, 0x00, 0x00, 0x00, 0x01, 0x00,
        0x01, 0x00, 0x01, 0x00, 0x00, 0x00, 0x00, 0x00, 0x00, 0x00, 0x00, 0x00, 0x00, 0x00, 0x00, 0x00,
        0x00, 0x00, 0x00, 0x00, 0x00, 0x00, 0x00, 0x00, 0x00, 0x00, 0x00, 0x00, 0x00, 0x00, 0x00, 0x00,
        0x01, 0x00, 0x01, 0x00, 0x00, 0x00, 0x00, 0x00, 0x00, 0x00, 0x00, 0x00, 0x00, 0x00, 0x00, 0x00,
        0x00, 0x00, 0xFF, 0xFF, 0x00, 0x00, 0x00, 0x00, 0x00, 0x00, 0x00, 0x00, 0x00, 0x00, 0x01, 0x00,
        0x01, 0x00, 0x00, 0x00, 0x00, 0x00, 0x01, 0x00, 0x01, 0x00, 0x00, 0x00, 0x00, 0x00, 0x00, 0x00,
        0x00, 0x00, 0x00, 0x00, 0x00, 0x00, 0x00, 0x00, 0x00, 0x00, 0x00, 0x00, 0x00, 0x00, 0x01, 0x00,
        0x01, 0x00, 0x02, 0x00, 0x01, 0x00, 0x01, 0x00, 0x01, 0x00, 0x01, 0x00, 0x00, 0x00, 0x00, 0x00,
        0x00, 0x00, 0x00, 0x00, 0x00, 0x00, 0x00, 0x00, 0xFF, 0xFF, 0x00, 0x00, 0x00, 0x00, 0x00, 0x00,
        0x00, 0x00, 0x00, 0x00, 0x00, 0x00, 0x00, 0x00, 0x00, 0x00, 0x01, 0x00, 0x01, 0x00, 0x00, 0x00,
        0x00, 0x00, 0x01, 0x00, 0x00, 0x00, 0xFF, 0xFF, 0x00, 0x00, 0x01, 0x00, 0x00, 0x00, 0xFF, 0xFF,
        0x00, 0x00, 0x00, 0x00, 0x00, 0x00, 0x00, 0x00, 0x00, 0x00, 0x00, 0x00, 0x01, 0x00, 0x01, 0x00,
        0x00, 0x00, 0x00, 0x00, 0x01, 0x00, 0x00, 0x00, 0xFF, 0xFF, 0x00, 0x00, 0x00, 0x00, 0x00, 0x00,
        0x00, 0x00, 0x00, 0x00, 0x00, 0x00, 0xFF, 0xFF, 0xFF, 0xFF, 0x00, 0x00, 0x00, 0x00, 0x00, 0x00,
        0x00, 0x00, 0x00, 0x00, 0x00, 0x00, 0x01, 0x00, 0x00, 0x00, 0x00, 0x00, 0x01, 0x00, 0x00, 0x00,
        0x01, 0x00, 0x01, 0x00, 0xFF, 0xFF, 0xFE, 0xFF, 0x00, 0x00, 0x00, 0x00, 0x00, 0x00, 0x00, 0x00,
        0x00, 0x00, 0x00, 0x00, 0x00, 0x00, 0x01, 0x00, 0x01, 0x00, 0x00, 0x00, 0x00, 0x00, 0x01, 0x00,
        0x00, 0x00, 0x00, 0x00, 0x00, 0x00, 0x00, 0x00, 0x00, 0x00, 0x00, 0x00, 0x00, 0x00, 0x00, 0x00,
        0x00, 0x00, 0x01, 0x00, 0x01, 0x00, 0x00, 0x00, 0x01, 0x00, 0x01, 0x00, 0x01, 0x00, 0x01, 0x00,
        0x01, 0x00, 0x01, 0x00, 0xFF, 0xFF, 0xFF, 0xFF, 0x00, 0x00, 0x00, 0x00, 0x00, 0x00, 0x00, 0x00,
        0x00, 0x00, 0x00, 0x00, 0x00, 0x00, 0x00, 0x00, 0x01, 0x00, 0x01, 0x00, 0x00, 0x00, 0x00, 0x00,
        0xFF, 0xFF, 0x00, 0x00, 0x00, 0x00, 0x00, 0x00, 0x01, 0x00, 0x00, 0x00, 0x00, 0x00, 0x00, 0x00,
        0x00, 0x00, 0xFF, 0xFF, 0xFF, 0xFF, 0x00, 0x00, 0x01, 0x00, 0x01, 0x00, 0x00, 0x00, 0x02, 0x00,
        0x01, 0x00, 0x00, 0x00, 0x01, 0x00, 0x01, 0x00, 0x00, 0x00, 0x00, 0x00, 0x00, 0x00, 0x00, 0x00,
        0x00, 0x00, 0x00, 0x00, 0x00, 0x00, 0x00, 0x00, 0x00, 0x00, 0x00, 0x00, 0x00, 0x00, 0x01, 0x00,
        0x00, 0x00, 0xFF, 0xFF, 0xFF, 0xFF, 0x00, 0x00, 0x01, 0x00, 0x01, 0x00, 0x00, 0x00, 0x00, 0x00,
        0x01, 0x00, 0x00, 0x00, 0x00, 0x00, 0x00, 0x00, 0x00, 0x00, 0x00, 0x00, 0x00, 0x00, 0x00, 0x00,
        0x00, 0x00, 0x00, 0x00, 0x01, 0x00, 0x01, 0x00, 0x00, 0x00, 0x01, 0x00, 0x01, 0x00, 0x01, 0x00,
        0x01, 0x00, 0x00, 0x00, 0x00, 0x00, 0x00, 0x00, 0x00, 0x00, 0x00, 0x00, 0x01, 0x00, 0x01, 0x00,
        0x00, 0x00, 0x01, 0x00, 0x01, 0x00, 0x00, 0x00, 0xFF, 0xFF, 0x00, 0x00, 0x01, 0x00, 0x00, 0x00,
        0x00, 0x00, 0x01, 0x00, 0x01, 0x00, 0x01, 0x00, 0x01, 0x00, 0x00, 0x00, 0x00, 0x00, 0x00, 0x00,
        0x00, 0x00, 0x00, 0x00, 0x01, 0x00, 0x01, 0x00, 0x00, 0x00, 0x00, 0x00, 0x01, 0x00, 0x01, 0x00,
        0x01, 0x00, 0x01, 0x00, 0x00, 0x00, 0x01, 0x00, 0x01, 0x00, 0x00, 0x00, 0x01, 0x00, 0x00, 0x00,
        0xFF, 0xFF, 0x00, 0x00, 0x00, 0x00, 0x00, 0x00, 0x01, 0x00, 0x00, 0x00, 0x00, 0x00, 0x01, 0x00,
        0x01, 0x00, 0x01, 0x00, 0x00, 0x00, 0x00, 0x00, 0x01, 0x00, 0x01, 0x00, 0x00, 0x00, 0x00, 0x00,
        0x00, 0x00, 0x00, 0x00, 0x00, 0x00, 0x00, 0x00, 0xFF, 0xFF, 0x00, 0x00, 0x00, 0x00, 0x00, 0x00,
        0x00, 0x00, 0x00, 0x00, 0xFF, 0xFF, 0x00, 0x00, 0x01, 0x00, 0x01, 0x00, 0x01, 0x00, 0x00, 0x00,
        0x00, 0x00, 0x00, 0x00, 0x00, 0x00, 0x00, 0x00, 0x00, 0x00, 0x00, 0x00, 0x00, 0x00, 0x00, 0x00,
        0x00, 0x00, 0x00, 0x00, 0x01, 0x00, 0x00, 0x00, 0x00, 0x00, 0x00, 0x00, 0x00, 0x00, 0x00, 0x00,
        0x00, 0x00, 0x01, 0x00, 0x01, 0x00, 0x00, 0x00, 0x00, 0x00, 0x00, 0x00, 0x00, 0x00, 0x00, 0x00,
        0x00, 0x00, 0xFF, 0xFF, 0x00, 0x00, 0x00, 0x00, 0x00, 0x00, 0x00, 0x00, 0x01, 0x00, 0x01, 0x00,
        0x00, 0x00, 0xFF, 0xFF, 0x00, 0x00, 0x00, 0x00, 0x00, 0x00, 0x00, 0x00, 0x00, 0x00, 0xFF, 0xFF,
        0x00, 0x00, 0x00, 0x00, 0xFF, 0xFF, 0x00, 0x00, 0x01, 0x00, 0x00, 0x00, 0x00, 0x00, 0x00, 0x00,
        0x01, 0x00, 0x01, 0x00, 0x00, 0x00, 0xFF, 0xFF, 0x00, 0x00, 0x00, 0x00, 0x00, 0x00, 0x00, 0x00,
        0x00, 0x00, 0x00, 0x00, 0x00, 0x00, 0x00, 0x00, 0x00, 0x00, 0x00, 0x00, 0x00, 0x00, 0x00, 0x00,
        0x00, 0x00, 0x00, 0x00, 0x00, 0x00, 0x01, 0x00, 0x01, 0x00, 0x00, 0x00, 0x00, 0x00, 0x01, 0x00,
        0x01, 0x00, 0x01, 0x00, 0x00, 0x00, 0x00, 0x00, 0x01, 0x00, 0xFF, 0xFF, 0xFF, 0xFF, 0x01, 0x00,
        0x00, 0x00, 0x00, 0x00, 0x01, 0x00, 0x01, 0x00, 0x01, 0x00, 0x01, 0x00, 0x01, 0x00, 0x01, 0x00,
        0x01, 0x00, 0x00, 0x00, 0x00, 0x00, 0x00, 0x00, 0x00, 0x00, 0x00, 0x00, 0x00, 0x00, 0x00, 0x00,
        0x00, 0x00, 0x00, 0x00, 0x00, 0x00, 0x00, 0x00, 0x01, 0x00, 0x00, 0x00, 0x00, 0x00, 0x00, 0x00,
        0x00, 0x00, 0x01, 0x00, 0x00, 0x00, 0x00, 0x00, 0x01, 0x00, 0x00, 0x00, 0x00, 0x00, 0x01, 0x00,
        0x00, 0x00, 0x00, 0x00, 0xFF, 0xFF, 0xFF, 0xFF, 0x00, 0x00, 0x00, 0x00, 0x00, 0x00, 0x00, 0x00,
        0x00, 0x00, 0x01, 0x00, 0x01, 0x00, 0x00, 0x00, 0x00, 0x00, 0x01, 0x00, 0x00, 0x00, 0x00, 0x00,
        0x00, 0x00, 0x00, 0x00, 0x00, 0x00, 0x00, 0x00, 0x00, 0x00, 0x00, 0x00, 0x00, 0x00, 0x00, 0x00,
        0x00, 0x00, 0x00, 0x00, 0x00, 0x00, 0x01, 0x00, 0x00, 0x00, 0x00, 0x00, 0x00, 0x00, 0x00, 0x00,
        0x00, 0x00, 0x01, 0x00, 0x00, 0x00, 0x00, 0x00, 0x00, 0x00, 0x00, 0x00, 0x00, 0x00, 0x00, 0x00,
        0x00, 0x00, 0x00, 0x00, 0x00, 0x00, 0x00, 0x00, 0x00, 0x00, 0x00, 0x00, 0x01, 0x00, 0x01, 0x00,
        0x01, 0x00, 0x00, 0x00, 0x00, 0x00, 0x00, 0x00, 0x00, 0x00, 0x00, 0x00, 0x00, 0x00, 0x00, 0x00,
        0x00, 0x00, 0xFF, 0xFF, 0xFF, 0xFF, 0x01, 0x00, 0x01, 0x00, 0x01, 0x00, 0x01, 0x00, 0x00, 0x00,
        0x00, 0x00, 0x00, 0x00, 0x01, 0x00, 0x00, 0x00, 0x00, 0x00, 0xFF, 0xFF, 0xFF, 0xFF, 0x00, 0x00,
        0x00, 0x00, 0xFF, 0xFF, 0x00, 0x00, 0x00, 0x00, 0x00, 0x00, 0x00, 0x00, 0x00, 0x00, 0x00, 0x00,
        0x00, 0x00, 0x00, 0x00, 0x00, 0x00, 0x00, 0x00, 0x00, 0x00, 0x00, 0x00, 0x00, 0x00, 0x00, 0x00,
        0x00, 0x00, 0x00, 0x00, 0x00, 0x00, 0x00, 0x00, 0xFF, 0xFF, 0xFF, 0xFF, 0x00, 0x00, 0x01, 0x00,
        0x01, 0x00, 0x01, 0x00, 0x00, 0x00, 0x00, 0x00, 0x00, 0x00, 0x01, 0x00, 0x00, 0x00, 0x01, 0x00,
        0x00, 0x00, 0x00, 0x00, 0x00, 0x00, 0x00, 0x00, 0x00, 0x00, 0x00, 0x00, 0x01, 0x00, 0x00, 0x00,
        0x00, 0x00, 0x00, 0x00, 0x00, 0x00, 0x00, 0x00, 0x01, 0x00, 0x01, 0x00, 0x00, 0x00, 0x00, 0x00,
        0x00, 0x00, 0x01, 0x00, 0x00, 0x00, 0x00, 0x00, 0x00, 0x00, 0xFF, 0xFF, 0xFF, 0xFF, 0x00, 0x00,
        0x01, 0x00, 0x00, 0x00, 0x00, 0x00, 0x00, 0x00, 0x00, 0x00, 0x01, 0x00, 0x00, 0x00, 0x00, 0x00,
        0x01, 0x00, 0x01, 0x00, 0x00, 0x00, 0x00, 0x00, 0x01, 0x00, 0x00, 0x00, 0xFF, 0xFF, 0x00, 0x00,
        0x00, 0x00, 0x00, 0x00, 0x01, 0x00, 0x00, 0x00, 0xFF, 0xFF, 0x00, 0x00, 0x00, 0x00, 0x00, 0x00,
        0x00, 0x00, 0x01, 0x00, 0x00, 0x00, 0x00, 0x00, 0x00, 0x00, 0x00, 0x00, 0xFF, 0xFF, 0x00, 0x00,
        0x00, 0x00, 0xFF, 0xFF, 0x00, 0x00, 0x01, 0x00, 0x00, 0x00, 0xFF, 0xFF, 0x00, 0x00, 0x01, 0x00,
        0x00, 0x00, 0xFF, 0xFF, 0x01, 0x00, 0x01, 0x00, 0x00, 0x00, 0x00, 0x00, 0x00, 0x00, 0x00, 0x00,
        0x00, 0x00, 0xFF, 0xFF, 0xFF, 0xFF, 0x00, 0x00, 0xFF, 0xFF, 0x00, 0x00, 0x00, 0x00, 0x00, 0x00,
        0x00, 0x00, 0x00, 0x00, 0x00, 0x00, 0x00, 0x00, 0x01, 0x00, 0x01, 0x00, 0x00, 0x00, 0x01, 0x00,
        0x01, 0x00, 0x00, 0x00, 0x00, 0x00, 0xFF, 0xFF, 0x00, 0x00, 0x00, 0x00, 0xFF, 0xFF, 0x00, 0x00,
        0x00, 0x00, 0x00, 0x00, 0x00, 0x00, 0x00, 0x00, 0x00, 0x00, 0x01, 0x00, 0x00, 0x00, 0x01, 0x00,
        0x01, 0x00, 0x00, 0x00, 0x00, 0x00, 0x00, 0x00, 0x01, 0x00, 0x01, 0x00, 0xFF, 0xFF, 0x00, 0x00,
        0x00, 0x00, 0xFF, 0xFF, 0x00, 0x00, 0x01, 0x00, 0x01, 0x00, 0x01, 0x00, 0x00, 0x00, 0x00, 0x00,
        0x01, 0x00, 0x01, 0x00, 0x00, 0x00, 0x00, 0x00, 0x01, 0x00, 0x00, 0x00, 0x00, 0x00, 0x00, 0x00,
        0x00, 0x00, 0x00, 0x00, 0x00, 0x00, 0x01, 0x00, 0x00, 0x00, 0x00, 0x00, 0x00, 0x00, 0x00, 0x00,
        0x00, 0x00, 0xFF, 0xFF, 0x01, 0x00, 0x01, 0x00, 0x01, 0x00, 0x00, 0x00, 0x00, 0x00, 0x00, 0x00,
        0x00, 0x00, 0x00, 0x00, 0xFF, 0xFF, 0x00, 0x00, 0xFF, 0xFF, 0xFF, 0xFF, 0x00, 0x00, 0x00, 0x00,
        0x00, 0x00, 0x00, 0x00, 0x00, 0x00, 0x00, 0x00, 0x00, 0x00, 0x01, 0x00, 0x01, 0x00, 0x00, 0x00,
        0x00, 0x00, 0x00, 0x00, 0x00, 0x00, 0x00, 0x00, 0x00, 0x00, 0x00, 0x00, 0x00, 0x00, 0x00, 0x00,
        0x00, 0x00, 0x00, 0x00, 0x00, 0x00, 0x01, 0x00, 0x00, 0x00, 0xFF, 0xFF, 0x00, 0x00, 0x00, 0x00,
        0x00, 0x00, 0x00, 0x00, 0x00, 0x00, 0x00, 0x00, 0x01, 0x00, 0x01, 0x00, 0x00, 0x00, 0x00, 0x00,
        0x00, 0x00, 0x00, 0x00, 0x00, 0x00, 0x00, 0x00, 0x01, 0x00, 0x00, 0x00, 0xFF, 0xFF, 0x00, 0x00,
        0x00, 0x00, 0x00, 0x00, 0x01, 0x00, 0x01, 0x00, 0x01, 0x00, 0x01, 0x00, 0x00, 0x00, 0x00, 0x00,
        0x01, 0x00, 0x00, 0x00, 0x00, 0x00, 0x00, 0x00, 0x00, 0x00, 0xFF, 0xFF, 0x00, 0x00, 0x00, 0x00,
        0x00, 0x00, 0x00, 0x00, 0x00, 0x00, 0x00, 0x00, 0x00, 0x00, 0x01, 0x00, 0x00, 0x00, 0x00, 0x00,
        0x01, 0x00, 0x00, 0x00, 0x00, 0x00, 0x01, 0x00, 0x00, 0x00, 0x00, 0x00, 0x00, 0x00, 0x00, 0x00,
        0x00, 0x00, 0x00, 0x00, 0x00, 0x00, 0x01, 0x00, 0x00, 0x00, 0x00, 0x00, 0x01, 0x00, 0x01, 0x00,
        0x00, 0x00, 0x00, 0x00, 0x00, 0x00, 0x00, 0x00, 0x00, 0x00, 0x00, 0x00, 0x00, 0x00, 0x00, 0x00,
        0x00, 0x00, 0x00, 0x00, 0x00, 0x00, 0x00, 0x00, 0x00, 0x00, 0x01, 0x00, 0x00, 0x00, 0x00, 0x00,
        0x01, 0x00, 0x00, 0x00, 0x00, 0x00, 0x01, 0x00, 0x01, 0x00, 0x00, 0x00, 0x01, 0x00, 0x00, 0x00,
        0xFF, 0xFF, 0x00, 0x00, 0x00, 0x00, 0x00, 0x00, 0x00, 0x00, 0x00, 0x00, 0x00, 0x00, 0xFF, 0xFF,
        0x00, 0x00, 0x01, 0x00, 0x00, 0x00, 0x01, 0x00, 0x00, 0x00, 0x00, 0x00, 0x00, 0x00, 0xFF, 0xFF,
        0x00, 0x00, 0x00, 0x00, 0x00, 0x00, 0x00, 0x00, 0x00, 0x00, 0xFF, 0xFF, 0xFF, 0xFF, 0xFF, 0xFF,
        0x00, 0x00, 0x00, 0x00, 0xFF, 0xFF, 0x00, 0x00, 0x00, 0x00, 0x00, 0x00, 0x00, 0x00, 0x01, 0x00,
        0x01, 0x00, 0x00, 0x00, 0x00, 0x00, 0x00, 0x00, 0x00, 0x00, 0x00, 0x00, 0x00, 0x00, 0x00, 0x00,
        0x00, 0x00, 0x00, 0x00, 0x00, 0x00, 0x00, 0x00, 0x00, 0x00, 0x00, 0x00, 0x00, 0x00, 0x00, 0x00,
        0x00, 0x00, 0x00, 0x00, 0x00, 0x00, 0x00, 0x00, 0x00, 0x00, 0x00, 0x00, 0x00, 0x00, 0x00, 0x00,
        0x00, 0x00, 0xFF, 0xFF, 0xFF, 0xFF, 0x00, 0x00, 0x00, 0x00, 0xFF, 0xFF, 0x00, 0x00, 0x00, 0x00,
        0x00, 0x00, 0x00, 0x00, 0x00, 0x00, 0x00, 0x00, 0x00, 0x00, 0x00, 0x00, 0xFF, 0xFF, 0xFF, 0xFF,
        0x00, 0x00, 0x00, 0x00, 0x00, 0x00, 0x00, 0x00, 0x00, 0x00, 0x01, 0x00, 0x01, 0x00, 0x00, 0x00,
        0x00, 0x00, 0x00, 0x00, 0x00, 0x00, 0x00, 0x00, 0x00, 0x00, 0x00, 0x00, 0x00, 0x00, 0x00, 0x00,
        0xFF, 0xFF, 0x00, 0x00, 0x00, 0x00, 0x00, 0x00, 0x00, 0x00, 0x00, 0x00, 0x00, 0x00, 0xFF, 0xFF,
        0x00, 0x00, 0x00, 0x00, 0xFF, 0xFF, 0x00, 0x00, 0x00, 0x00, 0x00, 0x00, 0x01, 0x00, 0x00, 0x00,
        0x00, 0x00, 0x00, 0x00, 0xFF, 0xFF, 0x00, 0x00, 0x01, 0x00, 0x00, 0x00, 0xFF, 0xFF, 0xFF, 0xFF,
        0xFF, 0xFF, 0x00, 0x00, 0x00, 0x00, 0x00, 0x00, 0x00, 0x00, 0x00, 0x00, 0x00, 0x00, 0x01, 0x00,
        0x00, 0x00, 0x00, 0x00, 0x00, 0x00, 0xFF, 0xFF, 0xFF, 0xFF, 0x00, 0x00, 0x00, 0x00, 0x00, 0x00,
        0x00, 0x00, 0x00, 0x00, 0x00, 0x00, 0x00, 0x00, 0x00, 0x00, 0x01, 0x00, 0x01, 0x00, 0x00, 0x00,
        0x00, 0x00, 0x00, 0x00, 0x00, 0x00, 0x01, 0x00, 0x00, 0x00, 0x00, 0x00, 0x00, 0x00, 0x00, 0x00,
        0x00, 0x00, 0x00, 0x00, 0x00, 0x00, 0x00, 0x00, 0x00, 0x00, 0xFF, 0xFF, 0x00, 0x00, 0x00, 0x00,
        0x00, 0x00, 0x00, 0x00, 0xFF, 0xFF, 0x00, 0x00, 0x01, 0x00, 0x00, 0x00, 0x00, 0x00, 0x00, 0x00,
        0x00, 0x00, 0x00, 0x00, 0x00, 0x00, 0x00, 0x00, 0x00, 0x00, 0x00, 0x00, 0x00, 0x00, 0x00, 0x00,
        0x00, 0x00, 0x00, 0x00, 0x00, 0x00, 0x00, 0x00, 0x00, 0x00, 0xFF, 0xFF, 0x00, 0x00, 0x01, 0x00,
        0x00, 0x00, 0xFF, 0xFF, 0xFF, 0xFF, 0xFF, 0xFF, 0x00, 0x00, 0x00, 0x00, 0x00, 0x00, 0x00, 0x00,
        0xFF, 0xFF, 0x00, 0x00, 0x00, 0x00, 0x00, 0x00, 0x01, 0x00, 0x00, 0x00, 0x00, 0x00, 0x01, 0x00,
        0x00, 0x00, 0x00, 0x00, 0x00, 0x00, 0x01, 0x00, 0x00, 0x00, 0x00, 0x00, 0x00, 0x00, 0x00, 0x00,
        0xFF, 0xFF, 0xFF, 0xFF, 0x00, 0x00, 0x00, 0x00, 0x00, 0x00, 0x00, 0x00, 0x00, 0x00, 0x00, 0x00,
        0x00, 0x00, 0x00, 0x00, 0x00, 0x00, 0x00, 0x00, 0x00, 0x00, 0x00, 0x00, 0xFF, 0xFF, 0xFF, 0xFF,
        0x00, 0x00, 0xFF, 0xFF, 0xFF, 0xFF, 0x00, 0x00, 0x00, 0x00, 0xFF, 0xFF, 0x00, 0x00, 0x00, 0x00,
        0x00, 0x00, 0x00, 0x00, 0x00, 0x00, 0x00, 0x00, 0x00, 0x00, 0x00, 0x00, 0x00, 0x00, 0xFF, 0xFF,
        0xFF, 0xFF, 0x00, 0x00, 0x00, 0x00, 0xFF, 0xFF, 0x00, 0x00, 0x00, 0x00, 0x00, 0x00, 0x00, 0x00,
        0x00, 0x00, 0x00, 0x00, 0x00, 0x00, 0x01, 0x00, 0x00, 0x00, 0x00, 0x00, 0x00, 0x00, 0x00, 0x00,
        0x00, 0x00, 0x00, 0x00, 0x00, 0x00, 0xFF, 0xFF, 0x00, 0x00, 0x00, 0x00, 0xFF, 0xFF, 0xFF, 0xFF,
        0x00, 0x00, 0x00, 0x00, 0x01, 0x00, 0x01, 0x00, 0x00, 0x00, 0x00, 0x00, 0x00, 0x00, 0x00, 0x00,
        0x00, 0x00, 0x01, 0x00, 0x00, 0x00, 0x00, 0x00, 0x00, 0x00, 0x00, 0x00, 0x00, 0x00, 0x00, 0x00,
        0x00, 0x00, 0x00, 0x00, 0x00, 0x00, 0x00, 0x00, 0x00, 0x00, 0xFF, 0xFF, 0x00, 0x00, 0x00, 0x00,
        0x00, 0x00, 0x00, 0x00, 0x00, 0x00, 0x00, 0x00, 0x00, 0x00, 0xFF, 0xFF, 0xFF, 0xFF, 0x00, 0x00,
        0x00, 0x00, 0xFF, 0xFF, 0xFF, 0xFF, 0x00, 0x00, 0x00, 0x00, 0x00, 0x00, 0x00, 0x00, 0x00, 0x00,
        0x00, 0x00, 0x00, 0x00, 0x00, 0x00, 0x00, 0x00, 0x00, 0x00, 0x00, 0x00, 0x00, 0x00, 0x00, 0x00,
        0x00, 0x00, 0x00, 0x00, 0x00, 0x00, 0x00, 0x00, 0x00, 0x00, 0xFF, 0xFF, 0x00, 0x00, 0x01, 0x00,
        0x01, 0x00, 0x00, 0x00, 0x00, 0x00, 0x00, 0x00, 0x01, 0x00, 0x00, 0x00, 0x00, 0x00, 0x00, 0x00,
        0x00, 0x00, 0xFF, 0xFF, 0x00, 0x00, 0x00, 0x00, 0x00, 0x00, 0x00, 0x00, 0x00, 0x00, 0x00, 0x00,
        0x00, 0x00, 0x00, 0x00, 0x00, 0x00, 0x00, 0x00, 0x00, 0x00, 0x00, 0x00, 0x00, 0x00, 0x00, 0x00,
        0x00, 0x00, 0x00, 0x00, 0x00, 0x00, 0x00, 0x00, 0x00, 0x00, 0x00, 0x00, 0x00, 0x00, 0xFF, 0xFF,
        0x00, 0x00, 0x00, 0x00, 0x00, 0x00, 0x00, 0x00, 0x00, 0x00, 0x00, 0x00, 0x00, 0x00, 0x00, 0x00,
        0x00, 0x00, 0x00, 0x00, 0x00, 0x00, 0x01, 0x00, 0x00, 0x00, 0xFF, 0xFF, 0x00, 0x00, 0xFF, 0xFF,
        0xFF, 0xFF, 0x00, 0x00, 0x00, 0x00, 0x00, 0x00, 0x00, 0x00, 0x00, 0x00, 0x00, 0x00, 0x00, 0x00,
        0x00, 0x00, 0x00, 0x00, 0x00, 0x00, 0x00, 0x00, 0x00, 0x00, 0x00, 0x00, 0x00, 0x00, 0x00, 0x00,
        0xFF, 0xFF, 0xFF, 0xFF, 0x00, 0x00, 0x00, 0x00, 0x00, 0x00, 0x00, 0x00, 0x00, 0x00, 0x00, 0x00,
        0x00, 0x00, 0x01, 0x00, 0x00, 0x00, 0x00, 0x00, 0x01, 0x00, 0x00, 0x00, 0xFF, 0xFF, 0x00, 0x00,
        0x00, 0x00, 0x00, 0x00, 0x00, 0x00, 0x00, 0x00, 0x01, 0x00, 0x00, 0x00, 0xFF, 0xFF, 0x00, 0x00,
        0x00, 0x00, 0xFF, 0xFF, 0x00, 0x00, 0x00, 0x00, 0xFF, 0xFF, 0x00, 0x00, 0x00, 0x00, 0x00, 0x00,
        0x00, 0x00, 0x00, 0x00, 0x00, 0x00, 0x00, 0x00, 0x00, 0x00, 0x00, 0x00, 0x00, 0x00, 0x00, 0x00,
        0x00, 0x00, 0xFF, 0xFF, 0x00, 0x00, 0x00, 0x00, 0x00, 0x00, 0x01, 0x00, 0x01, 0x00, 0x00, 0x00,
        0x00, 0x00, 0x01, 0x00, 0x00, 0x00, 0x00, 0x00, 0x00, 0x00, 0x00, 0x00, 0xFF, 0xFF, 0x00, 0x00,
        0x00, 0x00, 0xFF, 0xFF, 0x00, 0x00, 0x00, 0x00, 0xFF, 0xFF, 0x00, 0x00, 0x00, 0x00, 0x00, 0x00,
        0x00, 0x00, 0x00, 0x00, 0x00, 0x00, 0x00, 0x00, 0x00, 0x00, 0x00, 0x00, 0x00, 0x00, 0x00, 0x00,
        0xFF, 0xFF, 0x00, 0x00, 0x00, 0x00, 0x00, 0x00, 0x00, 0x00, 0x00, 0x00, 0x00, 0x00, 0x01, 0x00,
        0x01, 0x00, 0x00, 0x00, 0x00, 0x00, 0x00, 0x00, 0x00, 0x00, 0x00, 0x00, 0x00, 0x00, 0x00, 0x00,
        0x00, 0x00, 0x00, 0x00, 0x00, 0x00, 0x00, 0x00, 0x00, 0x00, 0x00, 0x00, 0xFF, 0xFF, 0x00, 0x00,
        0x00, 0x00, 0xFF, 0xFF, 0x00, 0x00, 0x00, 0x00, 0x01, 0x00, 0x01, 0x00, 0x01, 0x00, 0x01, 0x00,
        0x01, 0x00, 0x00, 0x00, 0x00, 0x00, 0xFF, 0xFF, 0xFF, 0xFF, 0x00, 0x00, 0x00, 0x00, 0x00, 0x00,
        0x00, 0x00, 0xFF, 0xFF, 0x00, 0x00, 0x00, 0x00, 0x00, 0x00, 0x00, 0x00, 0xFF, 0xFF, 0x00, 0x00,
        0x01, 0x00, 0x00, 0x00, 0x00, 0x00, 0x00, 0x00, 0xFF, 0xFF, 0xFF, 0xFF, 0x00, 0x00, 0x00, 0x00,
        0x00, 0x00, 0x00, 0x00, 0x00, 0x00, 0x00, 0x00, 0x00, 0x00, 0x00, 0x00, 0x00, 0x00, 0x00, 0x00,
        0x00, 0x00, 0x00, 0x00, 0x00, 0x00, 0x01, 0x00, 0x00, 0x00, 0x00, 0x00, 0x00, 0x00, 0x00, 0x00,
        0x00, 0x00, 0x00, 0x00, 0xFF, 0xFF, 0xFF, 0xFF, 0x00, 0x00, 0x00, 0x00, 0x00, 0x00, 0x00, 0x00,
        0x00, 0x00, 0x00, 0x00, 0x00, 0x00, 0x01, 0x00, 0x01, 0x00, 0x00, 0x00, 0x00, 0x00, 0x01, 0x00,
        0x00, 0x00, 0x00, 0x00, 0x00, 0x00, 0xFF, 0xFF, 0xFF, 0xFF, 0x00, 0x00, 0xFF, 0xFF, 0xFF, 0xFF,
        0x00, 0x00, 0x00, 0x00, 0xFF, 0xFF, 0x00, 0x00, 0x00, 0x00, 0x00, 0x00, 0x00, 0x00, 0xFF, 0xFF,
        0x00, 0x00, 0x00, 0x00, 0xFF, 0xFF, 0x00, 0x00, 0x00, 0x00, 0x00, 0x00, 0x00, 0x00, 0x00, 0x00,
        0x00, 0x00, 0x00, 0x00, 0x00, 0x00, 0x00, 0x00, 0x01, 0x00, 0x01, 0x00, 0x00, 0x00, 0x00, 0x00,
        0x01, 0x00, 0x01, 0x00, 0x00, 0x00, 0x00, 0x00, 0x00, 0x00, 0x00, 0x00, 0x00, 0x00, 0x00, 0x00,
        0x00, 0x00, 0x00, 0x00, 0x00, 0x00, 0x00, 0x00, 0x00, 0x00, 0x00, 0x00, 0x00, 0x00, 0xFF, 0xFF,
        0x00, 0x00, 0x00, 0x00, 0x00, 0x00, 0x00, 0x00, 0x00, 0x00, 0x00, 0x00, 0xFF, 0xFF, 0xFF, 0xFF,
        0x00, 0x00, 0x00, 0x00, 0x00, 0x00, 0x00, 0x00, 0x00, 0x00, 0x00, 0x00, 0x00, 0x00, 0x00, 0x00,
        0x00, 0x00, 0x00, 0x00, 0x00, 0x00, 0x00, 0x00, 0x00, 0x00, 0x00, 0x00, 0x00, 0x00, 0x00, 0x00,
        0x00, 0x00, 0x00, 0x00, 0x00, 0x00, 0x00, 0x00, 0x00, 0x00, 0xFF, 0xFF, 0xFF, 0xFF, 0x00, 0x00,
        0x00, 0x00, 0x00, 0x00, 0x00, 0x00, 0x00, 0x00, 0x00, 0x00, 0x00, 0x00, 0x00, 0x00, 0x00, 0x00,
        0x00, 0x00, 0x00, 0x00, 0x00, 0x00, 0x00, 0x00, 0x00, 0x00, 0x00, 0x00, 0x00, 0x00, 0xFF, 0xFF,
        0x00, 0x00, 0x00, 0x00, 0x01, 0x00, 0x01, 0x00, 0x00, 0x00, 0x00, 0x00, 0x00, 0x00, 0x00, 0x00,
        0x00, 0x00, 0x00, 0x00, 0x00, 0x00, 0x00, 0x00, 0x00, 0x00, 0x00, 0x00, 0x00, 0x00, 0xFF, 0xFF,
        0x00, 0x00, 0x00, 0x00, 0x00, 0x00, 0xFF, 0xFF, 0xFF, 0xFF, 0x00, 0x00, 0x00, 0x00, 0x00, 0x00,
        0x00, 0x00, 0x00, 0x00, 0xFF, 0xFF, 0x00, 0x00, 0x00, 0x00, 0x00, 0x00, 0x00, 0x00, 0x00, 0x00,
        0xFF, 0xFF, 0xFF, 0xFF, 0x00, 0x00, 0x00, 0x00, 0x00, 0x00, 0x00, 0x00, 0xFF, 0xFF, 0xFF, 0xFF,
        0x00, 0x00, 0x00, 0x00, 0x00, 0x00, 0xFF, 0xFF, 0xFF, 0xFF, 0x00, 0x00, 0x00, 0x00, 0xFF, 0xFF,
        0xFF, 0xFF, 0x00, 0x00, 0x00, 0x00, 0xFF, 0xFF, 0xFF, 0xFF, 0x00, 0x00, 0x00, 0x00, 0xFF, 0xFF,
        0x00, 0x00, 0x00, 0x00, 0x00, 0x00, 0x00, 0x00, 0x00, 0x00, 0x00, 0x00, 0x01, 0x00, 0x01, 0x00,
        0x00, 0x00, 0x00, 0x00, 0x00, 0x00, 0x00, 0x00, 0x00, 0x00, 0x00, 0x00, 0x00, 0x00, 0xFF, 0xFF,
        0xFF, 0xFF, 0x00, 0x00, 0x00, 0x00, 0x00, 0x00, 0x00, 0x00, 0x00, 0x00, 0x00, 0x00, 0x00, 0x00,
        0x00, 0x00, 0x00, 0x00, 0x00, 0x00, 0x00, 0x00, 0x00, 0x00, 0x00, 0x00, 0x00, 0x00, 0xFF, 0xFF,
        0xFF, 0xFF, 0xFF, 0xFF, 0x00, 0x00, 0x00, 0x00, 0x00, 0x00, 0x00, 0x00, 0x01, 0x00, 0x00, 0x00,
        0x01, 0x00, 0x01, 0x00, 0x00, 0x00, 0x00, 0x00, 0x00, 0x00, 0xFF, 0xFF, 0x00, 0x00, 0xFF, 0xFF,
        0xFF, 0xFF, 0x00, 0x00, 0xFF, 0xFF, 0xFF, 0xFF, 0x00, 0x00, 0x00, 0x00, 0x00, 0x00, 0x00, 0x00,
        0x00, 0x00, 0x00, 0x00, 0x00, 0x00, 0x00, 0x00, 0x00, 0x00, 0xFF, 0xFF, 0x00, 0x00, 0x00, 0x00,
        0x00, 0x00, 0x00, 0x00, 0x00, 0x00, 0x00, 0x00, 0x00, 0x00, 0xFF, 0xFF, 0xFF, 0xFF, 0x00, 0x00,
        0x00, 0x00, 0x00, 0x00, 0x01, 0x00, 0x01, 0x00, 0x00, 0x00, 0x00, 0x00, 0x01, 0x00, 0x01, 0x00,
        0x00, 0x00, 0x00, 0x00, 0x00, 0x00, 0xFF, 0xFF, 0xFF, 0xFF, 0x00, 0x00, 0x00, 0x00, 0x00, 0x00,
        0x00, 0x00, 0x00, 0x00, 0x00, 0x00, 0x01, 0x00, 0x00, 0x00, 0x00, 0x00, 0x00, 0x00, 0x00, 0x00,
        0x00, 0x00, 0x00, 0x00, 0xFF, 0xFF, 0x00, 0x00, 0x00, 0x00, 0x00, 0x00, 0x00, 0x00, 0x00, 0x00,
        0xFF, 0xFF, 0xFF, 0xFF, 0x00, 0x00, 0x00, 0x00, 0x00, 0x00, 0x00, 0x00, 0x00, 0x00, 0x00, 0x00,
        0x00, 0x00, 0x00, 0x00, 0x00, 0x00, 0x00, 0x00, 0x00, 0x00, 0x00, 0x00, 0x00, 0x00, 0x00, 0x00,
        0x00, 0x00, 0x00, 0x00, 0x00, 0x00, 0x00, 0x00, 0x00, 0x00, 0x00, 0x00, 0x00, 0x00, 0x00, 0x00,
        0x00, 0x00, 0x00, 0x00, 0x00, 0x00, 0x00, 0x00, 0x00, 0x00, 0x00, 0x00, 0x00, 0x00, 0x00, 0x00,
        0x00, 0x00, 0xFF, 0xFF, 0x00, 0x00, 0x00, 0x00, 0x00, 0x00, 0x00, 0x00, 0x00, 0x00, 0xFF, 0xFF,
        0xFF, 0xFF, 0x00, 0x00, 0x00, 0x00, 0x00, 0x00, 0x00, 0x00, 0x00, 0x00, 0x00, 0x00, 0xFF, 0xFF,
        0x00, 0x00, 0x00, 0x00, 0x00, 0x00, 0x00, 0x00, 0x01, 0x00, 0x00, 0x00, 0xFF, 0xFF, 0x00, 0x00,
        0x00, 0x00, 0x00, 0x00, 0x00, 0x00, 0x00, 0x00, 0x01, 0x00, 0x00, 0x00, 0x00, 0x00, 0x00, 0x00,
        0x00, 0x00, 0x00, 0x00, 0x00, 0x00, 0x00, 0x00, 0x00, 0x00, 0x00, 0x00, 0x00, 0x00, 0x00, 0x00,
        0x00, 0x00, 0x00, 0x00, 0xFF, 0xFF, 0x00, 0x00, 0x00, 0x00, 0x00, 0x00, 0x00, 0x00, 0x00, 0x00,
        0x00, 0x00, 0x00, 0x00, 0x00, 0x00, 0x00, 0x00, 0x00, 0x00, 0x00, 0x00, 0x00, 0x00, 0x00, 0x00,
        0xFF, 0xFF, 0x00, 0x00, 0x00, 0x00, 0x00, 0x00, 0x00, 0x00, 0x00, 0x00, 0x00, 0x00, 0x00, 0x00,
        0x00, 0x00, 0x00, 0x00, 0x00, 0x00, 0x01, 0x00, 0x00, 0x00, 0x00, 0x00, 0x01, 0x00, 0x01, 0x00,
        0x00, 0x00, 0xFF, 0xFF, 0x00, 0x00, 0x00, 0x00, 0x00, 0x00, 0x00, 0x00, 0x00, 0x00, 0x01, 0x00,
        0x00, 0x00, 0x00, 0x00, 0x01, 0x00, 0x01, 0x00, 0x00, 0x00, 0x01, 0x00, 0x00, 0x00, 0x00, 0x00,
        0x00, 0x00, 0x00, 0x00, 0x00, 0x00, 0x00, 0x00, 0x00, 0x00, 0x00, 0x00, 0xFF, 0xFF, 0xFF, 0xFF,
        0xFF, 0xFF, 0x00, 0x00, 0x00, 0x00, 0x00, 0x00, 0x00, 0x00, 0x00, 0x00, 0x00, 0x00, 0x00, 0x00,
        0x00, 0x00, 0x00, 0x00, 0x00, 0x00, 0x01, 0x00, 0x00, 0x00, 0x00, 0x00, 0x00, 0x00, 0x00, 0x00,
        0x00, 0x00, 0x01, 0x00, 0x00, 0x00, 0x00, 0x00, 0x00, 0x00, 0x01, 0x00, 0x00, 0x00, 0x00, 0x00,
        0x00, 0x00, 0x00, 0x00, 0x00, 0x00, 0x00, 0x00, 0x00, 0x00, 0x00, 0x00, 0x00, 0x00, 0xFF, 0xFF,
        0x00, 0x00, 0x00, 0x00, 0x00, 0x00, 0x00, 0x00, 0x00, 0x00, 0x00, 0x00, 0x00, 0x00, 0x00, 0x00,
        0x01, 0x00, 0x00, 0x00, 0x00, 0x00, 0x00, 0x00, 0x00, 0x00, 0x00, 0x00, 0x00, 0x00, 0x00, 0x00,
        0x00, 0x00, 0xFF, 0xFF, 0xFF, 0xFF, 0xFF, 0xFF, 0x00, 0x00, 0x00, 0x00, 0x00, 0x00, 0x00, 0x00,
        0x00, 0x00, 0x00, 0x00, 0x00, 0x00, 0x00, 0x00, 0x00, 0x00, 0x00, 0x00, 0xFF, 0xFF, 0x00, 0x00,
        0x00, 0x00, 0x00, 0x00, 0x00, 0x00, 0x00, 0x00, 0xFF, 0xFF, 0x00, 0x00, 0x00, 0x00, 0x00, 0x00,
        0x00, 0x00, 0x00, 0x00, 0x00, 0x00, 0x00, 0x00, 0x00, 0x00, 0x00, 0x00, 0x00, 0x00, 0x00, 0x00,
        0x00, 0x00, 0x00, 0x00, 0x00, 0x00, 0x00, 0x00, 0x00, 0x00, 0xFF, 0xFF, 0xFF, 0xFF, 0x00, 0x00,
        0x00, 0x00, 0x00, 0x00, 0x00, 0x00, 0x00, 0x00, 0x00, 0x00, 0x00, 0x00, 0x00, 0x00, 0x00, 0x00,
        0x00, 0x00, 0x00, 0x00, 0x00, 0x00, 0x00, 0x00, 0xFF, 0xFF, 0x00, 0x00, 0x00, 0x00, 0xFF, 0xFF,
        0xFF, 0xFF, 0x00, 0x00, 0x00, 0x00, 0x00, 0x00, 0x00, 0x00, 0x00, 0x00, 0x00, 0x00, 0x00, 0x00,
        0x00, 0x00, 0x00, 0x00, 0x00, 0x00, 0x00, 0x00, 0x00, 0x00, 0x01, 0x00, 0x01, 0x00, 0x00, 0x00,
        0x01, 0x00, 0x01, 0x00, 0x00, 0x00, 0x00, 0x00, 0x00, 0x00, 0xFF, 0xFF, 0x00, 0x00, 0x00, 0x00,
        0x00, 0x00, 0x00, 0x00, 0x00, 0x00, 0x00, 0x00, 0x00, 0x00, 0x00, 0x00, 0x01, 0x00, 0x00, 0x00,
        0xFF, 0xFF, 0x00, 0x00, 0x00, 0x00, 0x00, 0x00, 0x00, 0x00, 0x00, 0x00, 0x00, 0x00, 0x00, 0x00,
        0x00, 0x00, 0x00, 0x00, 0x00, 0x00, 0x00, 0x00, 0x00, 0x00, 0x00, 0x00, 0xFF, 0xFF, 0xFF, 0xFF,
        0x00, 0x00, 0x00, 0x00, 0x00, 0x00, 0x00, 0x00, 0x00, 0x00, 0x00, 0x00, 0x00, 0x00, 0x00, 0x00,
        0x01, 0x00, 0x00, 0x00, 0x00, 0x00, 0x00, 0x00, 0x00, 0x00, 0x00, 0x00, 0x00, 0x00, 0x00, 0x00,
        0x00, 0x00, 0x00, 0x00, 0x00, 0x00, 0x00, 0x00, 0x00, 0x00, 0x00, 0x00, 0x00, 0x00, 0x00, 0x00,
        0x00, 0x00, 0x00, 0x00, 0x00, 0x00, 0x00, 0x00, 0x00, 0x00, 0xFF, 0xFF, 0x00, 0x00, 0x00, 0x00,
        0x00, 0x00, 0x00, 0x00, 0x00, 0x00, 0x00, 0x00, 0x00, 0x00, 0x00, 0x00, 0x00, 0x00, 0x00, 0x00,
        0x00, 0x00, 0x00, 0x00, 0x00, 0x00, 0x00, 0x00, 0x00, 0x00, 0x00, 0x00, 0xFF, 0xFF, 0x00, 0x00,
        0x00, 0x00, 0x00, 0x00, 0x01, 0x00, 0x00, 0x00, 0x00, 0x00, 0x00, 0x00, 0x00, 0x00, 0x00, 0x00,
        0x00, 0x00, 0x00, 0x00, 0x00, 0x00, 0x00, 0x00, 0x00, 0x00, 0xFF, 0xFF, 0x00, 0x00, 0x01, 0x00,
        0x00, 0x00, 0xFF, 0xFF, 0x00, 0x00, 0x00, 0x00, 0x00, 0x00, 0x00, 0x00, 0x00, 0x00, 0x00, 0x00,
        0x00, 0x00, 0x00, 0x00, 0x00, 0x00, 0x00, 0x00, 0x00, 0x00, 0x00, 0x00, 0x00, 0x00, 0x00, 0x00,
        0x00, 0x00, 0x00, 0x00, 0x00, 0x00, 0x01, 0x00, 0x00, 0x00, 0xFF, 0xFF, 0x00, 0x00, 0x00, 0x00,
        0x00, 0x00, 0x00, 0x00, 0x00, 0x00, 0x00, 0x00, 0x00, 0x00, 0x00, 0x00, 0x00, 0x00, 0x00, 0x00,
        0x00, 0x00, 0x00, 0x00, 0x00, 0x00, 0x00, 0x00, 0x00, 0x00, 0xFF, 0xFF, 0x00, 0x00, 0x00, 0x00,
        0x00, 0x00, 0x00, 0x00, 0x00, 0x00, 0x00, 0x00, 0x00, 0x00, 0x00, 0x00, 0x01, 0x00, 0x00, 0x00,
        0x00, 0x00, 0x00, 0x00, 0x00, 0x00, 0x00, 0x00, 0xFF, 0xFF, 0xFF, 0xFF, 0x00, 0x00, 0x00, 0x00,
        0x00, 0x00, 0x00, 0x00, 0xFF, 0xFF, 0xFF, 0xFF, 0x00, 0x00, 0x00, 0x00, 0x00, 0x00, 0x00, 0x00,
        0x00, 0x00, 0x00, 0x00, 0x00, 0x00, 0xFF, 0xFF, 0x00, 0x00, 0x00, 0x00, 0x00, 0x00, 0x00, 0x00,
        0x01, 0x00, 0x00, 0x00, 0xFF, 0xFF, 0x00, 0x00, 0x00, 0x00, 0x00, 0x00, 0x00, 0x00, 0x00, 0x00,
        0x00, 0x00, 0x01, 0x00, 0x00, 0x00, 0x00, 0x00, 0x01, 0x00, 0xFF, 0xFF, 0xFF, 0xFF, 0x00, 0x00,
        0x00, 0x00, 0x00, 0x00, 0x00, 0x00, 0x00, 0x00, 0x00, 0x00, 0x00, 0x00, 0x00, 0x00, 0x00, 0x00,
        0x00, 0x00, 0x00, 0x00, 0x01, 0x00, 0x00, 0x00, 0x00, 0x00, 0x00, 0x00, 0x00, 0x00, 0x00, 0x00,
        0x00, 0x00, 0xFF, 0xFF, 0xFF, 0xFF, 0xFF, 0xFF, 0x00, 0x00, 0x00, 0x00, 0x00, 0x00, 0x00, 0x00,
        0x00, 0x00, 0x00, 0x00, 0x00, 0x00, 0x00, 0x00, 0x00, 0x00, 0x00, 0x00, 0x00, 0x00, 0x00, 0x00,
        0x00, 0x00, 0x00, 0x00, 0xFF, 0xFF, 0x00, 0x00, 0x00, 0x00, 0x00, 0x00, 0x00, 0x00, 0x00, 0x00,
        0x00, 0x00, 0x01, 0x00, 0x01, 0x00, 0x00, 0x00, 0x00, 0x00, 0x01, 0x00, 0x00, 0x00, 0x00, 0x00,
        0x00, 0x00, 0x00, 0x00, 0xFF, 0xFF, 0x00, 0x00, 0xFF, 0xFF, 0xFF, 0xFF, 0x00, 0x00, 0x00, 0x00,
        0x00, 0x00, 0x00, 0x00, 0x00, 0x00, 0x00, 0x00, 0x00, 0x00, 0x00, 0x00, 0x00, 0x00, 0x00, 0x00,
        0x00, 0x00, 0x00, 0x00, 0x00, 0x00, 0x00, 0x00, 0x00, 0x00, 0xFF, 0xFF, 0x00, 0x00, 0x00, 0x00,
        0x00, 0x00, 0x00, 0x00, 0x00, 0x00, 0xFF, 0xFF, 0xFF, 0xFF, 0x00, 0x00, 0x01, 0x00, 0x00, 0x00,
        0x00, 0x00, 0x00, 0x00, 0x00, 0x00, 0x00, 0x00, 0x00, 0x00, 0x00, 0x00, 0x00, 0x00, 0x00, 0x00,
        0x00, 0x00, 0x00, 0x00, 0x00, 0x00, 0x00, 0x00, 0x00, 0x00, 0x00, 0x00, 0x00, 0x00, 0x00, 0x00,
        0x00, 0x00, 0x00, 0x00, 0x00, 0x00, 0x00, 0x00, 0x00, 0x00, 0x00, 0x00, 0x01, 0x00, 0x00, 0x00,
        0x00, 0x00, 0x00, 0x00, 0x00, 0x00, 0x00, 0x00, 0x00, 0x00, 0x00, 0x00, 0x00, 0x00, 0x00, 0x00,
        0x00, 0x00, 0x00, 0x00, 0x00, 0x00, 0x00, 0x00, 0x00, 0x00, 0x00, 0x00, 0x00, 0x00, 0x00, 0x00,
        0x00, 0x00, 0x00, 0x00, 0x00, 0x00, 0x00, 0x00, 0x00, 0x00, 0x00, 0x00, 0x00, 0x00, 0x00, 0x00,
        0x00, 0x00, 0x00, 0x00, 0x00, 0x00, 0x00, 0x00, 0x00, 0x00, 0x00, 0x00, 0x00, 0x00, 0x00, 0x00,
        0x00, 0x00, 0x01, 0x00, 0x00, 0x00, 0x00, 0x00, 0x00, 0x00, 0x00, 0x00, 0x00, 0x00, 0x00, 0x00,
        0x00, 0x00, 0x00, 0x00, 0x00, 0x00, 0x00, 0x00, 0x00, 0x00, 0x00, 0x00, 0x00, 0x00, 0x00, 0x00,
        0x00, 0x00, 0x00, 0x00, 0x01, 0x00, 0x00, 0x00, 0x00, 0x00, 0x00, 0x00, 0x00, 0x00, 0xFF, 0xFF,
        0x00, 0x00, 0x00, 0x00, 0x00, 0x00, 0x00, 0x00, 0x00, 0x00, 0x00, 0x00, 0x00, 0x00, 0x01, 0x00,
        0x00, 0x00, 0x00, 0x00, 0x00, 0x00, 0x00, 0x00, 0x00, 0x00, 0x00, 0x00, 0x00, 0x00, 0xFF, 0xFF,
        0x00, 0x00, 0x00, 0x00, 0x00, 0x00, 0x00, 0x00, 0x00, 0x00, 0x00, 0x00, 0x00, 0x00, 0x00, 0x00,
        0x00, 0x00, 0x00, 0x00, 0x00, 0x00, 0x01, 0x00, 0x00, 0x00, 0x00, 0x00, 0x00, 0x00, 0x00, 0x00,
        0x00, 0x00, 0x00, 0x00, 0x00, 0x00, 0x00, 0x00, 0x00, 0x00, 0x00, 0x00, 0x00, 0x00, 0x00, 0x00,
        0x00, 0x00, 0x00, 0x00, 0x00, 0x00, 0x00, 0x00, 0x00, 0x00, 0x00, 0x00, 0x00, 0x00, 0x00, 0x00,
        0x00, 0x00, 0x00, 0x00, 0x00, 0x00, 0x00, 0x00, 0x00, 0x00, 0x00, 0x00, 0x00, 0x00, 0x00, 0x00,
        0x00, 0x00, 0x00, 0x00, 0x00, 0x00, 0x00, 0x00, 0x00, 0x00, 0x00, 0x00, 0x00, 0x00, 0x00, 0x00,
        0x00, 0x00, 0x01, 0x00, 0x00, 0x00, 0x00, 0x00, 0x00, 0x00, 0x00, 0x00, 0xFF, 0xFF, 0x00, 0x00,
        0x00, 0x00, 0xFF, 0xFF, 0x00, 0x00, 0x00, 0x00, 0x00, 0x00, 0x00, 0x00, 0x00, 0x00, 0x00, 0x00,
        0x00, 0x00, 0x00, 0x00, 0x00, 0x00, 0x00, 0x00, 0x00, 0x00, 0x00, 0x00, 0x00, 0x00, 0x00, 0x00,
        0x00, 0x00, 0x00, 0x00, 0x00, 0x00, 0x00, 0x00, 0x00, 0x00, 0x00, 0x00, 0x00, 0x00, 0x00, 0x00,
        0x00, 0x00, 0x00, 0x00, 0x01, 0x00, 0x01, 0x00, 0x00, 0x00, 0x00, 0x00, 0x00, 0x00, 0x01, 0x00,
        0x01, 0x00, 0x00, 0x00, 0x00, 0x00, 0x00, 0x00, 0xFF, 0xFF, 0x00, 0x00, 0x00, 0x00, 0xFF, 0xFF,
        0x01, 0x00, 0x00, 0x00, 0xFF, 0xFF, 0x00, 0x00, 0x00, 0x00, 0x00, 0x00, 0x01, 0x00, 0x00, 0x00,
        0x00, 0x00, 0x00, 0x00, 0x00, 0x00, 0x00, 0x00, 0x01, 0x00, 0x00, 0x00, 0xFF, 0xFF, 0xFF, 0xFF,
        0x00, 0x00, 0x00, 0x00, 0x00, 0x00, 0xFF, 0xFF, 0x00, 0x00, 0x00, 0x00, 0x00, 0x00, 0x00, 0x00,
        0x00, 0x00, 0x01, 0x00, 0x00, 0x00, 0x00, 0x00, 0x01, 0x00, 0x00, 0x00, 0x00, 0x00, 0x00, 0x00,
        0x00, 0x00, 0x00, 0x00, 0x01, 0x00, 0x00, 0x00, 0x00, 0x00, 0x00, 0x00, 0x00, 0x00, 0x01, 0x00,
        0x00, 0x00, 0x00, 0x00, 0x00, 0x00, 0x00, 0x00, 0x01, 0x00, 0x01, 0x00, 0x00, 0x00, 0x00, 0x00,
        0x00, 0x00, 0x00, 0x00, 0x00, 0x00, 0x00, 0x00, 0x00, 0x00, 0x00, 0x00, 0x00, 0x00, 0x00, 0x00,
        0x00, 0x00, 0x00, 0x00, 0x00, 0x00, 0x00, 0x00, 0x00, 0x00, 0x00, 0x00, 0x01, 0x00, 0x01, 0x00,
        0x00, 0x00, 0x00, 0x00, 0x00, 0x00, 0x00, 0x00, 0xFF, 0xFF, 0x00, 0x00, 0x00, 0x00, 0x00, 0x00,
        0xFF, 0xFF, 0x00, 0x00, 0x00, 0x00, 0x00, 0x00, 0x01, 0x00, 0x01, 0x00, 0x00, 0x00, 0x00, 0x00,
        0x00, 0x00, 0x00, 0x00, 0x00, 0x00, 0x00, 0x00, 0x00, 0x00, 0x00, 0x00, 0x00, 0x00, 0x01, 0x00,
        0x00, 0x00, 0x00, 0x00, 0x00, 0x00, 0x00, 0x00, 0x00, 0x00, 0x00, 0x00, 0x00, 0x00, 0x00, 0x00,
        0x00, 0x00, 0x00, 0x00, 0x00, 0x00, 0x00, 0x00, 0x00, 0x00, 0x00, 0x00, 0x00, 0x00, 0x00, 0x00,
        0x01, 0x00, 0x00, 0x00, 0xFF, 0xFF, 0x00, 0x00, 0x00, 0x00, 0x00, 0x00, 0x00, 0x00, 0x00, 0x00,
        0x00, 0x00, 0x00, 0x00, 0x01, 0x00, 0x00, 0x00, 0x00, 0x00, 0x01, 0x00, 0x00, 0x00, 0x00, 0x00,
        0x00, 0x00, 0x00, 0x00, 0x00, 0x00, 0xFF, 0xFF, 0x00, 0x00, 0x00, 0x00, 0xFF, 0xFF, 0x00, 0x00,
        0x01, 0x00, 0x00, 0x00, 0x00, 0x00, 0x00, 0x00, 0x00, 0x00, 0x00, 0x00, 0x00, 0x00, 0x00, 0x00,
        0x00, 0x00, 0xFF, 0xFF, 0x00, 0x00, 0x00, 0x00, 0x00, 0x00, 0x00, 0x00, 0x00, 0x00, 0x00, 0x00,
        0x00, 0x00, 0x00, 0x00, 0x00, 0x00, 0x00, 0x00, 0x00, 0x00, 0x00, 0x00, 0x00, 0x00, 0x00, 0x00,
        0x00, 0x00, 0x00, 0x00, 0x00, 0x00, 0x00, 0x00, 0xFF, 0xFF, 0x00, 0x00, 0x00, 0x00, 0x00, 0x00,
        0x00, 0x00, 0x00, 0x00, 0x00, 0x00, 0x00, 0x00, 0x00, 0x00, 0x00, 0x00, 0x00, 0x00, 0x00, 0x00,
        0x00, 0x00, 0x00, 0x00, 0x00, 0x00, 0x00, 0x00, 0x00, 0x00, 0x00, 0x00, 0x00, 0x00, 0x00, 0x00,
        0x00, 0x00, 0x00, 0x00, 0x00, 0x00, 0x00, 0x00, 0x00, 0x00, 0x00, 0x00, 0x00, 0x00, 0x00, 0x00,
        0x01, 0x00, 0x00, 0x00, 0x00, 0x00, 0x00, 0x00, 0x00, 0x00, 0x00, 0x00, 0x00, 0x00, 0x00, 0x00,
        0x00, 0x00, 0x00, 0x00, 0x00, 0x00, 0x00, 0x00, 0x00, 0x00, 0x01, 0x00, 0x00, 0x00, 0x00, 0x00,
        0x00, 0x00, 0x00, 0x00, 0x00, 0x00, 0x00, 0x00, 0x00, 0x00, 0x00, 0x00, 0x00, 0x00, 0x00, 0x00,
        0x00, 0x00, 0x00, 0x00, 0x00, 0x00, 0x00, 0x00, 0x00, 0x00, 0xFF, 0xFF, 0x00, 0x00, 0x01, 0x00,
        0x00, 0x00, 0x00, 0x00, 0x01, 0x00, 0x00, 0x00, 0x00, 0x00, 0x00, 0x00, 0x00, 0x00, 0x00, 0x00,
        0x00, 0x00, 0x00, 0x00, 0x01, 0x00, 0x00, 0x00, 0x00, 0x00, 0x01, 0x00, 0x01, 0x00, 0x00, 0x00,
        0x00, 0x00, 0x01, 0x00, 0x01, 0x00, 0x00, 0x00, 0x00, 0x00, 0x01, 0x00, 0x00, 0x00, 0x00, 0x00,
        0x01, 0x00, 0x00, 0x00, 0x00, 0x00, 0x00, 0x00, 0x01, 0x00, 0x00, 0x00, 0x00, 0x00, 0x00, 0x00,
        0x00, 0x00, 0x00, 0x00, 0x00, 0x00, 0x00, 0x00, 0x00, 0x00, 0x00, 0x00, 0x00, 0x00, 0x00, 0x00,
        0x00, 0x00, 0x00, 0x00, 0x00, 0x00, 0x01, 0x00, 0x00, 0x00, 0x00, 0x00, 0x00, 0x00, 0x00, 0x00,
        0x00, 0x00, 0x00, 0x00, 0x00, 0x00, 0x00, 0x00, 0x00, 0x00, 0x00, 0x00, 0x01, 0x00, 0x00, 0x00,
        0xFF, 0xFF, 0x01, 0x00, 0x00, 0x00, 0x00, 0x00, 0x01, 0x00, 0x01, 0x00, 0x00, 0x00, 0x00, 0x00,
        0x01, 0x00, 0x00, 0x00, 0x00, 0x00, 0x00, 0x00, 0x00, 0x00, 0x00, 0x00, 0x00, 0x00, 0x00, 0x00,
        0x00, 0x00, 0x00, 0x00, 0x00, 0x00, 0x00, 0x00, 0x00, 0x00, 0x00, 0x00, 0x00, 0x00, 0x00, 0x00,
        0x00, 0x00, 0x00, 0x00, 0x00, 0x00, 0x00, 0x00, 0x00, 0x00, 0x00, 0x00, 0x00, 0x00, 0x01, 0x00,
        0x00, 0x00, 0x00, 0x00, 0x00, 0x00, 0x00, 0x00, 0x00, 0x00, 0x00, 0x00, 0x00, 0x00, 0x00, 0x00,
        0xFF, 0xFF, 0x00, 0x00, 0x00, 0x00, 0x00, 0x00, 0x00, 0x00, 0x00, 0x00, 0xFF, 0xFF, 0x00, 0x00,
        0x00, 0x00, 0x00, 0x00, 0x00, 0x00, 0x00, 0x00, 0x00, 0x00, 0x00, 0x00, 0xFF, 0xFF, 0x00, 0x00,
        0x00, 0x00, 0x00, 0x00, 0x00, 0x00, 0x00, 0x00, 0x00, 0x00, 0x00, 0x00, 0x00, 0x00, 0x00, 0x00,
        0x00, 0x00, 0x00, 0x00, 0x00, 0x00, 0x00, 0x00, 0x00, 0x00, 0xFF, 0xFF, 0xFF, 0xFF, 0x00, 0x00,
        0x00, 0x00, 0x00, 0x00, 0x01, 0x00, 0x00, 0x00, 0x00, 0x00, 0x00, 0x00, 0x00, 0x00, 0x00, 0x00,
        0x00, 0x00, 0x00, 0x00, 0x00, 0x00, 0x00, 0x00, 0x01, 0x00, 0x00, 0x00, 0x00, 0x00, 0x00, 0x00,
        0x00, 0x00, 0x00, 0x00, 0x00, 0x00, 0x00, 0x00, 0x00, 0x00, 0x00, 0x00, 0x00, 0x00, 0x00, 0x00,
        0x00, 0x00, 0x00, 0x00, 0x00, 0x00, 0x00, 0x00, 0x00, 0x00, 0x00, 0x00, 0x00, 0x00, 0x00, 0x00,
        0x00, 0x00, 0xFF, 0xFF, 0x00, 0x00, 0x00, 0x00, 0x00, 0x00, 0x00, 0x00, 0x01, 0x00, 0x01, 0x00,
        0x00, 0x00, 0x00, 0x00, 0x00, 0x00, 0x00, 0x00, 0x00, 0x00, 0x00, 0x00, 0x00, 0x00, 0x00, 0x00,
        0xFF, 0xFF, 0x00, 0x00, 0x00, 0x00, 0x00, 0x00, 0x00, 0x00, 0x00, 0x00, 0x00, 0x00, 0x00, 0x00,
        0x00, 0x00, 0x00, 0x00, 0x00, 0x00, 0x00, 0x00, 0x00, 0x00, 0x00, 0x00, 0x00, 0x00, 0x00, 0x00,
        0x00, 0x00, 0x00, 0x00, 0x00, 0x00, 0x00, 0x00, 0x00, 0x00, 0x00, 0x00, 0x00, 0x00, 0x00, 0x00,
        0x00, 0x00, 0x00, 0x00, 0x00, 0x00, 0x00, 0x00, 0x00, 0x00, 0x00, 0x00, 0x00, 0x00, 0x00, 0x00,
        0x01, 0x00, 0x00, 0x00, 0xFF, 0xFF, 0x00, 0x00, 0x00, 0x00, 0x00, 0x00, 0x00, 0x00, 0x00, 0x00,
        0x00, 0x00, 0x00, 0x00, 0x00, 0x00, 0x00, 0x00, 0x00, 0x00, 0x00, 0x00, 0x00, 0x00, 0x00, 0x00,
        0x00, 0x00, 0x00, 0x00, 0x00, 0x00, 0x00, 0x00, 0x00, 0x00, 0x00, 0x00, 0x00, 0x00, 0x00, 0x00,
        0x01, 0x00, 0x00, 0x00, 0x00, 0x00, 0x00, 0x00, 0x00, 0x00, 0x01, 0x00, 0x00, 0x00, 0x00, 0x00,
        0x00, 0x00, 0x00, 0x00, 0x00, 0x00, 0x00, 0x00, 0x00, 0x00, 0x00, 0x00, 0x00, 0x00, 0x00, 0x00,
        0x00, 0x00, 0x00, 0x00, 0x00, 0x00, 0x00, 0x00, 0x00, 0x00, 0x00, 0x00, 0x00, 0x00, 0x00, 0x00,
        0x00, 0x00, 0x00, 0x00, 0x00, 0x00, 0x00, 0x00, 0x00, 0x00, 0x00, 0x00, 0x00, 0x00, 0x00, 0x00,
        0x00, 0x00, 0x00, 0x00, 0x00, 0x00, 0x00, 0x00, 0xFF, 0xFF, 0x00, 0x00, 0x00, 0x00, 0x00, 0x00,
        0x00, 0x00, 0x00, 0x00, 0x00, 0x00, 0x00, 0x00, 0x00, 0x00, 0x00, 0x00, 0x00, 0x00, 0x01, 0x00,
        0x01, 0x00, 0x00, 0x00, 0x00, 0x00, 0x00, 0x00, 0x00, 0x00, 0x00, 0x00, 0x00, 0x00, 0x00, 0x00,
        0x00, 0x00, 0x00, 0x00, 0x00, 0x00, 0x00, 0x00, 0x00, 0x00, 0x00, 0x00, 0x01, 0x00, 0x00, 0x00,
        0x00, 0x00, 0x00, 0x00, 0x00, 0x00, 0xFF, 0xFF, 0x00, 0x00, 0x00, 0x00, 0x00, 0x00, 0x00, 0x00,
        0x00, 0x00, 0x00, 0x00, 0x00, 0x00, 0x00, 0x00, 0x00, 0x00, 0x00, 0x00, 0x00, 0x00, 0x00, 0x00,
        0x01, 0x00, 0x01, 0x00, 0x00, 0x00, 0x00, 0x00, 0x00, 0x00, 0x00, 0x00, 0x00, 0x00, 0x00, 0x00,
        0x00, 0x00, 0xFF, 0xFF, 0x00, 0x00, 0x00, 0x00, 0x00, 0x00, 0x00, 0x00, 0x00, 0x00, 0x01, 0x00,
        0x01, 0x00, 0x01, 0x00, 0x00, 0x00, 0x00, 0x00, 0x00, 0x00, 0x00, 0x00, 0x00, 0x00, 0x00, 0x00,
        0x00, 0x00, 0x00, 0x00, 0x01, 0x00, 0x00, 0x00, 0x00, 0x00, 0x00, 0x00, 0x00, 0x00, 0x00, 0x00,
        0x00, 0x00, 0x00, 0x00, 0x01, 0x00, 0x00, 0x00, 0x00, 0x00, 0x01, 0x00, 0x00, 0x00, 0x00, 0x00,
        0x00, 0x00, 0x00, 0x00, 0x01, 0x00, 0x01, 0x00, 0x00, 0x00, 0x00, 0x00, 0x00, 0x00, 0x00, 0x00,
        0x00, 0x00, 0x00, 0x00, 0x00, 0x00, 0x01, 0x00, 0x00, 0x00, 0x00, 0x00, 0x01, 0x00, 0x00, 0x00,
        0x00, 0x00, 0x00, 0x00, 0x00, 0x00, 0x00, 0x00, 0x00, 0x00, 0x00, 0x00, 0x00, 0x00, 0x00, 0x00,
        0x00, 0x00, 0x00, 0x00, 0x00, 0x00, 0x00, 0x00, 0x00, 0x00, 0x00, 0x00, 0x00, 0x00, 0xFF, 0xFF,
        0xFF, 0xFF, 0x00, 0x00, 0x00, 0x00, 0x00, 0x00, 0x00, 0x00, 0x00, 0x00, 0x00, 0x00, 0x00, 0x00,
        0x00, 0x00, 0x00, 0x00, 0x00, 0x00, 0x00, 0x00, 0x00, 0x00, 0x00, 0x00, 0x00, 0x00, 0x00, 0x00,
        0x00, 0x00, 0x00, 0x00, 0x00, 0x00, 0x00, 0x00, 0x00, 0x00, 0xFF, 0xFF, 0x00, 0x00, 0x00, 0x00,
        0xFF, 0xFF, 0xFF, 0xFF, 0x00, 0x00, 0x00, 0x00, 0x00, 0x00, 0x01, 0x00, 0x00, 0x00, 0x00, 0x00,
        0x00, 0x00, 0x00, 0x00, 0x00, 0x00, 0x01, 0x00, 0x00, 0x00, 0x00, 0x00, 0x00, 0x00, 0x00, 0x00,
        0x00, 0x00, 0x00, 0x00, 0x00, 0x00, 0x00, 0x00, 0x00, 0x00, 0x01, 0x00, 0x00, 0x00, 0x00, 0x00,
        0x00, 0x00, 0x00, 0x00, 0x00, 0x00, 0x00, 0x00, 0x00, 0x00, 0x00, 0x00, 0x00, 0x00, 0x00, 0x00,
        0x00, 0x00, 0x00, 0x00, 0x00, 0x00, 0x01, 0x00, 0x00, 0x00, 0x00, 0x00, 0x00, 0x00, 0x01, 0x00,
        0x01, 0x00, 0x00, 0x00, 0x00, 0x00, 0x00, 0x00, 0x00, 0x00, 0x01, 0x00, 0x01, 0x00, 0x00, 0x00,
        0x00, 0x00, 0x00, 0x00, 0x01, 0x00, 0x00, 0x00, 0x00, 0x00, 0x00, 0x00, 0x00, 0x00, 0x00, 0x00,
        0x00, 0x00, 0x00, 0x00, 0x00, 0x00, 0x00, 0x00, 0x01, 0x00, 0x00, 0x00, 0x00, 0x00, 0x00, 0x00,
        0x00, 0x00, 0x00, 0x00, 0x01, 0x00, 0x00, 0x00, 0x00, 0x00, 0x00, 0x00, 0x00, 0x00, 0x00, 0x00,
        0x01, 0x00, 0x00, 0x00, 0x00, 0x00, 0x00, 0x00, 0x00, 0x00, 0x00, 0x00, 0x00, 0x00, 0x00, 0x00,
        0x01, 0x00, 0x00, 0x00, 0x00, 0x00, 0x00, 0x00, 0x00, 0x00, 0x00, 0x00, 0x00, 0x00, 0x00, 0x00,
        0x00, 0x00, 0x00, 0x00, 0x00, 0x00, 0x00, 0x00, 0xFF, 0xFF, 0x00, 0x00, 0x00, 0x00, 0x00, 0x00,
        0x01, 0x00, 0x00, 0x00, 0xFF, 0xFF, 0x00, 0x00, 0x00, 0x00, 0x00, 0x00, 0x00, 0x00, 0x00, 0x00,
        0x00, 0x00, 0x00, 0x00, 0x00, 0x00, 0x00, 0x00, 0x00, 0x00, 0x00, 0x00, 0x00, 0x00, 0xFF, 0xFF,
        0x00, 0x00, 0x01, 0x00, 0x00, 0x00, 0x00, 0x00, 0x00, 0x00, 0x00, 0x00, 0x00, 0x00, 0x00, 0x00,
        0x00, 0x00, 0x00, 0x00, 0x00, 0x00, 0x00, 0x00, 0x00, 0x00, 0x00, 0x00, 0x00, 0x00, 0x00, 0x00,
        0x00, 0x00, 0x00, 0x00, 0x00, 0x00, 0x01, 0x00, 0x00, 0x00, 0x00, 0x00, 0x00, 0x00, 0x00, 0x00,
        0x00, 0x00, 0x00, 0x00, 0xFF, 0xFF, 0x00, 0x00, 0x00, 0x00, 0x00, 0x00, 0x00, 0x00, 0x00, 0x00,
        0x00, 0x00, 0x01, 0x00, 0x00, 0x00, 0x00, 0x00, 0x00, 0x00, 0x00, 0x00, 0x00, 0x00, 0x00, 0x00,
        0x00, 0x00, 0x00, 0x00, 0x00, 0x00, 0x00, 0x00, 0x01, 0x00, 0x01, 0x00, 0x00, 0x00, 0x00, 0x00,
        0x00, 0x00, 0x00, 0x00, 0x00, 0x00, 0x00, 0x00, 0x00, 0x00, 0x01, 0x00, 0x00, 0x00, 0x00, 0x00,
        0x00, 0x00, 0x00, 0x00, 0x00, 0x00, 0x00, 0x00, 0x00, 0x00, 0x00, 0x00, 0x00, 0x00, 0x00, 0x00,
        0x00, 0x00, 0x00, 0x00, 0x00, 0x00, 0x00, 0x00, 0x00, 0x00, 0x00, 0x00, 0x00, 0x00, 0x00, 0x00,
        0x00, 0x00, 0x01, 0x00, 0x00, 0x00, 0x00, 0x00, 0x00, 0x00, 0x00, 0x00, 0x00, 0x00, 0x00, 0x00,
        0x00, 0x00, 0x00, 0x00, 0x00, 0x00, 0x01, 0x00, 0x01, 0x00, 0x00, 0x00, 0xFF, 0xFF, 0x00, 0x00,
        0x00, 0x00, 0x00, 0x00, 0x00, 0x00, 0x00, 0x00, 0x00, 0x00, 0x00, 0x00, 0x01, 0x00, 0x01, 0x00,
        0x00, 0x00, 0x00, 0x00, 0x00, 0x00, 0x00, 0x00, 0x00, 0x00, 0x01, 0x00, 0x01, 0x00, 0x00, 0x00,
        0x00, 0x00, 0x00, 0x00, 0x00, 0x00, 0x00, 0x00, 0x00, 0x00, 0x00, 0x00, 0x00, 0x00, 0x00, 0x00,
        0x00, 0x00, 0x00, 0x00, 0x00, 0x00, 0x00, 0x00, 0xFF, 0xFF, 0x00, 0x00, 0x00, 0x00, 0x00, 0x00,
        0x00, 0x00, 0x01, 0x00, 0x00, 0x00, 0x00, 0x00, 0x00, 0x00, 0xFF, 0xFF, 0x00, 0x00, 0x00, 0x00,
        0x00, 0x00, 0x00, 0x00, 0x00, 0x00, 0x00, 0x00, 0x00, 0x00, 0x00, 0x00, 0x00, 0x00, 0x00, 0x00,
        0x00, 0x00, 0xFF, 0xFF, 0x00, 0x00, 0x00, 0x00, 0x00, 0x00, 0x00, 0x00, 0x00, 0x00, 0x00, 0x00,
        0x00, 0x00, 0x00, 0x00, 0x00, 0x00, 0x00, 0x00, 0x00, 0x00, 0x00, 0x00, 0x01, 0x00, 0x01, 0x00,
        0x00, 0x00, 0x00, 0x00, 0x00, 0x00, 0x00, 0x00, 0x00, 0x00, 0x00, 0x00, 0x00, 0x00, 0x00, 0x00,
        0x00, 0x00, 0x00, 0x00, 0x00, 0x00, 0x00, 0x00, 0x00, 0x00, 0x00, 0x00, 0x00, 0x00, 0x00, 0x00,
        0x00, 0x00, 0x00, 0x00, 0x00, 0x00, 0x00, 0x00, 0x00, 0x00, 0x00, 0x00, 0x00, 0x00, 0x00, 0x00,
        0x00, 0x00, 0x00, 0x00, 0x00, 0x00, 0x00, 0x00, 0x00, 0x00, 0x00, 0x00, 0x01, 0x00, 0x00, 0x00,
        0x00, 0x00, 0x00, 0x00, 0x00, 0x00, 0x00, 0x00, 0x01, 0x00, 0x01, 0x00, 0x00, 0x00, 0x00, 0x00,
        0x00, 0x00, 0x00, 0x00, 0x00, 0x00, 0x00, 0x00, 0x00, 0x00, 0x00, 0x00, 0x00, 0x00, 0x00, 0x00,
        0x00, 0x00, 0x00, 0x00, 0x00, 0x00, 0x00, 0x00, 0x00, 0x00, 0x00, 0x00, 0x00, 0x00, 0x00, 0x00,
        0x00, 0x00, 0x00, 0x00, 0x00, 0x00, 0x00, 0x00, 0xFF, 0xFF, 0x00, 0x00, 0x00, 0x00, 0x00, 0x00,
        0x00, 0x00, 0x00, 0x00, 0x00, 0x00, 0x00, 0x00, 0x00, 0x00, 0x00, 0x00, 0x00, 0x00, 0x00, 0x00,
        0x00, 0x00, 0x01, 0x00, 0x00, 0x00, 0x00, 0x00, 0x00, 0x00, 0x00, 0x00, 0x00, 0x00, 0x00, 0x00,
        0x00, 0x00, 0x00, 0x00, 0x00, 0x00, 0x00, 0x00, 0x00, 0x00, 0x00, 0x00, 0x00, 0x00, 0x00, 0x00,
        0x00, 0x00, 0x00, 0x00, 0x00, 0x00, 0x00, 0x00, 0x01, 0x00, 0x00, 0x00, 0x00, 0x00, 0x00, 0x00,
        0x00, 0x00, 0x00, 0x00, 0x00, 0x00, 0x00, 0x00, 0x00, 0x00, 0x00, 0x00, 0x00, 0x00, 0x00, 0x00,
        0x00, 0x00, 0x00, 0x00, 0x00, 0x00, 0x00, 0x00, 0x00, 0x00, 0x00, 0x00, 0x00, 0x00, 0x00, 0x00,
        0x00, 0x00, 0x00, 0x00, 0x00, 0x00, 0x00, 0x00, 0x00, 0x00, 0x00, 0x00, 0x00, 0x00, 0x01, 0x00,
        0x01, 0x00, 0x00, 0x00, 0x01, 0x00, 0x01, 0x00, 0x00, 0x00, 0x00, 0x00, 0x00, 0x00, 0x00, 0x00,
        0x00, 0x00, 0x00, 0x00, 0x01, 0x00, 0x00, 0x00, 0x00, 0x00, 0x00, 0x00, 0x01, 0x00, 0x00, 0x00,
        0x00, 0x00, 0x00, 0x00, 0xFF, 0xFF, 0x00, 0x00, 0x01, 0x00, 0x00, 0x00, 0x00, 0x00, 0x00, 0x00,
        0x00, 0x00, 0x00, 0x00, 0x00, 0x00, 0x00, 0x00, 0x00, 0x00, 0x00, 0x00, 0x00, 0x00, 0x00, 0x00,
        0x00, 0x00, 0xFF, 0xFF, 0x00, 0x00, 0x00, 0x00, 0x00, 0x00, 0x00, 0x00, 0x00, 0x00, 0x00, 0x00,
        0x00, 0x00, 0x00, 0x00, 0x00, 0x00, 0x00, 0x00, 0x00, 0x00, 0x01, 0x00, 0x01, 0x00, 0x00, 0x00,
        0xFF, 0xFF, 0xFF, 0xFF, 0x00, 0x00, 0x00, 0x00, 0x00, 0x00, 0x00, 0x00, 0x00, 0x00, 0x01, 0x00,
        0x00, 0x00, 0x00, 0x00, 0x00, 0x00, 0x00, 0x00, 0x00, 0x00, 0x00, 0x00, 0x00, 0x00, 0x00, 0x00,
        0x01, 0x00, 0x00, 0x00, 0xFF, 0xFF, 0x00, 0x00, 0x00, 0x00, 0x00, 0x00, 0x00, 0x00, 0x00, 0x00,
        0x00, 0x00, 0x00, 0x00, 0x00, 0x00, 0x00, 0x00, 0x01, 0x00, 0x00, 0x00, 0x00, 0x00, 0x01, 0x00,
        0x01, 0x00, 0x00, 0x00, 0x00, 0x00, 0x00, 0x00, 0xFF, 0xFF, 0xFF, 0xFF, 0x00, 0x00, 0x00, 0x00,
        0x00, 0x00, 0x00, 0x00, 0xFF, 0xFF, 0x00, 0x00, 0x00, 0x00, 0x00, 0x00, 0x01, 0x00, 0x00, 0x00,
        0x00, 0x00, 0x00, 0x00, 0x00, 0x00, 0x00, 0x00, 0x00, 0x00, 0xFF, 0xFF, 0x00, 0x00, 0x00, 0x00,
        0xFF, 0xFF, 0x00, 0x00, 0x00, 0x00, 0x00, 0x00, 0x00, 0x00, 0x00, 0x00, 0x00, 0x00, 0x00, 0x00,
        0x00, 0x00, 0x00, 0x00, 0x00, 0x00, 0x00, 0x00, 0xFF, 0xFF, 0x00, 0x00, 0x00, 0x00, 0x00, 0x00,
        0x00, 0x00, 0x00, 0x00, 0xFF, 0xFF, 0x00, 0x00, 0x01, 0x00, 0x00, 0x00, 0x00, 0x00, 0x00, 0x00,
        0x00, 0x00, 0x00, 0x00, 0x00, 0x00, 0x00, 0x00, 0x00, 0x00, 0x00, 0x00, 0x00, 0x00, 0x00, 0x00,
        0x00, 0x00, 0x00, 0x00, 0x00, 0x00, 0x00, 0x00, 0x00, 0x00, 0x00, 0x00, 0x00, 0x00, 0x00, 0x00,
        0x00, 0x00, 0x00, 0x00, 0x00, 0x00, 0x00, 0x00, 0x00, 0x00, 0x00, 0x00, 0x00, 0x00, 0x01, 0x00,
        0x00, 0x00, 0x00, 0x00, 0x00, 0x00, 0x00, 0x00, 0x00, 0x00, 0x00, 0x00, 0x00, 0x00, 0x00, 0x00,
        0x00, 0x00, 0x00, 0x00, 0x00, 0x00, 0x00, 0x00, 0x00, 0x00, 0x00, 0x00, 0x00, 0x00, 0x00, 0x00,
        0x00, 0x00, 0x00, 0x00, 0x00, 0x00, 0x00, 0x00, 0x00, 0x00, 0x00, 0x00, 0x00, 0x00, 0x00, 0x00,
        0x00, 0x00, 0x00, 0x00, 0x00, 0x00, 0x00, 0x00, 0x01, 0x00, 0x00, 0x00, 0x00, 0x00, 0x00, 0x00,
        0x00, 0x00, 0x00, 0x00, 0x00, 0x00, 0xFF, 0xFF, 0x00, 0x00, 0x00, 0x00, 0x00, 0x00, 0x00, 0x00,
        0x00, 0x00, 0x00, 0x00, 0xFF, 0xFF, 0x00, 0x00, 0x00, 0x00, 0x00, 0x00, 0x00, 0x00, 0x00, 0x00,
        0x00, 0x00, 0x00, 0x00, 0x00, 0x00, 0x00, 0x00, 0x00, 0x00, 0x00, 0x00, 0x00, 0x00, 0x00, 0x00,
        0x00, 0x00, 0xFF, 0xFF, 0xFF, 0xFF, 0x00, 0x00, 0x00, 0x00, 0x00, 0x00, 0x00, 0x00, 0x01, 0x00,
        0x00, 0x00, 0xFF, 0xFF, 0x00, 0x00, 0x00, 0x00, 0x00, 0x00, 0xFF, 0xFF, 0x00, 0x00, 0x00, 0x00,
        0xFF, 0xFF, 0x00, 0x00, 0x00, 0x00, 0xFF, 0xFF, 0x00, 0x00, 0x01, 0x00, 0x00, 0x00, 0xFF, 0xFF,
        0x00, 0x00, 0x00, 0x00, 0x00, 0x00, 0x00, 0x00, 0xFF, 0xFF, 0x00, 0x00, 0x00, 0x00, 0x00, 0x00,
        0x00, 0x00, 0x00, 0x00, 0x00, 0x00, 0x00, 0x00, 0x00, 0x00, 0x00, 0x00, 0x00, 0x00, 0x00, 0x00,
        0x01, 0x00, 0x00, 0x00, 0x00, 0x00, 0x01, 0x00, 0x00, 0x00, 0xFF, 0xFF, 0x00, 0x00, 0x00, 0x00,
        0x00, 0x00, 0x00, 0x00, 0x00, 0x00, 0x00, 0x00, 0x01, 0x00, 0x00, 0x00, 0x00, 0x00, 0x01, 0x00,
        0x00, 0x00, 0x00, 0x00, 0x00, 0x00, 0x00, 0x00, 0x01, 0x00, 0x01, 0x00, 0x00, 0x00, 0x00, 0x00,
        0x00, 0x00, 0xFF, 0xFF, 0x00, 0x00, 0x00, 0x00, 0x00, 0x00, 0x00, 0x00, 0x00, 0x00, 0x00, 0x00,
        0x00, 0x00, 0x00, 0x00, 0x00, 0x00, 0x00, 0x00, 0x00, 0x00, 0x00, 0x00, 0x00, 0x00, 0x00, 0x00,
        0x00, 0x00, 0x00, 0x00, 0x00, 0x00, 0x00, 0x00, 0x00, 0x00, 0x00, 0x00, 0x00, 0x00, 0x00, 0x00,
        0x00, 0x00, 0x00, 0x00, 0x00, 0x00, 0x01, 0x00, 0x00, 0x00, 0x00, 0x00, 0x00, 0x00, 0xFF, 0xFF,
        0x00, 0x00, 0x00, 0x00, 0x00, 0x00, 0x00, 0x00, 0x00, 0x00, 0x00, 0x00, 0x00, 0x00, 0x00, 0x00,
        0x00, 0x00, 0x00, 0x00, 0x00, 0x00, 0x00, 0x00, 0x00, 0x00, 0x00, 0x00, 0x00, 0x00, 0x00, 0x00,
        0x00, 0x00, 0x00, 0x00, 0x00, 0x00, 0x00, 0x00, 0x00, 0x00, 0x00, 0x00, 0x00, 0x00, 0x00, 0x00,
        0x00, 0x00, 0x00, 0x00, 0x00, 0x00, 0x00, 0x00, 0xFF, 0xFF, 0x00, 0x00, 0x01, 0x00, 0x00, 0x00,
        0x00, 0x00, 0x00, 0x00, 0x00, 0x00, 0x00, 0x00, 0x00, 0x00, 0x00, 0x00, 0x00, 0x00, 0x00, 0x00,
        0x00, 0x00, 0x00, 0x00, 0x00, 0x00, 0x00, 0x00, 0x00, 0x00, 0x00, 0x00, 0x00, 0x00, 0x00, 0x00,
        0x00, 0x00, 0x00, 0x00, 0x00, 0x00, 0x00, 0x00, 0x00, 0x00, 0x00, 0x00, 0x00, 0x00, 0x00, 0x00,
        0x00, 0x00, 0x00, 0x00, 0x00, 0x00, 0x00, 0x00, 0x00, 0x00, 0x00, 0x00, 0x00, 0x00, 0x00, 0x00,
        0x00, 0x00, 0x00, 0x00, 0x00, 0x00, 0x00, 0x00, 0x00, 0x00, 0x00, 0x00, 0x00, 0x00, 0x00, 0x00,
        0x00, 0x00, 0x00, 0x00, 0x00, 0x00, 0x01, 0x00, 0x01, 0x00, 0x00, 0x00, 0x00, 0x00, 0x00, 0x00,
        0x00, 0x00, 0x00, 0x00, 0x00, 0x00, 0x00, 0x00, 0x01, 0x00, 0x00, 0x00, 0x00, 0x00, 0x00, 0x00,
        0x00, 0x00, 0x01, 0x00, 0x01, 0x00, 0x00, 0x00, 0x00, 0x00, 0x00, 0x00, 0x00, 0x00, 0x00, 0x00,
        0x00, 0x00, 0x00, 0x00, 0x00, 0x00, 0x00, 0x00, 0x00, 0x00, 0x00, 0x00, 0x00, 0x00, 0x00, 0x00,
        0xFF, 0xFF, 0x00, 0x00, 0x00, 0x00, 0x00, 0x00, 0x00, 0x00, 0x00, 0x00, 0x00, 0x00, 0x00, 0x00,
        0x00, 0x00, 0x01, 0x00, 0x00, 0x00, 0x00, 0x00, 0x00, 0x00, 0x00, 0x00, 0x00, 0x00, 0x00, 0x00,
        0x00, 0x00, 0x00, 0x00, 0x00, 0x00, 0x00, 0x00, 0x00, 0x00, 0x00, 0x00, 0x00, 0x00, 0x00, 0x00,
        0x00, 0x00, 0x00, 0x00, 0x00, 0x00, 0x00, 0x00, 0x00, 0x00, 0x00, 0x00, 0x00, 0x00, 0x00, 0x00,
        0x00, 0x00, 0x00, 0x00, 0x00, 0x00, 0x00, 0x00, 0x01, 0x00, 0x00, 0x00, 0x00, 0x00, 0x00, 0x00,
        0x00, 0x00, 0x00, 0x00, 0x00, 0x00, 0x00, 0x00, 0x00, 0x00, 0x00, 0x00, 0x00, 0x00, 0x00, 0x00,
        0x00, 0x00, 0x01, 0x00, 0x00, 0x00, 0x00, 0x00, 0x01, 0x00, 0x00, 0x00, 0x00, 0x00, 0x00, 0x00,
        0x00, 0x00, 0x00, 0x00, 0x00, 0x00, 0x00, 0x00, 0x00, 0x00, 0x00, 0x00, 0x00, 0x00, 0x00, 0x00,
        0x00, 0x00, 0x00, 0x00, 0x00, 0x00, 0x00, 0x00, 0x00, 0x00, 0x00, 0x00, 0x00, 0x00, 0x00, 0x00,
        0x00, 0x00, 0x00, 0x00, 0x00, 0x00, 0x00, 0x00, 0x00, 0x00, 0x00, 0x00, 0x00, 0x00, 0x00, 0x00,
        0x00, 0x00, 0x01, 0x00, 0x00, 0x00, 0x00, 0x00, 0x00, 0x00, 0x00, 0x00, 0x00, 0x00, 0x00, 0x00,
        0x00, 0x00, 0x00, 0x00, 0x00, 0x00, 0x00, 0x00, 0x00, 0x00, 0x00, 0x00, 0x00, 0x00, 0x00, 0x00,
        0x00, 0x00, 0x00, 0x00, 0x00, 0x00, 0x00, 0x00, 0x00, 0x00, 0xFF, 0xFF, 0xFF, 0xFF, 0x00, 0x00,
        0x00, 0x00, 0x00, 0x00, 0x00, 0x00, 0x00, 0x00, 0x00, 0x00, 0x00, 0x00, 0x00, 0x00, 0x00, 0x00,
        0x00, 0x00, 0x00, 0x00, 0x00, 0x00, 0x00, 0x00, 0xFF, 0xFF, 0x00, 0x00, 0x00, 0x00, 0x00, 0x00,
        0x00, 0x00, 0x00, 0x00, 0x00, 0x00, 0x00, 0x00, 0x00, 0x00, 0x00, 0x00, 0x00, 0x00, 0x01, 0x00,
        0x00, 0x00, 0x00, 0x00, 0x00, 0x00, 0x00, 0x00, 0x00, 0x00, 0x00, 0x00, 0xFF, 0xFF, 0x00, 0x00,
        0x00, 0x00, 0x00, 0x00, 0x00, 0x00, 0x00, 0x00, 0x00, 0x00, 0x00, 0x00, 0x00, 0x00, 0x00, 0x00,
        0x00, 0x00, 0x00, 0x00, 0x00, 0x00, 0x00, 0x00, 0x00, 0x00, 0x00, 0x00, 0x00, 0x00, 0x00, 0x00,
        0x00, 0x00, 0x00, 0x00, 0x00, 0x00, 0x00, 0x00, 0xFF, 0xFF, 0x00, 0x00, 0x00, 0x00, 0x00, 0x00,
        0x00, 0x00, 0x00, 0x00, 0x00, 0x00, 0x00, 0x00, 0x00, 0x00, 0x00, 0x00, 0x01, 0x00, 0x01, 0x00,
        0x00, 0x00, 0xFF, 0xFF, 0x00, 0x00, 0x00, 0x00, 0x00, 0x00, 0x00, 0x00, 0x00, 0x00, 0x00, 0x00,
        0x00, 0x00, 0x00, 0x00, 0x00, 0x00, 0x00, 0x00, 0x00, 0x00, 0x00, 0x00, 0x00, 0x00, 0x00, 0x00,
        0x00, 0x00, 0x00, 0x00, 0x00, 0x00, 0x00, 0x00, 0x00, 0x00, 0x00, 0x00, 0x00, 0x00, 0x00, 0x00,
        0xFF, 0xFF, 0x00, 0x00, 0x00, 0x00, 0x00, 0x00, 0x00, 0x00, 0x00, 0x00, 0x00, 0x00, 0x01, 0x00,
        0x00, 0x00, 0x00, 0x00, 0x00, 0x00, 0x00, 0x00, 0x00, 0x00, 0x01, 0x00, 0x00, 0x00, 0x00, 0x00,
        0x01, 0x00, 0x00, 0x00, 0x00, 0x00, 0x00, 0x00, 0x00, 0x00, 0x00, 0x00, 0x00, 0x00, 0x00, 0x00,
        0x00, 0x00, 0x00, 0x00, 0x00, 0x00, 0x00, 0x00, 0x00, 0x00, 0x00, 0x00, 0x00, 0x00, 0x00, 0x00,
        0x00, 0x00, 0x00, 0x00, 0x00, 0x00, 0x00, 0x00, 0x00, 0x00, 0x00, 0x00, 0x00, 0x00, 0x00, 0x00,
        0x00, 0x00, 0x00, 0x00, 0x00, 0x00, 0x00, 0x00, 0x00, 0x00, 0x00, 0x00, 0x00, 0x00, 0x00, 0x00,
        0x00, 0x00, 0x00, 0x00, 0x00, 0x00, 0x00, 0x00, 0x00, 0x00, 0x00, 0x00, 0x00, 0x00, 0xFF, 0xFF,
        0xFF, 0xFF, 0x00, 0x00, 0xFF, 0xFF, 0x00, 0x00, 0x00, 0x00, 0x00, 0x00, 0x00, 0x00, 0x00, 0x00,
        0x00, 0x00, 0x00, 0x00, 0x00, 0x00, 0x00, 0x00, 0x01, 0x00, 0x00, 0x00, 0x00, 0x00, 0x00, 0x00,
        0x00, 0x00, 0x00, 0x00, 0x00, 0x00, 0x00, 0x00, 0x00, 0x00, 0x00, 0x00, 0x00, 0x00, 0x00, 0x00,
        0x00, 0x00, 0x00, 0x00, 0x00, 0x00, 0x00, 0x00, 0x00, 0x00, 0x00, 0x00, 0x00, 0x00, 0x00, 0x00,
        0x00, 0x00, 0x00, 0x00, 0x00, 0x00, 0x00, 0x00, 0x00, 0x00, 0x00, 0x00, 0xFF, 0xFF, 0x00, 0x00,
        0x00, 0x00, 0x00, 0x00, 0x00, 0x00, 0x00, 0x00, 0x00, 0x00, 0x00, 0x00, 0x00, 0x00, 0x00, 0x00,
        0x00, 0x00, 0x00, 0x00, 0x00, 0x00, 0x00, 0x00, 0x00, 0x00, 0x00, 0x00, 0x00, 0x00, 0x00, 0x00,
        0xFF, 0xFF, 0x00, 0x00, 0x00, 0x00, 0x00, 0x00, 0x01, 0x00, 0x00, 0x00, 0x00, 0x00, 0x00, 0x00,
        0x00, 0x00, 0xFF, 0xFF, 0x00, 0x00, 0x00, 0x00, 0x00, 0x00, 0x00, 0x00, 0x00, 0x00, 0x00, 0x00,
        0x00, 0x00, 0x01, 0x00, 0x00, 0x00, 0x00, 0x00, 0x00, 0x00, 0x00, 0x00, 0x00, 0x00, 0x00, 0x00,
        0x00, 0x00, 0x00, 0x00, 0x00, 0x00, 0x00, 0x00, 0x00, 0x00, 0xFF, 0xFF, 0x00, 0x00, 0x00, 0x00,
        0x00, 0x00, 0xFF, 0xFF, 0x00, 0x00, 0x01, 0x00, 0x00, 0x00, 0xFF, 0xFF, 0x00, 0x00, 0x00, 0x00,
        0xFF, 0xFF, 0x00, 0x00, 0x00, 0x00, 0x00, 0x00, 0x00, 0x00, 0x00, 0x00, 0x00, 0x00, 0x00, 0x00,
        0x00, 0x00, 0x00, 0x00, 0x00, 0x00, 0x00, 0x00, 0x00, 0x00, 0x00, 0x00, 0x00, 0x00, 0x00, 0x00,
        0x00, 0x00, 0x00, 0x00, 0x00, 0x00, 0x00, 0x00, 0x00, 0x00, 0x00, 0x00, 0x00, 0x00, 0x00, 0x00,
        0x00, 0x00, 0x00, 0x00, 0x01, 0x00, 0x00, 0x00, 0x00, 0x00, 0x00, 0x00, 0x00, 0x00, 0x00, 0x00,
        0x00, 0x00, 0x00, 0x00, 0x00, 0x00, 0x00, 0x00, 0x00, 0x00, 0x00, 0x00, 0x00, 0x00, 0x00, 0x00,
        0x00, 0x00, 0x00, 0x00, 0x00, 0x00, 0x00, 0x00, 0x00, 0x00, 0x01, 0x00, 0x00, 0x00, 0x00, 0x00,
        0x00, 0x00, 0xFF, 0xFF, 0x01, 0x00, 0x00, 0x00, 0x00, 0x00, 0x00, 0x00, 0x00, 0x00, 0xFF, 0xFF,
        0x00, 0x00, 0x01, 0x00, 0x00, 0x00, 0x00, 0x00, 0x00, 0x00, 0x00, 0x00, 0x00, 0x00, 0xFF, 0xFF,
        0xFF, 0xFF, 0x00, 0x00, 0x00, 0x00, 0x00, 0x00, 0x00, 0x00, 0x00, 0x00, 0x01, 0x00, 0x00, 0x00,
        0x00, 0x00, 0x00, 0x00, 0x00, 0x00, 0x00, 0x00, 0x00, 0x00, 0x00, 0x00, 0x00, 0x00, 0x00, 0x00,
        0x00, 0x00, 0x01, 0x00, 0x00, 0x00, 0x00, 0x00, 0x00, 0x00, 0x00, 0x00, 0x00, 0x00, 0x00, 0x00,
        0x00, 0x00, 0x00, 0x00, 0x00, 0x00, 0x00, 0x00, 0x00, 0x00, 0x00, 0x00, 0xFF, 0xFF, 0x00, 0x00,
        0x00, 0x00, 0x00, 0x00, 0x00, 0x00, 0x00, 0x00, 0x00, 0x00, 0x01, 0x00, 0x00, 0x00, 0x00, 0x00,
        0x00, 0x00, 0x00, 0x00, 0x00, 0x00, 0x00, 0x00, 0x00, 0x00, 0x00, 0x00, 0x00, 0x00, 0x00, 0x00,
        0x00, 0x00, 0x00, 0x00, 0x00, 0x00, 0x00, 0x00, 0x01, 0x00, 0x00, 0x00, 0x00, 0x00, 0x00, 0x00,
        0x00, 0x00, 0x01, 0x00, 0x00, 0x00, 0xFF, 0xFF, 0x00, 0x00, 0x00, 0x00, 0x00, 0x00, 0x00, 0x00,
        0x00, 0x00, 0x00, 0x00, 0x00, 0x00, 0xFF, 0xFF, 0x00, 0x00, 0x01, 0x00, 0x00, 0x00, 0x00, 0x00,
        0x00, 0x00, 0x00, 0x00, 0x00, 0x00, 0xFF, 0xFF, 0x00, 0x00, 0x00, 0x00, 0x00, 0x00, 0x00, 0x00,
        0x00, 0x00, 0x00, 0x00, 0x00, 0x00, 0x00, 0x00, 0x00, 0x00, 0x00, 0x00, 0x00, 0x00, 0x00, 0x00,
        0x00, 0x00, 0x00, 0x00, 0x00, 0x00, 0x00, 0x00, 0x00, 0x00, 0x00, 0x00, 0x00, 0x00, 0x00, 0x00,
        0x00, 0x00, 0x00, 0x00, 0x00, 0x00, 0x00, 0x00, 0x00, 0x00, 0x00, 0x00, 0x00, 0x00, 0x00, 0x00,
        0x00, 0x00, 0x01, 0x00, 0x00, 0x00, 0xFF, 0xFF, 0x00, 0x00, 0x01, 0x00, 0x00, 0x00, 0x00, 0x00,
        0x00, 0x00, 0x01, 0x00, 0x00, 0x00, 0x00, 0x00, 0x00, 0x00, 0x00, 0x00, 0x00, 0x00, 0x00, 0x00,
        0x00, 0x00, 0x00, 0x00, 0x00, 0x00, 0x00, 0x00, 0x00, 0x00, 0x00, 0x00, 0x00, 0x00, 0x00, 0x00,
        0x00, 0x00, 0x00, 0x00, 0x00, 0x00, 0xFF, 0xFF, 0x00, 0x00, 0x00, 0x00, 0x00, 0x00, 0x00, 0x00,
        0x00, 0x00, 0x00, 0x00, 0x00, 0x00, 0x00, 0x00, 0x00, 0x00, 0x00, 0x00, 0x00, 0x00, 0x00, 0x00,
        0x00, 0x00, 0x00, 0x00, 0x00, 0x00, 0x00, 0x00, 0x00, 0x00, 0x00, 0x00, 0x00, 0x00, 0x00, 0x00,
        0x00, 0x00, 0x00, 0x00, 0x00, 0x00, 0x00, 0x00, 0x00, 0x00, 0x00, 0x00, 0x00, 0x00, 0xFF, 0xFF,
        0x00, 0x00, 0x01, 0x00, 0x00, 0x00, 0x00, 0x00, 0x00, 0x00, 0x00, 0x00, 0x00, 0x00, 0x00, 0x00,
        0x00, 0x00, 0x00, 0x00, 0x00, 0x00, 0x00, 0x00, 0x00, 0x00, 0x00, 0x00, 0x00, 0x00, 0x00, 0x00,
        0x00, 0x00, 0x00, 0x00, 0x00, 0x00, 0x00, 0x00, 0x00, 0x00, 0x00, 0x00, 0x01, 0x00, 0x00, 0x00,
        0x00, 0x00, 0x00, 0x00, 0xFF, 0xFF, 0x00, 0x00, 0x01, 0x00, 0x00, 0x00, 0x00, 0x00, 0x00, 0x00,
        0x00, 0x00, 0x00, 0x00, 0x00, 0x00, 0x00, 0x00, 0x00, 0x00, 0x00, 0x00, 0xFF, 0xFF, 0x00, 0x00,
        0x00, 0x00, 0x00, 0x00, 0x00, 0x00, 0xFF, 0xFF, 0x00, 0x00, 0x00, 0x00, 0x00, 0x00, 0x00, 0x00,
        0x00, 0x00, 0x00, 0x00, 0x00, 0x00, 0x00, 0x00, 0x00, 0x00, 0x01, 0x00, 0x00, 0x00, 0xFF, 0xFF,
        0x00, 0x00, 0x00, 0x00, 0x00, 0x00, 0x00, 0x00, 0x00, 0x00, 0x00, 0x00, 0x00, 0x00, 0x00, 0x00,
        0x01, 0x00, 0x00, 0x00, 0xFF, 0xFF, 0x00, 0x00, 0x00, 0x00, 0x00, 0x00, 0x00, 0x00, 0x00, 0x00,
        0x00, 0x00, 0x00, 0x00, 0x00, 0x00, 0x00, 0x00, 0x00, 0x00, 0x00, 0x00, 0x00, 0x00, 0x00, 0x00,
        0x00, 0x00, 0x00, 0x00, 0x00, 0x00, 0x00, 0x00, 0x00, 0x00, 0x00, 0x00, 0xFF, 0xFF, 0xFF, 0xFF,
        0x00, 0x00, 0x00, 0x00, 0x00, 0x00, 0x01, 0x00, 0x00, 0x00, 0x00, 0x00, 0x00, 0x00, 0x00, 0x00,
        0x00, 0x00, 0x00, 0x00, 0x00, 0x00, 0x00, 0x00, 0x00, 0x00, 0x00, 0x00, 0x00, 0x00, 0x00, 0x00,
        0x00, 0x00, 0x00, 0x00, 0x00, 0x00, 0x01, 0x00, 0x00, 0x00, 0x00, 0x00, 0x00, 0x00, 0x00, 0x00,
        0x00, 0x00, 0x00, 0x00, 0x00, 0x00, 0x00, 0x00, 0x00, 0x00, 0x00, 0x00, 0x00, 0x00, 0x00, 0x00,
        0x00, 0x00, 0x00, 0x00, 0x00, 0x00, 0x00, 0x00, 0x00, 0x00, 0x00, 0x00, 0xFF, 0xFF, 0x00, 0x00,
        0x00, 0x00, 0x00, 0x00, 0x00, 0x00, 0x00, 0x00, 0x00, 0x00, 0xFF, 0xFF, 0x00, 0x00, 0x00, 0x00,
        0x00, 0x00, 0x00, 0x00, 0xFF, 0xFF, 0xFF, 0xFF, 0x00, 0x00, 0x00, 0x00, 0x01, 0x00, 0x01, 0x00,
        0x00, 0x00, 0x00, 0x00, 0x00, 0x00, 0x00, 0x00, 0x00, 0x00, 0x00, 0x00, 0x00, 0x00, 0x00, 0x00,
        0x00, 0x00, 0xFF, 0xFF, 0x00, 0x00, 0x00, 0x00, 0x00, 0x00, 0x00, 0x00, 0x00, 0x00, 0x00, 0x00,
        0x00, 0x00, 0x00, 0x00, 0x01, 0x00, 0x00, 0x00, 0x00, 0x00, 0x00, 0x00, 0x00, 0x00, 0x00, 0x00,
        0x00, 0x00, 0x00, 0x00, 0x00, 0x00, 0x00, 0x00, 0xFF, 0xFF, 0x00, 0x00, 0x00, 0x00, 0x00, 0x00,
        0x00, 0x00, 0x00, 0x00, 0x00, 0x00, 0x00, 0x00, 0xFF, 0xFF, 0x00, 0x00, 0x00, 0x00, 0xFF, 0xFF,
        0x00, 0x00, 0x00, 0x00, 0x00, 0x00, 0x00, 0x00, 0x00, 0x00, 0xFF, 0xFF, 0x00, 0x00, 0x00, 0x00,
        0x00, 0x00, 0x00, 0x00, 0x00, 0x00, 0x00, 0x00, 0x00, 0x00, 0x00, 0x00, 0x01, 0x00, 0x01, 0x00,
        0x00, 0x00, 0x00, 0x00, 0x00, 0x00, 0x00, 0x00, 0x00, 0x00, 0x00, 0x00, 0x00, 0x00, 0x00, 0x00,
        0xFF, 0xFF, 0x00, 0x00, 0x00, 0x00, 0x00, 0x00, 0x00, 0x00, 0x00, 0x00, 0xFF, 0xFF, 0x00, 0x00,
        0x00, 0x00, 0x00, 0x00, 0x00, 0x00, 0xFF, 0xFF, 0x00, 0x00, 0x00, 0x00, 0x00, 0x00, 0x00, 0x00,
        0x00, 0x00, 0x00, 0x00, 0x00, 0x00, 0x00, 0x00, 0xFF, 0xFF, 0xFF, 0xFF, 0x00, 0x00, 0x00, 0x00,
        0x00, 0x00, 0x00, 0x00, 0x00, 0x00, 0x00, 0x00, 0x00, 0x00, 0x00, 0x00, 0x00, 0x00, 0x00, 0x00,
        0x00, 0x00, 0x00, 0x00, 0x00, 0x00, 0x00, 0x00, 0x00, 0x00, 0x00, 0x00, 0x00, 0x00, 0x00, 0x00,
        0x00, 0x00, 0x00, 0x00, 0x00, 0x00, 0x00, 0x00, 0x00, 0x00, 0x00, 0x00, 0x00, 0x00, 0xFF, 0xFF,
        0x00, 0x00, 0x00, 0x00, 0x00, 0x00, 0x00, 0x00, 0x01, 0x00, 0x00, 0x00, 0x00, 0x00, 0x00, 0x00,
        0x00, 0x00, 0x00, 0x00, 0x00, 0x00, 0x00, 0x00, 0x00, 0x00, 0x00, 0x00, 0x00, 0x00, 0x00, 0x00,
        0x00, 0x00, 0x00, 0x00, 0x00, 0x00, 0x00, 0x00, 0x00, 0x00, 0x00, 0x00, 0x00, 0x00, 0xFF, 0xFF,
        0x00, 0x00, 0x00, 0x00, 0x00, 0x00, 0x00, 0x00, 0x00, 0x00, 0x00, 0x00, 0x00, 0x00, 0x00, 0x00,
        0x00, 0x00, 0x00, 0x00, 0x00, 0x00, 0x00, 0x00, 0x00, 0x00, 0x00, 0x00, 0x00, 0x00, 0x01, 0x00,
        0x00, 0x00, 0x00, 0x00, 0x00, 0x00, 0x00, 0x00, 0x00, 0x00, 0x00, 0x00, 0x00, 0x00, 0x00, 0x00,
        0x00, 0x00, 0x00, 0x00, 0x00, 0x00, 0x00, 0x00, 0x00, 0x00, 0x00, 0x00, 0x00, 0x00, 0x00, 0x00,
        0x00, 0x00, 0x00, 0x00, 0x00, 0x00, 0x00, 0x00, 0x00, 0x00, 0x00, 0x00, 0x00, 0x00, 0xFF, 0xFF,
        0x00, 0x00, 0x00, 0x00, 0x00, 0x00, 0xFF, 0xFF, 0x00, 0x00, 0x00, 0x00, 0x00, 0x00, 0x00, 0x00,
        0x00, 0x00, 0x00, 0x00, 0x00, 0x00, 0x00, 0x00, 0x00, 0x00, 0x00, 0x00, 0x00, 0x00, 0x00, 0x00,
        0x00, 0x00, 0x00, 0x00, 0x00, 0x00, 0x00, 0x00, 0x00, 0x00, 0x00, 0x00, 0x00, 0x00, 0x00, 0x00,
        0x00, 0x00, 0x00, 0x00, 0xFF, 0xFF, 0x00, 0x00, 0x00, 0x00, 0x00, 0x00, 0x00, 0x00, 0x00, 0x00,
        0x00, 0x00, 0x00, 0x00, 0x00, 0x00, 0x00, 0x00, 0x00, 0x00, 0x00, 0x00, 0x00, 0x00, 0x00, 0x00,
        0x00, 0x00, 0x00, 0x00, 0x00, 0x00, 0x00, 0x00, 0x00, 0x00, 0x00, 0x00, 0x00, 0x00, 0x00, 0x00,
        0x00, 0x00, 0x00, 0x00, 0xFF, 0xFF, 0xFF, 0xFF, 0x00, 0x00, 0x00, 0x00, 0x00, 0x00, 0x00, 0x00,
        0x00, 0x00, 0x01, 0x00, 0x01, 0x00, 0x00, 0x00, 0x00, 0x00, 0x00, 0x00, 0x00, 0x00, 0x00, 0x00,
        0x00, 0x00, 0x00, 0x00, 0x00, 0x00, 0x00, 0x00, 0x00, 0x00, 0x00, 0x00, 0x00, 0x00, 0x00, 0x00,
        0x00, 0x00, 0x00, 0x00, 0x00, 0x00, 0x00, 0x00, 0x00, 0x00, 0x00, 0x00, 0x00, 0x00, 0x00, 0x00,
        0x00, 0x00, 0x00, 0x00, 0x00, 0x00, 0x00, 0x00, 0x01, 0x00, 0x00, 0x00, 0x00, 0x00, 0x00, 0x00,
        0x00, 0x00, 0x00, 0x00, 0x00, 0x00, 0x00, 0x00, 0x00, 0x00, 0xFF, 0xFF, 0x00, 0x00, 0x00, 0x00,
        0x00, 0x00, 0x00, 0x00, 0x00, 0x00, 0x00, 0x00, 0x00, 0x00, 0x00, 0x00, 0x00, 0x00, 0x00, 0x00,
        0xFF, 0xFF, 0xFF, 0xFF, 0x00, 0x00, 0x00, 0x00, 0x00, 0x00, 0x00, 0x00, 0x00, 0x00, 0x00, 0x00,
        0x01, 0x00, 0x00, 0x00, 0x00, 0x00, 0x00, 0x00, 0x00, 0x00, 0x00, 0x00, 0x00, 0x00, 0x00, 0x00,
        0x00, 0x00, 0x00, 0x00, 0x00, 0x00, 0x00, 0x00, 0x00, 0x00, 0x00, 0x00, 0x00, 0x00, 0x00, 0x00,
        0x00, 0x00, 0x00, 0x00, 0x00, 0x00, 0x00, 0x00, 0x00, 0x00, 0x00, 0x00, 0x00, 0x00, 0x00, 0x00,
        0x00, 0x00, 0x01, 0x00, 0x01, 0x00, 0x00, 0x00, 0x00, 0x00, 0x00, 0x00, 0x00, 0x00, 0x00, 0x00,
        0x00, 0x00, 0xFF, 0xFF, 0x00, 0x00, 0x00, 0x00, 0x00, 0x00, 0x00, 0x00, 0x00, 0x00, 0x00, 0x00,
        0x00, 0x00, 0x00, 0x00, 0x00, 0x00, 0x00, 0x00, 0x00, 0x00, 0x00, 0x00, 0x00, 0x00, 0x00, 0x00,
        0x00, 0x00, 0x00, 0x00, 0x00, 0x00, 0x00, 0x00, 0x00, 0x00, 0x00, 0x00, 0x00, 0x00, 0x00, 0x00,
        0x00, 0x00, 0x00, 0x00, 0x00, 0x00, 0x00, 0x00, 0x00, 0x00, 0x00, 0x00, 0x01, 0x00, 0x00, 0x00,
        0x00, 0x00, 0x00, 0x00, 0x00, 0x00, 0x00, 0x00, 0x00, 0x00, 0x00, 0x00, 0x00, 0x00, 0x00, 0x00,
        0x00, 0x00, 0xFF, 0xFF, 0x00, 0x00, 0x00, 0x00, 0x00, 0x00, 0x00, 0x00, 0x00, 0x00, 0x00, 0x00,
        0x00, 0x00, 0x00, 0x00, 0x00, 0x00, 0x00, 0x00, 0x00, 0x00, 0x00, 0x00, 0x00, 0x00, 0x00, 0x00,
        0x00, 0x00, 0x00, 0x00, 0x00, 0x00, 0x00, 0x00, 0x00, 0x00, 0x00, 0x00, 0x00, 0x00, 0x00, 0x00,
        0x00, 0x00, 0x00, 0x00, 0x01, 0x00, 0x00, 0x00, 0xFF, 0xFF, 0x00, 0x00, 0x01, 0x00, 0x00, 0x00,
        0x00, 0x00, 0x00, 0x00, 0x00, 0x00, 0x00, 0x00, 0x00, 0x00, 0xFF, 0xFF, 0x00, 0x00, 0x01, 0x00,
        0x00, 0x00, 0x00, 0x00, 0x01, 0x00, 0x00, 0x00, 0x01, 0x00, 0x00, 0x00, 0x00, 0x00, 0x00, 0x00,
        0x00, 0x00, 0x00, 0x00, 0x00, 0x00, 0x00, 0x00, 0x00, 0x00, 0x00, 0x00, 0x00, 0x00, 0x00, 0x00,
        0x00, 0x00, 0x00, 0x00, 0x00, 0x00, 0x00, 0x00, 0x00, 0x00, 0x00, 0x00, 0x00, 0x00, 0x00, 0x00,
        0x00, 0x00, 0x00, 0x00, 0x00, 0x00, 0x00, 0x00, 0x00, 0x00, 0x00, 0x00, 0x00, 0x00, 0x00, 0x00,
        0x00, 0x00, 0x00, 0x00, 0x00, 0x00, 0x00, 0x00, 0x00, 0x00, 0x00, 0x00, 0x00, 0x00, 0x01, 0x00,
        0x00, 0x00, 0x00, 0x00, 0x00, 0x00, 0x00, 0x00, 0x00, 0x00, 0x00, 0x00, 0x00, 0x00, 0x00, 0x00,
        0x00, 0x00, 0x00, 0x00, 0x00, 0x00, 0x00, 0x00, 0x01, 0x00, 0x00, 0x00, 0x00, 0x00, 0x00, 0x00,
        0x00, 0x00, 0xFF, 0xFF, 0x00, 0x00, 0x00, 0x00, 0x00, 0x00, 0x00, 0x00, 0x00, 0x00, 0x00, 0x00,
        0x00, 0x00, 0xFF, 0xFF, 0x00, 0x00, 0x00, 0x00, 0x00, 0x00, 0x00, 0x00, 0x00, 0x00, 0x00, 0x00,
        0x00, 0x00, 0x00, 0x00, 0xFF, 0xFF, 0x00, 0x00, 0x01, 0x00, 0x00, 0x00, 0x01, 0x00, 0x00, 0x00,
        0xFF, 0xFF, 0x00, 0x00, 0x00, 0x00, 0x00, 0x00, 0x00, 0x00, 0x00, 0x00, 0x00, 0x00, 0xFF, 0xFF,
        0x00, 0x00, 0x01, 0x00, 0x00, 0x00, 0x00, 0x00, 0x00, 0x00, 0x00, 0x00, 0x00, 0x00, 0x00, 0x00,
        0x00, 0x00, 0x00, 0x00, 0x00, 0x00, 0x00, 0x00, 0x00, 0x00, 0x00, 0x00, 0x00, 0x00, 0x00, 0x00,
        0x00, 0x00, 0x00, 0x00, 0x00, 0x00, 0x00, 0x00, 0x00, 0x00, 0x00, 0x00, 0x00, 0x00, 0x00, 0x00,
        0x00, 0x00, 0x00, 0x00, 0x00, 0x00, 0x00, 0x00, 0x00, 0x00, 0x00, 0x00, 0x00, 0x00, 0x00, 0x00,
        0x00, 0x00, 0x00, 0x00, 0x00, 0x00, 0x00, 0x00, 0x00, 0x00, 0x00, 0x00, 0x00, 0x00, 0x00, 0x00,
        0x00, 0x00, 0x00, 0x00, 0x00, 0x00, 0x01, 0x00, 0x00, 0x00, 0x00, 0x00, 0x00, 0x00, 0x00, 0x00,
        0x00, 0x00, 0x00, 0x00, 0x00, 0x00, 0x00, 0x00, 0x00, 0x00, 0x00, 0x00, 0x00, 0x00, 0x00, 0x00,
        0x00, 0x00, 0x00, 0x00, 0x00, 0x00, 0x00, 0x00, 0x00, 0x00, 0x00, 0x00, 0x00, 0x00, 0xFF, 0xFF,
        0x00, 0x00, 0x00, 0x00, 0x00, 0x00, 0x00, 0x00, 0x00, 0x00, 0x00, 0x00, 0x00, 0x00, 0x00, 0x00,
        0x00, 0x00, 0x00, 0x00, 0x00, 0x00, 0x00, 0x00, 0x00, 0x00, 0x00, 0x00, 0x00, 0x00, 0x00, 0x00,
        0x00, 0x00, 0x00, 0x00, 0x00, 0x00, 0x00, 0x00, 0x00, 0x00, 0x00, 0x00, 0x00, 0x00, 0x00, 0x00,
        0x00, 0x00, 0x00, 0x00, 0x00, 0x00, 0x00, 0x00, 0x00, 0x00, 0x00, 0x00, 0x01, 0x00, 0x00, 0x00,
        0x00, 0x00, 0x00, 0x00, 0x00, 0x00, 0x00, 0x00, 0x00, 0x00, 0x00, 0x00, 0x00, 0x00, 0x00, 0x00,
        0x00, 0x00, 0x00, 0x00, 0x00, 0x00, 0x00, 0x00, 0x00, 0x00, 0x00, 0x00, 0x00, 0x00, 0x00, 0x00,
        0x00, 0x00, 0x00, 0x00, 0x00, 0x00, 0x00, 0x00, 0xFF, 0xFF, 0xFF, 0xFF, 0x00, 0x00, 0x00, 0x00,
        0x00, 0x00, 0x00, 0x00, 0x00, 0x00, 0x00, 0x00, 0x00, 0x00, 0x00, 0x00, 0x00, 0x00, 0x00, 0x00,
        0x00, 0x00, 0x00, 0x00, 0x00, 0x00, 0x00, 0x00, 0x00, 0x00, 0x00, 0x00, 0x00, 0x00, 0x00, 0x00,
        0x00, 0x00, 0x00, 0x00, 0x00, 0x00, 0x00, 0x00, 0x00, 0x00, 0x00, 0x00, 0x01, 0x00, 0x00, 0x00,
        0x00, 0x00, 0x00, 0x00, 0x00, 0x00, 0x00, 0x00, 0x00, 0x00, 0x00, 0x00, 0x01, 0x00, 0x00, 0x00,
        0x00, 0x00, 0x00, 0x00, 0x00, 0x00, 0xFF, 0xFF, 0x00, 0x00, 0x00, 0x00, 0x00, 0x00, 0x00, 0x00,
        0x00, 0x00, 0x00, 0x00, 0x00, 0x00, 0x00, 0x00, 0x00, 0x00, 0x01, 0x00, 0x00, 0x00, 0x00, 0x00,
        0x00, 0x00, 0x00, 0x00, 0x00, 0x00, 0x00, 0x00, 0x00, 0x00, 0x00, 0x00, 0x00, 0x00, 0xFF, 0xFF,
        0x00, 0x00, 0x00, 0x00, 0x00, 0x00, 0x00, 0x00, 0x00, 0x00, 0x00, 0x00, 0x00, 0x00, 0x00, 0x00,
        0x00, 0x00, 0x01, 0x00, 0x00, 0x00, 0x00, 0x00, 0x00, 0x00, 0x00, 0x00, 0x00, 0x00, 0x01, 0x00,
        0x00, 0x00, 0x00, 0x00, 0x00, 0x00, 0x00, 0x00, 0x00, 0x00, 0x00, 0x00, 0x00, 0x00, 0x00, 0x00,
        0x00, 0x00, 0x00, 0x00, 0x00, 0x00, 0x00, 0x00, 0x00, 0x00, 0x00, 0x00, 0x00, 0x00, 0x00, 0x00,
        0x00, 0x00, 0xFF, 0xFF, 0x00, 0x00, 0x00, 0x00, 0x00, 0x00, 0x00, 0x00, 0x00, 0x00, 0x00, 0x00,
        0x00, 0x00, 0x01, 0x00, 0x00, 0x00, 0x00, 0x00, 0x00, 0x00, 0x00, 0x00, 0x00, 0x00, 0x00, 0x00,
        0x00, 0x00, 0x00, 0x00, 0x00, 0x00, 0x00, 0x00, 0x00, 0x00, 0x00, 0x00, 0x00, 0x00, 0x00, 0x00,
        0x00, 0x00, 0x00, 0x00, 0x00, 0x00, 0x00, 0x00, 0x00, 0x00, 0x00, 0x00, 0x00, 0x00, 0x00, 0x00,
        0x00, 0x00, 0x00, 0x00, 0x00, 0x00, 0x00, 0x00, 0x00, 0x00, 0x00, 0x00, 0x00, 0x00, 0x00, 0x00,
        0x00, 0x00, 0x00, 0x00, 0x00, 0x00, 0x00, 0x00, 0x00, 0x00, 0x00, 0x00, 0xFF, 0xFF, 0x00, 0x00,
        0x00, 0x00, 0x00, 0x00, 0x00, 0x00, 0x00, 0x00, 0x00, 0x00, 0x00, 0x00, 0x00, 0x00, 0x00, 0x00,
        0x00, 0x00, 0x00, 0x00, 0x00, 0x00, 0x00, 0x00, 0x00, 0x00, 0x00, 0x00, 0x00, 0x00, 0x01, 0x00,
        0x01, 0x00, 0x00, 0x00, 0x00, 0x00, 0x00, 0x00, 0x00, 0x00, 0x00, 0x00, 0x01, 0x00, 0x00, 0x00,
        0x00, 0x00, 0x00, 0x00, 0x00, 0x00, 0x00, 0x00, 0x00, 0x00, 0x00, 0x00, 0x00, 0x00, 0x00, 0x00,
        0x00, 0x00, 0x00, 0x00, 0x00, 0x00, 0x00, 0x00, 0x00, 0x00, 0xFF, 0xFF, 0x00, 0x00, 0x00, 0x00,
        0x00, 0x00, 0x00, 0x00, 0x00, 0x00, 0x00, 0x00, 0x00, 0x00, 0x00, 0x00, 0x00, 0x00, 0x00, 0x00,
        0x00, 0x00, 0x00, 0x00, 0x00, 0x00, 0x00, 0x00, 0x00, 0x00, 0x00, 0x00, 0x00, 0x00, 0x00, 0x00,
        0x00, 0x00, 0x00, 0x00, 0x00, 0x00, 0xFF, 0xFF, 0x00, 0x00, 0x00, 0x00, 0x00, 0x00, 0x00, 0x00,
        0x00, 0x00, 0x00, 0x00, 0x00, 0x00, 0x00, 0x00, 0x00, 0x00, 0x00, 0x00, 0x00, 0x00, 0x00, 0x00,
        0x00, 0x00, 0x00, 0x00, 0x00, 0x00, 0x00, 0x00, 0xFF, 0xFF, 0x00, 0x00, 0x00, 0x00, 0x00, 0x00,
        0x00, 0x00, 0x00, 0x00, 0xFF, 0xFF, 0x00, 0x00, 0x00, 0x00, 0x00, 0x00, 0x00, 0x00, 0x00, 0x00,
        0x00, 0x00, 0x00, 0x00, 0x00, 0x00, 0x01, 0x00, 0x00, 0x00, 0x00, 0x00, 0x00, 0x00, 0x00, 0x00,
        0x00, 0x00, 0x00, 0x00, 0x00, 0x00, 0x00, 0x00, 0x00, 0x00, 0x00, 0x00, 0x00, 0x00, 0x00, 0x00,
        0x00, 0x00, 0xFF, 0xFF, 0x00, 0x00, 0x00, 0x00, 0x00, 0x00, 0x00, 0x00, 0x00, 0x00, 0xFF, 0xFF,
        0x00, 0x00, 0x00, 0x00, 0x00, 0x00, 0x00, 0x00, 0x00, 0x00, 0x00, 0x00, 0x00, 0x00, 0x00, 0x00,
        0x00, 0x00, 0x00, 0x00, 0x00, 0x00, 0x00, 0x00, 0x00, 0x00, 0x00, 0x00, 0x00, 0x00, 0x00, 0x00,
        0x00, 0x00, 0x00, 0x00, 0x00, 0x00, 0x00, 0x00, 0x00, 0x00, 0x00, 0x00, 0x01, 0x00, 0x00, 0x00,
        0x00, 0x00, 0x00, 0x00, 0x00, 0x00, 0x00, 0x00, 0x00, 0x00, 0x00, 0x00, 0x00, 0x00, 0x00, 0x00,
        0x00, 0x00, 0x00, 0x00, 0x00, 0x00, 0x01, 0x00, 0x00, 0x00, 0x00, 0x00, 0x00, 0x00, 0x00, 0x00,
        0x00, 0x00, 0x00, 0x00, 0x00, 0x00, 0x00, 0x00, 0x00, 0x00, 0x00, 0x00, 0x00, 0x00, 0x00, 0x00,
        0x00, 0x00, 0x00, 0x00, 0x00, 0x00, 0x00, 0x00, 0x00, 0x00, 0x00, 0x00, 0x00, 0x00, 0x00, 0x00,
        0x00, 0x00, 0x00, 0x00, 0x00, 0x00, 0x00, 0x00, 0x00, 0x00, 0x00, 0x00
    };
}
