

namespace esp_font_5x5 {
    inline unsigned char font_data[50536] = {
        0x00,0x01,0x00,0x00,0x00,0x0B,0x00,0x80,0x00,0x03,0x00,0x30,0x4F,0x53,0x2F,0x32,
        0xE2,0x23,0x81,0x88,0x00,0x00,0x01,0x38,0x00,0x00,0x00,0x56,0x63,0x6D,0x61,0x70,
        0xD0,0x7E,0x3E,0xE6,0x00,0x00,0x0B,0xC4,0x00,0x00,0x05,0xD2,0x67,0x61,0x73,0x70,
        0xFF,0xFF,0x00,0x03,0x00,0x00,0xC5,0x60,0x00,0x00,0x00,0x08,0x67,0x6C,0x79,0x66,
        0x66,0x6D,0xD8,0x54,0x00,0x00,0x16,0xB4,0x00,0x00,0x96,0x84,0x68,0x65,0x61,0x64,
        0xE9,0x29,0x9B,0x7F,0x00,0x00,0x00,0xBC,0x00,0x00,0x00,0x36,0x68,0x68,0x65,0x61,
        0x0C,0x55,0x09,0xFF,0x00,0x00,0x00,0xF4,0x00,0x00,0x00,0x24,0x68,0x6D,0x74,0x78,
        0x0C,0xE2,0x10,0xDD,0x00,0x00,0x01,0x90,0x00,0x00,0x0A,0x34,0x6C,0x6F,0x63,0x61,
        0x3D,0x21,0x63,0x48,0x00,0x00,0x11,0x98,0x00,0x00,0x05,0x1C,0x6D,0x61,0x78,0x70,
        0x06,0xF7,0x00,0x64,0x00,0x00,0x01,0x18,0x00,0x00,0x00,0x20,0x6E,0x61,0x6D,0x65,
        0xB8,0x75,0xF4,0x71,0x00,0x00,0xAD,0x38,0x00,0x00,0x04,0xBA,0x70,0x6F,0x73,0x74,
        0xE7,0xB5,0x1C,0xDA,0x00,0x00,0xB1,0xF4,0x00,0x00,0x13,0x6C,0x00,0x01,0x00,0x00,
        0x00,0x01,0x00,0x00,0x3E,0xCD,0x8E,0xAD,0x5F,0x0F,0x3C,0xF5,0x00,0x0B,0x04,0xE2,
        0x00,0x00,0x00,0x00,0xC1,0x19,0x05,0xCC,0x00,0x00,0x00,0x00,0xC1,0x9E,0x4F,0xD3,
        0x00,0x00,0xFF,0x06,0x07,0x53,0x05,0x00,0x00,0x00,0x00,0x03,0x00,0x02,0x00,0x00,
        0x00,0x00,0x00,0x00,0x00,0x01,0x00,0x00,0x04,0x65,0xFF,0x06,0x00,0x9B,0x08,0x6B,
        0x00,0x00,0x00,0x00,0x07,0x53,0x00,0x01,0x00,0x00,0x00,0x00,0x00,0x00,0x00,0x00,
        0x00,0x00,0x00,0x00,0x00,0x00,0x02,0x8D,0x00,0x01,0x00,0x00,0x02,0x8D,0x00,0x33,
        0x00,0x0B,0x00,0x00,0x00,0x00,0x00,0x02,0x00,0x10,0x00,0x2F,0x00,0x42,0x00,0x00,
        0x04,0x0C,0x00,0x00,0x00,0x00,0x00,0x00,0x00,0x01,0x02,0x9B,0x01,0x90,0x00,0x05,
        0x00,0x08,0x02,0xBC,0x02,0x8A,0x00,0x00,0x00,0x8F,0x02,0xBC,0x02,0x8A,0x00,0x00,
        0x01,0xC5,0x00,0x7D,0x01,0x77,0x00,0x00,0x02,0x01,0x08,0x09,0x00,0x00,0x00,0x00,
        0x00,0x03,0xA0,0x00,0x02,0xAF,0x50,0x00,0x78,0xFB,0x00,0x00,0x00,0x00,0x00,0x00,
        0x00,0x00,0x41,0x4C,0x54,0x53,0x00,0x40,0x00,0x20,0xFB,0x02,0x02,0x71,0x00,0x00,
        0x00,0x7D,0x04,0x65,0x00,0xFA,0x60,0x00,0x01,0x9F,0xDF,0xF7,0x00,0x00,0x00,0x00,
        0x06,0x00,0x01,0x00,0x00,0x00,0x00,0x00,0x02,0x39,0x00,0x00,0x00,0xFA,0x00,0x00,
        0x00,0xFA,0x00,0x00,0x01,0xF4,0x00,0x00,0x02,0xEE,0x00,0x00,0x02,0xEE,0x00,0x00,
        0x02,0xEE,0x00,0x00,0x02,0xEE,0x00,0x00,0x00,0xFA,0x00,0x00,0x01,0x77,0x00,0x00,
        0x01,0x77,0x00,0x00,0x01,0xF4,0x00,0x00,0x02,0xEE,0x00,0x00,0x00,0xFA,0x00,0x00,
        0x02,0xEE,0x00,0x00,0x00,0xFA,0x00,0x00,0x01,0xF4,0x00,0x00,0x02,0xEE,0x00,0x00,
        0x01,0xF4,0x00,0x00,0x02,0xF3,0x00,0x00,0x02,0xEE,0x00,0x00,0x02,0xEE,0x00,0x00,
        0x02,0xEE,0x00,0x00,0x02,0xEE,0x00,0x00,0x02,0xEE,0x00,0x00,0x02,0xEE,0x00,0x00,
        0x02,0xEE,0x00,0x00,0x00,0xFA,0x00,0x00,0x00,0xFA,0x00,0x00,0x01,0xF4,0x00,0x00,
        0x02,0xEE,0x00,0x00,0x01,0xF4,0x00,0x00,0x02,0x71,0x00,0x00,0x02,0xEE,0x00,0x00,
        0x02,0xEE,0x00,0x00,0x02,0xEE,0x00,0x00,0x02,0xEE,0x00,0x00,0x02,0xEE,0x00,0x00,
        0x02,0xEE,0x00,0x00,0x02,0xEE,0x00,0x00,0x02,0xEE,0x00,0x00,0x02,0xEE,0x00,0x00,
        0x02,0xEE,0x00,0x00,0x02,0xEE,0x00,0x00,0x02,0xEE,0x00,0x00,0x02,0xEE,0x00,0x00,
        0x02,0xF3,0x00,0x00,0x02,0xEE,0x00,0x00,0x02,0xEE,0x00,0x00,0x02,0xEE,0x00,0x00,
        0x02,0xEE,0x00,0x00,0x02,0xEE,0x00,0x00,0x02,0xEE,0x00,0x00,0x02,0xEE,0x00,0x00,
        0x02,0xEE,0x00,0x00,0x02,0xEE,0x00,0x00,0x02,0xEE,0x00,0x00,0x02,0xEE,0x00,0x00,
        0x02,0xEE,0x00,0x00,0x02,0xEE,0x00,0x00,0x01,0x77,0x00,0x00,0x01,0xF4,0x00,0x00,
        0x01,0x77,0x00,0x00,0x02,0xEE,0x00,0x7D,0x02,0xEE,0x00,0x00,0x01,0x77,0x00,0x00,
        0x02,0xEE,0x00,0x00,0x02,0xEE,0x00,0x00,0x02,0xEE,0x00,0x00,0x02,0xEE,0x00,0x00,
        0x02,0xEE,0x00,0x00,0x02,0xEE,0x00,0x00,0x02,0xEE,0x00,0x00,0x02,0xEE,0x00,0x00,
        0x02,0xEE,0x00,0x00,0x02,0xEE,0x00,0x00,0x02,0xEE,0x00,0x00,0x02,0xEE,0x00,0x00,
        0x02,0xEE,0x00,0x00,0x02,0xEE,0x00,0x00,0x02,0xEE,0x00,0x00,0x02,0xEE,0x00,0x00,
        0x02,0xEE,0x00,0x00,0x02,0xEE,0x00,0x00,0x02,0xEE,0x00,0x00,0x02,0xEE,0x00,0x00,
        0x02,0xEE,0x00,0x00,0x02,0xEE,0x00,0x00,0x02,0xEE,0x00,0x00,0x02,0xEE,0x00,0x00,
        0x02,0xEE,0x00,0x00,0x02,0xEE,0x00,0x00,0x01,0xF4,0x00,0x00,0x00,0xFA,0x00,0x00,
        0x01,0xF4,0x00,0x00,0x02,0x71,0x00,0x00,0x02,0xEE,0x00,0x00,0x02,0xEE,0x00,0x00,
        0x02,0xEE,0x00,0x00,0x02,0xEE,0x00,0x00,0x02,0xEE,0x00,0x00,0x02,0xEE,0x00,0x00,
        0x02,0xEE,0x00,0x00,0x02,0xEE,0x00,0x00,0x02,0xEE,0x00,0x00,0x02,0xEE,0x00,0x00,
        0x02,0xEE,0x00,0x00,0x02,0xEE,0x00,0x00,0x02,0xEE,0x00,0x00,0x02,0xEE,0x00,0x00,
        0x02,0xEE,0x00,0x00,0x02,0xEE,0x00,0x00,0x02,0xEE,0x00,0x00,0x02,0xEE,0x00,0x00,
        0x02,0xEE,0x00,0x00,0x02,0xEE,0x00,0x00,0x02,0xEE,0x00,0x00,0x02,0xEE,0x00,0x00,
        0x02,0xEE,0x00,0x00,0x02,0xEE,0x00,0x00,0x02,0xEE,0x00,0x00,0x02,0xEE,0x00,0x00,
        0x02,0xE2,0x00,0x00,0x02,0xEE,0x00,0x00,0x02,0xEE,0x00,0x00,0x02,0xEE,0x00,0x00,
        0x02,0xEE,0x00,0x00,0x02,0xEE,0x00,0x00,0x02,0xEE,0x00,0x00,0x02,0x71,0x00,0x7D,
        0x01,0xF4,0x00,0x00,0x04,0x73,0x00,0x00,0x03,0x6B,0x00,0x00,0x02,0x71,0x00,0xFA,
        0x02,0xEE,0x00,0x00,0x02,0xEE,0x00,0x00,0x03,0xE8,0x00,0x00,0x03,0xE8,0x00,0x00,
        0x03,0x2D,0x00,0x00,0x01,0x77,0x00,0x00,0x02,0xEE,0x00,0x7D,0x02,0xEE,0x00,0x00,
        0x04,0xE2,0x00,0x00,0x03,0xE8,0x00,0x00,0x03,0x6B,0x00,0x00,0x02,0xEE,0x00,0x00,
        0x02,0xEE,0x00,0x00,0x02,0xEE,0x00,0x00,0x02,0xEE,0x00,0x00,0x01,0xF4,0x00,0x00,
        0x02,0x71,0x00,0x00,0x02,0xEE,0x00,0x00,0x02,0xEE,0x00,0x00,0x00,0x7D,0x00,0x00,
        0x01,0xF4,0x00,0x00,0x01,0xF4,0x00,0x00,0x01,0xF4,0x00,0x00,0x02,0xEE,0x00,0x00,
        0x04,0xE2,0x00,0x00,0x03,0xE8,0x00,0x00,0x02,0x71,0x00,0x00,0x00,0xFA,0x00,0x00,
        0x02,0xEE,0x00,0x00,0x03,0x6B,0x00,0x00,0x01,0xF4,0x00,0x00,0x02,0xEE,0x00,0x3E,
        0x02,0xEE,0x00,0x00,0x02,0xEE,0x00,0x00,0x02,0xEE,0x00,0x00,0x03,0xE8,0x00,0x00,
        0x02,0xEE,0x00,0x00,0x02,0xEE,0x00,0x00,0x02,0xEE,0x00,0x00,0x04,0xE2,0x00,0x00,
        0x04,0xE2,0x00,0x00,0x03,0xE8,0x00,0x00,0x05,0x5F,0x00,0x00,0x01,0xF4,0x00,0x00,
        0x01,0xF4,0x00,0x00,0x00,0xFA,0x00,0x00,0x00,0xFA,0x00,0x00,0x02,0xEE,0x00,0x00,
        0x02,0xEE,0x00,0x00,0x02,0xEE,0x00,0x00,0x02,0xEE,0x00,0x00,0x02,0xEE,0x00,0x00,
        0x03,0xE8,0x00,0x00,0x01,0xF4,0x00,0x00,0x01,0xF4,0x00,0x00,0x03,0xE8,0x00,0x00,
        0x03,0xE8,0x00,0x00,0x02,0xEE,0x00,0x00,0x00,0xFA,0x00,0x00,0x00,0xFA,0x00,0x00,
        0x01,0xF4,0x00,0x00,0x03,0xE8,0x00,0x00,0x02,0xEE,0x00,0x00,0x02,0xEE,0x00,0x00,
        0x02,0xEE,0x00,0x00,0x02,0xEE,0x00,0x00,0x02,0xEE,0x00,0x00,0x02,0xEE,0x00,0x00,
        0x02,0xEE,0x00,0x00,0x02,0xEE,0x00,0x00,0x02,0xEE,0x00,0x00,0x02,0xEE,0x00,0x00,
        0x02,0xEE,0x00,0x00,0x02,0xEE,0x00,0x00,0x02,0xEE,0x00,0x00,0x02,0xEE,0x00,0x00,
        0x02,0xEE,0x00,0x00,0x02,0xEE,0x00,0x00,0x02,0xEE,0x00,0x7D,0x02,0xEE,0x00,0x3E,
        0x02,0xEE,0x00,0x7D,0x02,0xEE,0x00,0x3E,0x02,0xEE,0x00,0xFA,0x02,0xEE,0x00,0xFA,
        0x02,0xEE,0x00,0xFA,0x02,0xEE,0x00,0x00,0x02,0xEE,0x00,0xFA,0x02,0xEE,0x00,0x7D,
        0x03,0x6B,0x00,0x00,0x03,0x6B,0x00,0x00,0x02,0xEE,0x00,0x00,0x02,0xEE,0x00,0x00,
        0x02,0xEE,0x00,0x00,0x02,0xEE,0x00,0x00,0x00,0xFA,0x00,0x00,0x03,0x75,0x00,0x00,
        0x02,0xEE,0x00,0x00,0x02,0xEE,0x00,0x00,0x02,0xEE,0x00,0x00,0x02,0x71,0x00,0x00,
        0x02,0x71,0x00,0x00,0x02,0xEE,0x00,0x00,0x02,0xEE,0x00,0x00,0x01,0x39,0x00,0x00,
        0x01,0xB6,0x00,0x00,0x01,0xB6,0x00,0x00,0x03,0x6B,0x00,0x00,0x03,0x6B,0x00,0x00,
        0x03,0x6B,0x00,0x00,0x03,0x6B,0x00,0x00,0x02,0xEE,0x00,0x00,0x02,0xEE,0x00,0x00,
        0x02,0xEE,0x00,0x00,0x02,0xEE,0x00,0x00,0x02,0xEE,0x00,0x00,0x02,0xEE,0x00,0x00,
        0x02,0xEE,0x00,0x00,0x02,0xEE,0x00,0x00,0x02,0xEE,0x00,0x00,0x03,0x6B,0x00,0x00,
        0x03,0x6B,0x00,0x7D,0x02,0xEE,0x00,0x7D,0x02,0xEE,0x00,0x00,0x02,0xEE,0x00,0x00,
        0x02,0xEE,0x00,0x00,0x02,0xEE,0x00,0x00,0x03,0x6B,0x00,0x00,0x03,0x6B,0x00,0x00,
        0x02,0xEE,0x00,0x00,0x02,0xEE,0x00,0x00,0x02,0xEE,0x00,0x00,0x02,0xEE,0x00,0x00,
        0x02,0xEE,0x00,0x00,0x02,0xEE,0x00,0x00,0x03,0x6B,0x00,0x00,0x02,0xEE,0x00,0x00,
        0x02,0xEE,0x00,0x00,0x02,0xEE,0x00,0x00,0x02,0xEE,0x00,0x00,0x02,0xEE,0x00,0x00,
        0x02,0xEE,0x00,0x00,0x02,0xEE,0x00,0x00,0x02,0xEE,0x00,0x00,0x02,0xEE,0x00,0x00,
        0x02,0xEE,0x00,0x00,0x02,0xEE,0x00,0x00,0x02,0xEE,0x00,0x00,0x02,0xEE,0x00,0x00,
        0x02,0xEE,0x00,0x00,0x02,0xEE,0x00,0x00,0x02,0xEE,0x00,0x00,0x02,0xEE,0x00,0x00,
        0x02,0xEE,0x00,0x00,0x02,0xEE,0x00,0x00,0x02,0xEE,0x00,0x00,0x02,0xEE,0x00,0x00,
        0x02,0xEE,0x00,0x00,0x02,0xEE,0x00,0x00,0x02,0xEE,0x00,0x00,0x02,0xEE,0x00,0x00,
        0x02,0xEE,0x00,0x00,0x02,0xEE,0x00,0x00,0x02,0xEE,0x00,0x00,0x05,0xDC,0x00,0x00,
        0x05,0xDC,0x00,0x00,0x02,0xEE,0x00,0x00,0x02,0xEE,0x00,0x00,0x02,0xEE,0x00,0x00,
        0x02,0xEE,0x00,0x00,0x02,0xEE,0x00,0x00,0x02,0xEE,0x00,0x00,0x02,0xEE,0x00,0x00,
        0x02,0xEE,0x00,0x00,0x02,0xEE,0x00,0x00,0x02,0xEE,0x00,0x00,0x02,0xEE,0x00,0x00,
        0x02,0xEE,0x00,0x00,0x02,0xEE,0x00,0x00,0x02,0xEE,0x00,0x00,0x02,0xEE,0x00,0x00,
        0x02,0xEE,0x00,0x00,0x02,0xEE,0x00,0x00,0x02,0xEE,0x00,0x00,0x02,0xEE,0x00,0x00,
        0x03,0x6B,0x00,0x00,0x02,0xEE,0x00,0x00,0x02,0xEE,0x00,0x00,0x02,0xEE,0x00,0x00,
        0x02,0xEE,0x00,0x00,0x02,0xEE,0x00,0x00,0x02,0xEE,0x00,0x00,0x02,0xEE,0x00,0x00,
        0x02,0xEE,0x00,0x00,0x02,0xEE,0x00,0x00,0x02,0xEE,0x00,0x00,0x02,0xEE,0x00,0x00,
        0x02,0xEE,0x00,0x00,0x02,0xEE,0x00,0x00,0x02,0xEE,0x00,0x00,0x02,0xEE,0x00,0x00,
        0x02,0xEE,0x00,0x00,0x02,0xEE,0x00,0x00,0x02,0xEE,0x00,0x00,0x02,0xEE,0x00,0x00,
        0x02,0xEE,0x00,0x00,0x02,0xEE,0x00,0x00,0x02,0xEE,0x00,0x00,0x02,0xEE,0x00,0x00,
        0x02,0xEE,0x00,0x00,0x02,0xEE,0x00,0x00,0x02,0xEE,0x00,0x00,0x02,0xEE,0x00,0x00,
        0x02,0xEE,0x00,0x00,0x02,0xEE,0x00,0x00,0x02,0xEE,0x00,0x00,0x02,0xEE,0x00,0x00,
        0x02,0xEE,0x00,0x00,0x02,0xEE,0x00,0x00,0x02,0xEE,0x00,0x00,0x02,0xEE,0x00,0x00,
        0x02,0xEE,0x00,0x00,0x02,0xEE,0x00,0x00,0x02,0xEE,0x00,0x00,0x02,0xEE,0x00,0x00,
        0x02,0xEE,0x00,0x00,0x02,0xEE,0x00,0x00,0x02,0xEE,0x00,0x00,0x02,0xEE,0x00,0x00,
        0x02,0xEE,0x00,0x00,0x01,0xF4,0x00,0x00,0x02,0xEE,0x00,0x00,0x02,0xEE,0x00,0x00,
        0x04,0xE2,0x00,0x00,0x04,0xE2,0x00,0x00,0x03,0xE8,0x00,0x00,0x03,0xE8,0x00,0x00,
        0x01,0x77,0x00,0x00,0x02,0xAA,0x00,0x00,0x03,0xE8,0x00,0x00,0x00,0xFA,0x00,0x00,
        0x03,0xE8,0x00,0x00,0x03,0xE8,0x00,0x00,0x03,0xE8,0x00,0x00,0x03,0xE8,0x00,0x00,
        0x03,0xE8,0x00,0x00,0x03,0xE8,0x00,0x00,0x02,0xEE,0x00,0x00,0x02,0xEE,0x00,0x00,
        0x02,0xEE,0x00,0x00,0x02,0xEE,0x00,0x00,0x02,0xEE,0x00,0x00,0x02,0xEE,0x00,0x00,
        0x02,0xEE,0x00,0x00,0x02,0xEE,0x00,0x00,0x02,0xEE,0x00,0x00,0x02,0xEE,0x00,0x00,
        0x02,0xEE,0x00,0x00,0x02,0xEE,0x00,0x00,0x02,0xEE,0x00,0x00,0x02,0xEE,0x00,0x00,
        0x02,0xEE,0x00,0x00,0x02,0xEE,0x00,0x00,0x02,0xEE,0x00,0x00,0x02,0xEE,0x00,0x00,
        0x02,0xEE,0x00,0x00,0x02,0xEE,0x00,0x00,0x02,0xEE,0x00,0x00,0x02,0xEE,0x00,0x00,
        0x02,0xEE,0x00,0x00,0x02,0xEE,0x00,0x00,0x02,0xEE,0x00,0x00,0x02,0xEE,0x00,0x00,
        0x02,0xEE,0x00,0x00,0x03,0xE8,0x00,0x00,0x03,0xE8,0x00,0x00,0x03,0xE8,0x00,0x00,
        0x03,0xE8,0x00,0x00,0x02,0xEE,0x00,0x00,0x02,0xEE,0x00,0x00,0x02,0xEE,0x00,0x00,
        0x02,0xEE,0x00,0x00,0x02,0xEE,0x00,0x00,0x02,0xEE,0x00,0x00,0x02,0xEE,0x00,0x00,
        0x02,0xEE,0x00,0x00,0x02,0xEE,0x00,0x00,0x02,0xEE,0x00,0x00,0x02,0xEE,0x00,0x00,
        0x02,0xEE,0x00,0x00,0x02,0xEE,0x00,0x00,0x02,0xEE,0x00,0x00,0x02,0xEE,0x00,0x00,
        0x02,0xEE,0x00,0x00,0x02,0xEE,0x00,0x00,0x02,0xEE,0x00,0x00,0x02,0xEE,0x00,0x00,
        0x02,0xEE,0x00,0x00,0x02,0xEE,0x00,0x00,0x02,0xEE,0x00,0x00,0x02,0xEE,0x00,0x00,
        0x02,0xEE,0x00,0x00,0x02,0xEE,0x00,0x00,0x02,0xEE,0x00,0x00,0x02,0xEE,0x00,0x00,
        0x02,0xEE,0x00,0x00,0x03,0xE8,0x00,0x00,0x03,0xE8,0x00,0x00,0x03,0xE8,0x00,0x00,
        0x02,0xEE,0x00,0x00,0x03,0xE8,0x00,0x00,0x02,0xEE,0x00,0x00,0x02,0xEE,0x00,0x00,
        0x02,0xEE,0x00,0x00,0x00,0xFA,0x00,0x00,0x01,0xF4,0x00,0x00,0x02,0xEE,0x00,0x00,
        0x05,0x5F,0x00,0x00,0x04,0xE2,0x00,0x00,0x03,0xE8,0x00,0x00,0x02,0xEE,0x00,0x00,
        0x02,0xEE,0x00,0x00,0x02,0xEE,0x00,0x00,0x02,0xEE,0x00,0x00,0x02,0xEE,0x00,0x00,
        0x02,0xEE,0x00,0x00,0x02,0xEE,0x00,0x00,0x02,0xEE,0x00,0x00,0x02,0xEE,0x00,0x00,
        0x02,0xEE,0x00,0x00,0x02,0xEE,0x00,0x00,0x02,0xEE,0x00,0x00,0x02,0xEE,0x00,0x00,
        0x02,0xEE,0x00,0x00,0x03,0x6B,0x00,0x00,0x02,0xEE,0x00,0x00,0x02,0xEE,0x00,0x00,
        0x02,0xEE,0x00,0x00,0x02,0xEE,0x00,0x00,0x02,0xEE,0x00,0x00,0x02,0xEE,0x00,0x00,
        0x02,0xEE,0x00,0x00,0x02,0xEE,0x00,0x00,0x02,0xEE,0x00,0x00,0x02,0xEE,0x00,0x00,
        0x03,0x6B,0x00,0x00,0x02,0xEE,0x00,0x00,0x07,0x55,0x00,0x00,0x03,0x6B,0x00,0x00,
        0x03,0xE8,0x00,0x00,0x03,0xE8,0x00,0x00,0x02,0xEE,0x00,0x00,0x02,0xEE,0x00,0x00,
        0x03,0xE8,0x00,0x00,0x02,0xEE,0x00,0x00,0x02,0xEE,0x00,0x00,0x02,0xEE,0x00,0x00,
        0x02,0xEE,0x00,0x00,0x02,0xEE,0x00,0x00,0x02,0xEE,0x00,0x00,0x02,0xEE,0x00,0x00,
        0x02,0xEE,0x00,0x00,0x02,0xEE,0x00,0x00,0x02,0xEE,0x00,0x00,0x02,0xEE,0x00,0x00,
        0x02,0xEE,0x00,0x00,0x03,0x6B,0x00,0x00,0x02,0xEE,0x00,0x00,0x02,0xEE,0x00,0x00,
        0x02,0xEE,0x00,0x00,0x02,0xEE,0x00,0x00,0x02,0xEE,0x00,0x00,0x02,0xEE,0x00,0x00,
        0x02,0xEE,0x00,0x00,0x02,0xEE,0x00,0x00,0x02,0xEE,0x00,0x00,0x02,0xEE,0x00,0x00,
        0x03,0x6B,0x00,0x00,0x02,0xEE,0x00,0x00,0x02,0xEE,0x00,0x00,0x03,0x6B,0x00,0x00,
        0x03,0xE8,0x00,0x00,0x03,0xE8,0x00,0x00,0x02,0xEE,0x00,0x00,0x02,0xEE,0x00,0x00,
        0x03,0xE8,0x00,0x00,0x02,0xEE,0x00,0x00,0x02,0xEE,0x00,0x00,0x03,0x6B,0x00,0x00,
        0x02,0xEE,0x00,0x00,0x02,0xEE,0x00,0x00,0x02,0xEE,0x00,0x00,0x00,0xFA,0x00,0x00,
        0x01,0xF4,0x00,0x00,0x02,0xEE,0x00,0x00,0x05,0x5F,0x00,0x00,0x04,0xE2,0x00,0x00,
        0x03,0x6B,0x00,0x00,0x02,0xEE,0x00,0x00,0x02,0xEE,0x00,0x00,0x02,0xEE,0x00,0x00,
        0x02,0xEE,0x00,0x00,0x02,0xEE,0x00,0x00,0x02,0xEE,0x00,0x00,0x02,0xEE,0x00,0x00,
        0x02,0xEE,0x00,0x00,0x02,0xEE,0x00,0x00,0x02,0xEE,0x00,0x00,0x02,0xEE,0x00,0x00,
        0x02,0xEE,0x00,0x00,0x02,0xEE,0x00,0x00,0x03,0xE8,0x00,0x00,0x02,0xEE,0x00,0x00,
        0x01,0x77,0x00,0x00,0x00,0xFA,0x00,0x00,0x01,0xF4,0x00,0x00,0x01,0xF4,0x00,0x00,
        0x02,0xEE,0x00,0x00,0x01,0xF4,0x00,0x00,0x02,0xEE,0x00,0x00,0x07,0xD0,0x00,0x00,
        0x03,0xE8,0x00,0x00,0x02,0x71,0x00,0x00,0x04,0xE2,0x00,0x00,0x02,0xEE,0x00,0x00,
        0x03,0x6B,0x00,0x00,0x03,0x6B,0x00,0x00,0x03,0x6B,0x00,0x00,0x03,0x6B,0x00,0x00,
        0x03,0xE8,0x00,0x00,0x01,0xF4,0x00,0x00,0x03,0xE8,0x00,0x00,0x01,0xF4,0x00,0x00,
        0x04,0x65,0x00,0x00,0x01,0xF4,0x00,0x00,0x01,0xF4,0x00,0x00,0x02,0xEE,0x00,0x00,
        0x02,0xEE,0x00,0x00,0x02,0xEE,0x00,0x00,0x04,0xD5,0x00,0x00,0x04,0xAC,0x00,0x00,
        0x04,0xD5,0x00,0x00,0x04,0xD5,0x00,0x00,0x05,0xAB,0x00,0x00,0x05,0x00,0x00,0x00,
        0x05,0xAB,0x00,0x00,0x05,0xAB,0x00,0x00,0x05,0xAB,0x00,0x00,0x05,0xAB,0x00,0x00,
        0x05,0xAB,0x00,0x00,0x05,0xAB,0x00,0x00,0x05,0xAB,0x00,0x00,0x05,0xAB,0x00,0x00,
        0x01,0x77,0x00,0x00,0x02,0x71,0x00,0x00,0x02,0x71,0x00,0x7D,0x02,0x71,0x00,0x00,
        0x02,0x71,0x00,0x7D,0x02,0x71,0x00,0x7D,0x02,0x71,0x00,0x00,0x02,0x71,0x00,0x00,
        0x02,0x71,0x00,0x00,0x04,0x65,0x01,0xF4,0x03,0x6B,0x00,0xFA,0x03,0x6B,0x00,0xFA,
        0x02,0x71,0x00,0x00,0x02,0x71,0x00,0x00,0x01,0xF4,0x00,0x00,0x02,0x71,0x00,0x7D,
        0x05,0xAB,0x00,0x00,0x02,0x71,0x00,0x7D,0x02,0x71,0x00,0x00,0x02,0x71,0x00,0x00,
        0x02,0x71,0x00,0x00,0x03,0x6B,0x00,0x00,0x05,0xAB,0x00,0x00,0x05,0xAB,0x00,0x00,
        0x05,0xAB,0x00,0x00,0x05,0xAB,0x00,0x00,0x05,0xAB,0x00,0x00,0x05,0xAB,0x00,0x00,
        0x05,0xAB,0x00,0x00,0x05,0xAB,0x00,0x00,0x05,0xAB,0x00,0x00,0x05,0xAB,0x00,0x00,
        0x05,0xAB,0x00,0x00,0x05,0xAB,0x00,0x00,0x05,0xAB,0x00,0x00,0x05,0xAB,0x00,0x00,
        0x05,0xAB,0x00,0x00,0x05,0xD5,0x00,0x00,0x04,0xD5,0x00,0x00,0x04,0xD5,0x00,0x00,
        0x02,0xD6,0x00,0x00,0x02,0xD6,0x00,0x00,0x08,0x00,0x00,0x00,0x07,0xEB,0x00,0x00,
        0x07,0xEB,0x00,0x00,0x07,0xEB,0x00,0x00,0x07,0xEB,0x00,0x00,0x04,0xD5,0x00,0x00,
        0x04,0xD5,0x00,0x00,0x04,0xD5,0x00,0x00,0x04,0xD5,0x00,0x00,0x02,0xD6,0x00,0x00,
        0x08,0x2B,0x00,0x00,0x08,0x6B,0x00,0x00,0x07,0x55,0x00,0x00,0x06,0x00,0x00,0x00,
        0x06,0x00,0x00,0x00,0x04,0x40,0x00,0x00,0x05,0x40,0x00,0x00,0x04,0xC0,0x00,0x00,
        0x04,0x15,0x00,0x00,0x04,0x00,0x00,0x00,0x06,0x00,0x00,0x00,0x02,0xAA,0x00,0x00,
        0x02,0xAA,0x00,0x00,0x00,0x00,0x00,0x02,0x00,0x01,0x00,0x00,0x00,0x00,0x00,0x14,
        0x00,0x03,0x00,0x01,0x00,0x00,0x01,0x1A,0x00,0x00,0x01,0x06,0x00,0x00,0x01,0x00,
        0x00,0x00,0x00,0x00,0x00,0x00,0x01,0x02,0x00,0x00,0x00,0x02,0x00,0x00,0x00,0x00,
        0x00,0x00,0x00,0x00,0x00,0x00,0x00,0x00,0x00,0x00,0x00,0x01,0x00,0x00,0x03,0x04,
        0x05,0x06,0x07,0x08,0x09,0x0A,0x0B,0x0C,0x0D,0x0E,0x0F,0x10,0x11,0x12,0x13,0x14,
        0x15,0x16,0x17,0x18,0x19,0x1A,0x1B,0x1C,0x1D,0x1E,0x1F,0x20,0x21,0x22,0x23,0x24,
        0x25,0x26,0x27,0x28,0x29,0x2A,0x2B,0x2C,0x2D,0x2E,0x2F,0x30,0x31,0x32,0x33,0x34,
        0x35,0x36,0x37,0x38,0x39,0x3A,0x3B,0x3C,0x3D,0x3E,0x3F,0x40,0x41,0x42,0x43,0x44,
        0x45,0x46,0x47,0x48,0x49,0x4A,0x4B,0x4C,0x4D,0x4E,0x4F,0x50,0x51,0x52,0x53,0x54,
        0x55,0x56,0x57,0x58,0x59,0x5A,0x5B,0x5C,0x5D,0x5E,0x5F,0x60,0x61,0x00,0x62,0x63,
        0x64,0x65,0x66,0x67,0x68,0x69,0x6A,0x6B,0x6C,0x6D,0x6E,0x6F,0x70,0x71,0x72,0x73,
        0x74,0x75,0x76,0x77,0x78,0x79,0x7A,0x7B,0x7C,0x7D,0x7E,0x7F,0x80,0x81,0x82,0x83,
        0x84,0x85,0x86,0x87,0x88,0x89,0x8A,0x8B,0x8C,0x8D,0x8E,0x8F,0x90,0x91,0x92,0x93,
        0x94,0x95,0x96,0x97,0x98,0x99,0x9A,0x9B,0x9C,0x9D,0x9E,0x9F,0xA0,0xA1,0xA2,0xA3,
        0xA4,0xA5,0xA6,0xA7,0xA8,0xA9,0xAA,0xAB,0x03,0xAC,0xAD,0xAE,0xAF,0xB0,0xB1,0xB2,
        0xB3,0xB4,0xB5,0xB6,0xB7,0xB8,0xB9,0xBA,0xBB,0xBC,0xBD,0xBE,0xBF,0xC0,0xC1,0xC2,
        0xC3,0xC4,0xC5,0xC6,0xC7,0xC8,0xC9,0xCA,0xCB,0xCC,0xCD,0xCE,0xCF,0xD0,0x00,0xD1,
        0xD2,0xD3,0xD4,0xD5,0xD6,0xD7,0xD8,0xD9,0xDA,0xDB,0xDC,0xDD,0xDE,0xDF,0x00,0x04,
        0x04,0xB8,0x00,0x00,0x00,0xD6,0x00,0x80,0x00,0x06,0x00,0x56,0x00,0x7E,0x01,0x11,
        0x01,0x1D,0x01,0x1F,0x01,0x2F,0x01,0x31,0x01,0x40,0x01,0x42,0x01,0x51,0x01,0x53,
        0x01,0x5D,0x01,0x61,0x01,0x77,0x01,0x7F,0x01,0x92,0x01,0xFF,0x02,0xC7,0x02,0xC9,
        0x02,0xDD,0x03,0x7E,0x03,0x8A,0x03,0x8C,0x03,0xA1,0x03,0xCE,0x04,0x0C,0x04,0x4F,
        0x04,0x5C,0x04,0x5F,0x04,0x91,0x1E,0x85,0x1E,0xF3,0x20,0x15,0x20,0x1E,0x20,0x22,
        0x20,0x26,0x20,0x30,0x20,0x33,0x20,0x3A,0x20,0x3C,0x20,0x3E,0x20,0x44,0x20,0x7F,
        0x20,0xA4,0x20,0xA7,0x20,0xAC,0x21,0x05,0x21,0x13,0x21,0x16,0x21,0x22,0x21,0x26,
        0x21,0x2E,0x21,0x5E,0x21,0x95,0x21,0xA8,0x22,0x02,0x22,0x06,0x22,0x0F,0x22,0x12,
        0x22,0x15,0x22,0x1A,0x22,0x1F,0x22,0x29,0x22,0x2B,0x22,0x48,0x22,0x61,0x22,0x65,
        0x23,0x02,0x23,0x10,0x23,0x21,0x25,0x00,0x25,0x02,0x25,0x0C,0x25,0x10,0x25,0x14,
        0x25,0x18,0x25,0x1C,0x25,0x24,0x25,0x2C,0x25,0x34,0x25,0x3C,0x25,0x6C,0x25,0x80,
        0x25,0x84,0x25,0x88,0x25,0x8C,0x25,0x93,0x25,0xA1,0x25,0xAC,0x25,0xB2,0x25,0xBA,
        0x25,0xBC,0x25,0xC4,0x25,0xCB,0x25,0xCF,0x25,0xD9,0x25,0xE6,0x26,0x3C,0x26,0x40,
        0x26,0x42,0x26,0x60,0x26,0x63,0x26,0x66,0x26,0x6B,0xF0,0x02,0xF0,0x05,0xFB,0x02,
        0xFF,0xFF,0x00,0x00,0x00,0x20,0x00,0xA0,0x01,0x12,0x01,0x1E,0x01,0x20,0x01,0x30,
        0x01,0x32,0x01,0x41,0x01,0x43,0x01,0x52,0x01,0x54,0x01,0x5E,0x01,0x62,0x01,0x78,
        0x01,0x92,0x01,0xFA,0x02,0xC6,0x02,0xC9,0x02,0xD8,0x03,0x7E,0x03,0x84,0x03,0x8C,
        0x03,0x8E,0x03,0xA3,0x04,0x01,0x04,0x0E,0x04,0x51,0x04,0x5E,0x04,0x90,0x1E,0x80,
        0x1E,0xF2,0x20,0x13,0x20,0x17,0x20,0x20,0x20,0x26,0x20,0x30,0x20,0x32,0x20,0x39,
        0x20,0x3C,0x20,0x3E,0x20,0x44,0x20,0x7F,0x20,0xA3,0x20,0xA7,0x20,0xAC,0x21,0x05,
        0x21,0x13,0x21,0x16,0x21,0x22,0x21,0x26,0x21,0x2E,0x21,0x5B,0x21,0x90,0x21,0xA8,
        0x22,0x02,0x22,0x06,0x22,0x0F,0x22,0x11,0x22,0x15,0x22,0x19,0x22,0x1E,0x22,0x29,
        0x22,0x2B,0x22,0x48,0x22,0x60,0x22,0x64,0x23,0x02,0x23,0x10,0x23,0x20,0x25,0x00,
        0x25,0x02,0x25,0x0C,0x25,0x10,0x25,0x14,0x25,0x18,0x25,0x1C,0x25,0x24,0x25,0x2C,
        0x25,0x34,0x25,0x3C,0x25,0x50,0x25,0x80,0x25,0x84,0x25,0x88,0x25,0x8C,0x25,0x90,
        0x25,0xA0,0x25,0xAA,0x25,0xB2,0x25,0xBA,0x25,0xBC,0x25,0xC4,0x25,0xCA,0x25,0xCF,
        0x25,0xD8,0x25,0xE6,0x26,0x3A,0x26,0x40,0x26,0x42,0x26,0x60,0x26,0x63,0x26,0x65,
        0x26,0x6A,0xF0,0x01,0xF0,0x04,0xFB,0x01,0xFF,0xFF,0xFF,0xE3,0x00,0x00,0xFF,0xFD,
        0x00,0x00,0xFF,0xFB,0x00,0x00,0xFF,0xF9,0x00,0x00,0xFF,0xF7,0x00,0x00,0xFF,0xF5,
        0x00,0x00,0xFF,0xF1,0x00,0x00,0xFF,0x14,0xFF,0x74,0x00,0x00,0xFE,0x0F,0x00,0x00,
        0xFC,0xA0,0xFD,0xF0,0xFD,0xEF,0xFD,0xEE,0xFD,0xED,0xFD,0xBB,0xFD,0xBA,0xFD,0xB9,
        0xFD,0xB8,0xFD,0x88,0xE3,0x9A,0xE3,0x2E,0x00,0x00,0x00,0x00,0x00,0x00,0xE0,0x85,
        0xE0,0x95,0xE1,0xF3,0xE0,0x84,0xE1,0xEB,0xE1,0xEA,0xE0,0x77,0xE1,0xAA,0x00,0x00,
        0xE1,0x84,0xE0,0x10,0xE1,0x27,0xE1,0x1A,0xE1,0x18,0xDF,0x6A,0xDF,0x79,0xE1,0x01,
        0xE0,0xD5,0xE0,0xA4,0xE0,0x92,0xDE,0x96,0xDE,0xA2,0xDE,0x8B,0x00,0x00,0xDE,0xA6,
        0x00,0x00,0x00,0x00,0xE0,0x13,0xDE,0x71,0xDE,0x5F,0x00,0x00,0xDE,0x30,0xDF,0x3C,
        0xDF,0x2F,0xDF,0x20,0xDD,0x42,0xDD,0x41,0xDD,0x38,0xDD,0x35,0xDD,0x32,0xDD,0x2F,
        0xDD,0x2C,0xDD,0x25,0xDD,0x1E,0xDD,0x17,0xDD,0x10,0xDC,0xFD,0xDC,0xEA,0xDC,0xE7,
        0xDC,0xE4,0xDC,0xE1,0xDC,0xDE,0xDC,0xD2,0xDC,0xCA,0xDC,0xC5,0xDC,0xBE,0xDC,0xBD,
        0xDC,0xB6,0x00,0x00,0xDC,0xAD,0xDC,0xA5,0xDC,0x99,0xDC,0x46,0xDC,0x43,0xDC,0x42,
        0xDC,0x25,0xDC,0x23,0xDC,0x22,0xDC,0x1F,0x10,0xBE,0x12,0x87,0x05,0xBE,0x00,0x01,
        0x00,0x00,0x00,0xD4,0x00,0x00,0x01,0xB4,0x00,0x00,0x01,0xB4,0x00,0x00,0x01,0xB4,
        0x00,0x00,0x01,0xB4,0x00,0x00,0x01,0xB4,0x00,0x00,0x01,0xB8,0x00,0x00,0x00,0x00,
        0x01,0xC2,0x00,0x00,0x01,0xC2,0x00,0x00,0x00,0x00,0x00,0x00,0x00,0x00,0x00,0x00,
        0x00,0x00,0x00,0x00,0x00,0x00,0x00,0x00,0x00,0x00,0x00,0x00,0x00,0x00,0x01,0xB4,
        0x01,0xB8,0x01,0xC6,0x00,0x00,0x00,0x00,0x00,0x00,0x00,0x00,0x00,0x00,0x00,0x00,
        0x00,0x00,0x00,0x00,0x01,0xBA,0x00,0x00,0x00,0x00,0x00,0x00,0x00,0x00,0x00,0x00,
        0x00,0x00,0x00,0x00,0x00,0x00,0x00,0x00,0x00,0x00,0x00,0x00,0x00,0x00,0x00,0x00,
        0x00,0x00,0x01,0xA0,0x00,0x00,0x01,0xA0,0x01,0xA2,0x00,0x00,0x00,0x00,0x00,0x00,
        0x01,0x9E,0x00,0x00,0x00,0x00,0x00,0x00,0x00,0x00,0x00,0x00,0x00,0x00,0x00,0x00,
        0x00,0x00,0x00,0x00,0x00,0x00,0x00,0x00,0x00,0x00,0x00,0x00,0x00,0x00,0x00,0x00,
        0x00,0x00,0x00,0x00,0x00,0x00,0x00,0x00,0x00,0x00,0x00,0x00,0x00,0x00,0x00,0x00,
        0x00,0x00,0x00,0x00,0x00,0x00,0x00,0x00,0x01,0x6A,0x00,0x00,0x00,0x00,0x00,0x00,
        0x00,0x00,0x00,0x00,0x00,0x00,0x00,0x00,0x00,0x00,0x00,0x00,0x00,0x00,0x00,0x00,
        0x00,0x00,0x00,0x00,0x00,0x00,0x00,0x03,0x00,0xA3,0x00,0x84,0x00,0x85,0x01,0x00,
        0x00,0x96,0x00,0xE6,0x00,0x86,0x00,0x8E,0x00,0x8B,0x00,0x9D,0x00,0xA9,0x00,0xA4,
        0x00,0x10,0x00,0x8A,0x01,0x01,0x00,0x83,0x00,0x93,0x00,0xF0,0x00,0xF1,0x00,0x8D,
        0x00,0x97,0x00,0x88,0x00,0xC2,0x00,0xDC,0x00,0xEF,0x00,0x9E,0x00,0xAA,0x00,0xF3,
        0x00,0xF2,0x00,0xF4,0x00,0xA2,0x00,0xAC,0x00,0xC8,0x00,0xC6,0x00,0xAD,0x00,0x62,
        0x00,0x63,0x00,0x90,0x00,0x64,0x00,0xCA,0x00,0x65,0x00,0xC7,0x00,0xC9,0x00,0xCE,
        0x00,0xCB,0x00,0xCC,0x00,0xCD,0x00,0xE7,0x00,0x66,0x00,0xD1,0x00,0xCF,0x00,0xD0,
        0x00,0xAE,0x00,0x67,0x00,0xEE,0x00,0x91,0x00,0xD4,0x00,0xD2,0x00,0xD3,0x00,0x68,
        0x00,0xE9,0x00,0xEB,0x00,0x89,0x00,0x6A,0x00,0x69,0x00,0x6B,0x00,0x6D,0x00,0x6C,
        0x00,0x6E,0x00,0xA0,0x00,0x6F,0x00,0x71,0x00,0x70,0x00,0x72,0x00,0x73,0x00,0x75,
        0x00,0x74,0x00,0x76,0x00,0x77,0x00,0xE8,0x00,0x78,0x00,0x7A,0x00,0x79,0x00,0x7B,
        0x00,0x7D,0x00,0x7C,0x00,0xB7,0x00,0xA1,0x00,0x7F,0x00,0x7E,0x00,0x80,0x00,0x81,
        0x00,0xEA,0x00,0xEC,0x00,0xB9,0x01,0x02,0x01,0x03,0x01,0x04,0x01,0x05,0x01,0x06,
        0x01,0x07,0x00,0xFB,0x00,0xFC,0x01,0x08,0x01,0x09,0x01,0x0A,0x01,0x0B,0x00,0xFD,
        0x00,0xFE,0x01,0x0C,0x01,0x0D,0x01,0x0E,0x00,0xFF,0x00,0xF6,0x00,0xF7,0x00,0xF8,
        0x00,0xD5,0x00,0xE0,0x00,0xE1,0x00,0xAF,0x00,0xB0,0x00,0xF9,0x00,0xFA,0x00,0xE2,
        0x00,0xE3,0x00,0xBA,0x01,0x69,0x01,0x6A,0x01,0x6B,0x01,0x6C,0x00,0xE4,0x00,0xE5,
        0x01,0x6D,0x00,0xD6,0x00,0xDF,0x00,0xD9,0x00,0xDA,0x00,0xDB,0x00,0xDE,0x00,0xD7,
        0x00,0xDD,0x00,0xB1,0x00,0xB2,0x02,0x22,0x02,0x23,0x00,0xB5,0x00,0xB6,0x00,0xC3,
        0x02,0x24,0x00,0xB3,0x00,0xB4,0x00,0xC4,0x00,0x82,0x00,0xC1,0x00,0x87,0x00,0xF5,
        0x02,0x2A,0x00,0x99,0x00,0xED,0x00,0xC2,0x00,0xA5,0x00,0x92,0x02,0x3B,0x00,0x8F,
        0x02,0x3D,0x00,0xB8,0x02,0x7B,0x00,0x00,0x00,0x00,0x00,0x16,0x00,0x16,0x00,0x16,
        0x00,0x16,0x00,0x28,0x00,0x3A,0x00,0x64,0x00,0x8C,0x00,0xBA,0x00,0xEC,0x00,0xF8,
        0x01,0x12,0x01,0x2C,0x01,0x40,0x01,0x56,0x01,0x62,0x01,0x70,0x01,0x7C,0x01,0x94,
        0x01,0xB2,0x01,0xC6,0x01,0xEA,0x02,0x08,0x02,0x1E,0x02,0x3C,0x02,0x54,0x02,0x6E,
        0x02,0x8A,0x02,0xA4,0x02,0xB6,0x02,0xC8,0x02,0xEA,0x02,0xFE,0x03,0x20,0x03,0x44,
        0x03,0x5C,0x03,0x76,0x03,0x94,0x03,0xA8,0x03,0xC2,0x03,0xDA,0x03,0xEE,0x04,0x06,
        0x04,0x1C,0x04,0x32,0x04,0x46,0x04,0x6E,0x04,0x7E,0x04,0x9E,0x04,0xC0,0x04,0xE0,
        0x04,0xFA,0x05,0x14,0x05,0x34,0x05,0x4C,0x05,0x5E,0x05,0x70,0x05,0x92,0x05,0xB6,
        0x05,0xEE,0x06,0x16,0x06,0x36,0x06,0x48,0x06,0x60,0x06,0x72,0x06,0x88,0x06,0x94,
        0x06,0xA6,0x06,0xC0,0x06,0xDE,0x06,0xF2,0x07,0x0C,0x07,0x24,0x07,0x38,0x07,0x50,
        0x07,0x66,0x07,0x7C,0x07,0x90,0x07,0xB8,0x07,0xC8,0x07,0xE8,0x08,0x0A,0x08,0x2A,
        0x08,0x44,0x08,0x5E,0x08,0x7E,0x08,0x96,0x08,0xA8,0x08,0xBA,0x08,0xDC,0x09,0x00,
        0x09,0x38,0x09,0x60,0x09,0x80,0x09,0x94,0x09,0xA6,0x09,0xBC,0x09,0xDA,0x09,0xFE,
        0x0A,0x1E,0x0A,0x3A,0x0A,0x5E,0x0A,0x94,0x0A,0xC0,0x0A,0xDE,0x0B,0x02,0x0B,0x26,
        0x0B,0x4E,0x0B,0x72,0x0B,0xA0,0x0B,0xC0,0x0B,0xDC,0x0C,0x00,0x0C,0x22,0x0C,0x4A,
        0x0C,0x6E,0x0C,0x90,0x0C,0xB2,0x0C,0xD8,0x0C,0xFA,0x0D,0x30,0x0D,0x5C,0x0D,0x88,
        0x0D,0xB8,0x0D,0xE4,0x0E,0x1A,0x0E,0x38,0x0E,0x56,0x0E,0x78,0x0E,0x96,0x0E,0xAC,
        0x0E,0xC0,0x0E,0xDA,0x0F,0x00,0x0F,0x24,0x0F,0x32,0x0F,0x4E,0x0F,0x6E,0x0F,0x9C,
        0x0F,0xC6,0x0F,0xF0,0x10,0x02,0x10,0x14,0x10,0x32,0x10,0x56,0x10,0x82,0x10,0xAE,
        0x10,0xC8,0x10,0xF2,0x11,0x1C,0x11,0x48,0x11,0x5A,0x11,0x7E,0x11,0x9E,0x11,0xB0,
        0x11,0xB0,0x11,0xC2,0x11,0xD4,0x11,0xE8,0x12,0x12,0x12,0x36,0x12,0x62,0x12,0x86,
        0x12,0x98,0x12,0xA8,0x12,0xD2,0x12,0xEC,0x13,0x20,0x13,0x42,0x13,0x6A,0x13,0x92,
        0x13,0xAA,0x13,0xCE,0x13,0xFC,0x14,0x32,0x14,0x56,0x14,0x7A,0x14,0x88,0x14,0x96,
        0x14,0xA8,0x14,0xBA,0x14,0xC6,0x14,0xD2,0x14,0xEA,0x15,0x1E,0x15,0x52,0x15,0x86,
        0x15,0xAA,0x15,0xD6,0x15,0xF8,0x16,0x1C,0x16,0x3C,0x16,0x58,0x16,0x74,0x16,0x80,
        0x16,0x8C,0x16,0x9E,0x16,0xD2,0x16,0xFA,0x17,0x22,0x17,0x46,0x17,0x6A,0x17,0x8C,
        0x17,0xAE,0x17,0xD4,0x17,0xF6,0x18,0x18,0x18,0x44,0x18,0x74,0x18,0xA0,0x18,0xBE,
        0x18,0xE0,0x18,0xFE,0x19,0x14,0x19,0x2A,0x19,0x48,0x19,0x56,0x19,0x6E,0x19,0x7C,
        0x19,0x8A,0x19,0x9C,0x19,0xB8,0x19,0xCA,0x19,0xE0,0x19,0xF8,0x1A,0x10,0x1A,0x3A,
        0x1A,0x64,0x1A,0x94,0x1A,0xC4,0x1A,0xD6,0x1A,0xF8,0x1B,0x34,0x1B,0x68,0x1B,0x9C,
        0x1B,0xB6,0x1B,0xD0,0x1B,0xDE,0x1C,0x16,0x1C,0x2A,0x1C,0x4A,0x1C,0x66,0x1C,0xB0,
        0x1C,0xF2,0x1D,0x34,0x1D,0x50,0x1D,0x7A,0x1D,0xA4,0x1D,0xC0,0x1D,0xE2,0x1E,0x04,
        0x1E,0x22,0x1E,0x40,0x1E,0x62,0x1E,0x84,0x1E,0xA6,0x1E,0xD0,0x1E,0xDE,0x1E,0xFE,
        0x1F,0x1E,0x1F,0x48,0x1F,0x72,0x1F,0x92,0x1F,0xB2,0x1F,0xD2,0x1F,0xF2,0x20,0x0A,
        0x20,0x22,0x20,0x4C,0x20,0x76,0x20,0x98,0x20,0xB6,0x20,0xD4,0x20,0xFE,0x21,0x28,
        0x21,0x46,0x21,0x64,0x21,0x86,0x21,0xA8,0x21,0xD0,0x21,0xF8,0x22,0x20,0x22,0x48,
        0x22,0x66,0x22,0x84,0x22,0xA6,0x22,0xC8,0x22,0xEE,0x23,0x14,0x23,0x32,0x23,0x50,
        0x23,0x7C,0x23,0xA8,0x23,0xC6,0x23,0xE4,0x24,0x0C,0x24,0x34,0x24,0x54,0x24,0x74,
        0x24,0x98,0x24,0xBC,0x24,0xE0,0x25,0x04,0x25,0x36,0x25,0x68,0x25,0x90,0x25,0xAC,
        0x25,0xC8,0x25,0xE2,0x25,0xFC,0x26,0x1C,0x26,0x3C,0x26,0x52,0x26,0x68,0x26,0x94,
        0x26,0xC0,0x26,0xEC,0x27,0x18,0x27,0x4A,0x27,0x7C,0x27,0xA4,0x27,0xC4,0x27,0xE4,
        0x28,0x0A,0x28,0x30,0x28,0x62,0x28,0x94,0x28,0xCC,0x29,0x04,0x29,0x30,0x29,0x5C,
        0x29,0x86,0x29,0xB0,0x29,0xE0,0x2A,0x10,0x2A,0x34,0x2A,0x58,0x2A,0x82,0x2A,0xAC,
        0x2A,0xC8,0x2A,0xE4,0x2B,0x06,0x2B,0x28,0x2B,0x42,0x2B,0x5C,0x2B,0x86,0x2B,0xB0,
        0x2B,0xCA,0x2B,0xE4,0x2C,0x08,0x2C,0x2C,0x2C,0x46,0x2C,0x60,0x2C,0x88,0x2C,0xB0,
        0x2C,0xCC,0x2C,0xE8,0x2D,0x1C,0x2D,0x50,0x2D,0x88,0x2D,0xC0,0x2D,0xEC,0x2E,0x18,
        0x2E,0x3E,0x2E,0x64,0x2E,0x76,0x2E,0xA0,0x2E,0xCA,0x2E,0xFA,0x2F,0x2A,0x2F,0x62,
        0x2F,0x9A,0x2F,0xAC,0x2F,0xCA,0x2F,0xF0,0x2F,0xFC,0x30,0x20,0x30,0x42,0x30,0x64,
        0x30,0x90,0x30,0xBE,0x30,0xF4,0x31,0x22,0x31,0x3C,0x31,0x5A,0x31,0x6A,0x31,0x8C,
        0x31,0xA4,0x31,0xC4,0x31,0xDA,0x31,0xFE,0x32,0x14,0x32,0x3C,0x32,0x5E,0x32,0x7E,
        0x32,0xA0,0x32,0xBA,0x32,0xDA,0x32,0xEC,0x33,0x06,0x33,0x26,0x33,0x38,0x33,0x5A,
        0x33,0x82,0x33,0xBA,0x33,0xDA,0x34,0x04,0x34,0x24,0x34,0x50,0x34,0x76,0x34,0x9A,
        0x34,0xBC,0x34,0xDE,0x35,0x08,0x35,0x22,0x35,0x40,0x35,0x50,0x35,0x72,0x35,0x8A,
        0x35,0xAA,0x35,0xC0,0x35,0xE4,0x35,0xFA,0x36,0x22,0x36,0x44,0x36,0x64,0x36,0x86,
        0x36,0xA0,0x36,0xC0,0x36,0xD2,0x36,0xEC,0x37,0x0C,0x37,0x2C,0x37,0x3E,0x37,0x60,
        0x37,0x88,0x37,0xC0,0x37,0xE0,0x38,0x0A,0x38,0x2A,0x38,0x56,0x38,0x82,0x38,0xB0,
        0x38,0xE6,0x39,0x0A,0x39,0x26,0x39,0x42,0x39,0x62,0x39,0x7A,0x39,0x88,0x39,0xA0,
        0x39,0xB8,0x39,0xDA,0x39,0xFE,0x3A,0x1A,0x3A,0x4E,0x3A,0x82,0x3A,0x9A,0x3A,0xB4,
        0x3A,0xD2,0x3A,0xF0,0x3B,0x00,0x3B,0x1E,0x3B,0x36,0x3B,0x62,0x3B,0x80,0x3B,0xA2,
        0x3B,0xD6,0x3B,0xFE,0x3C,0x12,0x3C,0x32,0x3C,0x48,0x3C,0x68,0x3C,0x7A,0x3C,0x94,
        0x3C,0xAE,0x3C,0xC0,0x3C,0xE2,0x3D,0x0A,0x3D,0x42,0x3D,0x5A,0x3D,0x6E,0x3D,0x86,
        0x3D,0xA2,0x3D,0xC0,0x3D,0xE0,0x3D,0xFA,0x3E,0x1A,0x3E,0x46,0x3E,0x64,0x3E,0x7E,
        0x3E,0x9C,0x3E,0xBA,0x3E,0xCA,0x3E,0xE8,0x3F,0x08,0x3F,0x34,0x3F,0x52,0x3F,0x74,
        0x3F,0xA8,0x3F,0xD0,0x3F,0xE4,0x40,0x04,0x40,0x1A,0x40,0x3A,0x40,0x4C,0x40,0x66,
        0x40,0x80,0x40,0x92,0x40,0xB4,0x40,0xDC,0x41,0x14,0x41,0x2C,0x41,0x40,0x41,0x58,
        0x41,0x74,0x41,0x92,0x41,0xB2,0x41,0xCC,0x41,0xEC,0x42,0x18,0x42,0x36,0x42,0x5A,
        0x42,0x7C,0x42,0x98,0x42,0xB8,0x42,0xD0,0x42,0xDE,0x42,0xF6,0x43,0x0E,0x43,0x30,
        0x43,0x54,0x43,0x76,0x43,0xAA,0x43,0xDE,0x43,0xF6,0x44,0x0A,0x44,0x1E,0x44,0x4C,
        0x44,0x7A,0x44,0xA8,0x44,0xD6,0x45,0x06,0x45,0x36,0x45,0x62,0x45,0x8E,0x45,0x9A,
        0x45,0xA6,0x45,0xB8,0x45,0xC4,0x45,0xD6,0x45,0xF4,0x46,0x00,0x46,0x12,0x46,0x40,
        0x46,0x74,0x46,0xB8,0x46,0xD4,0x47,0x0A,0x47,0x2A,0x47,0x6E,0x47,0xB8,0x48,0x02,
        0x48,0x4A,0x48,0x60,0x48,0x76,0x48,0x8C,0x48,0xA2,0x48,0xC0,0x48,0xDE,0x48,0xFC,
        0x49,0x0C,0x49,0x26,0x49,0x40,0x49,0x40,0x49,0x40,0x49,0x40,0x49,0x40,0x49,0x40,
        0x49,0x40,0x49,0x40,0x49,0x40,0x49,0x40,0x49,0x40,0x49,0x40,0x49,0x40,0x49,0x40,
        0x49,0x40,0x49,0x56,0x49,0x6A,0x49,0x7E,0x49,0x92,0x49,0xA8,0x49,0xC2,0x49,0xD8,
        0x49,0xEE,0x4A,0x08,0x4A,0x1E,0x4A,0x34,0x4A,0x4E,0x4A,0x64,0x4A,0x78,0x4A,0x90,
        0x4A,0xA8,0x4A,0xBC,0x4A,0xDA,0x4A,0xF2,0x4B,0x08,0x4B,0x28,0x4B,0x42,0x4B,0x42,
        0x4B,0x42,0x4B,0x42,0x4B,0x42,0x4B,0x42,0x4B,0x42,0x4B,0x42,0x4B,0x42,0x4B,0x42,
        0x4B,0x42,0x4B,0x42,0x4B,0x42,0x4B,0x42,0x4B,0x42,0x4B,0x42,0x4B,0x42,0x4B,0x42,
        0x4B,0x42,0x4B,0x42,0x4B,0x42,0x4B,0x42,0x4B,0x42,0x4B,0x42,0x4B,0x42,0x4B,0x42,
        0x4B,0x42,0x4B,0x42,0x4B,0x42,0x4B,0x42,0x4B,0x42,0x4B,0x42,0x4B,0x42,0x4B,0x42,
        0x4B,0x42,0x4B,0x42,0x4B,0x42,0x4B,0x42,0x4B,0x42,0x4B,0x42,0x4B,0x42,0x4B,0x42,
        0x4B,0x42,0x4B,0x42,0x00,0x02,0x01,0x00,0x00,0x00,0x05,0x00,0x05,0x00,0x00,0x03,
        0x00,0x07,0x00,0x00,0x21,0x11,0x21,0x11,0x25,0x21,0x11,0x21,0x01,0x00,0x04,0x00,
        0xFC,0x20,0x03,0xC0,0xFC,0x40,0x05,0x00,0xFB,0x00,0x20,0x04,0xC0,0x00,0x00,0x00,
        0x00,0x02,0x00,0x00,0x00,0x00,0x00,0x7D,0x02,0x71,0x00,0x03,0x00,0x07,0x00,0x00,
        0x37,0x23,0x15,0x33,0x11,0x23,0x11,0x33,0x7D,0x7D,0x7D,0x7D,0x7D,0x7D,0x7D,0x02,
        0x71,0xFE,0x89,0x00,0x00,0x02,0x00,0x00,0x01,0xF4,0x01,0x77,0x02,0xEE,0x00,0x03,
        0x00,0x07,0x00,0x00,0x13,0x23,0x15,0x33,0x37,0x23,0x15,0x33,0x7D,0x7D,0x7D,0xFA,
        0x7D,0x7D,0x02,0xEE,0xFA,0xFA,0xFA,0x00,0x00,0x02,0x00,0x00,0x00,0x00,0x02,0x71,
        0x02,0x71,0x00,0x1B,0x00,0x1F,0x00,0x00,0x13,0x23,0x15,0x23,0x15,0x33,0x15,0x23,
        0x15,0x33,0x15,0x33,0x35,0x33,0x15,0x33,0x35,0x33,0x35,0x23,0x35,0x33,0x35,0x23,
        0x35,0x23,0x15,0x23,0x17,0x23,0x35,0x33,0xFA,0x7D,0x7D,0x7D,0x7D,0x7D,0x7D,0x7D,
        0x7D,0x7D,0x7D,0x7D,0x7D,0x7D,0x7D,0x7D,0x7D,0x7D,0x02,0x71,0x7D,0x7D,0x7D,0x7D,
        0x7D,0x7D,0x7D,0x7D,0x7D,0x7D,0x7D,0x7D,0x7D,0xFA,0x7D,0x00,0x00,0x03,0x00,0x00,
        0xFF,0x83,0x02,0x71,0x02,0xEE,0x00,0x13,0x00,0x17,0x00,0x1B,0x00,0x00,0x01,0x33,
        0x35,0x23,0x35,0x23,0x15,0x23,0x11,0x33,0x15,0x23,0x15,0x33,0x15,0x33,0x35,0x33,
        0x11,0x23,0x15,0x33,0x15,0x23,0x27,0x23,0x35,0x33,0x01,0x77,0xFA,0xFA,0x7D,0xFA,
        0xFA,0xFA,0xFA,0x7D,0xFA,0xFA,0x7D,0x7D,0x7D,0x7D,0x7D,0x01,0xF4,0x7D,0x7D,0x7D,
        0xFE,0x89,0x7D,0x7D,0x7D,0x7D,0x01,0x77,0x7D,0x7D,0xFA,0x7D,0x00,0x07,0x00,0x00,
        0x00,0x00,0x02,0x71,0x02,0x71,0x00,0x03,0x00,0x07,0x00,0x0B,0x00,0x0F,0x00,0x13,
        0x00,0x17,0x00,0x1B,0x00,0x00,0x37,0x23,0x15,0x33,0x37,0x23,0x15,0x33,0x13,0x23,
        0x15,0x33,0x37,0x23,0x15,0x33,0x03,0x33,0x35,0x23,0x27,0x33,0x35,0x23,0x27,0x33,
        0x35,0x23,0x7D,0x7D,0x7D,0x7D,0x7D,0x7D,0xFA,0x7D,0x7D,0x7D,0x7D,0x7D,0x7D,0x7D,
        0x7D,0xFA,0x7D,0x7D,0xFA,0x7D,0x7D,0x7D,0x7D,0xFA,0x7D,0x01,0x77,0x7D,0xFA,0x7D,
        0xFE,0x0C,0x7D,0x7D,0x7D,0x7D,0x7D,0x00,0x00,0x08,0x00,0x00,0x00,0x00,0x02,0x71,
        0x02,0x71,0x00,0x03,0x00,0x07,0x00,0x0B,0x00,0x0F,0x00,0x13,0x00,0x17,0x00,0x1B,
        0x00,0x1F,0x00,0x00,0x11,0x15,0x33,0x35,0x33,0x35,0x23,0x15,0x07,0x15,0x33,0x35,
        0x37,0x15,0x23,0x35,0x1D,0x01,0x33,0x35,0x33,0x35,0x23,0x15,0x37,0x35,0x23,0x15,
        0x17,0x35,0x23,0x15,0x7D,0xFA,0xFA,0x7D,0x7D,0xFA,0xFA,0xFA,0x7D,0x7D,0xFA,0x7D,
        0x7D,0x7D,0x01,0xF4,0x7D,0x7D,0x7D,0x7D,0xFA,0x7D,0x7D,0x7D,0x7D,0x7D,0xFA,0x7D,
        0x7D,0x7D,0x7D,0x7D,0x7D,0x7D,0xFA,0x7D,0x7D,0x00,0x00,0x00,0x00,0x01,0x00,0x00,
        0x01,0xF4,0x00,0x7D,0x02,0xEE,0x00,0x03,0x00,0x00,0x13,0x23,0x15,0x33,0x7D,0x7D,
        0x7D,0x02,0xEE,0xFA,0x00,0x03,0x00,0x00,0x00,0x00,0x00,0xFA,0x02,0x71,0x00,0x04,
        0x00,0x09,0x00,0x0E,0x00,0x00,0x19,0x01,0x33,0x11,0x39,0x01,0x33,0x35,0x23,0x15,
        0x11,0x33,0x35,0x23,0x15,0x7D,0x7D,0x7D,0x7D,0x7D,0x01,0xF4,0xFE,0x89,0x01,0x77,
        0x7D,0x7D,0xFE,0x0C,0x7D,0x7D,0x00,0x00,0x00,0x03,0x00,0x00,0x00,0x00,0x00,0xFA,
        0x02,0x71,0x00,0x04,0x00,0x09,0x00,0x0E,0x00,0x00,0x13,0x31,0x11,0x33,0x11,0x23,
        0x35,0x23,0x15,0x33,0x11,0x35,0x23,0x15,0x33,0x7D,0x7D,0x7D,0x7D,0x7D,0x7D,0x7D,
        0x01,0xF4,0xFE,0x89,0x01,0x77,0x7D,0x7D,0xFE,0x0C,0x7D,0x7D,0x00,0x01,0x00,0x00,
        0x01,0xF4,0x01,0x77,0x03,0x6B,0x00,0x0B,0x00,0x00,0x13,0x23,0x15,0x23,0x15,0x33,
        0x15,0x33,0x35,0x33,0x35,0x23,0xFA,0x7D,0x7D,0x7D,0x7D,0x7D,0x7D,0x03,0x6B,0x7D,
        0x7D,0x7D,0x7D,0x7D,0x00,0x01,0x00,0x00,0x00,0x00,0x02,0x71,0x02,0x71,0x00,0x0B,
        0x00,0x00,0x01,0x23,0x15,0x23,0x15,0x33,0x15,0x33,0x35,0x33,0x35,0x23,0x01,0x77,
        0x7D,0xFA,0xFA,0x7D,0xFA,0xFA,0x02,0x71,0xFA,0x7D,0xFA,0xFA,0x7D,0x00,0x00,0x00,
        0x00,0x01,0x00,0x00,0xFF,0x83,0x00,0x7D,0x00,0x7D,0x00,0x03,0x00,0x00,0x37,0x23,
        0x15,0x33,0x7D,0x7D,0x7D,0x7D,0xFA,0x00,0x00,0x01,0x00,0x00,0x00,0xFA,0x02,0x71,
        0x01,0x77,0x00,0x03,0x00,0x00,0x25,0x35,0x21,0x15,0x02,0x71,0xFD,0x8F,0xFA,0x7D,
        0x7D,0x00,0x00,0x00,0x00,0x01,0x00,0x00,0x00,0x00,0x00,0x7D,0x00,0x7D,0x00,0x03,
        0x00,0x00,0x37,0x23,0x15,0x33,0x7D,0x7D,0x7D,0x7D,0x7D,0x00,0x00,0x03,0x00,0x00,
        0x00,0x00,0x01,0x77,0x02,0x71,0x00,0x03,0x00,0x07,0x00,0x0B,0x00,0x00,0x01,0x23,
        0x15,0x33,0x2B,0x01,0x15,0x33,0x2B,0x01,0x15,0x33,0x01,0x77,0x7D,0x7D,0x7D,0x7D,
        0x7D,0x7D,0x7D,0x7D,0x02,0x71,0xFA,0x7D,0xFA,0x00,0x00,0x00,0x00,0x03,0x00,0x00,
        0x00,0x00,0x02,0x71,0x02,0x71,0x00,0x05,0x00,0x0B,0x00,0x0F,0x00,0x00,0x01,0x33,
        0x15,0x23,0x35,0x33,0x2B,0x01,0x35,0x33,0x15,0x23,0x03,0x21,0x11,0x21,0x01,0x77,
        0x7D,0xFA,0x7D,0x7D,0x7D,0xFA,0x7D,0xFA,0x02,0x71,0xFD,0x8F,0x01,0x77,0xFA,0x7D,
        0xFA,0x7D,0xFE,0x89,0x02,0x71,0x00,0x00,0x00,0x01,0x00,0x00,0x00,0x00,0x01,0x77,
        0x02,0x71,0x00,0x0B,0x00,0x00,0x35,0x15,0x21,0x35,0x23,0x11,0x23,0x15,0x23,0x15,
        0x33,0x15,0x01,0x77,0x7D,0x7D,0x7D,0x7D,0x7D,0x7D,0x7D,0x01,0xF4,0x7D,0x7D,0xFA,
        0x00,0x04,0x00,0x00,0x00,0x00,0x02,0x71,0x02,0x71,0x00,0x03,0x00,0x07,0x00,0x0B,
        0x00,0x12,0x00,0x00,0x01,0x23,0x15,0x33,0x27,0x21,0x15,0x21,0x15,0x21,0x15,0x29,
        0x01,0x23,0x15,0x21,0x35,0x21,0x35,0x02,0x71,0x7D,0x7D,0x7D,0xFE,0x0C,0x01,0xF4,
        0xFE,0x89,0x01,0x77,0xFE,0x89,0x7D,0x02,0x71,0xFE,0x0C,0x01,0xF4,0x7D,0xFA,0x7D,
        0x7D,0x7D,0xFA,0x7D,0x7D,0x00,0x00,0x00,0x00,0x03,0x00,0x00,0x00,0x00,0x02,0x71,
        0x02,0x71,0x00,0x05,0x00,0x0B,0x00,0x0F,0x00,0x00,0x01,0x35,0x21,0x15,0x21,0x1D,
        0x02,0x21,0x15,0x21,0x35,0x23,0x35,0x21,0x15,0x02,0x71,0xFD,0x8F,0x01,0xF4,0xFE,
        0x0C,0x02,0x71,0x7D,0xFE,0x89,0x01,0x77,0xFA,0x7D,0x7D,0x7D,0x7D,0x7D,0xFA,0x7D,
        0x7D,0x00,0x00,0x00,0x00,0x01,0x00,0x00,0x00,0x00,0x02,0x71,0x02,0x71,0x00,0x0D,
        0x00,0x00,0x3B,0x01,0x35,0x33,0x35,0x23,0x35,0x23,0x15,0x23,0x11,0x23,0x11,0x33,
        0xFA,0x7D,0xFA,0xFA,0x7D,0x7D,0x7D,0xFA,0x7D,0x7D,0x7D,0x7D,0x01,0x77,0xFE,0x0C,
        0x00,0x03,0x00,0x00,0x00,0x00,0x02,0x71,0x02,0x71,0x00,0x07,0x00,0x0B,0x00,0x0F,
        0x00,0x00,0x01,0x21,0x35,0x21,0x35,0x21,0x11,0x21,0x33,0x23,0x15,0x33,0x23,0x21,
        0x15,0x21,0x01,0xF4,0xFE,0x89,0x01,0xF4,0xFD,0x8F,0x01,0xF4,0x7D,0x7D,0x7D,0x7D,
        0xFE,0x0C,0x01,0xF4,0x01,0x77,0x7D,0x7D,0xFE,0x89,0x7D,0x7D,0x00,0x02,0x00,0x00,
        0x00,0x00,0x02,0x71,0x02,0x71,0x00,0x07,0x00,0x0B,0x00,0x00,0x31,0x21,0x11,0x21,
        0x35,0x21,0x35,0x21,0x01,0x15,0x21,0x35,0x02,0x71,0xFE,0x0C,0x01,0xF4,0xFD,0x8F,
        0x01,0xF4,0xFE,0x89,0x01,0x77,0x7D,0x7D,0xFE,0x89,0x7D,0x7D,0x00,0x03,0x00,0x00,
        0x00,0x00,0x02,0x71,0x02,0x71,0x00,0x03,0x00,0x09,0x00,0x0D,0x00,0x00,0x25,0x33,
        0x35,0x23,0x3B,0x01,0x35,0x21,0x15,0x21,0x07,0x23,0x15,0x33,0x01,0x77,0x7D,0x7D,
        0x7D,0x7D,0xFD,0x8F,0x01,0xF4,0x7D,0x7D,0x7D,0xFA,0x7D,0xFA,0x7D,0xFA,0xFA,0x00,
        0x00,0x03,0x00,0x00,0x00,0x00,0x02,0x71,0x02,0x71,0x00,0x03,0x00,0x07,0x00,0x0B,
        0x00,0x00,0x13,0x35,0x21,0x15,0x01,0x21,0x11,0x21,0x13,0x21,0x15,0x21,0x7D,0x01,
        0x77,0xFE,0x0C,0x02,0x71,0xFD,0x8F,0x7D,0x01,0x77,0xFE,0x89,0x01,0x77,0x7D,0x7D,
        0xFE,0x89,0x02,0x71,0xFE,0x89,0x7D,0x00,0x00,0x02,0x00,0x00,0x00,0x00,0x02,0x71,
        0x02,0x71,0x00,0x07,0x00,0x0B,0x00,0x00,0x01,0x21,0x11,0x21,0x15,0x21,0x15,0x21,
        0x01,0x35,0x21,0x15,0x02,0x71,0xFD,0x8F,0x01,0xF4,0xFE,0x0C,0x02,0x71,0xFE,0x0C,
        0x01,0x77,0x02,0x71,0xFE,0x89,0x7D,0x7D,0x01,0x77,0x7D,0x7D,0x00,0x02,0x00,0x00,
        0x00,0x00,0x00,0x7D,0x02,0x71,0x00,0x03,0x00,0x07,0x00,0x00,0x37,0x23,0x15,0x33,
        0x11,0x23,0x15,0x33,0x7D,0x7D,0x7D,0x7D,0x7D,0x7D,0x7D,0x02,0x71,0x7D,0x00,0x00,
        0x00,0x02,0x00,0x00,0xFF,0x83,0x00,0x7D,0x02,0x71,0x00,0x03,0x00,0x07,0x00,0x00,
        0x37,0x23,0x15,0x33,0x11,0x23,0x15,0x33,0x7D,0x7D,0x7D,0x7D,0x7D,0x7D,0xFA,0x02,
        0xEE,0x7D,0x00,0x00,0x00,0x05,0x00,0x00,0x00,0x00,0x01,0x77,0x02,0x71,0x00,0x03,
        0x00,0x07,0x00,0x0B,0x00,0x0F,0x00,0x13,0x00,0x00,0x13,0x35,0x23,0x15,0x17,0x15,
        0x33,0x35,0x27,0x15,0x33,0x35,0x27,0x15,0x33,0x35,0x37,0x35,0x23,0x15,0xFA,0x7D,
        0x7D,0x7D,0xFA,0x7D,0xFA,0x7D,0xFA,0x7D,0x01,0x77,0x7D,0x7D,0xFA,0x7D,0x7D,0x7D,
        0x7D,0x7D,0x7D,0x7D,0x7D,0x7D,0x7D,0x7D,0x00,0x02,0x00,0x00,0x00,0x7D,0x02,0x71,
        0x01,0xF4,0x00,0x03,0x00,0x07,0x00,0x00,0x01,0x35,0x21,0x15,0x05,0x35,0x21,0x15,
        0x02,0x71,0xFD,0x8F,0x02,0x71,0xFD,0x8F,0x01,0x77,0x7D,0x7D,0xFA,0x7D,0x7D,0x00,
        0x00,0x05,0x00,0x00,0x00,0x00,0x01,0x77,0x02,0x71,0x00,0x03,0x00,0x07,0x00,0x0B,
        0x00,0x0F,0x00,0x13,0x00,0x00,0x13,0x35,0x23,0x15,0x07,0x15,0x33,0x3D,0x01,0x15,
        0x33,0x3D,0x01,0x15,0x33,0x35,0x27,0x35,0x23,0x15,0xFA,0x7D,0x7D,0x7D,0x7D,0x7D,
        0xFA,0x7D,0x01,0x77,0x7D,0x7D,0xFA,0x7D,0x7D,0x7D,0x7D,0x7D,0x7D,0x7D,0x7D,0x7D,
        0x7D,0x7D,0x00,0x00,0x00,0x05,0x00,0x00,0x00,0x00,0x01,0xF4,0x02,0x71,0x00,0x03,
        0x00,0x07,0x00,0x0B,0x00,0x0F,0x00,0x13,0x00,0x00,0x37,0x33,0x35,0x23,0x37,0x23,
        0x15,0x33,0x05,0x33,0x35,0x23,0x13,0x33,0x35,0x23,0x37,0x33,0x35,0x23,0xFA,0x7D,
        0x7D,0x7D,0xFA,0xFA,0xFE,0x89,0x7D,0x7D,0xFA,0x7D,0x7D,0x7D,0x7D,0x7D,0xFA,0x7D,
        0xFA,0x7D,0x7D,0x7D,0xFE,0x0C,0x7D,0xFA,0x7D,0x00,0x00,0x00,0x00,0x01,0x00,0x00,
        0x00,0x00,0x02,0x71,0x02,0x71,0x00,0x0B,0x00,0x00,0x13,0x15,0x21,0x11,0x21,0x11,
        0x21,0x35,0x21,0x11,0x21,0x15,0xFA,0x01,0x77,0xFD,0x8F,0x02,0x71,0xFE,0x0C,0x01,
        0x77,0x01,0x77,0x7D,0x01,0x77,0xFD,0x8F,0x7D,0x01,0x77,0x7D,0x00,0x02,0x00,0x00,
        0x00,0x00,0x02,0x71,0x02,0x71,0x00,0x07,0x00,0x0B,0x00,0x00,0x25,0x15,0x33,0x11,
        0x21,0x11,0x33,0x35,0x01,0x15,0x21,0x35,0x01,0xF4,0x7D,0xFD,0x8F,0x7D,0x01,0x77,
        0xFE,0x89,0x7D,0x7D,0x02,0x71,0xFD,0x8F,0x7D,0x01,0x77,0xFA,0xFA,0x00,0x00,0x00,
        0x00,0x03,0x00,0x00,0x00,0x00,0x02,0x71,0x02,0x71,0x00,0x07,0x00,0x0B,0x00,0x0F,
        0x00,0x00,0x01,0x35,0x21,0x11,0x21,0x35,0x23,0x35,0x21,0x35,0x21,0x1D,0x01,0x21,
        0x35,0x21,0x02,0x71,0xFD,0x8F,0x02,0x71,0x7D,0xFE,0x89,0x01,0x77,0xFE,0x89,0x01,
        0x77,0x01,0x77,0xFA,0xFD,0x8F,0xFA,0x7D,0x7D,0x7D,0xFA,0x7D,0x00,0x01,0x00,0x00,
        0x00,0x00,0x02,0x71,0x02,0x71,0x00,0x07,0x00,0x00,0x13,0x21,0x35,0x21,0x11,0x21,
        0x35,0x21,0x7D,0x01,0xF4,0xFD,0x8F,0x02,0x71,0xFE,0x0C,0x01,0xF4,0x7D,0xFD,0x8F,
        0x7D,0x00,0x00,0x00,0x00,0x02,0x00,0x00,0x00,0x00,0x02,0x71,0x02,0x71,0x00,0x07,
        0x00,0x0B,0x00,0x00,0x25,0x21,0x11,0x21,0x35,0x21,0x11,0x21,0x19,0x01,0x33,0x11,
        0x01,0xF4,0xFE,0x89,0x01,0x77,0xFE,0x0C,0x01,0xF4,0x7D,0x7D,0x01,0x77,0x7D,0xFD,
        0x8F,0x01,0xF4,0xFE,0x89,0x01,0x77,0x00,0x00,0x01,0x00,0x00,0x00,0x00,0x02,0x71,
        0x02,0x71,0x00,0x0B,0x00,0x00,0x25,0x35,0x21,0x35,0x21,0x35,0x21,0x11,0x21,0x35,
        0x21,0x35,0x01,0xF4,0xFE,0x89,0x01,0xF4,0xFD,0x8F,0x02,0x71,0xFE,0x0C,0xFA,0x7D,
        0x7D,0x7D,0xFD,0x8F,0x7D,0x7D,0x00,0x00,0x00,0x01,0x00,0x00,0x00,0x00,0x02,0x71,
        0x02,0x71,0x00,0x09,0x00,0x00,0x25,0x35,0x21,0x35,0x21,0x35,0x21,0x11,0x33,0x35,
        0x01,0xF4,0xFE,0x89,0x01,0xF4,0xFD,0x8F,0x7D,0xFA,0x7D,0x7D,0x7D,0xFD,0x8F,0xFA,
        0x00,0x01,0x00,0x00,0x00,0x00,0x02,0x71,0x02,0x71,0x00,0x0B,0x00,0x00,0x01,0x23,
        0x15,0x33,0x15,0x21,0x11,0x21,0x35,0x21,0x11,0x21,0x02,0x71,0xFA,0x7D,0xFE,0x89,
        0x01,0xF4,0xFD,0x8F,0x02,0x71,0x01,0x77,0x7D,0x7D,0x01,0x77,0x7D,0xFD,0x8F,0x00,
        0x00,0x01,0x00,0x00,0x00,0x00,0x02,0x71,0x02,0x71,0x00,0x0B,0x00,0x00,0x25,0x15,
        0x33,0x11,0x23,0x15,0x21,0x35,0x23,0x11,0x33,0x35,0x01,0xF4,0x7D,0x7D,0xFE,0x89,
        0x7D,0x7D,0xFA,0xFA,0x02,0x71,0xFA,0xFA,0xFD,0x8F,0xFA,0x00,0x00,0x01,0x00,0x00,
        0x00,0x00,0x02,0x71,0x02,0x71,0x00,0x0B,0x00,0x00,0x01,0x33,0x35,0x21,0x15,0x33,
        0x11,0x23,0x15,0x21,0x35,0x23,0x01,0x77,0xFA,0xFD,0x8F,0xFA,0xFA,0x02,0x71,0xFA,
        0x01,0xF4,0x7D,0x7D,0xFE,0x89,0x7D,0x7D,0x00,0x01,0x00,0x00,0x00,0x00,0x02,0x71,
        0x02,0x71,0x00,0x09,0x00,0x00,0x25,0x21,0x35,0x23,0x15,0x21,0x11,0x23,0x15,0x33,
        0x01,0xF4,0xFE,0x89,0x7D,0x02,0x71,0xFA,0x7D,0x7D,0x7D,0xFA,0x02,0x71,0x7D,0x00,
        0x00,0x05,0x00,0x00,0x00,0x00,0x02,0x71,0x02,0x71,0x00,0x07,0x00,0x0B,0x00,0x0F,
        0x00,0x13,0x00,0x17,0x00,0x00,0x25,0x35,0x23,0x35,0x23,0x11,0x33,0x35,0x01,0x23,
        0x15,0x33,0x2B,0x01,0x15,0x33,0x17,0x23,0x15,0x33,0x27,0x23,0x15,0x33,0x01,0x77,
        0xFA,0x7D,0x7D,0x01,0xF4,0x7D,0x7D,0x7D,0x7D,0x7D,0x7D,0x7D,0x7D,0x7D,0x7D,0x7D,
        0xFA,0x7D,0xFA,0xFD,0x8F,0xFA,0x01,0x77,0x7D,0x7D,0xFA,0x7D,0xFA,0x7D,0x00,0x00,
        0x00,0x01,0x00,0x00,0x00,0x00,0x02,0x71,0x02,0x71,0x00,0x05,0x00,0x00,0x13,0x23,
        0x11,0x21,0x35,0x21,0x7D,0x7D,0x02,0x71,0xFE,0x0C,0x02,0x71,0xFD,0x8F,0x7D,0x00,
        0x00,0x03,0x00,0x00,0x00,0x00,0x02,0x71,0x02,0x71,0x00,0x07,0x00,0x0B,0x00,0x13,
        0x00,0x00,0x13,0x35,0x23,0x35,0x23,0x11,0x33,0x11,0x33,0x23,0x15,0x33,0x35,0x15,
        0x33,0x11,0x33,0x11,0x23,0x15,0xFA,0x7D,0x7D,0x7D,0xFA,0x7D,0x7D,0x7D,0x7D,0x7D,
        0x01,0x77,0x7D,0x7D,0xFD,0x8F,0x01,0x77,0x7D,0xFA,0x7D,0xFE,0x89,0x02,0x71,0x7D,
        0x00,0x03,0x00,0x00,0x00,0x00,0x02,0x71,0x02,0x71,0x00,0x07,0x00,0x0B,0x00,0x13,
        0x00,0x00,0x13,0x35,0x23,0x35,0x23,0x11,0x33,0x11,0x33,0x23,0x15,0x33,0x17,0x15,
        0x33,0x11,0x23,0x11,0x23,0x15,0xFA,0x7D,0x7D,0x7D,0xFA,0x7D,0x7D,0x7D,0x7D,0x7D,
        0x7D,0x01,0x77,0x7D,0x7D,0xFD,0x8F,0x01,0x77,0x7D,0x7D,0x7D,0x02,0x71,0xFE,0x89,
        0x7D,0x00,0x00,0x00,0x00,0x04,0x00,0x00,0x00,0x00,0x02,0x71,0x02,0x71,0x00,0x03,
        0x00,0x07,0x00,0x0B,0x00,0x0F,0x00,0x00,0x19,0x01,0x33,0x11,0x31,0x21,0x35,0x21,
        0x11,0x21,0x35,0x21,0x01,0x11,0x33,0x11,0x7D,0x01,0x77,0xFE,0x89,0x01,0x77,0xFE,
        0x89,0x01,0x77,0x7D,0x01,0xF4,0xFE,0x89,0x01,0x77,0x7D,0xFD,0x8F,0x7D,0x01,0x77,
        0xFE,0x89,0x01,0x77,0x00,0x02,0x00,0x00,0x00,0x00,0x02,0x71,0x02,0x71,0x00,0x09,
        0x00,0x0D,0x00,0x00,0x25,0x35,0x21,0x35,0x21,0x35,0x21,0x11,0x33,0x35,0x25,0x23,
        0x15,0x33,0x01,0xF4,0xFE,0x89,0x01,0x77,0xFE,0x0C,0x7D,0x01,0xF4,0x7D,0x7D,0xFA,
        0x7D,0x7D,0x7D,0xFD,0x8F,0xFA,0xFA,0x7D,0x00,0x02,0x00,0x00,0x00,0x00,0x02,0x71,
        0x02,0x71,0x00,0x03,0x00,0x0B,0x00,0x00,0x25,0x21,0x35,0x21,0x03,0x33,0x35,0x33,
        0x11,0x21,0x11,0x33,0x01,0xF4,0xFE,0x89,0x01,0x77,0xFA,0x7D,0xFA,0xFD,0x8F,0xFA,
        0xFA,0xFA,0xFE,0x0C,0x7D,0x01,0xF4,0xFE,0x0C,0x00,0x00,0x00,0x00,0x03,0x00,0x00,
        0x00,0x00,0x02,0x71,0x02,0x71,0x00,0x03,0x00,0x07,0x00,0x11,0x00,0x00,0x25,0x23,
        0x15,0x33,0x11,0x23,0x15,0x33,0x07,0x35,0x21,0x35,0x21,0x35,0x21,0x11,0x33,0x35,
        0x02,0x71,0x7D,0x7D,0x7D,0x7D,0x7D,0xFE,0x89,0x01,0x77,0xFE,0x0C,0x7D,0xFA,0xFA,
        0x01,0xF4,0x7D,0x7D,0x7D,0x7D,0x7D,0xFD,0x8F,0xFA,0x00,0x00,0x00,0x01,0x00,0x00,
        0x00,0x00,0x02,0x71,0x02,0x71,0x00,0x0B,0x00,0x00,0x01,0x21,0x35,0x21,0x35,0x21,
        0x11,0x21,0x15,0x21,0x15,0x21,0x02,0x71,0xFE,0x0C,0x01,0xF4,0xFD,0x8F,0x01,0xF4,
        0xFE,0x0C,0x02,0x71,0x01,0x77,0x7D,0x7D,0xFE,0x89,0x7D,0x7D,0x00,0x01,0x00,0x00,
        0x00,0x00,0x02,0x71,0x02,0x71,0x00,0x07,0x00,0x00,0x01,0x33,0x35,0x21,0x15,0x33,
        0x11,0x33,0x01,0x77,0xFA,0xFD,0x8F,0xFA,0x7D,0x01,0xF4,0x7D,0x7D,0xFE,0x0C,0x00,
        0x00,0x01,0x00,0x00,0x00,0x00,0x02,0x71,0x02,0x71,0x00,0x07,0x00,0x00,0x21,0x11,
        0x23,0x11,0x21,0x11,0x23,0x11,0x02,0x71,0x7D,0xFE,0x89,0x7D,0x02,0x71,0xFE,0x0C,
        0x01,0xF4,0xFD,0x8F,0x00,0x05,0x00,0x00,0x00,0x00,0x02,0x71,0x02,0x71,0x00,0x03,
        0x00,0x07,0x00,0x0B,0x00,0x0F,0x00,0x13,0x00,0x00,0x13,0x23,0x15,0x3B,0x01,0x23,
        0x15,0x33,0x03,0x23,0x15,0x33,0x17,0x33,0x35,0x23,0x3B,0x01,0x35,0x23,0xFA,0x7D,
        0x7D,0x7D,0x7D,0x7D,0xFA,0x7D,0x7D,0xFA,0x7D,0x7D,0x7D,0x7D,0x7D,0x01,0x77,0xFA,
        0x7D,0x02,0x71,0xFA,0xFA,0xFA,0xFA,0x00,0x00,0x05,0x00,0x00,0x00,0x00,0x02,0x71,
        0x02,0x71,0x00,0x03,0x00,0x07,0x00,0x0B,0x00,0x0F,0x00,0x13,0x00,0x00,0x13,0x23,
        0x11,0x3B,0x01,0x23,0x15,0x33,0x35,0x33,0x35,0x23,0x17,0x23,0x15,0x33,0x13,0x23,
        0x11,0x33,0x7D,0x7D,0x7D,0x7D,0x7D,0x7D,0x7D,0x7D,0xFA,0x7D,0x7D,0x7D,0x7D,0x7D,
        0x02,0x71,0xFE,0x0C,0x7D,0x7D,0xFA,0xFA,0x7D,0x02,0x71,0xFE,0x0C,0x00,0x00,0x00,
        0x00,0x09,0x00,0x00,0x00,0x00,0x02,0x71,0x02,0x71,0x00,0x03,0x00,0x07,0x00,0x0B,
        0x00,0x0F,0x00,0x13,0x00,0x17,0x00,0x1B,0x00,0x1F,0x00,0x23,0x00,0x00,0x37,0x23,
        0x15,0x33,0x37,0x23,0x15,0x33,0x13,0x23,0x15,0x33,0x37,0x23,0x15,0x33,0x03,0x33,
        0x35,0x2B,0x01,0x33,0x35,0x2B,0x01,0x33,0x35,0x2B,0x01,0x33,0x35,0x2B,0x01,0x33,
        0x35,0x23,0x7D,0x7D,0x7D,0x7D,0x7D,0x7D,0xFA,0x7D,0x7D,0x7D,0x7D,0x7D,0x7D,0x7D,
        0x7D,0x7D,0x7D,0x7D,0x7D,0x7D,0x7D,0x7D,0x7D,0x7D,0x7D,0x7D,0x7D,0x7D,0x7D,0xFA,
        0x7D,0x01,0x77,0x7D,0xFA,0x7D,0xFE,0x0C,0x7D,0x7D,0x7D,0x7D,0x7D,0x00,0x00,0x00,
        0x00,0x06,0x00,0x00,0x00,0x00,0x02,0x71,0x02,0x71,0x00,0x03,0x00,0x07,0x00,0x0B,
        0x00,0x0F,0x00,0x13,0x00,0x17,0x00,0x00,0x3B,0x01,0x35,0x23,0x3B,0x01,0x35,0x23,
        0x3B,0x01,0x35,0x23,0x03,0x23,0x15,0x33,0x03,0x23,0x15,0x33,0x03,0x23,0x15,0x33,
        0xFA,0x7D,0x7D,0x7D,0x7D,0x7D,0x7D,0x7D,0x7D,0x7D,0x7D,0x7D,0x7D,0x7D,0x7D,0x7D,
        0x7D,0x7D,0xFA,0x7D,0xFA,0xFE,0x89,0xFA,0x01,0x77,0x7D,0x01,0x77,0xFA,0x00,0x00,
        0x00,0x03,0x00,0x00,0x00,0x00,0x02,0x71,0x02,0x71,0x00,0x07,0x00,0x0B,0x00,0x13,
        0x00,0x00,0x37,0x23,0x15,0x23,0x15,0x21,0x35,0x21,0x35,0x15,0x33,0x35,0x37,0x33,
        0x35,0x21,0x15,0x21,0x15,0x33,0xFA,0x7D,0x7D,0x02,0x71,0xFE,0x89,0x7D,0x7D,0x7D,
        0xFD,0x8F,0x01,0x77,0x7D,0xFA,0x7D,0x7D,0x7D,0xFA,0x7D,0x7D,0x7D,0x7D,0x7D,0x7D,
        0x00,0x01,0x00,0x00,0x00,0x00,0x00,0xFA,0x02,0x71,0x00,0x07,0x00,0x00,0x19,0x01,
        0x33,0x35,0x23,0x11,0x33,0x35,0xFA,0x7D,0x7D,0x02,0x71,0xFD,0x8F,0x7D,0x01,0x77,
        0x7D,0x00,0x00,0x00,0x00,0x03,0x00,0x00,0x00,0x00,0x01,0x77,0x02,0x71,0x00,0x03,
        0x00,0x07,0x00,0x0B,0x00,0x00,0x25,0x23,0x15,0x33,0x03,0x23,0x15,0x33,0x03,0x23,
        0x15,0x33,0x01,0x77,0x7D,0x7D,0x7D,0x7D,0x7D,0x7D,0x7D,0x7D,0xFA,0xFA,0x01,0x77,
        0x7D,0x01,0x77,0xFA,0x00,0x01,0x00,0x00,0x00,0x00,0x00,0xFA,0x02,0x71,0x00,0x07,
        0x00,0x00,0x11,0x15,0x33,0x11,0x23,0x15,0x33,0x11,0x7D,0x7D,0xFA,0x02,0x71,0x7D,
        0xFE,0x89,0x7D,0x02,0x71,0x00,0x00,0x00,0x00,0x03,0x00,0x7D,0x02,0xEE,0x01,0xF4,
        0x03,0xE8,0x00,0x03,0x00,0x07,0x00,0x0B,0x00,0x00,0x13,0x23,0x15,0x3B,0x02,0x35,
        0x2B,0x01,0x33,0x35,0x23,0xFA,0x7D,0x7D,0x7D,0x7D,0x7D,0x7D,0x7D,0x7D,0x03,0x6B,
        0x7D,0x7D,0x7D,0x00,0x00,0x01,0x00,0x00,0x00,0x00,0x02,0xEE,0x00,0x7D,0x00,0x03,
        0x00,0x00,0x21,0x35,0x21,0x15,0x02,0xEE,0xFD,0x12,0x7D,0x7D,0x00,0x02,0x00,0x00,
        0x02,0xEE,0x00,0xFA,0x03,0xE8,0x00,0x03,0x00,0x07,0x00,0x00,0x13,0x33,0x35,0x2B,
        0x01,0x33,0x35,0x23,0x7D,0x7D,0x7D,0x7D,0x7D,0x7D,0x02,0xEE,0x7D,0x7D,0x00,0x00,
        0x00,0x02,0x00,0x00,0x00,0x00,0x02,0x71,0x02,0x71,0x00,0x07,0x00,0x0B,0x00,0x00,
        0x25,0x15,0x33,0x11,0x21,0x11,0x33,0x35,0x01,0x15,0x21,0x35,0x01,0xF4,0x7D,0xFD,
        0x8F,0x7D,0x01,0x77,0xFE,0x89,0x7D,0x7D,0x02,0x71,0xFD,0x8F,0x7D,0x01,0x77,0xFA,
        0xFA,0x00,0x00,0x00,0x00,0x03,0x00,0x00,0x00,0x00,0x02,0x71,0x02,0x71,0x00,0x07,
        0x00,0x0B,0x00,0x0F,0x00,0x00,0x01,0x35,0x21,0x11,0x21,0x35,0x23,0x35,0x21,0x35,
        0x21,0x1D,0x01,0x21,0x35,0x21,0x02,0x71,0xFD,0x8F,0x02,0x71,0x7D,0xFE,0x89,0x01,
        0x77,0xFE,0x89,0x01,0x77,0x01,0x77,0xFA,0xFD,0x8F,0xFA,0x7D,0x7D,0x7D,0xFA,0x7D,
        0x00,0x01,0x00,0x00,0x00,0x00,0x02,0x71,0x02,0x71,0x00,0x07,0x00,0x00,0x13,0x21,
        0x35,0x21,0x11,0x21,0x35,0x21,0x7D,0x01,0xF4,0xFD,0x8F,0x02,0x71,0xFE,0x0C,0x01,
        0xF4,0x7D,0xFD,0x8F,0x7D,0x00,0x00,0x00,0x00,0x02,0x00,0x00,0x00,0x00,0x02,0x71,
        0x02,0x71,0x00,0x07,0x00,0x0B,0x00,0x00,0x25,0x21,0x11,0x21,0x35,0x21,0x11,0x21,
        0x19,0x01,0x33,0x11,0x01,0xF4,0xFE,0x89,0x01,0x77,0xFE,0x0C,0x01,0xF4,0x7D,0x7D,
        0x01,0x77,0x7D,0xFD,0x8F,0x01,0xF4,0xFE,0x89,0x01,0x77,0x00,0x00,0x01,0x00,0x00,
        0x00,0x00,0x02,0x71,0x02,0x71,0x00,0x0B,0x00,0x00,0x25,0x35,0x21,0x35,0x21,0x35,
        0x21,0x11,0x21,0x35,0x21,0x35,0x01,0xF4,0xFE,0x89,0x01,0xF4,0xFD,0x8F,0x02,0x71,
        0xFE,0x0C,0xFA,0x7D,0x7D,0x7D,0xFD,0x8F,0x7D,0x7D,0x00,0x00,0x00,0x01,0x00,0x00,
        0x00,0x00,0x02,0x71,0x02,0x71,0x00,0x09,0x00,0x00,0x25,0x35,0x21,0x35,0x21,0x35,
        0x21,0x11,0x33,0x35,0x01,0xF4,0xFE,0x89,0x01,0xF4,0xFD,0x8F,0x7D,0xFA,0x7D,0x7D,
        0x7D,0xFD,0x8F,0xFA,0x00,0x01,0x00,0x00,0x00,0x00,0x02,0x71,0x02,0x71,0x00,0x0B,
        0x00,0x00,0x01,0x23,0x15,0x33,0x15,0x21,0x11,0x21,0x35,0x21,0x11,0x21,0x02,0x71,
        0xFA,0x7D,0xFE,0x89,0x01,0xF4,0xFD,0x8F,0x02,0x71,0x01,0x77,0x7D,0x7D,0x01,0x77,
        0x7D,0xFD,0x8F,0x00,0x00,0x01,0x00,0x00,0x00,0x00,0x02,0x71,0x02,0x71,0x00,0x0B,
        0x00,0x00,0x25,0x15,0x33,0x11,0x23,0x15,0x21,0x35,0x23,0x11,0x33,0x35,0x01,0xF4,
        0x7D,0x7D,0xFE,0x89,0x7D,0x7D,0xFA,0xFA,0x02,0x71,0xFA,0xFA,0xFD,0x8F,0xFA,0x00,
        0x00,0x01,0x00,0x00,0x00,0x00,0x02,0x71,0x02,0x71,0x00,0x0B,0x00,0x00,0x01,0x33,
        0x35,0x21,0x15,0x33,0x11,0x23,0x15,0x21,0x35,0x23,0x01,0x77,0xFA,0xFD,0x8F,0xFA,
        0xFA,0x02,0x71,0xFA,0x01,0xF4,0x7D,0x7D,0xFE,0x89,0x7D,0x7D,0x00,0x01,0x00,0x00,
        0x00,0x00,0x02,0x71,0x02,0x71,0x00,0x09,0x00,0x00,0x25,0x21,0x35,0x23,0x15,0x21,
        0x11,0x23,0x15,0x33,0x01,0xF4,0xFE,0x89,0x7D,0x02,0x71,0xFA,0x7D,0x7D,0x7D,0xFA,
        0x02,0x71,0x7D,0x00,0x00,0x05,0x00,0x00,0x00,0x00,0x02,0x71,0x02,0x71,0x00,0x07,
        0x00,0x0B,0x00,0x0F,0x00,0x13,0x00,0x17,0x00,0x00,0x25,0x35,0x23,0x35,0x23,0x11,
        0x33,0x35,0x01,0x23,0x15,0x33,0x2B,0x01,0x15,0x33,0x17,0x23,0x15,0x33,0x27,0x23,
        0x15,0x33,0x01,0x77,0xFA,0x7D,0x7D,0x01,0xF4,0x7D,0x7D,0x7D,0x7D,0x7D,0x7D,0x7D,
        0x7D,0x7D,0x7D,0x7D,0xFA,0x7D,0xFA,0xFD,0x8F,0xFA,0x01,0x77,0x7D,0x7D,0xFA,0x7D,
        0xFA,0x7D,0x00,0x00,0x00,0x01,0x00,0x00,0x00,0x00,0x02,0x71,0x02,0x71,0x00,0x05,
        0x00,0x00,0x13,0x23,0x11,0x21,0x35,0x21,0x7D,0x7D,0x02,0x71,0xFE,0x0C,0x02,0x71,
        0xFD,0x8F,0x7D,0x00,0x00,0x03,0x00,0x00,0x00,0x00,0x02,0x71,0x02,0x71,0x00,0x07,
        0x00,0x0B,0x00,0x13,0x00,0x00,0x13,0x35,0x23,0x35,0x23,0x11,0x33,0x11,0x33,0x23,
        0x15,0x33,0x35,0x15,0x33,0x11,0x33,0x11,0x23,0x15,0xFA,0x7D,0x7D,0x7D,0xFA,0x7D,
        0x7D,0x7D,0x7D,0x7D,0x01,0x77,0x7D,0x7D,0xFD,0x8F,0x01,0x77,0x7D,0xFA,0x7D,0xFE,
        0x89,0x02,0x71,0x7D,0x00,0x03,0x00,0x00,0x00,0x00,0x02,0x71,0x02,0x71,0x00,0x07,
        0x00,0x0B,0x00,0x13,0x00,0x00,0x13,0x35,0x23,0x35,0x23,0x11,0x33,0x11,0x33,0x23,
        0x15,0x33,0x17,0x15,0x33,0x11,0x23,0x11,0x23,0x15,0xFA,0x7D,0x7D,0x7D,0xFA,0x7D,
        0x7D,0x7D,0x7D,0x7D,0x7D,0x01,0x77,0x7D,0x7D,0xFD,0x8F,0x01,0x77,0x7D,0x7D,0x7D,
        0x02,0x71,0xFE,0x89,0x7D,0x00,0x00,0x00,0x00,0x04,0x00,0x00,0x00,0x00,0x02,0x71,
        0x02,0x71,0x00,0x03,0x00,0x07,0x00,0x0B,0x00,0x0F,0x00,0x00,0x19,0x01,0x33,0x11,
        0x31,0x21,0x35,0x21,0x11,0x21,0x35,0x21,0x01,0x11,0x33,0x11,0x7D,0x01,0x77,0xFE,
        0x89,0x01,0x77,0xFE,0x89,0x01,0x77,0x7D,0x01,0xF4,0xFE,0x89,0x01,0x77,0x7D,0xFD,
        0x8F,0x7D,0x01,0x77,0xFE,0x89,0x01,0x77,0x00,0x02,0x00,0x00,0x00,0x00,0x02,0x71,
        0x02,0x71,0x00,0x09,0x00,0x0D,0x00,0x00,0x25,0x35,0x21,0x35,0x21,0x35,0x21,0x11,
        0x33,0x35,0x25,0x23,0x15,0x33,0x01,0xF4,0xFE,0x89,0x01,0x77,0xFE,0x0C,0x7D,0x01,
        0xF4,0x7D,0x7D,0xFA,0x7D,0x7D,0x7D,0xFD,0x8F,0xFA,0xFA,0x7D,0x00,0x02,0x00,0x00,
        0x00,0x00,0x02,0x71,0x02,0x71,0x00,0x03,0x00,0x0B,0x00,0x00,0x25,0x21,0x35,0x21,
        0x03,0x33,0x35,0x33,0x11,0x21,0x11,0x33,0x01,0xF4,0xFE,0x89,0x01,0x77,0xFA,0x7D,
        0xFA,0xFD,0x8F,0xFA,0xFA,0xFA,0xFE,0x0C,0x7D,0x01,0xF4,0xFE,0x0C,0x00,0x00,0x00,
        0x00,0x03,0x00,0x00,0x00,0x00,0x02,0x71,0x02,0x71,0x00,0x03,0x00,0x07,0x00,0x11,
        0x00,0x00,0x25,0x23,0x15,0x33,0x11,0x23,0x15,0x33,0x07,0x35,0x21,0x35,0x21,0x35,
        0x21,0x11,0x33,0x35,0x02,0x71,0x7D,0x7D,0x7D,0x7D,0x7D,0xFE,0x89,0x01,0x77,0xFE,
        0x0C,0x7D,0xFA,0xFA,0x01,0xF4,0x7D,0x7D,0x7D,0x7D,0x7D,0xFD,0x8F,0xFA,0x00,0x00,
        0x00,0x01,0x00,0x00,0x00,0x00,0x02,0x71,0x02,0x71,0x00,0x0B,0x00,0x00,0x01,0x21,
        0x35,0x21,0x35,0x21,0x11,0x21,0x15,0x21,0x15,0x21,0x02,0x71,0xFE,0x0C,0x01,0xF4,
        0xFD,0x8F,0x01,0xF4,0xFE,0x0C,0x02,0x71,0x01,0x77,0x7D,0x7D,0xFE,0x89,0x7D,0x7D,
        0x00,0x01,0x00,0x00,0x00,0x00,0x02,0x71,0x02,0x71,0x00,0x07,0x00,0x00,0x01,0x33,
        0x35,0x21,0x15,0x33,0x11,0x33,0x01,0x77,0xFA,0xFD,0x8F,0xFA,0x7D,0x01,0xF4,0x7D,
        0x7D,0xFE,0x0C,0x00,0x00,0x01,0x00,0x00,0x00,0x00,0x02,0x71,0x02,0x71,0x00,0x07,
        0x00,0x00,0x21,0x11,0x23,0x11,0x21,0x11,0x23,0x11,0x02,0x71,0x7D,0xFE,0x89,0x7D,
        0x02,0x71,0xFE,0x0C,0x01,0xF4,0xFD,0x8F,0x00,0x05,0x00,0x00,0x00,0x00,0x02,0x71,
        0x02,0x71,0x00,0x03,0x00,0x07,0x00,0x0B,0x00,0x0F,0x00,0x13,0x00,0x00,0x3B,0x01,
        0x35,0x23,0x3B,0x01,0x35,0x23,0x3B,0x01,0x35,0x23,0x07,0x23,0x15,0x33,0x03,0x23,
        0x15,0x33,0xFA,0x7D,0x7D,0x7D,0x7D,0x7D,0x7D,0x7D,0x7D,0xFA,0x7D,0x7D,0x7D,0x7D,
        0x7D,0x7D,0xFA,0xFA,0xFA,0xFA,0x01,0xF4,0xFA,0x00,0x00,0x00,0x00,0x05,0x00,0x00,
        0x00,0x00,0x02,0x71,0x02,0x71,0x00,0x03,0x00,0x07,0x00,0x0B,0x00,0x0F,0x00,0x13,
        0x00,0x00,0x13,0x23,0x11,0x3B,0x01,0x23,0x15,0x33,0x35,0x33,0x35,0x23,0x17,0x23,
        0x15,0x33,0x13,0x23,0x11,0x33,0x7D,0x7D,0x7D,0x7D,0x7D,0x7D,0x7D,0x7D,0xFA,0x7D,
        0x7D,0x7D,0x7D,0x7D,0x02,0x71,0xFE,0x0C,0x7D,0x7D,0xFA,0xFA,0x7D,0x02,0x71,0xFE,
        0x0C,0x00,0x00,0x00,0x00,0x09,0x00,0x00,0x00,0x00,0x02,0x71,0x02,0x71,0x00,0x03,
        0x00,0x07,0x00,0x0B,0x00,0x0F,0x00,0x13,0x00,0x17,0x00,0x1B,0x00,0x1F,0x00,0x23,
        0x00,0x00,0x37,0x23,0x15,0x33,0x37,0x23,0x15,0x33,0x13,0x23,0x15,0x33,0x37,0x23,
        0x15,0x33,0x03,0x33,0x35,0x2B,0x01,0x33,0x35,0x2B,0x01,0x33,0x35,0x2B,0x01,0x33,
        0x35,0x2B,0x01,0x33,0x35,0x23,0x7D,0x7D,0x7D,0x7D,0x7D,0x7D,0xFA,0x7D,0x7D,0x7D,
        0x7D,0x7D,0x7D,0x7D,0x7D,0x7D,0x7D,0x7D,0x7D,0x7D,0x7D,0x7D,0x7D,0x7D,0x7D,0x7D,
        0x7D,0x7D,0x7D,0xFA,0x7D,0x01,0x77,0x7D,0xFA,0x7D,0xFE,0x0C,0x7D,0x7D,0x7D,0x7D,
        0x7D,0x00,0x00,0x00,0x00,0x06,0x00,0x00,0x00,0x00,0x02,0x71,0x02,0x71,0x00,0x03,
        0x00,0x07,0x00,0x0B,0x00,0x0F,0x00,0x13,0x00,0x17,0x00,0x00,0x3B,0x01,0x35,0x23,
        0x3B,0x01,0x35,0x23,0x3B,0x01,0x35,0x23,0x03,0x23,0x15,0x33,0x03,0x23,0x15,0x33,
        0x03,0x23,0x15,0x33,0xFA,0x7D,0x7D,0x7D,0x7D,0x7D,0x7D,0x7D,0x7D,0x7D,0x7D,0x7D,
        0x7D,0x7D,0x7D,0x7D,0x7D,0x7D,0xFA,0x7D,0xFA,0xFE,0x89,0xFA,0x01,0x77,0x7D,0x01,
        0x77,0xFA,0x00,0x00,0x00,0x03,0x00,0x00,0x00,0x00,0x02,0x71,0x02,0x71,0x00,0x07,
        0x00,0x0B,0x00,0x13,0x00,0x00,0x37,0x23,0x15,0x23,0x15,0x21,0x35,0x21,0x35,0x15,
        0x33,0x35,0x37,0x33,0x35,0x21,0x15,0x21,0x15,0x33,0xFA,0x7D,0x7D,0x02,0x71,0xFE,
        0x89,0x7D,0x7D,0x7D,0xFD,0x8F,0x01,0x77,0x7D,0xFA,0x7D,0x7D,0x7D,0xFA,0x7D,0x7D,
        0x7D,0x7D,0x7D,0x7D,0x00,0x01,0x00,0x00,0x00,0x00,0x01,0x77,0x02,0x71,0x00,0x0B,
        0x00,0x00,0x11,0x15,0x33,0x15,0x33,0x35,0x23,0x11,0x33,0x35,0x23,0x15,0x7D,0xFA,
        0x7D,0x7D,0xFA,0x01,0x77,0x7D,0xFA,0x7D,0x01,0x77,0x7D,0xFA,0x00,0x02,0x00,0x00,
        0x00,0x00,0x00,0x7D,0x02,0x71,0x00,0x03,0x00,0x07,0x00,0x00,0x37,0x23,0x15,0x33,
        0x11,0x23,0x15,0x33,0x7D,0x7D,0x7D,0x7D,0x7D,0xFA,0xFA,0x02,0x71,0xFA,0x00,0x00,
        0x00,0x01,0x00,0x00,0x00,0x00,0x01,0x77,0x02,0x71,0x00,0x0B,0x00,0x00,0x13,0x35,
        0x23,0x15,0x33,0x11,0x23,0x15,0x33,0x35,0x33,0x35,0xFA,0xFA,0x7D,0x7D,0xFA,0x7D,
        0x01,0x77,0xFA,0x7D,0xFE,0x89,0x7D,0xFA,0x7D,0x00,0x00,0x00,0x00,0x04,0x00,0x00,
        0x02,0x71,0x01,0xF4,0x03,0x6B,0x00,0x03,0x00,0x07,0x00,0x0B,0x00,0x0F,0x00,0x00,
        0x01,0x33,0x35,0x23,0x07,0x33,0x35,0x2B,0x01,0x33,0x35,0x23,0x07,0x33,0x35,0x23,
        0x01,0x77,0x7D,0x7D,0x7D,0x7D,0x7D,0x7D,0x7D,0x7D,0x7D,0x7D,0x7D,0x02,0xEE,0x7D,
        0xFA,0x7D,0x7D,0xFA,0x7D,0x00,0x00,0x00,0x00,0x04,0x00,0x00,0x00,0x00,0x02,0x71,
        0x03,0x6B,0x00,0x07,0x00,0x0B,0x00,0x0F,0x00,0x13,0x00,0x00,0x25,0x15,0x33,0x11,
        0x21,0x11,0x33,0x35,0x01,0x15,0x21,0x35,0x13,0x23,0x15,0x33,0x37,0x23,0x15,0x33,
        0x01,0xF4,0x7D,0xFD,0x8F,0x7D,0x01,0x77,0xFE,0x89,0x7D,0x7D,0x7D,0xFA,0x7D,0x7D,
        0x7D,0x7D,0x02,0x71,0xFD,0x8F,0x7D,0x01,0x77,0xFA,0xFA,0x01,0x77,0x7D,0x7D,0x7D,
        0x00,0x03,0x00,0x00,0x00,0x00,0x02,0x71,0x03,0x6B,0x00,0x07,0x00,0x0B,0x00,0x0F,
        0x00,0x00,0x25,0x15,0x33,0x11,0x21,0x11,0x33,0x35,0x01,0x15,0x21,0x35,0x13,0x23,
        0x15,0x33,0x01,0xF4,0x7D,0xFD,0x8F,0x7D,0x01,0x77,0xFE,0x89,0xFA,0x7D,0x7D,0x7D,
        0x7D,0x02,0x71,0xFD,0x8F,0x7D,0x01,0x77,0xFA,0xFA,0x01,0x77,0x7D,0x00,0x00,0x00,
        0x00,0x02,0x00,0x00,0xFF,0x06,0x02,0x71,0x02,0x71,0x00,0x03,0x00,0x0F,0x00,0x00,
        0x05,0x23,0x15,0x33,0x35,0x33,0x35,0x33,0x35,0x21,0x11,0x21,0x35,0x21,0x11,0x21,
        0x01,0x77,0x7D,0x7D,0x7D,0x7D,0xFE,0x0C,0x01,0xF4,0xFD,0x8F,0x01,0x77,0x7D,0x7D,
        0x7D,0x7D,0x7D,0x01,0x77,0x7D,0xFD,0x8F,0x00,0x03,0x00,0x00,0x00,0x00,0x02,0x71,
        0x03,0xE8,0x00,0x0B,0x00,0x0F,0x00,0x13,0x00,0x00,0x25,0x35,0x21,0x35,0x21,0x35,
        0x21,0x11,0x21,0x35,0x21,0x35,0x13,0x23,0x15,0x33,0x37,0x23,0x15,0x33,0x01,0xF4,
        0xFE,0x89,0x01,0xF4,0xFD,0x8F,0x02,0x71,0xFE,0x0C,0xFA,0x7D,0x7D,0x7D,0x7D,0x7D,
        0xFA,0x7D,0x7D,0x7D,0xFD,0x8F,0x7D,0x7D,0x02,0x71,0x7D,0xFA,0x7D,0x00,0x00,0x00,
        0x00,0x07,0x00,0x00,0x00,0x00,0x02,0x71,0x03,0xE8,0x00,0x03,0x00,0x07,0x00,0x0B,
        0x00,0x0F,0x00,0x17,0x00,0x1B,0x00,0x23,0x00,0x00,0x13,0x23,0x15,0x3B,0x02,0x35,
        0x23,0x35,0x23,0x15,0x3B,0x02,0x35,0x23,0x03,0x35,0x23,0x35,0x23,0x11,0x33,0x11,
        0x33,0x23,0x15,0x33,0x17,0x15,0x33,0x11,0x23,0x11,0x23,0x15,0xBB,0x7D,0x7D,0x7D,
        0x7D,0x7D,0x7D,0x7D,0x7D,0x7D,0x7D,0xBB,0x7D,0x7D,0x7D,0xFA,0x7D,0x7D,0x7D,0x7D,
        0x7D,0x7D,0x03,0x6B,0x7D,0x7D,0x7D,0x7D,0x7D,0xFD,0x8F,0x7D,0x7D,0xFD,0x8F,0x01,
        0x77,0x7D,0x7D,0x7D,0x02,0x71,0xFE,0x89,0x7D,0x00,0x00,0x00,0x00,0x06,0x00,0x00,
        0x00,0x00,0x02,0x71,0x03,0x6B,0x00,0x03,0x00,0x07,0x00,0x0B,0x00,0x0F,0x00,0x13,
        0x00,0x17,0x00,0x00,0x19,0x01,0x33,0x11,0x31,0x21,0x35,0x21,0x11,0x21,0x35,0x21,
        0x01,0x11,0x33,0x11,0x01,0x23,0x15,0x33,0x37,0x23,0x15,0x33,0x7D,0x01,0x77,0xFE,
        0x89,0x01,0x77,0xFE,0x89,0x01,0x77,0x7D,0xFE,0x89,0x7D,0x7D,0xFA,0x7D,0x7D,0x01,
        0xF4,0xFE,0x89,0x01,0x77,0x7D,0xFD,0x8F,0x7D,0x01,0x77,0xFE,0x89,0x01,0x77,0x01,
        0x77,0x7D,0x7D,0x7D,0x00,0x03,0x00,0x00,0x00,0x00,0x02,0x71,0x03,0x6B,0x00,0x07,
        0x00,0x0B,0x00,0x0F,0x00,0x00,0x21,0x11,0x23,0x11,0x21,0x11,0x23,0x11,0x13,0x23,
        0x15,0x33,0x37,0x23,0x15,0x33,0x02,0x71,0x7D,0xFE,0x89,0x7D,0xFA,0x7D,0x7D,0xFA,
        0x7D,0x7D,0x02,0x71,0xFE,0x0C,0x01,0xF4,0xFD,0x8F,0x03,0x6B,0x7D,0x7D,0x7D,0x00,
        0x00,0x04,0x00,0x00,0x00,0x00,0x02,0x71,0x03,0xE8,0x00,0x03,0x00,0x07,0x00,0x0F,
        0x00,0x13,0x00,0x00,0x01,0x23,0x15,0x33,0x37,0x23,0x15,0x33,0x11,0x15,0x33,0x11,
        0x21,0x11,0x33,0x35,0x01,0x15,0x21,0x35,0x01,0x77,0x7D,0x7D,0x7D,0x7D,0x7D,0x7D,
        0xFD,0x8F,0x7D,0x01,0x77,0xFE,0x89,0x03,0x6B,0x7D,0xFA,0x7D,0xFD,0x12,0x7D,0x02,
        0x71,0xFD,0x8F,0x7D,0x01,0x77,0xFA,0xFA,0x00,0x04,0x00,0x00,0x00,0x00,0x02,0x71,
        0x03,0xE8,0x00,0x03,0x00,0x07,0x00,0x0F,0x00,0x13,0x00,0x00,0x13,0x33,0x35,0x2B,
        0x01,0x33,0x35,0x23,0x01,0x15,0x33,0x11,0x21,0x11,0x33,0x35,0x01,0x15,0x21,0x35,
        0xFA,0x7D,0x7D,0x7D,0x7D,0x7D,0x01,0x77,0x7D,0xFD,0x8F,0x7D,0x01,0x77,0xFE,0x89,
        0x02,0xEE,0x7D,0x7D,0xFC,0x95,0x7D,0x02,0x71,0xFD,0x8F,0x7D,0x01,0x77,0xFA,0xFA,
        0x00,0x05,0x00,0x00,0x00,0x00,0x02,0x71,0x03,0xE8,0x00,0x07,0x00,0x0B,0x00,0x0F,
        0x00,0x13,0x00,0x17,0x00,0x00,0x25,0x15,0x33,0x11,0x21,0x11,0x33,0x35,0x01,0x15,
        0x21,0x35,0x13,0x23,0x15,0x3B,0x02,0x35,0x2B,0x01,0x33,0x35,0x23,0x01,0xF4,0x7D,
        0xFD,0x8F,0x7D,0x01,0x77,0xFE,0x89,0x7D,0x7D,0x7D,0x7D,0x7D,0x7D,0x7D,0x7D,0x7D,
        0x7D,0x7D,0x02,0x71,0xFD,0x8F,0x7D,0x01,0x77,0xFA,0xFA,0x01,0x77,0x7D,0x7D,0x7D,
        0x00,0x04,0x00,0x00,0x00,0x00,0x02,0x71,0x03,0x6B,0x00,0x07,0x00,0x0B,0x00,0x0F,
        0x00,0x13,0x00,0x00,0x25,0x15,0x33,0x11,0x21,0x11,0x33,0x35,0x01,0x15,0x21,0x35,
        0x13,0x23,0x15,0x3B,0x02,0x35,0x23,0x01,0xF4,0x7D,0xFD,0x8F,0x7D,0x01,0x77,0xFE,
        0x89,0x7D,0x7D,0x7D,0x7D,0x7D,0x7D,0x7D,0x7D,0x02,0x71,0xFD,0x8F,0x7D,0x01,0x77,
        0xFA,0xFA,0x01,0x77,0x7D,0x7D,0x00,0x00,0x00,0x06,0x00,0x00,0x00,0x00,0x02,0x71,
        0x03,0xE8,0x00,0x07,0x00,0x0B,0x00,0x0F,0x00,0x13,0x00,0x17,0x00,0x1B,0x00,0x00,
        0x25,0x15,0x33,0x11,0x21,0x11,0x33,0x35,0x01,0x15,0x21,0x35,0x13,0x23,0x15,0x3B,
        0x02,0x35,0x23,0x35,0x23,0x15,0x3B,0x02,0x35,0x23,0x01,0xF4,0x7D,0xFD,0x8F,0x7D,
        0x01,0x77,0xFE,0x89,0x3E,0x7D,0x7D,0x7D,0x7D,0x7D,0x7D,0x7D,0x7D,0x7D,0x7D,0x7D,
        0x7D,0x02,0x71,0xFD,0x8F,0x7D,0x01,0x77,0xFA,0xFA,0x01,0x77,0x7D,0x7D,0x7D,0x7D,
        0x7D,0x00,0x00,0x00,0x00,0x03,0x00,0x00,0x00,0x00,0x02,0x71,0x03,0x6B,0x00,0x07,
        0x00,0x0B,0x00,0x0F,0x00,0x00,0x25,0x15,0x33,0x11,0x21,0x11,0x33,0x35,0x01,0x15,
        0x21,0x35,0x13,0x23,0x15,0x33,0x01,0xF4,0x7D,0xFD,0x8F,0x7D,0x01,0x77,0xFE,0x89,
        0xFA,0x7D,0x7D,0x7D,0x7D,0x02,0x71,0xFD,0x8F,0x7D,0x01,0x77,0xFA,0xFA,0x01,0x77,
        0x7D,0x00,0x00,0x00,0x00,0x02,0x00,0x00,0xFF,0x06,0x02,0x71,0x02,0x71,0x00,0x03,
        0x00,0x0F,0x00,0x00,0x05,0x23,0x15,0x33,0x35,0x33,0x35,0x33,0x35,0x21,0x11,0x21,
        0x35,0x21,0x11,0x21,0x01,0x77,0x7D,0x7D,0x7D,0x7D,0xFE,0x0C,0x01,0xF4,0xFD,0x8F,
        0x01,0x77,0x7D,0x7D,0x7D,0x7D,0x7D,0x01,0x77,0x7D,0xFD,0x8F,0x00,0x03,0x00,0x00,
        0x00,0x00,0x02,0x71,0x03,0xE8,0x00,0x0B,0x00,0x0F,0x00,0x13,0x00,0x00,0x25,0x35,
        0x21,0x35,0x21,0x35,0x21,0x11,0x21,0x35,0x21,0x35,0x13,0x23,0x15,0x33,0x37,0x23,
        0x15,0x33,0x01,0xF4,0xFE,0x89,0x01,0xF4,0xFD,0x8F,0x02,0x71,0xFE,0x0C,0xFA,0x7D,
        0x7D,0x7D,0x7D,0x7D,0xFA,0x7D,0x7D,0x7D,0xFD,0x8F,0x7D,0x7D,0x02,0x71,0x7D,0xFA,
        0x7D,0x00,0x00,0x00,0x00,0x03,0x00,0x00,0x00,0x00,0x02,0x71,0x03,0xE8,0x00,0x0B,
        0x00,0x0F,0x00,0x13,0x00,0x00,0x25,0x35,0x21,0x35,0x21,0x35,0x21,0x11,0x21,0x35,
        0x21,0x35,0x13,0x33,0x35,0x2B,0x01,0x33,0x35,0x23,0x01,0xF4,0xFE,0x89,0x01,0xF4,
        0xFD,0x8F,0x02,0x71,0xFE,0x0C,0x7D,0x7D,0x7D,0x7D,0x7D,0x7D,0xFA,0x7D,0x7D,0x7D,
        0xFD,0x8F,0x7D,0x7D,0x01,0xF4,0x7D,0x7D,0x00,0x04,0x00,0x00,0x00,0x00,0x02,0x71,
        0x03,0xE8,0x00,0x0B,0x00,0x0F,0x00,0x13,0x00,0x17,0x00,0x00,0x25,0x35,0x21,0x35,
        0x21,0x35,0x21,0x11,0x21,0x35,0x21,0x35,0x13,0x23,0x15,0x3B,0x02,0x35,0x2B,0x01,
        0x33,0x35,0x23,0x01,0xF4,0xFE,0x89,0x01,0xF4,0xFD,0x8F,0x02,0x71,0xFE,0x0C,0x7D,
        0x7D,0x7D,0x7D,0x7D,0x7D,0x7D,0x7D,0x7D,0xFA,0x7D,0x7D,0x7D,0xFD,0x8F,0x7D,0x7D,
        0x02,0x71,0x7D,0x7D,0x7D,0x00,0x00,0x00,0x00,0x03,0x00,0x00,0x00,0x00,0x02,0x71,
        0x03,0x6B,0x00,0x0B,0x00,0x0F,0x00,0x13,0x00,0x00,0x25,0x35,0x21,0x35,0x21,0x35,
        0x21,0x11,0x21,0x35,0x21,0x35,0x13,0x23,0x15,0x33,0x37,0x23,0x15,0x33,0x01,0xF4,
        0xFE,0x89,0x01,0xF4,0xFD,0x8F,0x02,0x71,0xFE,0x0C,0x7D,0x7D,0x7D,0xFA,0x7D,0x7D,
        0xFA,0x7D,0x7D,0x7D,0xFD,0x8F,0x7D,0x7D,0x02,0x71,0x7D,0x7D,0x7D,0x00,0x00,0x00,
        0x00,0x03,0x00,0x00,0x00,0x00,0x02,0x71,0x03,0xE8,0x00,0x0B,0x00,0x0F,0x00,0x13,
        0x00,0x00,0x01,0x33,0x35,0x21,0x15,0x33,0x11,0x23,0x15,0x21,0x35,0x23,0x11,0x23,
        0x15,0x33,0x37,0x23,0x15,0x33,0x01,0x77,0xFA,0xFD,0x8F,0xFA,0xFA,0x02,0x71,0xFA,
        0x7D,0x7D,0x7D,0x7D,0x7D,0x01,0xF4,0x7D,0x7D,0xFE,0x89,0x7D,0x7D,0x02,0xEE,0x7D,
        0xFA,0x7D,0x00,0x00,0x00,0x03,0x00,0x00,0x00,0x00,0x02,0x71,0x03,0xE8,0x00,0x0B,
        0x00,0x0F,0x00,0x13,0x00,0x00,0x01,0x33,0x35,0x21,0x15,0x33,0x11,0x23,0x15,0x21,
        0x35,0x23,0x03,0x33,0x35,0x2B,0x01,0x33,0x35,0x23,0x01,0x77,0xFA,0xFD,0x8F,0xFA,
        0xFA,0x02,0x71,0xFA,0x7D,0x7D,0x7D,0x7D,0x7D,0x7D,0x01,0xF4,0x7D,0x7D,0xFE,0x89,
        0x7D,0x7D,0x02,0x71,0x7D,0x7D,0x00,0x00,0x00,0x04,0x00,0x00,0x00,0x00,0x02,0x71,
        0x03,0xE8,0x00,0x0B,0x00,0x0F,0x00,0x13,0x00,0x17,0x00,0x00,0x01,0x33,0x35,0x21,
        0x15,0x33,0x11,0x23,0x15,0x21,0x35,0x23,0x03,0x23,0x15,0x3B,0x02,0x35,0x2B,0x01,
        0x33,0x35,0x23,0x01,0x77,0xFA,0xFD,0x8F,0xFA,0xFA,0x02,0x71,0xFA,0x7D,0x7D,0x7D,
        0x7D,0x7D,0x7D,0x7D,0x7D,0x7D,0x01,0xF4,0x7D,0x7D,0xFE,0x89,0x7D,0x7D,0x02,0xEE,
        0x7D,0x7D,0x7D,0x00,0x00,0x03,0x00,0x00,0x00,0x00,0x02,0x71,0x03,0x6B,0x00,0x0B,
        0x00,0x0F,0x00,0x13,0x00,0x00,0x01,0x33,0x35,0x21,0x15,0x33,0x11,0x23,0x15,0x21,
        0x35,0x23,0x03,0x23,0x15,0x33,0x37,0x23,0x15,0x33,0x01,0x77,0xFA,0xFD,0x8F,0xFA,
        0xFA,0x02,0x71,0xFA,0x7D,0x7D,0x7D,0xFA,0x7D,0x7D,0x01,0xF4,0x7D,0x7D,0xFE,0x89,
        0x7D,0x7D,0x02,0xEE,0x7D,0x7D,0x7D,0x00,0x00,0x07,0x00,0x00,0x00,0x00,0x02,0x71,
        0x03,0xE8,0x00,0x03,0x00,0x07,0x00,0x0B,0x00,0x0F,0x00,0x17,0x00,0x1B,0x00,0x23,
        0x00,0x00,0x13,0x23,0x15,0x3B,0x02,0x35,0x23,0x35,0x23,0x15,0x3B,0x02,0x35,0x23,
        0x03,0x35,0x23,0x35,0x23,0x11,0x33,0x11,0x33,0x23,0x15,0x33,0x17,0x15,0x33,0x11,
        0x23,0x11,0x23,0x15,0xBB,0x7D,0x7D,0x7D,0x7D,0x7D,0x7D,0x7D,0x7D,0x7D,0x7D,0xBB,
        0x7D,0x7D,0x7D,0xFA,0x7D,0x7D,0x7D,0x7D,0x7D,0x7D,0x03,0x6B,0x7D,0x7D,0x7D,0x7D,
        0x7D,0xFD,0x8F,0x7D,0x7D,0xFD,0x8F,0x01,0x77,0x7D,0x7D,0x7D,0x02,0x71,0xFE,0x89,
        0x7D,0x00,0x00,0x00,0x00,0x06,0x00,0x00,0x00,0x00,0x02,0x71,0x03,0xE8,0x00,0x03,
        0x00,0x07,0x00,0x0B,0x00,0x0F,0x00,0x13,0x00,0x17,0x00,0x00,0x19,0x01,0x33,0x11,
        0x31,0x21,0x35,0x21,0x11,0x21,0x35,0x21,0x01,0x11,0x33,0x11,0x03,0x23,0x15,0x33,
        0x37,0x23,0x15,0x33,0x7D,0x01,0x77,0xFE,0x89,0x01,0x77,0xFE,0x89,0x01,0x77,0x7D,
        0xFA,0x7D,0x7D,0x7D,0x7D,0x7D,0x01,0xF4,0xFE,0x89,0x01,0x77,0x7D,0xFD,0x8F,0x7D,
        0x01,0x77,0xFE,0x89,0x01,0x77,0x01,0x77,0x7D,0xFA,0x7D,0x00,0x00,0x06,0x00,0x00,
        0x00,0x00,0x02,0x71,0x03,0xE8,0x00,0x03,0x00,0x07,0x00,0x0B,0x00,0x0F,0x00,0x13,
        0x00,0x17,0x00,0x00,0x19,0x01,0x33,0x11,0x31,0x21,0x35,0x21,0x11,0x21,0x35,0x21,
        0x01,0x11,0x33,0x11,0x25,0x33,0x35,0x2B,0x01,0x33,0x35,0x23,0x7D,0x01,0x77,0xFE,
        0x89,0x01,0x77,0xFE,0x89,0x01,0x77,0x7D,0xFE,0x89,0x7D,0x7D,0x7D,0x7D,0x7D,0x01,
        0xF4,0xFE,0x89,0x01,0x77,0x7D,0xFD,0x8F,0x7D,0x01,0x77,0xFE,0x89,0x01,0x77,0xFA,
        0x7D,0x7D,0x00,0x00,0x00,0x07,0x00,0x00,0x00,0x00,0x02,0x71,0x03,0xE8,0x00,0x03,
        0x00,0x07,0x00,0x0B,0x00,0x0F,0x00,0x13,0x00,0x17,0x00,0x1B,0x00,0x00,0x19,0x01,
        0x33,0x11,0x31,0x21,0x35,0x21,0x11,0x21,0x35,0x21,0x01,0x11,0x33,0x11,0x01,0x23,
        0x15,0x3B,0x02,0x35,0x2B,0x01,0x33,0x35,0x23,0x7D,0x01,0x77,0xFE,0x89,0x01,0x77,
        0xFE,0x89,0x01,0x77,0x7D,0xFE,0x89,0x7D,0x7D,0x7D,0x7D,0x7D,0x7D,0x7D,0x7D,0x01,
        0xF4,0xFE,0x89,0x01,0x77,0x7D,0xFD,0x8F,0x7D,0x01,0x77,0xFE,0x89,0x01,0x77,0x01,
        0x77,0x7D,0x7D,0x7D,0x00,0x06,0x00,0x00,0x00,0x00,0x02,0x71,0x03,0x6B,0x00,0x03,
        0x00,0x07,0x00,0x0B,0x00,0x0F,0x00,0x13,0x00,0x17,0x00,0x00,0x19,0x01,0x33,0x11,
        0x31,0x21,0x35,0x21,0x11,0x21,0x35,0x21,0x01,0x11,0x33,0x11,0x01,0x23,0x15,0x33,
        0x37,0x23,0x15,0x33,0x7D,0x01,0x77,0xFE,0x89,0x01,0x77,0xFE,0x89,0x01,0x77,0x7D,
        0xFE,0x89,0x7D,0x7D,0xFA,0x7D,0x7D,0x01,0xF4,0xFE,0x89,0x01,0x77,0x7D,0xFD,0x8F,
        0x7D,0x01,0x77,0xFE,0x89,0x01,0x77,0x01,0x77,0x7D,0x7D,0x7D,0x00,0x08,0x00,0x00,
        0x00,0x00,0x02,0x71,0x03,0xE8,0x00,0x03,0x00,0x07,0x00,0x0B,0x00,0x0F,0x00,0x13,
        0x00,0x17,0x00,0x1B,0x00,0x1F,0x00,0x00,0x19,0x01,0x33,0x11,0x31,0x21,0x35,0x21,
        0x11,0x21,0x35,0x21,0x01,0x11,0x33,0x11,0x01,0x23,0x15,0x3B,0x02,0x35,0x23,0x35,
        0x23,0x15,0x3B,0x02,0x35,0x23,0x7D,0x01,0x77,0xFE,0x89,0x01,0x77,0xFE,0x89,0x01,
        0x77,0x7D,0xFE,0x4A,0x7D,0x7D,0x7D,0x7D,0x7D,0x7D,0x7D,0x7D,0x7D,0x7D,0x01,0xF4,
        0xFE,0x89,0x01,0x77,0x7D,0xFD,0x8F,0x7D,0x01,0x77,0xFE,0x89,0x01,0x77,0x01,0x77,
        0x7D,0x7D,0x7D,0x7D,0x7D,0x00,0x00,0x00,0x00,0x03,0x00,0x00,0x00,0x00,0x02,0x71,
        0x03,0xE8,0x00,0x07,0x00,0x0B,0x00,0x0F,0x00,0x00,0x21,0x11,0x23,0x11,0x21,0x11,
        0x23,0x11,0x01,0x23,0x15,0x33,0x37,0x23,0x15,0x33,0x02,0x71,0x7D,0xFE,0x89,0x7D,
        0x01,0x77,0x7D,0x7D,0x7D,0x7D,0x7D,0x02,0x71,0xFE,0x0C,0x01,0xF4,0xFD,0x8F,0x03,
        0x6B,0x7D,0xFA,0x7D,0x00,0x03,0x00,0x00,0x00,0x00,0x02,0x71,0x03,0xE8,0x00,0x07,
        0x00,0x0B,0x00,0x0F,0x00,0x00,0x21,0x11,0x23,0x11,0x21,0x11,0x23,0x11,0x13,0x33,
        0x35,0x2B,0x01,0x33,0x35,0x23,0x02,0x71,0x7D,0xFE,0x89,0x7D,0xFA,0x7D,0x7D,0x7D,
        0x7D,0x7D,0x02,0x71,0xFE,0x0C,0x01,0xF4,0xFD,0x8F,0x02,0xEE,0x7D,0x7D,0x00,0x00,
        0x00,0x04,0x00,0x00,0x00,0x00,0x02,0x71,0x03,0xE8,0x00,0x07,0x00,0x0B,0x00,0x0F,
        0x00,0x13,0x00,0x00,0x21,0x11,0x23,0x11,0x21,0x11,0x23,0x11,0x13,0x23,0x15,0x3B,
        0x02,0x35,0x2B,0x01,0x33,0x35,0x23,0x02,0x71,0x7D,0xFE,0x89,0x7D,0xFA,0x7D,0x7D,
        0x7D,0x7D,0x7D,0x7D,0x7D,0x7D,0x02,0x71,0xFE,0x0C,0x01,0xF4,0xFD,0x8F,0x03,0x6B,
        0x7D,0x7D,0x7D,0x00,0x00,0x03,0x00,0x00,0x00,0x00,0x02,0x71,0x03,0x6B,0x00,0x07,
        0x00,0x0B,0x00,0x0F,0x00,0x00,0x21,0x11,0x23,0x11,0x21,0x11,0x23,0x11,0x13,0x23,
        0x15,0x33,0x37,0x23,0x15,0x33,0x02,0x71,0x7D,0xFE,0x89,0x7D,0xFA,0x7D,0x7D,0xFA,
        0x7D,0x7D,0x02,0x71,0xFE,0x0C,0x01,0xF4,0xFD,0x8F,0x03,0x6B,0x7D,0x7D,0x7D,0x00,
        0x00,0x01,0x00,0x00,0x00,0x00,0x02,0x71,0x03,0x6B,0x00,0x0B,0x00,0x00,0x11,0x15,
        0x33,0x11,0x33,0x11,0x33,0x35,0x23,0x35,0x23,0x15,0xFA,0x7D,0xFA,0xFA,0x7D,0x02,
        0xEE,0x7D,0xFD,0x8F,0x02,0x71,0x7D,0x7D,0x7D,0x00,0x00,0x00,0x00,0x02,0x00,0x7D,
        0x01,0x77,0x01,0xF4,0x02,0xEE,0x00,0x03,0x00,0x07,0x00,0x00,0x13,0x21,0x11,0x21,
        0x17,0x23,0x35,0x33,0x7D,0x01,0x77,0xFE,0x89,0xFA,0x7D,0x7D,0x01,0x77,0x01,0x77,
        0xFA,0x7D,0x00,0x00,0x00,0x01,0x00,0x00,0x00,0x00,0x01,0x77,0x02,0x71,0x00,0x0F,
        0x00,0x00,0x25,0x35,0x23,0x35,0x33,0x35,0x23,0x35,0x23,0x15,0x23,0x11,0x33,0x15,
        0x33,0x35,0x01,0x77,0xFA,0xFA,0x7D,0x7D,0x7D,0x7D,0x7D,0x7D,0x7D,0x7D,0x7D,0x7D,
        0x7D,0xFE,0x89,0x7D,0x7D,0x00,0x00,0x00,0x00,0x03,0x00,0x00,0x00,0x00,0x02,0x71,
        0x02,0xEE,0x00,0x03,0x00,0x13,0x00,0x17,0x00,0x00,0x01,0x23,0x15,0x33,0x05,0x15,
        0x33,0x15,0x23,0x15,0x21,0x35,0x21,0x35,0x33,0x35,0x23,0x35,0x23,0x15,0x21,0x33,
        0x35,0x23,0x01,0xF4,0xFA,0xFA,0xFE,0x0C,0x7D,0x7D,0x02,0x71,0xFE,0x89,0x7D,0x7D,
        0x7D,0x01,0x77,0x7D,0x7D,0x02,0xEE,0x7D,0x7D,0x7D,0xFA,0x7D,0x7D,0xFA,0x7D,0x7D,
        0x7D,0x7D,0x00,0x00,0x00,0x02,0x00,0x00,0xFF,0x06,0x02,0xEE,0x02,0x71,0x00,0x0F,
        0x00,0x13,0x00,0x00,0x21,0x11,0x21,0x35,0x21,0x35,0x21,0x15,0x23,0x11,0x21,0x15,
        0x21,0x15,0x21,0x35,0x25,0x21,0x15,0x21,0x02,0xEE,0xFE,0x0C,0x01,0xF4,0xFD,0x8F,
        0x7D,0x01,0xF4,0xFE,0x0C,0x02,0x71,0xFE,0x0C,0x01,0xF4,0xFE,0x0C,0x01,0x77,0x7D,
        0x7D,0xFA,0xFE,0x89,0x7D,0x7D,0xFA,0xFA,0x7D,0x00,0x00,0x00,0x00,0x01,0x00,0xFA,
        0x00,0xFA,0x01,0xF4,0x01,0xF4,0x00,0x03,0x00,0x00,0x01,0x23,0x15,0x33,0x01,0xF4,
        0xFA,0xFA,0x01,0xF4,0xFA,0x00,0x00,0x00,0x00,0x02,0x00,0x00,0x00,0x00,0x02,0x71,
        0x02,0x71,0x00,0x0D,0x00,0x11,0x00,0x00,0x11,0x15,0x33,0x15,0x33,0x15,0x33,0x35,
        0x33,0x15,0x33,0x11,0x21,0x15,0x3B,0x01,0x15,0x23,0x7D,0x7D,0x7D,0x7D,0x7D,0xFE,
        0x0C,0xFA,0x7D,0x7D,0x01,0xF4,0x7D,0x7D,0xFA,0xFA,0xFA,0x02,0x71,0x7D,0x7D,0x00,
        0x00,0x03,0x00,0x00,0xFF,0x83,0x02,0x71,0x02,0x71,0x00,0x07,0x00,0x0D,0x00,0x11,
        0x00,0x00,0x01,0x15,0x33,0x35,0x21,0x11,0x33,0x11,0x05,0x15,0x23,0x15,0x21,0x35,
        0x23,0x35,0x23,0x15,0x01,0xF4,0x7D,0xFD,0x8F,0x7D,0x01,0x77,0xFA,0x01,0x77,0x7D,
        0x7D,0x01,0xF4,0x7D,0xFA,0xFD,0x12,0x02,0x71,0xFA,0x7D,0x7D,0xFA,0x7D,0x7D,0x00,
        0x00,0x06,0x00,0x00,0x00,0x00,0x03,0x6B,0x03,0x6B,0x00,0x03,0x00,0x07,0x00,0x0B,
        0x00,0x0F,0x00,0x13,0x00,0x1B,0x00,0x00,0x35,0x33,0x11,0x23,0x21,0x35,0x21,0x15,
        0x21,0x23,0x11,0x33,0x21,0x15,0x21,0x35,0x27,0x33,0x35,0x23,0x07,0x33,0x35,0x33,
        0x35,0x33,0x35,0x21,0x7D,0x7D,0x02,0xEE,0xFD,0x8F,0x02,0xEE,0x7D,0x7D,0xFD,0x12,
        0x02,0x71,0xFA,0x7D,0x7D,0xFA,0x7D,0x7D,0x7D,0xFE,0x89,0x7D,0x02,0x71,0x7D,0x7D,
        0xFD,0x8F,0x7D,0x7D,0x7D,0x7D,0x7D,0x7D,0x7D,0x7D,0x00,0x00,0x00,0x05,0x00,0x00,
        0x00,0x00,0x03,0x6B,0x03,0x6B,0x00,0x07,0x00,0x0B,0x00,0x0F,0x00,0x13,0x00,0x17,
        0x00,0x00,0x25,0x35,0x23,0x35,0x33,0x35,0x21,0x11,0x07,0x33,0x11,0x23,0x21,0x35,
        0x21,0x15,0x21,0x23,0x11,0x33,0x21,0x15,0x21,0x35,0x02,0x71,0xFA,0xFA,0xFE,0x89,
        0xFA,0x7D,0x7D,0x02,0xEE,0xFD,0x8F,0x02,0xEE,0x7D,0x7D,0xFD,0x12,0x02,0x71,0xFA,
        0x7D,0x7D,0x7D,0xFE,0x89,0x7D,0x02,0x71,0x7D,0x7D,0xFD,0x8F,0x7D,0x7D,0x00,0x00,
        0x00,0x04,0x00,0x00,0x01,0xF4,0x02,0xB0,0x03,0x2D,0x00,0x07,0x00,0x0F,0x00,0x13,
        0x00,0x1B,0x00,0x00,0x13,0x33,0x35,0x21,0x15,0x33,0x15,0x33,0x25,0x35,0x23,0x35,
        0x23,0x11,0x33,0x35,0x33,0x23,0x15,0x33,0x35,0x15,0x33,0x15,0x33,0x11,0x23,0x15,
        0xBC,0x7D,0xFE,0xC7,0x7D,0x3F,0x01,0x38,0x3E,0x3F,0x3F,0x7D,0x3F,0x3F,0x3E,0x3F,
        0x3F,0x02,0xEE,0x3F,0x3F,0xFA,0xBC,0x3E,0x3F,0xFE,0xC7,0xBC,0x3F,0x7D,0x3E,0xBC,
        0x01,0x39,0x3F,0x00,0x00,0x02,0x00,0x00,0x02,0xEE,0x00,0xFA,0x03,0xE8,0x00,0x03,
        0x00,0x07,0x00,0x00,0x13,0x23,0x15,0x33,0x37,0x23,0x15,0x33,0x7D,0x7D,0x7D,0x7D,
        0x7D,0x7D,0x03,0x6B,0x7D,0xFA,0x7D,0x00,0x00,0x02,0x00,0x7D,0x02,0xEE,0x01,0xF4,
        0x03,0x6B,0x00,0x03,0x00,0x07,0x00,0x00,0x13,0x23,0x15,0x33,0x37,0x23,0x15,0x33,
        0xFA,0x7D,0x7D,0xFA,0x7D,0x7D,0x03,0x6B,0x7D,0x7D,0x7D,0x00,0x00,0x01,0x00,0x00,
        0x00,0x00,0x02,0x71,0x02,0x71,0x00,0x13,0x00,0x00,0x01,0x23,0x15,0x21,0x15,0x33,
        0x15,0x23,0x15,0x33,0x15,0x33,0x35,0x21,0x35,0x23,0x35,0x33,0x35,0x23,0x01,0xF4,
        0x7D,0xFE,0x89,0xFA,0xFA,0x7D,0x7D,0x01,0x77,0xFA,0xFA,0x7D,0x02,0x71,0x7D,0x7D,
        0x7D,0x7D,0x7D,0x7D,0x7D,0x7D,0x7D,0x00,0x00,0x02,0x00,0x00,0x00,0x00,0x04,0x65,
        0x02,0x71,0x00,0x03,0x00,0x13,0x00,0x00,0x01,0x15,0x21,0x35,0x01,0x21,0x35,0x21,
        0x35,0x21,0x35,0x21,0x35,0x21,0x35,0x21,0x11,0x33,0x35,0x21,0x01,0xF4,0xFE,0x89,
        0x01,0x77,0x02,0x71,0xFE,0x0C,0x01,0x77,0xFE,0x89,0x01,0xF4,0xFB,0x9B,0x7D,0x01,
        0x77,0x01,0xF4,0xFA,0xFA,0xFE,0x0C,0x7D,0x7D,0x7D,0x7D,0x7D,0xFD,0x8F,0x7D,0x00,
        0x00,0x05,0x00,0x00,0xFF,0x83,0x03,0x6B,0x02,0xEE,0x00,0x07,0x00,0x0B,0x00,0x0F,
        0x00,0x13,0x00,0x1B,0x00,0x00,0x33,0x21,0x35,0x23,0x35,0x23,0x35,0x23,0x25,0x23,
        0x15,0x33,0x01,0x23,0x15,0x33,0x13,0x33,0x35,0x23,0x3B,0x01,0x15,0x33,0x11,0x21,
        0x15,0x33,0x7D,0x01,0xF4,0xFA,0x7D,0x7D,0x02,0xEE,0x7D,0x7D,0xFD,0x12,0x7D,0x7D,
        0xFA,0x7D,0x7D,0x7D,0x7D,0x7D,0xFE,0x0C,0xFA,0x7D,0x7D,0xFA,0xFA,0x7D,0xFD,0x8F,
        0x7D,0x01,0x77,0x7D,0xFA,0x01,0xF4,0x7D,0x00,0x07,0x00,0x00,0x01,0x77,0x02,0xEE,
        0x02,0xEE,0x00,0x03,0x00,0x07,0x00,0x0B,0x00,0x0F,0x00,0x13,0x00,0x17,0x00,0x1B,
        0x00,0x00,0x13,0x23,0x15,0x33,0x37,0x23,0x15,0x33,0x15,0x23,0x15,0x33,0x37,0x23,
        0x15,0x33,0x37,0x23,0x15,0x33,0x15,0x23,0x15,0x33,0x37,0x23,0x15,0x33,0x7D,0x7D,
        0x7D,0x7D,0x7D,0x7D,0x7D,0x7D,0x7D,0x7D,0x7D,0xFA,0xFA,0xFA,0xFA,0xFA,0x7D,0x7D,
        0x7D,0x02,0x71,0x7D,0xFA,0x7D,0x7D,0x7D,0xFA,0x7D,0xFA,0x7D,0x7D,0x7D,0xFA,0x7D,
        0x00,0x02,0x00,0x00,0x00,0x00,0x02,0x71,0x03,0x6B,0x00,0x03,0x00,0x0F,0x00,0x00,
        0x21,0x35,0x21,0x15,0x11,0x15,0x33,0x15,0x33,0x35,0x33,0x35,0x23,0x35,0x23,0x15,
        0x02,0x71,0xFD,0x8F,0xFA,0x7D,0xFA,0xFA,0x7D,0x7D,0x7D,0x02,0x71,0x7D,0xFA,0xFA,
        0x7D,0xFA,0xFA,0x00,0x00,0x06,0x00,0x00,0x00,0x00,0x02,0x71,0x03,0x6B,0x00,0x03,
        0x00,0x07,0x00,0x0B,0x00,0x0F,0x00,0x13,0x00,0x17,0x00,0x00,0x13,0x35,0x23,0x15,
        0x25,0x35,0x23,0x15,0x25,0x35,0x23,0x15,0x07,0x15,0x33,0x35,0x1D,0x01,0x33,0x35,
        0x11,0x35,0x21,0x15,0x7D,0x7D,0x01,0x77,0xFA,0x01,0xF4,0xFA,0xFA,0xFA,0xFA,0xFD,
        0x8F,0x01,0xF4,0x7D,0x7D,0x7D,0x7D,0x7D,0x7D,0x7D,0x7D,0xFA,0x7D,0x7D,0x7D,0x7D,
        0x7D,0xFE,0x89,0x7D,0x7D,0x00,0x00,0x00,0x00,0x06,0x00,0x00,0x00,0x00,0x02,0x71,
        0x03,0x6B,0x00,0x03,0x00,0x07,0x00,0x0B,0x00,0x0F,0x00,0x13,0x00,0x17,0x00,0x00,
        0x01,0x35,0x23,0x15,0x3D,0x01,0x23,0x15,0x3D,0x01,0x23,0x15,0x17,0x15,0x33,0x35,
        0x05,0x15,0x33,0x35,0x01,0x35,0x21,0x15,0x02,0x71,0x7D,0xFA,0xFA,0xFA,0xFA,0xFE,
        0x0C,0xFA,0x01,0x77,0xFD,0x8F,0x01,0xF4,0x7D,0x7D,0x7D,0x7D,0x7D,0x7D,0x7D,0x7D,
        0xFA,0x7D,0x7D,0x7D,0x7D,0x7D,0xFE,0x89,0x7D,0x7D,0x00,0x00,0x00,0x03,0x00,0x00,
        0x00,0x00,0x02,0x71,0x03,0x6B,0x00,0x03,0x00,0x1B,0x00,0x1F,0x00,0x00,0x13,0x23,
        0x15,0x33,0x17,0x35,0x23,0x15,0x23,0x15,0x33,0x15,0x23,0x15,0x33,0x15,0x33,0x35,
        0x33,0x35,0x23,0x35,0x33,0x35,0x23,0x35,0x23,0x15,0x37,0x33,0x35,0x23,0x7D,0x7D,
        0x7D,0x7D,0x7D,0x7D,0xFA,0xFA,0xFA,0x7D,0xFA,0xFA,0xFA,0x7D,0x7D,0x7D,0x7D,0x7D,
        0x03,0x6B,0xFA,0x7D,0x7D,0x7D,0x7D,0x7D,0x7D,0x7D,0x7D,0x7D,0x7D,0x7D,0x7D,0x7D,
        0x7D,0xFA,0x00,0x00,0x00,0x01,0x00,0x00,0xFF,0x83,0x01,0x77,0x01,0x77,0x00,0x09,
        0x00,0x00,0x15,0x33,0x35,0x33,0x11,0x23,0x15,0x23,0x35,0x23,0x7D,0xFA,0x7D,0x7D,
        0x7D,0x7D,0x7D,0x01,0x77,0xFA,0xFA,0x00,0x00,0x05,0x00,0x00,0x00,0x00,0x01,0xF4,
        0x02,0xEE,0x00,0x03,0x00,0x07,0x00,0x0B,0x00,0x0F,0x00,0x13,0x00,0x00,0x37,0x15,
        0x33,0x35,0x21,0x33,0x35,0x23,0x05,0x33,0x11,0x23,0x07,0x15,0x33,0x35,0x27,0x33,
        0x35,0x23,0x7D,0xFA,0xFE,0x89,0x7D,0x7D,0x01,0x77,0x7D,0x7D,0xFA,0xFA,0xFA,0xFA,
        0xFA,0x7D,0x7D,0x7D,0xFA,0xFA,0x01,0xF4,0x7D,0x7D,0x7D,0x7D,0x7D,0x00,0x00,0x00,
        0x00,0x03,0x00,0x00,0x00,0x00,0x02,0x71,0x02,0x71,0x00,0x07,0x00,0x0B,0x00,0x13,
        0x00,0x00,0x37,0x23,0x15,0x23,0x15,0x21,0x35,0x21,0x35,0x15,0x33,0x35,0x23,0x33,
        0x35,0x21,0x35,0x21,0x15,0x33,0xFA,0x7D,0x7D,0x02,0x71,0xFE,0x89,0x7D,0xFA,0x7D,
        0x01,0x77,0xFD,0x8F,0x7D,0xFA,0x7D,0x7D,0x7D,0xFA,0x7D,0x7D,0x7D,0x7D,0x7D,0x00,
        0x00,0x01,0x00,0x00,0x00,0x00,0x02,0x71,0x02,0x71,0x00,0x07,0x00,0x00,0x19,0x01,
        0x33,0x11,0x21,0x11,0x33,0x11,0x7D,0x01,0x77,0x7D,0x02,0x71,0xFD,0x8F,0x01,0xF4,
        0xFE,0x0C,0x02,0x71,0x00,0x01,0x00,0x00,0xFF,0x83,0x01,0x77,0x03,0x2D,0x00,0x07,
        0x00,0x00,0x13,0x33,0x35,0x23,0x11,0x23,0x15,0x33,0xFA,0x7D,0xFA,0x7D,0xFA,0x02,
        0xB0,0x7D,0xFC,0xD3,0x7D,0x00,0x00,0x00,0x00,0x01,0x00,0x00,0x01,0x77,0x01,0x77,
        0x02,0xEE,0x00,0x07,0x00,0x00,0x01,0x21,0x11,0x33,0x35,0x33,0x15,0x33,0x01,0x77,
        0xFE,0x89,0x7D,0x7D,0x7D,0x02,0xEE,0xFE,0x89,0x7D,0x7D,0x00,0x00,0x02,0x00,0x00,
        0x01,0x77,0x01,0x77,0x02,0xEE,0x00,0x03,0x00,0x07,0x00,0x00,0x13,0x33,0x15,0x23,
        0x07,0x21,0x11,0x21,0x7D,0x7D,0x7D,0x7D,0x01,0x77,0xFE,0x89,0x02,0x71,0x7D,0x7D,
        0x01,0x77,0x00,0x00,0x00,0x05,0x00,0x00,0x00,0x00,0x02,0x71,0x02,0xEE,0x00,0x05,
        0x00,0x0B,0x00,0x0F,0x00,0x13,0x00,0x17,0x00,0x00,0x37,0x23,0x15,0x33,0x35,0x23,
        0x21,0x23,0x15,0x33,0x35,0x23,0x01,0x11,0x33,0x11,0x31,0x21,0x35,0x21,0x05,0x11,
        0x33,0x11,0x7D,0x7D,0xFA,0x7D,0x01,0x77,0x7D,0xFA,0x7D,0xFE,0x0C,0x7D,0x01,0x77,
        0xFE,0x89,0x01,0x77,0x7D,0x7D,0x7D,0xFA,0xFA,0x7D,0x01,0xF4,0xFE,0x89,0x01,0x77,
        0x7D,0x7D,0xFE,0x89,0x01,0x77,0x00,0x00,0x00,0x02,0x00,0x00,0x00,0x00,0x04,0x65,
        0x02,0x71,0x00,0x03,0x00,0x13,0x00,0x00,0x01,0x15,0x21,0x35,0x01,0x21,0x35,0x21,
        0x35,0x21,0x35,0x21,0x35,0x21,0x35,0x21,0x11,0x33,0x35,0x21,0x01,0xF4,0xFE,0x89,
        0x01,0x77,0x02,0x71,0xFE,0x0C,0x01,0x77,0xFE,0x89,0x01,0xF4,0xFB,0x9B,0x7D,0x01,
        0x77,0x01,0xF4,0xFA,0xFA,0xFE,0x0C,0x7D,0x7D,0x7D,0x7D,0x7D,0xFD,0x8F,0x7D,0x00,
        0x00,0x05,0x00,0x00,0xFF,0x83,0x03,0x6B,0x02,0xEE,0x00,0x07,0x00,0x0B,0x00,0x0F,
        0x00,0x13,0x00,0x1B,0x00,0x00,0x33,0x21,0x35,0x23,0x35,0x23,0x35,0x23,0x25,0x23,
        0x15,0x33,0x01,0x23,0x15,0x33,0x13,0x33,0x35,0x23,0x3B,0x01,0x15,0x33,0x11,0x21,
        0x15,0x33,0x7D,0x01,0xF4,0xFA,0x7D,0x7D,0x02,0xEE,0x7D,0x7D,0xFD,0x12,0x7D,0x7D,
        0xFA,0x7D,0x7D,0x7D,0x7D,0x7D,0xFE,0x0C,0xFA,0x7D,0x7D,0xFA,0xFA,0x7D,0xFD,0x8F,
        0x7D,0x01,0x77,0x7D,0xFA,0x01,0xF4,0x7D,0x00,0x05,0x00,0x00,0x00,0x00,0x01,0xF4,
        0x02,0x71,0x00,0x03,0x00,0x07,0x00,0x0B,0x00,0x0F,0x00,0x13,0x00,0x00,0x13,0x23,
        0x15,0x33,0x07,0x33,0x35,0x23,0x25,0x23,0x15,0x33,0x03,0x23,0x15,0x33,0x07,0x23,
        0x15,0x33,0xFA,0x7D,0x7D,0x7D,0xFA,0xFA,0x01,0x77,0x7D,0x7D,0xFA,0x7D,0x7D,0x7D,
        0x7D,0x7D,0x01,0x77,0x7D,0xFA,0x7D,0x7D,0x7D,0x01,0xF4,0x7D,0xFA,0x7D,0x00,0x00,
        0x00,0x02,0x00,0x00,0x00,0x00,0x00,0x7D,0x02,0x71,0x00,0x03,0x00,0x07,0x00,0x00,
        0x13,0x23,0x15,0x33,0x15,0x23,0x11,0x33,0x7D,0x7D,0x7D,0x7D,0x7D,0x02,0x71,0x7D,
        0x7D,0xFE,0x89,0x00,0x00,0x01,0x00,0x00,0x00,0xFA,0x02,0x71,0x01,0xF4,0x00,0x05,
        0x00,0x00,0x25,0x33,0x35,0x21,0x15,0x21,0x01,0xF4,0x7D,0xFD,0x8F,0x01,0xF4,0xFA,
        0xFA,0x7D,0x00,0x00,0x00,0x06,0x00,0x00,0x00,0x00,0x02,0xEE,0x02,0xEE,0x00,0x03,
        0x00,0x07,0x00,0x0B,0x00,0x0F,0x00,0x13,0x00,0x17,0x00,0x00,0x01,0x23,0x15,0x33,
        0x2B,0x01,0x15,0x33,0x2B,0x01,0x15,0x33,0x01,0x23,0x15,0x33,0x37,0x23,0x15,0x33,
        0x05,0x23,0x15,0x33,0x01,0xF4,0x7D,0x7D,0x7D,0x7D,0x7D,0x7D,0x7D,0x7D,0x01,0x77,
        0x7D,0x7D,0x7D,0x7D,0x7D,0xFD,0x8F,0x7D,0x7D,0x01,0xF4,0x7D,0x7D,0xFA,0x02,0x71,
        0x7D,0xFA,0x7D,0x7D,0xFA,0x00,0x00,0x00,0x00,0x01,0x00,0x00,0xFF,0x83,0x01,0x77,
        0x03,0x2D,0x00,0x0F,0x00,0x00,0x11,0x15,0x33,0x11,0x23,0x15,0x33,0x11,0x33,0x35,
        0x23,0x35,0x33,0x35,0x23,0x11,0x7D,0x7D,0xFA,0x7D,0x7D,0x7D,0xFA,0x01,0xF4,0x7D,
        0xFE,0x89,0x7D,0x01,0xF4,0x7D,0xBC,0x7D,0xFE,0xC7,0x00,0x00,0x00,0x08,0x00,0x3E,
        0x00,0xFA,0x02,0x32,0x03,0x6B,0x00,0x03,0x00,0x07,0x00,0x0B,0x00,0x0F,0x00,0x13,
        0x00,0x17,0x00,0x1B,0x00,0x1F,0x00,0x00,0x01,0x33,0x35,0x23,0x07,0x33,0x35,0x2B,
        0x01,0x33,0x35,0x23,0x07,0x33,0x35,0x23,0x01,0x33,0x35,0x23,0x07,0x33,0x35,0x2B,
        0x01,0x33,0x35,0x23,0x07,0x33,0x35,0x23,0x01,0xB5,0x7D,0x7D,0x7D,0x7D,0x7D,0x7D,
        0x7D,0x7D,0x7D,0x7D,0x7D,0x01,0x77,0x7D,0x7D,0x7D,0x7D,0x7D,0x7D,0x7D,0x7D,0x7D,
        0x7D,0x7D,0x02,0xEE,0x7D,0xFA,0x7D,0x7D,0xFA,0x7D,0xFE,0x89,0x7D,0xFA,0x7D,0x7D,
        0xFA,0x7D,0x00,0x00,0x00,0x04,0x00,0x00,0x00,0x00,0x02,0x71,0x02,0x71,0x00,0x03,
        0x00,0x0B,0x00,0x0F,0x00,0x13,0x00,0x00,0x01,0x23,0x15,0x33,0x01,0x21,0x35,0x23,
        0x15,0x21,0x35,0x23,0x21,0x33,0x35,0x2B,0x02,0x15,0x33,0x01,0x77,0x7D,0x7D,0xFE,
        0x89,0x02,0x71,0x7D,0xFE,0x89,0x7D,0x01,0x77,0x7D,0x7D,0x7D,0x7D,0x7D,0x02,0x71,
        0x7D,0xFE,0x0C,0xFA,0x7D,0x7D,0xFA,0xFA,0x00,0x06,0x00,0x00,0x00,0xFA,0x02,0x71,
        0x02,0x71,0x00,0x03,0x00,0x07,0x00,0x0B,0x00,0x0F,0x00,0x13,0x00,0x17,0x00,0x00,
        0x01,0x33,0x35,0x23,0x17,0x33,0x35,0x23,0x35,0x33,0x35,0x23,0x05,0x33,0x35,0x23,
        0x17,0x33,0x35,0x23,0x35,0x33,0x35,0x23,0x01,0x77,0x7D,0x7D,0x7D,0x7D,0x7D,0x7D,
        0x7D,0xFE,0x0C,0x7D,0x7D,0x7D,0x7D,0x7D,0x7D,0x7D,0x01,0x77,0x7D,0xFA,0x7D,0x7D,
        0x7D,0xFA,0x7D,0xFA,0x7D,0x7D,0x7D,0x00,0x00,0x06,0x00,0x00,0x00,0xFA,0x02,0x71,
        0x02,0x71,0x00,0x03,0x00,0x07,0x00,0x0B,0x00,0x0F,0x00,0x13,0x00,0x17,0x00,0x00,
        0x13,0x23,0x15,0x33,0x2B,0x01,0x15,0x33,0x11,0x23,0x15,0x33,0x21,0x23,0x15,0x33,
        0x2B,0x01,0x15,0x33,0x11,0x23,0x15,0x33,0xFA,0x7D,0x7D,0x7D,0x7D,0x7D,0x7D,0x7D,
        0x01,0xF4,0x7D,0x7D,0x7D,0x7D,0x7D,0x7D,0x7D,0x01,0xF4,0x7D,0x7D,0x01,0x77,0x7D,
        0x7D,0x7D,0x01,0x77,0x7D,0x00,0x00,0x00,0x00,0x03,0x00,0x00,0x00,0x00,0x03,0x6B,
        0x00,0x7D,0x00,0x03,0x00,0x07,0x00,0x0B,0x00,0x00,0x37,0x23,0x15,0x33,0x25,0x23,
        0x15,0x33,0x25,0x23,0x15,0x33,0x7D,0x7D,0x7D,0x01,0x77,0x7D,0x7D,0x01,0x77,0x7D,
        0x7D,0x7D,0x7D,0x7D,0x7D,0x7D,0x7D,0x00,0x00,0x04,0x00,0x00,0x00,0x00,0x02,0x71,
        0x03,0xE8,0x00,0x03,0x00,0x07,0x00,0x0F,0x00,0x13,0x00,0x00,0x13,0x33,0x35,0x2B,
        0x01,0x33,0x35,0x23,0x01,0x15,0x33,0x11,0x21,0x11,0x33,0x35,0x01,0x15,0x21,0x35,
        0xFA,0x7D,0x7D,0x7D,0x7D,0x7D,0x01,0x77,0x7D,0xFD,0x8F,0x7D,0x01,0x77,0xFE,0x89,
        0x02,0xEE,0x7D,0x7D,0xFC,0x95,0x7D,0x02,0x71,0xFD,0x8F,0x7D,0x01,0x77,0xFA,0xFA,
        0x00,0x06,0x00,0x00,0x00,0x00,0x02,0x71,0x03,0xE8,0x00,0x07,0x00,0x0B,0x00,0x0F,
        0x00,0x13,0x00,0x17,0x00,0x1B,0x00,0x00,0x25,0x15,0x33,0x11,0x21,0x11,0x33,0x35,
        0x01,0x15,0x21,0x35,0x13,0x23,0x15,0x3B,0x02,0x35,0x23,0x35,0x23,0x15,0x3B,0x02,
        0x35,0x23,0x01,0xF4,0x7D,0xFD,0x8F,0x7D,0x01,0x77,0xFE,0x89,0x3E,0x7D,0x7D,0x7D,
        0x7D,0x7D,0x7D,0x7D,0x7D,0x7D,0x7D,0x7D,0x7D,0x02,0x71,0xFD,0x8F,0x7D,0x01,0x77,
        0xFA,0xFA,0x01,0x77,0x7D,0x7D,0x7D,0x7D,0x7D,0x00,0x00,0x00,0x00,0x08,0x00,0x00,
        0x00,0x00,0x02,0x71,0x03,0xE8,0x00,0x03,0x00,0x07,0x00,0x0B,0x00,0x0F,0x00,0x13,
        0x00,0x17,0x00,0x1B,0x00,0x1F,0x00,0x00,0x19,0x01,0x33,0x11,0x31,0x21,0x35,0x21,
        0x11,0x21,0x35,0x21,0x01,0x11,0x33,0x11,0x01,0x23,0x15,0x3B,0x02,0x35,0x23,0x35,
        0x23,0x15,0x3B,0x02,0x35,0x23,0x7D,0x01,0x77,0xFE,0x89,0x01,0x77,0xFE,0x89,0x01,
        0x77,0x7D,0xFE,0x4A,0x7D,0x7D,0x7D,0x7D,0x7D,0x7D,0x7D,0x7D,0x7D,0x7D,0x01,0xF4,
        0xFE,0x89,0x01,0x77,0x7D,0xFD,0x8F,0x7D,0x01,0x77,0xFE,0x89,0x01,0x77,0x01,0x77,
        0x7D,0x7D,0x7D,0x7D,0x7D,0x00,0x00,0x00,0x00,0x02,0x00,0x00,0x00,0x00,0x04,0x65,
        0x02,0x71,0x00,0x03,0x00,0x13,0x00,0x00,0x19,0x01,0x33,0x11,0x01,0x21,0x15,0x21,
        0x35,0x21,0x35,0x21,0x35,0x21,0x35,0x21,0x35,0x21,0x15,0x21,0x7D,0x01,0x77,0xFE,
        0x89,0x03,0xE8,0xFE,0x0C,0x01,0x77,0xFE,0x89,0x01,0xF4,0xFC,0x18,0x01,0x77,0x01,
        0xF4,0xFE,0x89,0x01,0x77,0xFE,0x89,0x7D,0x7D,0x7D,0x7D,0x7D,0x7D,0x7D,0x00,0x00,
        0x00,0x02,0x00,0x00,0x00,0x00,0x04,0x65,0x02,0x71,0x00,0x03,0x00,0x13,0x00,0x00,
        0x19,0x01,0x33,0x11,0x01,0x21,0x15,0x21,0x35,0x21,0x35,0x21,0x35,0x21,0x35,0x21,
        0x35,0x21,0x15,0x21,0x7D,0x01,0x77,0xFE,0x89,0x03,0xE8,0xFE,0x0C,0x01,0x77,0xFE,
        0x89,0x01,0xF4,0xFC,0x18,0x01,0x77,0x01,0xF4,0xFE,0x89,0x01,0x77,0xFE,0x89,0x7D,
        0x7D,0x7D,0x7D,0x7D,0x7D,0x7D,0x00,0x00,0x00,0x01,0x00,0x00,0x00,0xFA,0x03,0x6B,
        0x01,0x77,0x00,0x03,0x00,0x00,0x25,0x35,0x21,0x15,0x03,0x6B,0xFC,0x95,0xFA,0x7D,
        0x7D,0x00,0x00,0x00,0x00,0x01,0x00,0x00,0x00,0xFA,0x04,0xE2,0x01,0x77,0x00,0x03,
        0x00,0x00,0x25,0x35,0x21,0x15,0x04,0xE2,0xFB,0x1E,0xFA,0x7D,0x7D,0x00,0x00,0x00,
        0x00,0x02,0x00,0x00,0x01,0xF4,0x01,0x77,0x02,0xEE,0x00,0x03,0x00,0x07,0x00,0x00,
        0x13,0x23,0x15,0x33,0x37,0x23,0x15,0x33,0x7D,0x7D,0x7D,0xFA,0x7D,0x7D,0x02,0xEE,
        0xFA,0xFA,0xFA,0x00,0x00,0x02,0x00,0x00,0x01,0xF4,0x01,0x77,0x02,0xEE,0x00,0x03,
        0x00,0x07,0x00,0x00,0x13,0x23,0x15,0x33,0x37,0x23,0x15,0x33,0x7D,0x7D,0x7D,0xFA,
        0x7D,0x7D,0x02,0xEE,0xFA,0xFA,0xFA,0x00,0x00,0x01,0x00,0x00,0x01,0xF4,0x00,0x7D,
        0x02,0xEE,0x00,0x03,0x00,0x00,0x13,0x23,0x15,0x33,0x7D,0x7D,0x7D,0x02,0xEE,0xFA,
        0x00,0x01,0x00,0x00,0x01,0xF4,0x00,0x7D,0x02,0xEE,0x00,0x03,0x00,0x00,0x13,0x23,
        0x15,0x33,0x7D,0x7D,0x7D,0x02,0xEE,0xFA,0x00,0x03,0x00,0x00,0x00,0x00,0x02,0x71,
        0x02,0x71,0x00,0x03,0x00,0x07,0x00,0x0B,0x00,0x00,0x25,0x35,0x21,0x15,0x05,0x23,
        0x15,0x33,0x11,0x23,0x15,0x33,0x02,0x71,0xFD,0x8F,0x01,0x77,0x7D,0x7D,0x7D,0x7D,
        0xFA,0x7D,0x7D,0x7D,0x7D,0x02,0x71,0x7D,0x00,0x08,0x00,0x00,0x00,0x00,0x02,0x71,
        0x03,0x6B,0x00,0x03,0x00,0x07,0x00,0x0B,0x00,0x0F,0x00,0x13,0x00,0x17,0x00,0x1B,
        0x00,0x1F,0x00,0x00,0x11,0x33,0x35,0x23,0x13,0x33,0x35,0x23,0x35,0x33,0x35,0x23,
        0x13,0x33,0x35,0x23,0x11,0x33,0x35,0x23,0x01,0x23,0x15,0x33,0x2B,0x01,0x15,0x33,
        0x11,0x23,0x15,0x33,0x7D,0x7D,0x7D,0x7D,0x7D,0x7D,0x7D,0x7D,0x7D,0x7D,0x7D,0x7D,
        0x01,0x77,0x7D,0x7D,0x7D,0x7D,0x7D,0x7D,0x7D,0x01,0x77,0x7D,0xFE,0x89,0xFA,0x7D,
        0xFA,0xFD,0x12,0x7D,0x02,0x71,0x7D,0xFE,0x89,0x7D,0xFA,0x02,0x71,0xFA,0x00,0x00,
        0x00,0x08,0x00,0x00,0x00,0x00,0x02,0x71,0x03,0x6B,0x00,0x03,0x00,0x07,0x00,0x0B,
        0x00,0x0F,0x00,0x13,0x00,0x17,0x00,0x1B,0x00,0x1F,0x00,0x00,0x3B,0x01,0x35,0x23,
        0x3B,0x01,0x35,0x23,0x3B,0x01,0x35,0x23,0x03,0x23,0x15,0x33,0x03,0x23,0x15,0x33,
        0x03,0x23,0x15,0x33,0x13,0x23,0x15,0x33,0x37,0x23,0x15,0x33,0xFA,0x7D,0x7D,0x7D,
        0x7D,0x7D,0x7D,0x7D,0x7D,0x7D,0x7D,0x7D,0x7D,0x7D,0x7D,0x7D,0x7D,0x7D,0x7D,0x7D,
        0x7D,0xFA,0x7D,0x7D,0xFA,0x7D,0xFA,0xFE,0x89,0xFA,0x01,0x77,0x7D,0x01,0x77,0xFA,
        0x01,0xF4,0x7D,0x7D,0x7D,0x00,0x00,0x00,0x00,0x08,0x00,0x00,0x00,0x00,0x02,0x71,
        0x03,0x6B,0x00,0x03,0x00,0x07,0x00,0x0B,0x00,0x0F,0x00,0x13,0x00,0x17,0x00,0x1B,
        0x00,0x1F,0x00,0x00,0x3B,0x01,0x35,0x23,0x3B,0x01,0x35,0x23,0x3B,0x01,0x35,0x23,
        0x03,0x23,0x15,0x33,0x03,0x23,0x15,0x33,0x03,0x23,0x15,0x33,0x13,0x23,0x15,0x33,
        0x37,0x23,0x15,0x33,0xFA,0x7D,0x7D,0x7D,0x7D,0x7D,0x7D,0x7D,0x7D,0x7D,0x7D,0x7D,
        0x7D,0x7D,0x7D,0x7D,0x7D,0x7D,0x7D,0x7D,0x7D,0xFA,0x7D,0x7D,0xFA,0x7D,0xFA,0xFE,
        0x89,0xFA,0x01,0x77,0x7D,0x01,0x77,0xFA,0x01,0xF4,0x7D,0x7D,0x7D,0x00,0x00,0x00,
        0x00,0x05,0x00,0x00,0x00,0x00,0x02,0x71,0x02,0x71,0x00,0x03,0x00,0x07,0x00,0x0B,
        0x00,0x0F,0x00,0x13,0x00,0x00,0x37,0x23,0x15,0x33,0x37,0x23,0x15,0x33,0x13,0x23,
        0x15,0x33,0x37,0x23,0x15,0x33,0x05,0x33,0x35,0x23,0x7D,0x7D,0x7D,0x7D,0x7D,0x7D,
        0xFA,0x7D,0x7D,0x7D,0x7D,0x7D,0xFE,0x89,0x7D,0x7D,0x7D,0x7D,0xFA,0x7D,0x01,0x77,
        0x7D,0xFA,0x7D,0xFA,0x7D,0x00,0x00,0x00,0x00,0x03,0x00,0x00,0x00,0x00,0x03,0x6B,
        0x03,0x6B,0x00,0x03,0x00,0x17,0x00,0x1B,0x00,0x00,0x01,0x35,0x21,0x15,0x07,0x15,
        0x33,0x15,0x23,0x15,0x33,0x15,0x33,0x35,0x21,0x35,0x21,0x35,0x21,0x35,0x21,0x35,
        0x23,0x15,0x13,0x15,0x21,0x35,0x03,0x6B,0xFD,0x8F,0xFA,0x7D,0x7D,0x7D,0x7D,0x01,
        0x77,0xFE,0x89,0x01,0x77,0xFE,0x89,0x7D,0x7D,0x02,0x71,0x02,0xEE,0x7D,0x7D,0x7D,
        0x7D,0x7D,0x7D,0x7D,0x7D,0x7D,0x7D,0x7D,0x7D,0x7D,0xFE,0x0C,0x7D,0x7D,0x00,0x00,
        0x00,0x05,0x00,0x00,0x00,0x00,0x01,0x77,0x03,0x6B,0x00,0x03,0x00,0x07,0x00,0x0B,
        0x00,0x0F,0x00,0x13,0x00,0x00,0x11,0x33,0x35,0x23,0x13,0x33,0x35,0x23,0x35,0x33,
        0x35,0x23,0x13,0x33,0x35,0x23,0x11,0x33,0x35,0x23,0x7D,0x7D,0x7D,0x7D,0x7D,0x7D,
        0x7D,0x7D,0x7D,0x7D,0x7D,0x7D,0x01,0x77,0x7D,0xFE,0x89,0xFA,0x7D,0xFA,0xFD,0x12,
        0x7D,0x02,0x71,0x7D,0x00,0x05,0x00,0x00,0x00,0x00,0x01,0x77,0x03,0x6B,0x00,0x03,
        0x00,0x07,0x00,0x0B,0x00,0x0F,0x00,0x13,0x00,0x00,0x01,0x23,0x15,0x33,0x2B,0x01,
        0x15,0x33,0x11,0x23,0x15,0x33,0x03,0x23,0x15,0x33,0x11,0x23,0x15,0x33,0x01,0x77,
        0x7D,0x7D,0x7D,0x7D,0x7D,0x7D,0x7D,0x7D,0x7D,0x7D,0x7D,0x7D,0x01,0xF4,0x7D,0xFA,
        0x02,0x71,0xFA,0xFE,0x89,0x7D,0x03,0x6B,0x7D,0x00,0x00,0x00,0x00,0x03,0x00,0x00,
        0x00,0x00,0x03,0x6B,0x02,0x73,0x00,0x09,0x00,0x0D,0x00,0x11,0x00,0x00,0x25,0x35,
        0x21,0x35,0x21,0x35,0x21,0x11,0x33,0x35,0x01,0x23,0x15,0x33,0x15,0x23,0x11,0x33,
        0x01,0xF4,0xFE,0x89,0x01,0xF4,0xFD,0x8F,0x7D,0x02,0xEE,0x7D,0x7D,0x7D,0x7D,0xFA,
        0x7D,0x7D,0x7D,0xFD,0x8F,0xFA,0x01,0x79,0x7D,0x7D,0xFE,0x89,0x00,0x02,0x00,0x00,
        0x00,0x00,0x03,0x6B,0x02,0x71,0x00,0x09,0x00,0x0D,0x00,0x00,0x25,0x35,0x21,0x35,
        0x21,0x35,0x21,0x11,0x33,0x35,0x01,0x23,0x11,0x33,0x01,0xF4,0xFE,0x89,0x01,0xF4,
        0xFD,0x8F,0x7D,0x02,0xEE,0x7D,0x7D,0xFA,0x7D,0x7D,0x7D,0xFD,0x8F,0xFA,0x01,0x77,
        0xFD,0x8F,0x00,0x00,0x00,0x01,0x00,0x00,0x00,0x00,0x02,0x71,0x03,0x6B,0x00,0x13,
        0x00,0x00,0x37,0x23,0x15,0x33,0x15,0x33,0x35,0x33,0x35,0x23,0x11,0x33,0x35,0x23,
        0x35,0x23,0x15,0x23,0x15,0x33,0xFA,0xFA,0xFA,0x7D,0xFA,0xFA,0xFA,0xFA,0x7D,0xFA,
        0xFA,0xFA,0x7D,0x7D,0x7D,0x7D,0x01,0x77,0x7D,0x7D,0x7D,0x7D,0x00,0x01,0x00,0x00,
        0x01,0x77,0x00,0x7D,0x01,0xF4,0x00,0x03,0x00,0x00,0x13,0x23,0x15,0x33,0x7D,0x7D,
        0x7D,0x01,0xF4,0x7D,0x00,0x01,0x00,0x00,0xFF,0x83,0x00,0x7D,0x00,0x7D,0x00,0x03,
        0x00,0x00,0x37,0x23,0x15,0x33,0x7D,0x7D,0x7D,0x7D,0xFA,0x00,0x00,0x02,0x00,0x00,
        0xFF,0x83,0x01,0x77,0x00,0x7D,0x00,0x03,0x00,0x07,0x00,0x00,0x37,0x23,0x15,0x33,
        0x37,0x23,0x15,0x33,0x7D,0x7D,0x7D,0xFA,0x7D,0x7D,0x7D,0xFA,0xFA,0xFA,0x00,0x00,
        0x00,0x08,0x00,0x00,0x00,0x00,0x03,0x6B,0x02,0x71,0x00,0x03,0x00,0x07,0x00,0x0B,
        0x00,0x0F,0x00,0x13,0x00,0x17,0x00,0x1B,0x00,0x1F,0x00,0x00,0x37,0x23,0x15,0x33,
        0x37,0x23,0x15,0x33,0x13,0x23,0x15,0x33,0x37,0x23,0x15,0x33,0x03,0x33,0x35,0x23,
        0x27,0x33,0x35,0x23,0x27,0x33,0x35,0x23,0x01,0x33,0x35,0x23,0x7D,0x7D,0x7D,0x7D,
        0x7D,0x7D,0xFA,0x7D,0x7D,0x7D,0x7D,0x7D,0x7D,0x7D,0x7D,0xFA,0x7D,0x7D,0xFA,0x7D,
        0x7D,0x02,0xEE,0x7D,0x7D,0x7D,0x7D,0xFA,0x7D,0x01,0x77,0x7D,0xFA,0x7D,0xFE,0x0C,
        0x7D,0x7D,0x7D,0x7D,0x7D,0xFD,0x8F,0x7D,0x00,0x05,0x00,0x00,0x00,0x00,0x02,0x71,
        0x03,0xE8,0x00,0x07,0x00,0x0B,0x00,0x0F,0x00,0x13,0x00,0x17,0x00,0x00,0x25,0x15,
        0x33,0x11,0x21,0x11,0x33,0x35,0x01,0x15,0x21,0x35,0x13,0x23,0x15,0x3B,0x02,0x35,
        0x2B,0x01,0x33,0x35,0x23,0x01,0xF4,0x7D,0xFD,0x8F,0x7D,0x01,0x77,0xFE,0x89,0x7D,
        0x7D,0x7D,0x7D,0x7D,0x7D,0x7D,0x7D,0x7D,0x7D,0x7D,0x02,0x71,0xFD,0x8F,0x7D,0x01,
        0x77,0xFA,0xFA,0x01,0x77,0x7D,0x7D,0x7D,0x00,0x04,0x00,0x00,0x00,0x00,0x02,0x71,
        0x03,0xE8,0x00,0x0B,0x00,0x0F,0x00,0x13,0x00,0x17,0x00,0x00,0x25,0x35,0x21,0x35,
        0x21,0x35,0x21,0x11,0x21,0x35,0x21,0x35,0x13,0x23,0x15,0x3B,0x02,0x35,0x2B,0x01,
        0x33,0x35,0x23,0x01,0xF4,0xFE,0x89,0x01,0xF4,0xFD,0x8F,0x02,0x71,0xFE,0x0C,0x7D,
        0x7D,0x7D,0x7D,0x7D,0x7D,0x7D,0x7D,0x7D,0xFA,0x7D,0x7D,0x7D,0xFD,0x8F,0x7D,0x7D,
        0x02,0x71,0x7D,0x7D,0x7D,0x00,0x00,0x00,0x00,0x04,0x00,0x00,0x00,0x00,0x02,0x71,
        0x03,0xE8,0x00,0x03,0x00,0x07,0x00,0x0F,0x00,0x13,0x00,0x00,0x01,0x23,0x15,0x33,
        0x37,0x23,0x15,0x33,0x11,0x15,0x33,0x11,0x21,0x11,0x33,0x35,0x01,0x15,0x21,0x35,
        0x01,0x77,0x7D,0x7D,0x7D,0x7D,0x7D,0x7D,0xFD,0x8F,0x7D,0x01,0x77,0xFE,0x89,0x03,
        0x6B,0x7D,0xFA,0x7D,0xFD,0x12,0x7D,0x02,0x71,0xFD,0x8F,0x7D,0x01,0x77,0xFA,0xFA,
        0x00,0x03,0x00,0x00,0x00,0x00,0x02,0x71,0x03,0x6B,0x00,0x0B,0x00,0x0F,0x00,0x13,
        0x00,0x00,0x25,0x35,0x21,0x35,0x21,0x35,0x21,0x11,0x21,0x35,0x21,0x35,0x13,0x23,
        0x15,0x33,0x37,0x23,0x15,0x33,0x01,0xF4,0xFE,0x89,0x01,0xF4,0xFD,0x8F,0x02,0x71,
        0xFE,0x0C,0x7D,0x7D,0x7D,0xFA,0x7D,0x7D,0xFA,0x7D,0x7D,0x7D,0xFD,0x8F,0x7D,0x7D,
        0x02,0x71,0x7D,0x7D,0x7D,0x00,0x00,0x00,0x00,0x03,0x00,0x00,0x00,0x00,0x02,0x71,
        0x03,0xE8,0x00,0x0B,0x00,0x0F,0x00,0x13,0x00,0x00,0x25,0x35,0x21,0x35,0x21,0x35,
        0x21,0x11,0x21,0x35,0x21,0x35,0x13,0x33,0x35,0x2B,0x01,0x33,0x35,0x23,0x01,0xF4,
        0xFE,0x89,0x01,0xF4,0xFD,0x8F,0x02,0x71,0xFE,0x0C,0x7D,0x7D,0x7D,0x7D,0x7D,0x7D,
        0xFA,0x7D,0x7D,0x7D,0xFD,0x8F,0x7D,0x7D,0x01,0xF4,0x7D,0x7D,0x00,0x03,0x00,0x00,
        0x00,0x00,0x02,0x71,0x03,0xE8,0x00,0x0B,0x00,0x0F,0x00,0x13,0x00,0x00,0x01,0x33,
        0x35,0x21,0x15,0x33,0x11,0x23,0x15,0x21,0x35,0x23,0x11,0x23,0x15,0x33,0x37,0x23,
        0x15,0x33,0x01,0x77,0xFA,0xFD,0x8F,0xFA,0xFA,0x02,0x71,0xFA,0x7D,0x7D,0x7D,0x7D,
        0x7D,0x01,0xF4,0x7D,0x7D,0xFE,0x89,0x7D,0x7D,0x02,0xEE,0x7D,0xFA,0x7D,0x00,0x00,
        0x00,0x04,0x00,0x00,0x00,0x00,0x02,0x71,0x03,0xE8,0x00,0x0B,0x00,0x0F,0x00,0x13,
        0x00,0x17,0x00,0x00,0x01,0x33,0x35,0x21,0x15,0x33,0x11,0x23,0x15,0x21,0x35,0x23,
        0x03,0x23,0x15,0x3B,0x02,0x35,0x2B,0x01,0x33,0x35,0x23,0x01,0x77,0xFA,0xFD,0x8F,
        0xFA,0xFA,0x02,0x71,0xFA,0x7D,0x7D,0x7D,0x7D,0x7D,0x7D,0x7D,0x7D,0x7D,0x01,0xF4,
        0x7D,0x7D,0xFE,0x89,0x7D,0x7D,0x02,0xEE,0x7D,0x7D,0x7D,0x00,0x00,0x03,0x00,0x00,
        0x00,0x00,0x02,0x71,0x03,0x6B,0x00,0x0B,0x00,0x0F,0x00,0x13,0x00,0x00,0x01,0x33,
        0x35,0x21,0x15,0x33,0x11,0x23,0x15,0x21,0x35,0x23,0x03,0x23,0x15,0x33,0x37,0x23,
        0x15,0x33,0x01,0x77,0xFA,0xFD,0x8F,0xFA,0xFA,0x02,0x71,0xFA,0x7D,0x7D,0x7D,0xFA,
        0x7D,0x7D,0x01,0xF4,0x7D,0x7D,0xFE,0x89,0x7D,0x7D,0x02,0xEE,0x7D,0x7D,0x7D,0x00,
        0x00,0x03,0x00,0x00,0x00,0x00,0x02,0x71,0x03,0xE8,0x00,0x0B,0x00,0x0F,0x00,0x13,
        0x00,0x00,0x01,0x33,0x35,0x21,0x15,0x33,0x11,0x23,0x15,0x21,0x35,0x23,0x03,0x33,
        0x35,0x2B,0x01,0x33,0x35,0x23,0x01,0x77,0xFA,0xFD,0x8F,0xFA,0xFA,0x02,0x71,0xFA,
        0x7D,0x7D,0x7D,0x7D,0x7D,0x7D,0x01,0xF4,0x7D,0x7D,0xFE,0x89,0x7D,0x7D,0x02,0x71,
        0x7D,0x7D,0x00,0x00,0x00,0x06,0x00,0x00,0x00,0x00,0x02,0x71,0x03,0xE8,0x00,0x03,
        0x00,0x07,0x00,0x0B,0x00,0x0F,0x00,0x13,0x00,0x17,0x00,0x00,0x19,0x01,0x33,0x11,
        0x31,0x21,0x35,0x21,0x11,0x21,0x35,0x21,0x01,0x11,0x33,0x11,0x03,0x23,0x15,0x33,
        0x37,0x23,0x15,0x33,0x7D,0x01,0x77,0xFE,0x89,0x01,0x77,0xFE,0x89,0x01,0x77,0x7D,
        0xFA,0x7D,0x7D,0x7D,0x7D,0x7D,0x01,0xF4,0xFE,0x89,0x01,0x77,0x7D,0xFD,0x8F,0x7D,
        0x01,0x77,0xFE,0x89,0x01,0x77,0x01,0x77,0x7D,0xFA,0x7D,0x00,0x00,0x07,0x00,0x00,
        0x00,0x00,0x02,0x71,0x03,0xE8,0x00,0x03,0x00,0x07,0x00,0x0B,0x00,0x0F,0x00,0x13,
        0x00,0x17,0x00,0x1B,0x00,0x00,0x19,0x01,0x33,0x11,0x31,0x21,0x35,0x21,0x11,0x21,
        0x35,0x21,0x01,0x11,0x33,0x11,0x01,0x23,0x15,0x3B,0x02,0x35,0x2B,0x01,0x33,0x35,
        0x23,0x7D,0x01,0x77,0xFE,0x89,0x01,0x77,0xFE,0x89,0x01,0x77,0x7D,0xFE,0x89,0x7D,
        0x7D,0x7D,0x7D,0x7D,0x7D,0x7D,0x7D,0x01,0xF4,0xFE,0x89,0x01,0x77,0x7D,0xFD,0x8F,
        0x7D,0x01,0x77,0xFE,0x89,0x01,0x77,0x01,0x77,0x7D,0x7D,0x7D,0x00,0x06,0x00,0x00,
        0x00,0x00,0x02,0x71,0x03,0xE8,0x00,0x03,0x00,0x07,0x00,0x0B,0x00,0x0F,0x00,0x13,
        0x00,0x17,0x00,0x00,0x19,0x01,0x33,0x11,0x31,0x21,0x35,0x21,0x11,0x21,0x35,0x21,
        0x01,0x11,0x33,0x11,0x25,0x33,0x35,0x2B,0x01,0x33,0x35,0x23,0x7D,0x01,0x77,0xFE,
        0x89,0x01,0x77,0xFE,0x89,0x01,0x77,0x7D,0xFE,0x89,0x7D,0x7D,0x7D,0x7D,0x7D,0x01,
        0xF4,0xFE,0x89,0x01,0x77,0x7D,0xFD,0x8F,0x7D,0x01,0x77,0xFE,0x89,0x01,0x77,0xFA,
        0x7D,0x7D,0x00,0x00,0x00,0x03,0x00,0x00,0x00,0x00,0x02,0x71,0x03,0xE8,0x00,0x07,
        0x00,0x0B,0x00,0x0F,0x00,0x00,0x21,0x11,0x23,0x11,0x21,0x11,0x23,0x11,0x01,0x23,
        0x15,0x33,0x37,0x23,0x15,0x33,0x02,0x71,0x7D,0xFE,0x89,0x7D,0x01,0x77,0x7D,0x7D,
        0x7D,0x7D,0x7D,0x02,0x71,0xFE,0x0C,0x01,0xF4,0xFD,0x8F,0x03,0x6B,0x7D,0xFA,0x7D,
        0x00,0x04,0x00,0x00,0x00,0x00,0x02,0x71,0x03,0xE8,0x00,0x07,0x00,0x0B,0x00,0x0F,
        0x00,0x13,0x00,0x00,0x21,0x11,0x23,0x11,0x21,0x11,0x23,0x11,0x13,0x23,0x15,0x3B,
        0x02,0x35,0x2B,0x01,0x33,0x35,0x23,0x02,0x71,0x7D,0xFE,0x89,0x7D,0xFA,0x7D,0x7D,
        0x7D,0x7D,0x7D,0x7D,0x7D,0x7D,0x02,0x71,0xFE,0x0C,0x01,0xF4,0xFD,0x8F,0x03,0x6B,
        0x7D,0x7D,0x7D,0x00,0x00,0x03,0x00,0x00,0x00,0x00,0x02,0x71,0x03,0xE8,0x00,0x07,
        0x00,0x0B,0x00,0x0F,0x00,0x00,0x21,0x11,0x23,0x11,0x21,0x11,0x23,0x11,0x13,0x33,
        0x35,0x2B,0x01,0x33,0x35,0x23,0x02,0x71,0x7D,0xFE,0x89,0x7D,0xFA,0x7D,0x7D,0x7D,
        0x7D,0x7D,0x02,0x71,0xFE,0x0C,0x01,0xF4,0xFD,0x8F,0x02,0xEE,0x7D,0x7D,0x00,0x00,
        0x00,0x01,0x00,0x00,0x00,0x00,0x02,0x71,0x02,0x71,0x00,0x0B,0x00,0x00,0x01,0x33,
        0x35,0x21,0x15,0x33,0x11,0x23,0x15,0x21,0x35,0x23,0x01,0x77,0xFA,0xFD,0x8F,0xFA,
        0xFA,0x02,0x71,0xFA,0x01,0xF4,0x7D,0x7D,0xFE,0x89,0x7D,0x7D,0x00,0x03,0x00,0x7D,
        0x02,0xEE,0x01,0xF4,0x03,0xE8,0x00,0x03,0x00,0x07,0x00,0x0B,0x00,0x00,0x13,0x23,
        0x15,0x3B,0x02,0x35,0x2B,0x01,0x33,0x35,0x23,0xFA,0x7D,0x7D,0x7D,0x7D,0x7D,0x7D,
        0x7D,0x7D,0x03,0x6B,0x7D,0x7D,0x7D,0x00,0x00,0x04,0x00,0x3E,0x02,0x71,0x02,0x32,
        0x03,0x6B,0x00,0x03,0x00,0x07,0x00,0x0B,0x00,0x0F,0x00,0x00,0x01,0x33,0x35,0x23,
        0x07,0x33,0x35,0x2B,0x01,0x33,0x35,0x23,0x07,0x33,0x35,0x23,0x01,0xB5,0x7D,0x7D,
        0x7D,0x7D,0x7D,0x7D,0x7D,0x7D,0x7D,0x7D,0x7D,0x02,0xEE,0x7D,0xFA,0x7D,0x7D,0xFA,
        0x7D,0x00,0x00,0x00,0x00,0x01,0x00,0x7D,0x02,0x71,0x01,0xF4,0x02,0xEE,0x00,0x03,
        0x00,0x00,0x13,0x21,0x35,0x21,0x7D,0x01,0x77,0xFE,0x89,0x02,0x71,0x7D,0x00,0x00,
        0x00,0x03,0x00,0x3E,0x02,0xEE,0x02,0x32,0x03,0xE8,0x00,0x03,0x00,0x07,0x00,0x0B,
        0x00,0x00,0x13,0x33,0x35,0x23,0x25,0x23,0x15,0x33,0x25,0x23,0x15,0x33,0xBB,0xFA,
        0xFA,0x01,0x77,0x7D,0x7D,0xFE,0x89,0x7D,0x7D,0x02,0xEE,0x7D,0x7D,0x7D,0x7D,0x7D,
        0x00,0x01,0x00,0xFA,0x02,0xEE,0x01,0x77,0x03,0x6B,0x00,0x03,0x00,0x00,0x01,0x23,
        0x15,0x33,0x01,0x77,0x7D,0x7D,0x03,0x6B,0x7D,0x00,0x00,0x00,0x00,0x01,0x00,0xFA,
        0x02,0xEE,0x01,0x77,0x03,0x6B,0x00,0x03,0x00,0x00,0x01,0x23,0x15,0x33,0x01,0x77,
        0x7D,0x7D,0x03,0x6B,0x7D,0x00,0x00,0x00,0x00,0x02,0x00,0xFA,0xFF,0x06,0x01,0xF4,
        0x00,0x00,0x00,0x03,0x00,0x07,0x00,0x00,0x05,0x23,0x15,0x33,0x35,0x33,0x35,0x23,
        0x01,0x77,0x7D,0x7D,0x7D,0x7D,0x7D,0x7D,0x7D,0x7D,0x00,0x00,0x00,0x04,0x00,0x00,
        0x02,0xEE,0x02,0x71,0x03,0xE8,0x00,0x03,0x00,0x07,0x00,0x0B,0x00,0x0F,0x00,0x00,
        0x13,0x23,0x15,0x33,0x37,0x23,0x15,0x3B,0x01,0x23,0x15,0x33,0x37,0x23,0x15,0x33,
        0x7D,0x7D,0x7D,0x7D,0x7D,0x7D,0xFA,0x7D,0x7D,0x7D,0x7D,0x7D,0x03,0x6B,0x7D,0xFA,
        0x7D,0x7D,0xFA,0x7D,0x00,0x02,0x00,0xFA,0xFF,0x06,0x02,0x71,0x00,0x7D,0x00,0x03,
        0x00,0x07,0x00,0x00,0x05,0x33,0x35,0x23,0x35,0x23,0x15,0x33,0x01,0x77,0xFA,0xFA,
        0x7D,0x7D,0xFA,0x7D,0xFA,0xFA,0x00,0x00,0x00,0x03,0x00,0x7D,0x02,0xEE,0x01,0xF4,
        0x03,0xE8,0x00,0x03,0x00,0x07,0x00,0x0B,0x00,0x00,0x13,0x23,0x15,0x3B,0x02,0x35,
        0x23,0x07,0x33,0x35,0x23,0xFA,0x7D,0x7D,0x7D,0x7D,0x7D,0x7D,0x7D,0x7D,0x03,0xE8,
        0x7D,0x7D,0xFA,0x7D,0x00,0x01,0x00,0x00,0x00,0x00,0x02,0xEE,0x02,0x71,0x00,0x0D,
        0x00,0x00,0x33,0x21,0x35,0x21,0x35,0x33,0x35,0x23,0x35,0x23,0x11,0x23,0x15,0x33,
        0x7D,0x02,0x71,0xFE,0x0C,0x7D,0x7D,0x7D,0x7D,0x7D,0x7D,0xFA,0x7D,0x7D,0xFE,0x89,
        0x7D,0x00,0x00,0x00,0x00,0x01,0x00,0x00,0x00,0x00,0x02,0xEE,0x02,0x71,0x00,0x0D,
        0x00,0x00,0x33,0x21,0x35,0x21,0x35,0x33,0x35,0x23,0x35,0x23,0x11,0x23,0x15,0x33,
        0x7D,0x02,0x71,0xFE,0x0C,0x7D,0x7D,0x7D,0x7D,0x7D,0x7D,0xFA,0x7D,0x7D,0xFE,0x89,
        0x7D,0x00,0x00,0x00,0x00,0x04,0x00,0x00,0x00,0x00,0x02,0x71,0x03,0xE8,0x00,0x0B,
        0x00,0x0F,0x00,0x13,0x00,0x17,0x00,0x00,0x01,0x21,0x35,0x21,0x35,0x21,0x11,0x21,
        0x15,0x21,0x15,0x21,0x01,0x23,0x15,0x3B,0x02,0x35,0x23,0x07,0x33,0x35,0x23,0x02,
        0x71,0xFE,0x0C,0x01,0xF4,0xFD,0x8F,0x01,0xF4,0xFE,0x0C,0x02,0x71,0xFE,0x89,0x7D,
        0x7D,0x7D,0x7D,0x7D,0x7D,0x7D,0x7D,0x01,0x77,0x7D,0x7D,0xFE,0x89,0x7D,0x7D,0x03,
        0xE8,0x7D,0x7D,0xFA,0x7D,0x00,0x00,0x00,0x00,0x04,0x00,0x00,0x00,0x00,0x02,0x71,
        0x03,0xE8,0x00,0x0B,0x00,0x0F,0x00,0x13,0x00,0x17,0x00,0x00,0x01,0x21,0x35,0x21,
        0x35,0x21,0x11,0x21,0x15,0x21,0x15,0x21,0x01,0x23,0x15,0x3B,0x02,0x35,0x23,0x07,
        0x33,0x35,0x23,0x02,0x71,0xFE,0x0C,0x01,0xF4,0xFD,0x8F,0x01,0xF4,0xFE,0x0C,0x02,
        0x71,0xFE,0x89,0x7D,0x7D,0x7D,0x7D,0x7D,0x7D,0x7D,0x7D,0x01,0x77,0x7D,0x7D,0xFE,
        0x89,0x7D,0x7D,0x03,0xE8,0x7D,0x7D,0xFA,0x7D,0x00,0x00,0x00,0x00,0x06,0x00,0x00,
        0x00,0x00,0x02,0x71,0x03,0xE8,0x00,0x07,0x00,0x0B,0x00,0x13,0x00,0x17,0x00,0x1B,
        0x00,0x1F,0x00,0x00,0x37,0x23,0x15,0x23,0x15,0x21,0x35,0x21,0x35,0x15,0x33,0x35,
        0x37,0x33,0x35,0x21,0x15,0x21,0x15,0x33,0x03,0x23,0x15,0x3B,0x02,0x35,0x23,0x07,
        0x33,0x35,0x23,0xFA,0x7D,0x7D,0x02,0x71,0xFE,0x89,0x7D,0x7D,0x7D,0xFD,0x8F,0x01,
        0x77,0x7D,0xFA,0x7D,0x7D,0x7D,0x7D,0x7D,0x7D,0x7D,0x7D,0xFA,0x7D,0x7D,0x7D,0xFA,
        0x7D,0x7D,0x7D,0x7D,0x7D,0x7D,0x02,0x71,0x7D,0x7D,0xFA,0x7D,0x00,0x06,0x00,0x00,
        0x00,0x00,0x02,0x71,0x03,0xE8,0x00,0x07,0x00,0x0B,0x00,0x13,0x00,0x17,0x00,0x1B,
        0x00,0x1F,0x00,0x00,0x37,0x23,0x15,0x23,0x15,0x21,0x35,0x21,0x35,0x15,0x33,0x35,
        0x37,0x33,0x35,0x21,0x15,0x21,0x15,0x33,0x03,0x23,0x15,0x3B,0x02,0x35,0x23,0x07,
        0x33,0x35,0x23,0xFA,0x7D,0x7D,0x02,0x71,0xFE,0x89,0x7D,0x7D,0x7D,0xFD,0x8F,0x01,
        0x77,0x7D,0xFA,0x7D,0x7D,0x7D,0x7D,0x7D,0x7D,0x7D,0x7D,0xFA,0x7D,0x7D,0x7D,0xFA,
        0x7D,0x7D,0x7D,0x7D,0x7D,0x7D,0x02,0x71,0x7D,0x7D,0xFA,0x7D,0x00,0x02,0x00,0x00,
        0x00,0x00,0x00,0x7D,0x02,0x71,0x00,0x03,0x00,0x07,0x00,0x00,0x37,0x23,0x15,0x33,
        0x11,0x23,0x15,0x33,0x7D,0x7D,0x7D,0x7D,0x7D,0xFA,0xFA,0x02,0x71,0xFA,0x00,0x00,
        0x00,0x02,0x00,0x00,0x00,0x00,0x02,0xEE,0x02,0x71,0x00,0x03,0x00,0x13,0x00,0x00,
        0x01,0x11,0x33,0x11,0x05,0x35,0x23,0x35,0x21,0x35,0x21,0x15,0x23,0x15,0x33,0x15,
        0x21,0x35,0x21,0x35,0x02,0x71,0x7D,0xFE,0x89,0x7D,0x01,0x77,0xFE,0x0C,0x7D,0x7D,
        0x01,0xF4,0xFE,0x89,0x01,0xF4,0xFE,0x89,0x01,0x77,0xFA,0x7D,0x7D,0x7D,0xFA,0x7D,
        0xFA,0x7D,0x7D,0x00,0x00,0x08,0x00,0x00,0x00,0x00,0x02,0x71,0x04,0x65,0x00,0x03,
        0x00,0x07,0x00,0x0B,0x00,0x0F,0x00,0x17,0x00,0x1B,0x00,0x1F,0x00,0x23,0x00,0x00,
        0x19,0x01,0x33,0x19,0x01,0x33,0x35,0x23,0x17,0x33,0x35,0x23,0x17,0x33,0x35,0x23,
        0x13,0x33,0x11,0x23,0x15,0x21,0x15,0x21,0x11,0x23,0x15,0x33,0x07,0x23,0x15,0x33,
        0x03,0x21,0x35,0x21,0x7D,0x7D,0x7D,0x7D,0x7D,0x7D,0x7D,0x7D,0x7D,0x7D,0x7D,0x7D,
        0xFE,0x89,0x01,0x77,0x7D,0x7D,0xFA,0x7D,0x7D,0x7D,0x01,0x77,0xFE,0x89,0x01,0xF4,
        0xFE,0x89,0x01,0x77,0x01,0xF4,0x7D,0xFA,0x7D,0xFA,0x7D,0xFD,0x12,0x02,0x71,0x7D,
        0x7D,0x02,0x71,0x7D,0x7D,0x7D,0xFD,0x12,0x7D,0x00,0x00,0x00,0x00,0x08,0x00,0x00,
        0x00,0x00,0x02,0x71,0x03,0xE8,0x00,0x03,0x00,0x07,0x00,0x0B,0x00,0x0F,0x00,0x13,
        0x00,0x17,0x00,0x1B,0x00,0x1F,0x00,0x00,0x3B,0x01,0x35,0x23,0x3B,0x01,0x35,0x23,
        0x3B,0x01,0x35,0x23,0x03,0x23,0x15,0x33,0x03,0x23,0x15,0x33,0x03,0x23,0x15,0x33,
        0x13,0x23,0x15,0x33,0x37,0x23,0x15,0x33,0xFA,0x7D,0x7D,0x7D,0x7D,0x7D,0x7D,0x7D,
        0x7D,0x7D,0x7D,0x7D,0x7D,0x7D,0x7D,0x7D,0x7D,0x7D,0xFA,0x7D,0x7D,0x7D,0x7D,0x7D,
        0xFA,0x7D,0xFA,0xFE,0x89,0xFA,0x01,0x77,0x7D,0x01,0x77,0xFA,0x01,0xF4,0x7D,0xFA,
        0x7D,0x00,0x00,0x00,0x00,0x08,0x00,0x00,0x00,0x00,0x02,0x71,0x03,0xE8,0x00,0x03,
        0x00,0x07,0x00,0x0B,0x00,0x0F,0x00,0x13,0x00,0x17,0x00,0x1B,0x00,0x1F,0x00,0x00,
        0x3B,0x01,0x35,0x23,0x3B,0x01,0x35,0x23,0x3B,0x01,0x35,0x23,0x03,0x23,0x15,0x33,
        0x03,0x23,0x15,0x33,0x03,0x23,0x15,0x33,0x13,0x23,0x15,0x33,0x37,0x23,0x15,0x33,
        0xFA,0x7D,0x7D,0x7D,0x7D,0x7D,0x7D,0x7D,0x7D,0x7D,0x7D,0x7D,0x7D,0x7D,0x7D,0x7D,
        0x7D,0x7D,0xFA,0x7D,0x7D,0x7D,0x7D,0x7D,0xFA,0x7D,0xFA,0xFE,0x89,0xFA,0x01,0x77,
        0x7D,0x01,0x77,0xFA,0x01,0xF4,0x7D,0xFA,0x7D,0x00,0x00,0x00,0x00,0x02,0x00,0x00,
        0x00,0x00,0x01,0xF4,0x02,0x71,0x00,0x03,0x00,0x0F,0x00,0x00,0x25,0x33,0x35,0x2B,
        0x01,0x33,0x35,0x23,0x35,0x23,0x11,0x33,0x35,0x33,0x35,0x23,0x01,0x77,0x7D,0x7D,
        0xFA,0xFA,0xFA,0x7D,0x7D,0xFA,0xFA,0xFA,0x7D,0x7D,0x7D,0xFD,0x8F,0x7D,0x7D,0x00,
        0x00,0x02,0x00,0x00,0x00,0x00,0x01,0xF4,0x02,0x71,0x00,0x03,0x00,0x0F,0x00,0x00,
        0x25,0x33,0x35,0x2B,0x01,0x33,0x35,0x23,0x35,0x23,0x11,0x33,0x35,0x33,0x35,0x23,
        0x01,0x77,0x7D,0x7D,0xFA,0xFA,0xFA,0x7D,0x7D,0xFA,0xFA,0xFA,0x7D,0x7D,0x7D,0xFD,
        0x8F,0x7D,0x7D,0x00,0x00,0x01,0x00,0x00,0x00,0xFA,0x02,0x71,0x01,0x77,0x00,0x03,
        0x00,0x00,0x25,0x35,0x21,0x15,0x02,0x71,0xFD,0x8F,0xFA,0x7D,0x7D,0x00,0x00,0x00,
        0x00,0x09,0x00,0x00,0x00,0x00,0x02,0x71,0x02,0x71,0x00,0x03,0x00,0x07,0x00,0x0B,
        0x00,0x0F,0x00,0x13,0x00,0x17,0x00,0x1B,0x00,0x1F,0x00,0x23,0x00,0x00,0x37,0x23,
        0x15,0x33,0x37,0x23,0x15,0x33,0x13,0x23,0x15,0x33,0x37,0x23,0x15,0x33,0x03,0x33,
        0x35,0x2B,0x01,0x33,0x35,0x2B,0x01,0x33,0x35,0x2B,0x01,0x33,0x35,0x2B,0x01,0x33,
        0x35,0x23,0x7D,0x7D,0x7D,0x7D,0x7D,0x7D,0xFA,0x7D,0x7D,0x7D,0x7D,0x7D,0x7D,0x7D,
        0x7D,0x7D,0x7D,0x7D,0x7D,0x7D,0x7D,0x7D,0x7D,0x7D,0x7D,0x7D,0x7D,0x7D,0x7D,0xFA,
        0x7D,0x01,0x77,0x7D,0xFA,0x7D,0xFE,0x0C,0x7D,0x7D,0x7D,0x7D,0x7D,0x00,0x00,0x00,
        0x00,0x01,0x00,0x00,0x01,0xF4,0x00,0xBC,0x03,0x2D,0x00,0x0B,0x00,0x00,0x11,0x15,
        0x33,0x35,0x23,0x35,0x23,0x15,0x23,0x15,0x33,0x15,0xBC,0x3F,0x3E,0x3F,0x3F,0x02,
        0x33,0x3F,0x3F,0xFA,0x3F,0x3E,0x7D,0x00,0x00,0x04,0x00,0x00,0x01,0xF4,0x01,0x39,
        0x03,0x2D,0x00,0x03,0x00,0x07,0x00,0x0B,0x00,0x12,0x00,0x00,0x01,0x23,0x15,0x33,
        0x27,0x23,0x15,0x33,0x15,0x23,0x15,0x33,0x2B,0x01,0x15,0x21,0x35,0x23,0x35,0x01,
        0x39,0x3F,0x3F,0x3F,0xFA,0xFA,0xBB,0xBB,0xBB,0x3F,0x01,0x39,0xFA,0x02,0xEE,0x3E,
        0x7D,0x3F,0x3E,0x3F,0x7D,0x3F,0x3E,0x00,0x00,0x03,0x00,0x00,0x01,0xF4,0x01,0x39,
        0x03,0x2D,0x00,0x05,0x00,0x0B,0x00,0x0F,0x00,0x00,0x01,0x35,0x21,0x15,0x33,0x1D,
        0x02,0x23,0x15,0x21,0x35,0x23,0x35,0x23,0x15,0x01,0x39,0xFE,0xC7,0xFA,0xFA,0x01,
        0x39,0x3F,0xBB,0x02,0xB0,0x7D,0x3F,0x3E,0x3F,0x3E,0x3F,0x7D,0x3F,0x3F,0x00,0x00,
        0x00,0x0A,0x00,0x00,0xFF,0xC2,0x02,0xEE,0x02,0xB0,0x00,0x03,0x00,0x07,0x00,0x0B,
        0x00,0x0F,0x00,0x13,0x00,0x1F,0x00,0x23,0x00,0x27,0x00,0x2B,0x00,0x32,0x00,0x00,
        0x37,0x23,0x15,0x33,0x37,0x23,0x15,0x33,0x13,0x23,0x15,0x33,0x37,0x23,0x15,0x33,
        0x05,0x33,0x35,0x23,0x27,0x15,0x33,0x35,0x23,0x35,0x23,0x15,0x23,0x15,0x33,0x15,
        0x05,0x23,0x15,0x33,0x27,0x23,0x15,0x33,0x15,0x23,0x15,0x33,0x2B,0x01,0x15,0x21,
        0x35,0x23,0x35,0x7D,0x7D,0x7D,0x7D,0x7D,0x7D,0xFA,0x7D,0x7D,0x7D,0x7D,0x7D,0xFE,
        0x89,0x7D,0x7D,0xFA,0xBC,0x3F,0x3E,0x3F,0x3F,0x02,0xAF,0x3F,0x3F,0x3F,0xFA,0xFA,
        0xBB,0xBB,0xBB,0x3F,0x01,0x39,0xFA,0x7D,0x7D,0xFA,0x7D,0x01,0x77,0x7D,0xFA,0x7D,
        0xFA,0x7D,0x3F,0x3F,0x3F,0xFA,0x3F,0x3E,0x7D,0xFA,0x3F,0x7D,0x3E,0x3F,0x3E,0x7D,
        0x3E,0x3F,0x00,0x00,0x00,0x07,0x00,0x00,0x00,0x00,0x02,0xEE,0x02,0xB0,0x00,0x03,
        0x00,0x07,0x00,0x0B,0x00,0x0F,0x00,0x13,0x00,0x1F,0x00,0x2D,0x00,0x00,0x37,0x23,
        0x15,0x33,0x37,0x23,0x15,0x33,0x13,0x23,0x15,0x33,0x37,0x23,0x15,0x33,0x05,0x33,
        0x35,0x23,0x27,0x15,0x33,0x35,0x23,0x35,0x23,0x15,0x23,0x15,0x33,0x15,0x01,0x33,
        0x35,0x33,0x35,0x23,0x35,0x23,0x15,0x23,0x35,0x23,0x15,0x33,0x7D,0x7D,0x7D,0x7D,
        0x7D,0x7D,0xFA,0x7D,0x7D,0x7D,0x7D,0x7D,0xFE,0x89,0x7D,0x7D,0xFA,0xBC,0x3F,0x3E,
        0x3F,0x3F,0x01,0xF4,0x3E,0x7D,0x7D,0x3E,0x3F,0x3E,0x7D,0x7D,0x7D,0xFA,0x7D,0x01,
        0x77,0x7D,0xFA,0x7D,0xFA,0x7D,0x3F,0x3F,0x3F,0xFA,0x3F,0x3E,0x7D,0xFE,0x4B,0x3E,
        0x3F,0x3E,0x3E,0xBB,0xFA,0x00,0x00,0x00,0x00,0x07,0x00,0x00,0x00,0x00,0x02,0xEE,
        0x02,0xB0,0x00,0x03,0x00,0x07,0x00,0x0B,0x00,0x0F,0x00,0x13,0x00,0x21,0x00,0x2D,
        0x00,0x00,0x37,0x23,0x15,0x33,0x37,0x23,0x15,0x33,0x13,0x23,0x15,0x33,0x37,0x23,
        0x15,0x33,0x05,0x33,0x35,0x23,0x01,0x33,0x35,0x33,0x35,0x23,0x35,0x23,0x15,0x23,
        0x35,0x23,0x15,0x33,0x01,0x15,0x33,0x35,0x23,0x35,0x23,0x15,0x23,0x15,0x33,0x15,
        0x7D,0x7D,0x7D,0x7D,0x7D,0x7D,0xFA,0x7D,0x7D,0x7D,0x7D,0x7D,0xFE,0x89,0x7D,0x7D,
        0x01,0x39,0x3E,0x7D,0x7D,0x3E,0x3F,0x3E,0x7D,0xFD,0xCD,0xBC,0x3F,0x3E,0x3F,0x3F,
        0x7D,0x7D,0xFA,0x7D,0x01,0x77,0x7D,0xFA,0x7D,0xFA,0x7D,0xFE,0x8A,0x3E,0x3F,0x3E,
        0x3E,0xBB,0xFA,0x01,0x77,0x3F,0x3F,0xFA,0x3F,0x3E,0x7D,0x00,0x00,0x01,0x00,0x00,
        0xFF,0x83,0x02,0xEE,0x02,0x71,0x00,0x11,0x00,0x00,0x37,0x23,0x15,0x33,0x15,0x33,
        0x35,0x33,0x35,0x23,0x35,0x21,0x35,0x21,0x35,0x21,0x35,0x21,0x7D,0x7D,0x7D,0x7D,
        0x7D,0x7D,0x01,0x77,0xFE,0x89,0x01,0xF4,0xFD,0x8F,0x7D,0x7D,0x7D,0x7D,0x7D,0x7D,
        0x7D,0x7D,0x7D,0x00,0x00,0x04,0x00,0x00,0x00,0x00,0x02,0x71,0x03,0xE8,0x00,0x0B,
        0x00,0x0F,0x00,0x13,0x00,0x17,0x00,0x00,0x01,0x23,0x15,0x33,0x15,0x21,0x11,0x21,
        0x35,0x21,0x11,0x21,0x01,0x33,0x35,0x23,0x25,0x23,0x15,0x33,0x25,0x23,0x15,0x33,
        0x02,0x71,0xFA,0x7D,0xFE,0x89,0x01,0xF4,0xFD,0x8F,0x02,0x71,0xFE,0x4A,0xFA,0xFA,
        0x01,0x77,0x7D,0x7D,0xFE,0x89,0x7D,0x7D,0x01,0x77,0x7D,0x7D,0x01,0x77,0x7D,0xFD,
        0x8F,0x02,0xEE,0x7D,0x7D,0x7D,0x7D,0x7D,0x00,0x04,0x00,0x00,0x00,0x00,0x02,0x71,
        0x03,0xE8,0x00,0x0B,0x00,0x0F,0x00,0x13,0x00,0x17,0x00,0x00,0x01,0x23,0x15,0x33,
        0x15,0x21,0x11,0x21,0x35,0x21,0x11,0x21,0x01,0x33,0x35,0x23,0x25,0x23,0x15,0x33,
        0x25,0x23,0x15,0x33,0x02,0x71,0xFA,0x7D,0xFE,0x89,0x01,0xF4,0xFD,0x8F,0x02,0x71,
        0xFE,0x4A,0xFA,0xFA,0x01,0x77,0x7D,0x7D,0xFE,0x89,0x7D,0x7D,0x01,0x77,0x7D,0x7D,
        0x01,0x77,0x7D,0xFD,0x8F,0x02,0xEE,0x7D,0x7D,0x7D,0x7D,0x7D,0x00,0x02,0x00,0x00,
        0x00,0x00,0x02,0x71,0x03,0x6B,0x00,0x0B,0x00,0x0F,0x00,0x00,0x01,0x33,0x35,0x21,
        0x15,0x33,0x11,0x23,0x15,0x21,0x35,0x23,0x11,0x23,0x15,0x33,0x01,0x77,0xFA,0xFD,
        0x8F,0xFA,0xFA,0x02,0x71,0xFA,0x7D,0x7D,0x01,0xF4,0x7D,0x7D,0xFE,0x89,0x7D,0x7D,
        0x02,0xEE,0x7D,0x00,0x00,0x02,0x00,0x00,0xFF,0x06,0x02,0x71,0x02,0x71,0x00,0x03,
        0x00,0x13,0x00,0x00,0x05,0x23,0x15,0x33,0x35,0x33,0x35,0x33,0x11,0x21,0x35,0x21,
        0x35,0x21,0x11,0x21,0x15,0x21,0x15,0x21,0x01,0x77,0x7D,0x7D,0x7D,0x7D,0xFE,0x0C,
        0x01,0xF4,0xFD,0x8F,0x01,0xF4,0xFE,0x0C,0x01,0x77,0x7D,0x7D,0x7D,0x7D,0x01,0x77,
        0x7D,0x7D,0xFE,0x89,0x7D,0x7D,0x00,0x00,0x00,0x02,0x00,0x00,0xFF,0x06,0x02,0x71,
        0x02,0x71,0x00,0x03,0x00,0x13,0x00,0x00,0x05,0x23,0x15,0x33,0x35,0x33,0x35,0x33,
        0x11,0x21,0x35,0x21,0x35,0x21,0x11,0x21,0x15,0x21,0x15,0x21,0x01,0x77,0x7D,0x7D,
        0x7D,0x7D,0xFE,0x0C,0x01,0xF4,0xFD,0x8F,0x01,0xF4,0xFE,0x0C,0x01,0x77,0x7D,0x7D,
        0x7D,0x7D,0x01,0x77,0x7D,0x7D,0xFE,0x89,0x7D,0x7D,0x00,0x00,0x00,0x03,0x00,0x00,
        0x00,0x00,0x02,0x71,0x03,0xE8,0x00,0x07,0x00,0x0B,0x00,0x0F,0x00,0x00,0x31,0x21,
        0x35,0x21,0x11,0x21,0x35,0x21,0x25,0x23,0x15,0x33,0x37,0x23,0x15,0x33,0x02,0x71,
        0xFE,0x0C,0x01,0xF4,0xFD,0x8F,0x01,0x77,0x7D,0x7D,0x7D,0x7D,0x7D,0x7D,0x01,0x77,
        0x7D,0xFA,0x7D,0xFA,0x7D,0x00,0x00,0x00,0x00,0x03,0x00,0x00,0x00,0x00,0x02,0x71,
        0x03,0xE8,0x00,0x07,0x00,0x0B,0x00,0x0F,0x00,0x00,0x31,0x21,0x35,0x21,0x11,0x21,
        0x35,0x21,0x25,0x23,0x15,0x33,0x37,0x23,0x15,0x33,0x02,0x71,0xFE,0x0C,0x01,0xF4,
        0xFD,0x8F,0x01,0x77,0x7D,0x7D,0x7D,0x7D,0x7D,0x7D,0x01,0x77,0x7D,0xFA,0x7D,0xFA,
        0x7D,0x00,0x00,0x00,0x00,0x04,0x00,0x00,0x00,0x00,0x02,0x71,0x03,0xE8,0x00,0x07,
        0x00,0x0B,0x00,0x0F,0x00,0x13,0x00,0x00,0x31,0x21,0x35,0x21,0x11,0x21,0x35,0x21,
        0x13,0x23,0x15,0x3B,0x02,0x35,0x23,0x07,0x33,0x35,0x23,0x02,0x71,0xFE,0x0C,0x01,
        0xF4,0xFD,0x8F,0xFA,0x7D,0x7D,0x7D,0x7D,0x7D,0x7D,0x7D,0x7D,0x7D,0x01,0x77,0x7D,
        0x01,0x77,0x7D,0x7D,0xFA,0x7D,0x00,0x00,0x00,0x04,0x00,0x00,0x00,0x00,0x02,0x71,
        0x03,0xE8,0x00,0x07,0x00,0x0B,0x00,0x0F,0x00,0x13,0x00,0x00,0x31,0x21,0x35,0x21,
        0x11,0x21,0x35,0x21,0x13,0x23,0x15,0x3B,0x02,0x35,0x23,0x07,0x33,0x35,0x23,0x02,
        0x71,0xFE,0x0C,0x01,0xF4,0xFD,0x8F,0xFA,0x7D,0x7D,0x7D,0x7D,0x7D,0x7D,0x7D,0x7D,
        0x7D,0x01,0x77,0x7D,0x01,0x77,0x7D,0x7D,0xFA,0x7D,0x00,0x00,0x00,0x02,0x00,0x00,
        0x00,0x00,0x02,0xEE,0x02,0x71,0x00,0x03,0x00,0x13,0x00,0x00,0x01,0x11,0x33,0x11,
        0x05,0x35,0x23,0x35,0x21,0x35,0x21,0x15,0x23,0x15,0x33,0x15,0x21,0x35,0x21,0x35,
        0x02,0x71,0x7D,0xFE,0x89,0x7D,0x01,0x77,0xFE,0x0C,0x7D,0x7D,0x01,0xF4,0xFE,0x89,
        0x01,0xF4,0xFE,0x89,0x01,0x77,0xFA,0x7D,0x7D,0x7D,0xFA,0x7D,0xFA,0x7D,0x7D,0x00,
        0x00,0x06,0x00,0x7D,0x00,0x7D,0x02,0xEE,0x02,0xEE,0x00,0x03,0x00,0x07,0x00,0x0B,
        0x00,0x0F,0x00,0x13,0x00,0x17,0x00,0x00,0x01,0x21,0x11,0x21,0x33,0x23,0x15,0x33,
        0x11,0x23,0x15,0x33,0x01,0x23,0x15,0x33,0x11,0x23,0x15,0x33,0x17,0x23,0x35,0x33,
        0x02,0x71,0xFE,0x89,0x01,0x77,0x7D,0x7D,0x7D,0x7D,0x7D,0xFE,0x0C,0x7D,0x7D,0x7D,
        0x7D,0xFA,0x7D,0x7D,0x02,0x71,0xFE,0x89,0x7D,0x02,0x71,0x7D,0xFE,0x89,0x7D,0x02,
        0x71,0x7D,0xFA,0x7D,0x00,0x01,0x00,0x7D,0x02,0xEE,0x01,0xF4,0x03,0x6B,0x00,0x03,
        0x00,0x00,0x01,0x35,0x21,0x15,0x01,0xF4,0xFE,0x89,0x02,0xEE,0x7D,0x7D,0x00,0x00,
        0x00,0x03,0x00,0x00,0x00,0x00,0x02,0x71,0x03,0x6C,0x00,0x07,0x00,0x0B,0x00,0x0F,
        0x00,0x00,0x25,0x15,0x33,0x11,0x21,0x11,0x33,0x35,0x01,0x15,0x21,0x35,0x25,0x35,
        0x21,0x15,0x01,0xF4,0x7D,0xFD,0x8F,0x7D,0x01,0x77,0xFE,0x89,0x01,0x77,0xFE,0x89,
        0x7D,0x7D,0x02,0x71,0xFD,0x8F,0x7D,0x01,0x77,0xFA,0xFA,0xFB,0x7D,0x7D,0x00,0x00,
        0x00,0x03,0x00,0x00,0x00,0x00,0x02,0x71,0x03,0x6C,0x00,0x07,0x00,0x0B,0x00,0x0F,
        0x00,0x00,0x25,0x15,0x33,0x11,0x21,0x11,0x33,0x35,0x01,0x15,0x21,0x35,0x25,0x35,
        0x21,0x15,0x01,0xF4,0x7D,0xFD,0x8F,0x7D,0x01,0x77,0xFE,0x89,0x01,0x77,0xFE,0x89,
        0x7D,0x7D,0x02,0x71,0xFD,0x8F,0x7D,0x01,0x77,0xFA,0xFA,0xFB,0x7D,0x7D,0x00,0x00,
        0x00,0x05,0x00,0x00,0x00,0x00,0x02,0x71,0x03,0xE8,0x00,0x07,0x00,0x0B,0x00,0x0F,
        0x00,0x13,0x00,0x17,0x00,0x00,0x25,0x15,0x33,0x11,0x21,0x11,0x33,0x35,0x01,0x15,
        0x21,0x35,0x37,0x33,0x35,0x23,0x25,0x23,0x15,0x33,0x25,0x23,0x15,0x33,0x01,0xF4,
        0x7D,0xFD,0x8F,0x7D,0x01,0x77,0xFE,0x89,0x3E,0xFA,0xFA,0x01,0x77,0x7D,0x7D,0xFE,
        0x89,0x7D,0x7D,0x7D,0x7D,0x02,0x71,0xFD,0x8F,0x7D,0x01,0x77,0xFA,0xFA,0xFA,0x7D,
        0x7D,0x7D,0x7D,0x7D,0x00,0x05,0x00,0x00,0x00,0x00,0x02,0x71,0x03,0xE8,0x00,0x07,
        0x00,0x0B,0x00,0x0F,0x00,0x13,0x00,0x17,0x00,0x00,0x25,0x15,0x33,0x11,0x21,0x11,
        0x33,0x35,0x01,0x15,0x21,0x35,0x37,0x33,0x35,0x23,0x25,0x23,0x15,0x33,0x25,0x23,
        0x15,0x33,0x01,0xF4,0x7D,0xFD,0x8F,0x7D,0x01,0x77,0xFE,0x89,0x3E,0xFA,0xFA,0x01,
        0x77,0x7D,0x7D,0xFE,0x89,0x7D,0x7D,0x7D,0x7D,0x02,0x71,0xFD,0x8F,0x7D,0x01,0x77,
        0xFA,0xFA,0xFA,0x7D,0x7D,0x7D,0x7D,0x7D,0x00,0x03,0x00,0x00,0xFF,0x06,0x03,0x6B,
        0x02,0x71,0x00,0x03,0x00,0x07,0x00,0x0F,0x00,0x00,0x01,0x15,0x21,0x35,0x01,0x33,
        0x35,0x2B,0x01,0x33,0x11,0x21,0x11,0x33,0x35,0x21,0x01,0xF4,0xFE,0x89,0x01,0xF4,
        0xFA,0xFA,0x7D,0x7D,0xFD,0x8F,0x7D,0x01,0x77,0x01,0xF4,0xFA,0xFA,0xFD,0x12,0x7D,
        0x02,0xEE,0xFD,0x8F,0x7D,0x00,0x00,0x00,0x00,0x03,0x00,0x00,0xFF,0x06,0x03,0x6B,
        0x02,0x71,0x00,0x03,0x00,0x07,0x00,0x0F,0x00,0x00,0x01,0x15,0x21,0x35,0x01,0x33,
        0x35,0x2B,0x01,0x33,0x11,0x21,0x11,0x33,0x35,0x21,0x01,0xF4,0xFE,0x89,0x01,0xF4,
        0xFA,0xFA,0x7D,0x7D,0xFD,0x8F,0x7D,0x01,0x77,0x01,0xF4,0xFA,0xFA,0xFD,0x12,0x7D,
        0x02,0xEE,0xFD,0x8F,0x7D,0x00,0x00,0x00,0x00,0x04,0x00,0x00,0x00,0x00,0x02,0x71,
        0x03,0xE8,0x00,0x07,0x00,0x0B,0x00,0x0F,0x00,0x13,0x00,0x00,0x31,0x21,0x35,0x21,
        0x11,0x21,0x35,0x21,0x37,0x23,0x15,0x3B,0x02,0x35,0x2B,0x01,0x33,0x35,0x23,0x02,
        0x71,0xFE,0x0C,0x01,0xF4,0xFD,0x8F,0xFA,0x7D,0x7D,0x7D,0x7D,0x7D,0x7D,0x7D,0x7D,
        0x7D,0x01,0x77,0x7D,0xFA,0x7D,0x7D,0x7D,0x00,0x04,0x00,0x00,0x00,0x00,0x02,0x71,
        0x03,0xE8,0x00,0x07,0x00,0x0B,0x00,0x0F,0x00,0x13,0x00,0x00,0x31,0x21,0x35,0x21,
        0x11,0x21,0x35,0x21,0x37,0x23,0x15,0x3B,0x02,0x35,0x2B,0x01,0x33,0x35,0x23,0x02,
        0x71,0xFE,0x0C,0x01,0xF4,0xFD,0x8F,0xFA,0x7D,0x7D,0x7D,0x7D,0x7D,0x7D,0x7D,0x7D,
        0x7D,0x01,0x77,0x7D,0xFA,0x7D,0x7D,0x7D,0x00,0x02,0x00,0x00,0x00,0x00,0x02,0x71,
        0x03,0x6B,0x00,0x07,0x00,0x0B,0x00,0x00,0x31,0x21,0x35,0x21,0x11,0x21,0x35,0x21,
        0x25,0x23,0x15,0x33,0x02,0x71,0xFE,0x0C,0x01,0xF4,0xFD,0x8F,0x01,0x77,0x7D,0x7D,
        0x7D,0x01,0x77,0x7D,0xFA,0x7D,0x00,0x00,0x00,0x02,0x00,0x00,0x00,0x00,0x02,0x71,
        0x03,0x6B,0x00,0x07,0x00,0x0B,0x00,0x00,0x31,0x21,0x35,0x21,0x11,0x21,0x35,0x21,
        0x25,0x23,0x15,0x33,0x02,0x71,0xFE,0x0C,0x01,0xF4,0xFD,0x8F,0x01,0x77,0x7D,0x7D,
        0x7D,0x01,0x77,0x7D,0xFA,0x7D,0x00,0x00,0x00,0x05,0x00,0x00,0x00,0x00,0x02,0x71,
        0x03,0xE8,0x00,0x07,0x00,0x0B,0x00,0x0F,0x00,0x13,0x00,0x17,0x00,0x00,0x25,0x21,
        0x11,0x21,0x35,0x21,0x11,0x21,0x19,0x01,0x33,0x11,0x01,0x23,0x15,0x3B,0x02,0x35,
        0x23,0x07,0x33,0x35,0x23,0x01,0xF4,0xFE,0x89,0x01,0x77,0xFE,0x0C,0x01,0xF4,0x7D,
        0xFE,0x89,0x7D,0x7D,0x7D,0x7D,0x7D,0x7D,0x7D,0x7D,0x7D,0x01,0x77,0x7D,0xFD,0x8F,
        0x01,0xF4,0xFE,0x89,0x01,0x77,0x01,0xF4,0x7D,0x7D,0xFA,0x7D,0x00,0x05,0x00,0x00,
        0x00,0x00,0x02,0x71,0x03,0xE8,0x00,0x07,0x00,0x0B,0x00,0x0F,0x00,0x13,0x00,0x17,
        0x00,0x00,0x25,0x21,0x11,0x21,0x35,0x21,0x11,0x21,0x19,0x01,0x33,0x11,0x01,0x23,
        0x15,0x3B,0x02,0x35,0x23,0x07,0x33,0x35,0x23,0x01,0xF4,0xFE,0x89,0x01,0x77,0xFE,
        0x0C,0x01,0xF4,0x7D,0xFE,0x89,0x7D,0x7D,0x7D,0x7D,0x7D,0x7D,0x7D,0x7D,0x7D,0x01,
        0x77,0x7D,0xFD,0x8F,0x01,0xF4,0xFE,0x89,0x01,0x77,0x01,0xF4,0x7D,0x7D,0xFA,0x7D,
        0x00,0x02,0x00,0x00,0x00,0x00,0x02,0xEE,0x02,0x71,0x00,0x03,0x00,0x13,0x00,0x00,
        0x01,0x11,0x33,0x11,0x05,0x35,0x23,0x35,0x21,0x35,0x21,0x15,0x23,0x15,0x33,0x15,
        0x21,0x35,0x21,0x35,0x02,0x71,0x7D,0xFE,0x89,0x7D,0x01,0x77,0xFE,0x0C,0x7D,0x7D,
        0x01,0xF4,0xFE,0x89,0x01,0xF4,0xFE,0x89,0x01,0x77,0xFA,0x7D,0x7D,0x7D,0xFA,0x7D,
        0xFA,0x7D,0x7D,0x00,0x00,0x02,0x00,0x00,0x00,0x00,0x02,0x71,0x03,0x6B,0x00,0x0B,
        0x00,0x0F,0x00,0x00,0x25,0x35,0x21,0x35,0x21,0x35,0x21,0x11,0x21,0x35,0x21,0x35,
        0x01,0x35,0x21,0x15,0x01,0xF4,0xFE,0x89,0x01,0xF4,0xFD,0x8F,0x02,0x71,0xFE,0x0C,
        0x01,0x77,0xFE,0x89,0xFA,0x7D,0x7D,0x7D,0xFD,0x8F,0x7D,0x7D,0x01,0xF4,0x7D,0x7D,
        0x00,0x02,0x00,0x00,0x00,0x00,0x02,0x71,0x03,0x6B,0x00,0x0B,0x00,0x0F,0x00,0x00,
        0x25,0x35,0x21,0x35,0x21,0x35,0x21,0x11,0x21,0x35,0x21,0x35,0x01,0x35,0x21,0x15,
        0x01,0xF4,0xFE,0x89,0x01,0xF4,0xFD,0x8F,0x02,0x71,0xFE,0x0C,0x01,0x77,0xFE,0x89,
        0xFA,0x7D,0x7D,0x7D,0xFD,0x8F,0x7D,0x7D,0x01,0xF4,0x7D,0x7D,0x00,0x04,0x00,0x00,
        0x00,0x00,0x02,0x71,0x03,0xE8,0x00,0x0B,0x00,0x0F,0x00,0x13,0x00,0x17,0x00,0x00,
        0x25,0x35,0x21,0x35,0x21,0x35,0x21,0x11,0x21,0x35,0x21,0x35,0x13,0x33,0x35,0x23,
        0x25,0x23,0x15,0x33,0x25,0x23,0x15,0x33,0x01,0xF4,0xFE,0x89,0x01,0xF4,0xFD,0x8F,
        0x02,0x71,0xFE,0x0C,0x3E,0xFA,0xFA,0x01,0x77,0x7D,0x7D,0xFE,0x89,0x7D,0x7D,0xFA,
        0x7D,0x7D,0x7D,0xFD,0x8F,0x7D,0x7D,0x01,0xF4,0x7D,0x7D,0x7D,0x7D,0x7D,0x00,0x00,
        0x00,0x04,0x00,0x00,0x00,0x00,0x02,0x71,0x03,0xE8,0x00,0x0B,0x00,0x0F,0x00,0x13,
        0x00,0x17,0x00,0x00,0x25,0x35,0x21,0x35,0x21,0x35,0x21,0x11,0x21,0x35,0x21,0x35,
        0x13,0x33,0x35,0x23,0x25,0x23,0x15,0x33,0x25,0x23,0x15,0x33,0x01,0xF4,0xFE,0x89,
        0x01,0xF4,0xFD,0x8F,0x02,0x71,0xFE,0x0C,0x3E,0xFA,0xFA,0x01,0x77,0x7D,0x7D,0xFE,
        0x89,0x7D,0x7D,0xFA,0x7D,0x7D,0x7D,0xFD,0x8F,0x7D,0x7D,0x01,0xF4,0x7D,0x7D,0x7D,
        0x7D,0x7D,0x00,0x00,0x00,0x02,0x00,0x00,0x00,0x00,0x02,0x71,0x03,0x6B,0x00,0x0B,
        0x00,0x0F,0x00,0x00,0x25,0x35,0x21,0x35,0x21,0x35,0x21,0x11,0x21,0x35,0x21,0x35,
        0x13,0x33,0x35,0x23,0x01,0xF4,0xFE,0x89,0x01,0xF4,0xFD,0x8F,0x02,0x71,0xFE,0x0C,
        0x7D,0x7D,0x7D,0xFA,0x7D,0x7D,0x7D,0xFD,0x8F,0x7D,0x7D,0x01,0xF4,0x7D,0x00,0x00,
        0x00,0x02,0x00,0x00,0x00,0x00,0x02,0x71,0x03,0x6B,0x00,0x0B,0x00,0x0F,0x00,0x00,
        0x25,0x35,0x21,0x35,0x21,0x35,0x21,0x11,0x21,0x35,0x21,0x35,0x13,0x33,0x35,0x23,
        0x01,0xF4,0xFE,0x89,0x01,0xF4,0xFD,0x8F,0x02,0x71,0xFE,0x0C,0x7D,0x7D,0x7D,0xFA,
        0x7D,0x7D,0x7D,0xFD,0x8F,0x7D,0x7D,0x01,0xF4,0x7D,0x00,0x00,0x00,0x02,0x00,0x00,
        0xFF,0x06,0x02,0xEE,0x02,0x71,0x00,0x03,0x00,0x13,0x00,0x00,0x05,0x33,0x35,0x2B,
        0x01,0x33,0x35,0x33,0x35,0x21,0x35,0x21,0x35,0x21,0x35,0x21,0x35,0x21,0x11,0x21,
        0x01,0xF4,0xFA,0xFA,0x7D,0x7D,0x7D,0xFE,0x0C,0x01,0x77,0xFE,0x89,0x01,0xF4,0xFD,
        0x8F,0x01,0x77,0xFA,0x7D,0x7D,0x7D,0x7D,0x7D,0x7D,0x7D,0xFD,0x8F,0x00,0x00,0x00,
        0x00,0x02,0x00,0x00,0xFF,0x06,0x02,0xEE,0x02,0x71,0x00,0x03,0x00,0x13,0x00,0x00,
        0x05,0x33,0x35,0x2B,0x01,0x33,0x35,0x33,0x35,0x21,0x35,0x21,0x35,0x21,0x35,0x21,
        0x35,0x21,0x11,0x21,0x01,0xF4,0xFA,0xFA,0x7D,0x7D,0x7D,0xFE,0x0C,0x01,0x77,0xFE,
        0x89,0x01,0xF4,0xFD,0x8F,0x01,0x77,0xFA,0x7D,0x7D,0x7D,0x7D,0x7D,0x7D,0x7D,0xFD,
        0x8F,0x00,0x00,0x00,0x00,0x04,0x00,0x00,0x00,0x00,0x02,0x71,0x03,0xE8,0x00,0x0B,
        0x00,0x0F,0x00,0x13,0x00,0x17,0x00,0x00,0x25,0x35,0x21,0x35,0x21,0x35,0x21,0x11,
        0x21,0x35,0x21,0x35,0x13,0x23,0x15,0x3B,0x02,0x35,0x23,0x07,0x33,0x35,0x23,0x01,
        0xF4,0xFE,0x89,0x01,0xF4,0xFD,0x8F,0x02,0x71,0xFE,0x0C,0x7D,0x7D,0x7D,0x7D,0x7D,
        0x7D,0x7D,0x7D,0x7D,0xFA,0x7D,0x7D,0x7D,0xFD,0x8F,0x7D,0x7D,0x02,0xEE,0x7D,0x7D,
        0xFA,0x7D,0x00,0x00,0x00,0x04,0x00,0x00,0x00,0x00,0x02,0x71,0x03,0xE8,0x00,0x0B,
        0x00,0x0F,0x00,0x13,0x00,0x17,0x00,0x00,0x25,0x35,0x21,0x35,0x21,0x35,0x21,0x11,
        0x21,0x35,0x21,0x35,0x13,0x23,0x15,0x3B,0x02,0x35,0x23,0x07,0x33,0x35,0x23,0x01,
        0xF4,0xFE,0x89,0x01,0xF4,0xFD,0x8F,0x02,0x71,0xFE,0x0C,0x7D,0x7D,0x7D,0x7D,0x7D,
        0x7D,0x7D,0x7D,0x7D,0xFA,0x7D,0x7D,0x7D,0xFD,0x8F,0x7D,0x7D,0x02,0xEE,0x7D,0x7D,
        0xFA,0x7D,0x00,0x00,0x00,0x04,0x00,0x00,0x00,0x00,0x02,0x71,0x03,0xE8,0x00,0x0B,
        0x00,0x0F,0x00,0x13,0x00,0x17,0x00,0x00,0x01,0x23,0x15,0x33,0x15,0x21,0x11,0x21,
        0x35,0x21,0x11,0x21,0x01,0x23,0x15,0x3B,0x02,0x35,0x2B,0x01,0x33,0x35,0x23,0x02,
        0x71,0xFA,0x7D,0xFE,0x89,0x01,0xF4,0xFD,0x8F,0x02,0x71,0xFE,0x89,0x7D,0x7D,0x7D,
        0x7D,0x7D,0x7D,0x7D,0x7D,0x01,0x77,0x7D,0x7D,0x01,0x77,0x7D,0xFD,0x8F,0x03,0x6B,
        0x7D,0x7D,0x7D,0x00,0x00,0x04,0x00,0x00,0x00,0x00,0x02,0x71,0x03,0xE8,0x00,0x0B,
        0x00,0x0F,0x00,0x13,0x00,0x17,0x00,0x00,0x01,0x23,0x15,0x33,0x15,0x21,0x11,0x21,
        0x35,0x21,0x11,0x21,0x01,0x23,0x15,0x3B,0x02,0x35,0x2B,0x01,0x33,0x35,0x23,0x02,
        0x71,0xFA,0x7D,0xFE,0x89,0x01,0xF4,0xFD,0x8F,0x02,0x71,0xFE,0x89,0x7D,0x7D,0x7D,
        0x7D,0x7D,0x7D,0x7D,0x7D,0x01,0x77,0x7D,0x7D,0x01,0x77,0x7D,0xFD,0x8F,0x03,0x6B,
        0x7D,0x7D,0x7D,0x00,0x00,0x02,0x00,0x00,0x00,0x00,0x02,0x71,0x03,0x6B,0x00,0x0B,
        0x00,0x0F,0x00,0x00,0x01,0x23,0x15,0x33,0x15,0x21,0x11,0x21,0x35,0x21,0x11,0x21,
        0x01,0x33,0x35,0x23,0x02,0x71,0xFA,0x7D,0xFE,0x89,0x01,0xF4,0xFD,0x8F,0x02,0x71,
        0xFE,0x89,0x7D,0x7D,0x01,0x77,0x7D,0x7D,0x01,0x77,0x7D,0xFD,0x8F,0x02,0xEE,0x7D,
        0x00,0x02,0x00,0x00,0x00,0x00,0x02,0x71,0x03,0x6B,0x00,0x0B,0x00,0x0F,0x00,0x00,
        0x01,0x23,0x15,0x33,0x15,0x21,0x11,0x21,0x35,0x21,0x11,0x21,0x01,0x33,0x35,0x23,
        0x02,0x71,0xFA,0x7D,0xFE,0x89,0x01,0xF4,0xFD,0x8F,0x02,0x71,0xFE,0x89,0x7D,0x7D,
        0x01,0x77,0x7D,0x7D,0x01,0x77,0x7D,0xFD,0x8F,0x02,0xEE,0x7D,0x00,0x02,0x00,0x00,
        0xFF,0x06,0x02,0x71,0x02,0x71,0x00,0x03,0x00,0x13,0x00,0x00,0x05,0x23,0x15,0x33,
        0x35,0x33,0x35,0x33,0x11,0x23,0x15,0x33,0x15,0x21,0x11,0x21,0x35,0x21,0x11,0x21,
        0x01,0x77,0x7D,0x7D,0x7D,0x7D,0xFA,0x7D,0xFE,0x89,0x01,0xF4,0xFD,0x8F,0x01,0x77,
        0x7D,0x7D,0x7D,0x7D,0x01,0x77,0x7D,0x7D,0x01,0x77,0x7D,0xFD,0x8F,0x00,0x00,0x00,
        0x00,0x02,0x00,0x00,0xFF,0x06,0x02,0x71,0x02,0x71,0x00,0x03,0x00,0x13,0x00,0x00,
        0x05,0x23,0x15,0x33,0x35,0x33,0x35,0x33,0x11,0x23,0x15,0x33,0x15,0x21,0x11,0x21,
        0x35,0x21,0x11,0x21,0x01,0x77,0x7D,0x7D,0x7D,0x7D,0xFA,0x7D,0xFE,0x89,0x01,0xF4,
        0xFD,0x8F,0x01,0x77,0x7D,0x7D,0x7D,0x7D,0x01,0x77,0x7D,0x7D,0x01,0x77,0x7D,0xFD,
        0x8F,0x00,0x00,0x00,0x00,0x04,0x00,0x00,0x00,0x00,0x02,0x71,0x03,0xE8,0x00,0x0B,
        0x00,0x0F,0x00,0x13,0x00,0x17,0x00,0x00,0x25,0x15,0x33,0x11,0x23,0x15,0x21,0x35,
        0x23,0x11,0x33,0x35,0x13,0x23,0x15,0x3B,0x02,0x35,0x2B,0x01,0x33,0x35,0x23,0x01,
        0xF4,0x7D,0x7D,0xFE,0x89,0x7D,0x7D,0x7D,0x7D,0x7D,0x7D,0x7D,0x7D,0x7D,0x7D,0x7D,
        0xFA,0xFA,0x02,0x71,0xFA,0xFA,0xFD,0x8F,0xFA,0x02,0x71,0x7D,0x7D,0x7D,0x00,0x00,
        0x00,0x04,0x00,0x00,0x00,0x00,0x02,0x71,0x03,0xE8,0x00,0x0B,0x00,0x0F,0x00,0x13,
        0x00,0x17,0x00,0x00,0x25,0x15,0x33,0x11,0x23,0x15,0x21,0x35,0x23,0x11,0x33,0x35,
        0x13,0x23,0x15,0x3B,0x02,0x35,0x2B,0x01,0x33,0x35,0x23,0x01,0xF4,0x7D,0x7D,0xFE,
        0x89,0x7D,0x7D,0x7D,0x7D,0x7D,0x7D,0x7D,0x7D,0x7D,0x7D,0x7D,0xFA,0xFA,0x02,0x71,
        0xFA,0xFA,0xFD,0x8F,0xFA,0x02,0x71,0x7D,0x7D,0x7D,0x00,0x00,0x00,0x02,0x00,0x00,
        0x00,0x00,0x02,0x71,0x03,0x6B,0x00,0x0B,0x00,0x0F,0x00,0x00,0x25,0x15,0x33,0x11,
        0x23,0x15,0x21,0x35,0x23,0x11,0x33,0x35,0x01,0x35,0x21,0x15,0x01,0xF4,0x7D,0x7D,
        0xFE,0x89,0x7D,0x7D,0x01,0x77,0xFE,0x89,0xFA,0xFA,0x02,0x71,0xFA,0xFA,0xFD,0x8F,
        0xFA,0x01,0xF4,0x7D,0x7D,0x00,0x00,0x00,0x00,0x02,0x00,0x00,0x00,0x00,0x02,0x71,
        0x03,0x6B,0x00,0x0B,0x00,0x0F,0x00,0x00,0x25,0x15,0x33,0x11,0x23,0x15,0x21,0x35,
        0x23,0x11,0x33,0x35,0x01,0x35,0x21,0x15,0x01,0xF4,0x7D,0x7D,0xFE,0x89,0x7D,0x7D,
        0x01,0x77,0xFE,0x89,0xFA,0xFA,0x02,0x71,0xFA,0xFA,0xFD,0x8F,0xFA,0x01,0xF4,0x7D,
        0x7D,0x00,0x00,0x00,0x00,0x05,0x00,0x00,0x00,0x00,0x02,0x71,0x03,0xE8,0x00,0x0B,
        0x00,0x0F,0x00,0x13,0x00,0x17,0x00,0x1B,0x00,0x00,0x01,0x33,0x35,0x21,0x15,0x33,
        0x11,0x23,0x15,0x21,0x35,0x23,0x13,0x33,0x35,0x23,0x07,0x33,0x35,0x2B,0x01,0x33,
        0x35,0x23,0x07,0x33,0x35,0x23,0x01,0x77,0xFA,0xFD,0x8F,0xFA,0xFA,0x02,0x71,0xFA,
        0x3E,0x7D,0x7D,0x7D,0x7D,0x7D,0x7D,0x7D,0x7D,0x7D,0x7D,0x7D,0x01,0xF4,0x7D,0x7D,
        0xFE,0x89,0x7D,0x7D,0x02,0xEE,0x7D,0xFA,0x7D,0x7D,0xFA,0x7D,0x00,0x05,0x00,0x00,
        0x00,0x00,0x02,0x71,0x03,0xE8,0x00,0x0B,0x00,0x0F,0x00,0x13,0x00,0x17,0x00,0x1B,
        0x00,0x00,0x01,0x33,0x35,0x21,0x15,0x33,0x11,0x23,0x15,0x21,0x35,0x23,0x13,0x33,
        0x35,0x23,0x07,0x33,0x35,0x2B,0x01,0x33,0x35,0x23,0x07,0x33,0x35,0x23,0x01,0x77,
        0xFA,0xFD,0x8F,0xFA,0xFA,0x02,0x71,0xFA,0x3E,0x7D,0x7D,0x7D,0x7D,0x7D,0x7D,0x7D,
        0x7D,0x7D,0x7D,0x7D,0x01,0xF4,0x7D,0x7D,0xFE,0x89,0x7D,0x7D,0x02,0xEE,0x7D,0xFA,
        0x7D,0x7D,0xFA,0x7D,0x00,0x02,0x00,0x00,0x00,0x00,0x02,0x71,0x03,0x6B,0x00,0x0B,
        0x00,0x0F,0x00,0x00,0x01,0x33,0x35,0x21,0x15,0x33,0x11,0x23,0x15,0x21,0x35,0x23,
        0x13,0x35,0x21,0x15,0x01,0x77,0xFA,0xFD,0x8F,0xFA,0xFA,0x02,0x71,0xFA,0x7D,0xFE,
        0x89,0x01,0xF4,0x7D,0x7D,0xFE,0x89,0x7D,0x7D,0x02,0x71,0x7D,0x7D,0x00,0x00,0x00,
        0x00,0x02,0x00,0x00,0x00,0x00,0x02,0x71,0x03,0x6B,0x00,0x0B,0x00,0x0F,0x00,0x00,
        0x01,0x33,0x35,0x21,0x15,0x33,0x11,0x23,0x15,0x21,0x35,0x23,0x13,0x35,0x21,0x15,
        0x01,0x77,0xFA,0xFD,0x8F,0xFA,0xFA,0x02,0x71,0xFA,0x7D,0xFE,0x89,0x01,0xF4,0x7D,
        0x7D,0xFE,0x89,0x7D,0x7D,0x02,0x71,0x7D,0x7D,0x00,0x00,0x00,0x00,0x04,0x00,0x00,
        0x00,0x00,0x02,0x71,0x03,0xE8,0x00,0x0B,0x00,0x0F,0x00,0x13,0x00,0x17,0x00,0x00,
        0x01,0x33,0x35,0x21,0x15,0x33,0x11,0x23,0x15,0x21,0x35,0x23,0x03,0x33,0x35,0x23,
        0x25,0x23,0x15,0x33,0x25,0x23,0x15,0x33,0x01,0x77,0xFA,0xFD,0x8F,0xFA,0xFA,0x02,
        0x71,0xFA,0xBC,0xFA,0xFA,0x01,0x77,0x7D,0x7D,0xFE,0x89,0x7D,0x7D,0x01,0xF4,0x7D,
        0x7D,0xFE,0x89,0x7D,0x7D,0x02,0x71,0x7D,0x7D,0x7D,0x7D,0x7D,0x00,0x04,0x00,0x00,
        0x00,0x00,0x02,0x71,0x03,0xE8,0x00,0x0B,0x00,0x0F,0x00,0x13,0x00,0x17,0x00,0x00,
        0x01,0x33,0x35,0x21,0x15,0x33,0x11,0x23,0x15,0x21,0x35,0x23,0x03,0x33,0x35,0x23,
        0x25,0x23,0x15,0x33,0x25,0x23,0x15,0x33,0x01,0x77,0xFA,0xFD,0x8F,0xFA,0xFA,0x02,
        0x71,0xFA,0xBC,0xFA,0xFA,0x01,0x77,0x7D,0x7D,0xFE,0x89,0x7D,0x7D,0x01,0xF4,0x7D,
        0x7D,0xFE,0x89,0x7D,0x7D,0x02,0x71,0x7D,0x7D,0x7D,0x7D,0x7D,0x00,0x02,0x00,0x00,
        0xFF,0x06,0x02,0xEE,0x02,0x71,0x00,0x03,0x00,0x13,0x00,0x00,0x05,0x33,0x35,0x2B,
        0x01,0x33,0x35,0x33,0x35,0x23,0x11,0x33,0x35,0x21,0x15,0x33,0x11,0x23,0x15,0x21,
        0x01,0xF4,0xFA,0xFA,0x7D,0x7D,0x7D,0xFA,0xFA,0xFD,0x8F,0xFA,0xFA,0x01,0x77,0xFA,
        0x7D,0x7D,0x7D,0x01,0x77,0x7D,0x7D,0xFE,0x89,0x7D,0x00,0x00,0x00,0x02,0x00,0x00,
        0xFF,0x06,0x02,0xEE,0x02,0x71,0x00,0x03,0x00,0x13,0x00,0x00,0x05,0x33,0x35,0x2B,
        0x01,0x33,0x35,0x33,0x35,0x23,0x11,0x33,0x35,0x21,0x15,0x33,0x11,0x23,0x15,0x21,
        0x01,0xF4,0xFA,0xFA,0x7D,0x7D,0x7D,0xFA,0xFA,0xFD,0x8F,0xFA,0xFA,0x01,0x77,0xFA,
        0x7D,0x7D,0x7D,0x01,0x77,0x7D,0x7D,0xFE,0x89,0x7D,0x00,0x00,0x00,0x02,0x00,0x00,
        0x00,0x00,0x05,0x5F,0x02,0x71,0x00,0x0B,0x00,0x15,0x00,0x00,0x01,0x33,0x35,0x21,
        0x15,0x33,0x11,0x23,0x15,0x21,0x35,0x23,0x29,0x01,0x35,0x23,0x15,0x21,0x11,0x23,
        0x15,0x33,0x01,0x77,0xFA,0xFD,0x8F,0xFA,0xFA,0x02,0x71,0xFA,0x03,0x6B,0xFE,0x89,
        0x7D,0x02,0x71,0xFA,0x7D,0x01,0xF4,0x7D,0x7D,0xFE,0x89,0x7D,0x7D,0x7D,0xFA,0x02,
        0x71,0x7D,0x00,0x00,0x00,0x02,0x00,0x00,0x00,0x00,0x05,0x5F,0x02,0x71,0x00,0x0B,
        0x00,0x15,0x00,0x00,0x01,0x33,0x35,0x21,0x15,0x33,0x11,0x23,0x15,0x21,0x35,0x23,
        0x29,0x01,0x35,0x23,0x15,0x21,0x11,0x23,0x15,0x33,0x01,0x77,0xFA,0xFD,0x8F,0xFA,
        0xFA,0x02,0x71,0xFA,0x03,0x6B,0xFE,0x89,0x7D,0x02,0x71,0xFA,0x7D,0x01,0xF4,0x7D,
        0x7D,0xFE,0x89,0x7D,0x7D,0x7D,0xFA,0x02,0x71,0x7D,0x00,0x00,0x00,0x04,0x00,0x00,
        0x00,0x00,0x02,0x71,0x03,0xE8,0x00,0x09,0x00,0x0D,0x00,0x11,0x00,0x15,0x00,0x00,
        0x25,0x21,0x35,0x23,0x15,0x21,0x11,0x23,0x15,0x33,0x03,0x23,0x15,0x3B,0x02,0x35,
        0x2B,0x01,0x33,0x35,0x23,0x01,0xF4,0xFE,0x89,0x7D,0x02,0x71,0xFA,0x7D,0xFA,0x7D,
        0x7D,0x7D,0x7D,0x7D,0x7D,0x7D,0x7D,0x7D,0x7D,0xFA,0x02,0x71,0x7D,0x01,0x77,0x7D,
        0x7D,0x7D,0x00,0x00,0x00,0x04,0x00,0x00,0x00,0x00,0x02,0x71,0x03,0xE8,0x00,0x09,
        0x00,0x0D,0x00,0x11,0x00,0x15,0x00,0x00,0x25,0x21,0x35,0x23,0x15,0x21,0x11,0x23,
        0x15,0x33,0x03,0x23,0x15,0x3B,0x02,0x35,0x2B,0x01,0x33,0x35,0x23,0x01,0xF4,0xFE,
        0x89,0x7D,0x02,0x71,0xFA,0x7D,0xFA,0x7D,0x7D,0x7D,0x7D,0x7D,0x7D,0x7D,0x7D,0x7D,
        0x7D,0xFA,0x02,0x71,0x7D,0x01,0x77,0x7D,0x7D,0x7D,0x00,0x00,0x00,0x07,0x00,0x00,
        0xFF,0x06,0x02,0x71,0x02,0x71,0x00,0x07,0x00,0x0B,0x00,0x0F,0x00,0x13,0x00,0x17,
        0x00,0x1B,0x00,0x1F,0x00,0x00,0x25,0x35,0x23,0x35,0x23,0x11,0x33,0x35,0x01,0x23,
        0x15,0x33,0x2B,0x01,0x15,0x33,0x17,0x23,0x15,0x33,0x27,0x23,0x15,0x33,0x07,0x23,
        0x15,0x33,0x35,0x33,0x35,0x23,0x01,0x77,0xFA,0x7D,0x7D,0x01,0xF4,0x7D,0x7D,0x7D,
        0x7D,0x7D,0x7D,0x7D,0x7D,0x7D,0x7D,0x7D,0x7D,0x7D,0x7D,0x7D,0x7D,0xFA,0x7D,0xFA,
        0xFD,0x8F,0xFA,0x01,0x77,0x7D,0x7D,0xFA,0x7D,0xFA,0x7D,0xFA,0x7D,0x7D,0x7D,0x00,
        0x00,0x07,0x00,0x00,0xFF,0x06,0x02,0x71,0x02,0x71,0x00,0x07,0x00,0x0B,0x00,0x0F,
        0x00,0x13,0x00,0x17,0x00,0x1B,0x00,0x1F,0x00,0x00,0x25,0x35,0x23,0x35,0x23,0x11,
        0x33,0x35,0x01,0x23,0x15,0x33,0x2B,0x01,0x15,0x33,0x17,0x23,0x15,0x33,0x27,0x23,
        0x15,0x33,0x07,0x23,0x15,0x33,0x35,0x33,0x35,0x23,0x01,0x77,0xFA,0x7D,0x7D,0x01,
        0xF4,0x7D,0x7D,0x7D,0x7D,0x7D,0x7D,0x7D,0x7D,0x7D,0x7D,0x7D,0x7D,0x7D,0x7D,0x7D,
        0x7D,0xFA,0x7D,0xFA,0xFD,0x8F,0xFA,0x01,0x77,0x7D,0x7D,0xFA,0x7D,0xFA,0x7D,0xFA,
        0x7D,0x7D,0x7D,0x00,0x00,0x05,0x00,0x00,0x00,0x00,0x02,0x71,0x02,0x71,0x00,0x07,
        0x00,0x0B,0x00,0x0F,0x00,0x13,0x00,0x17,0x00,0x00,0x25,0x35,0x23,0x35,0x23,0x11,
        0x33,0x35,0x01,0x23,0x15,0x33,0x2B,0x01,0x15,0x33,0x17,0x23,0x15,0x33,0x27,0x23,
        0x15,0x33,0x01,0x77,0xFA,0x7D,0x7D,0x01,0xF4,0x7D,0x7D,0x7D,0x7D,0x7D,0x7D,0x7D,
        0x7D,0x7D,0x7D,0x7D,0xFA,0x7D,0xFA,0xFD,0x8F,0xFA,0x01,0x77,0x7D,0x7D,0xFA,0x7D,
        0xFA,0x7D,0x00,0x00,0x00,0x03,0x00,0x00,0x00,0x00,0x02,0x71,0x03,0xE8,0x00,0x05,
        0x00,0x09,0x00,0x0D,0x00,0x00,0x13,0x23,0x11,0x21,0x35,0x21,0x13,0x23,0x15,0x33,
        0x37,0x23,0x15,0x33,0x7D,0x7D,0x02,0x71,0xFE,0x0C,0xFA,0x7D,0x7D,0x7D,0x7D,0x7D,
        0x02,0x71,0xFD,0x8F,0x7D,0x02,0xEE,0x7D,0xFA,0x7D,0x00,0x00,0x00,0x03,0x00,0x00,
        0x00,0x00,0x02,0x71,0x03,0xE8,0x00,0x05,0x00,0x09,0x00,0x0D,0x00,0x00,0x13,0x23,
        0x11,0x21,0x35,0x21,0x13,0x23,0x15,0x33,0x37,0x23,0x15,0x33,0x7D,0x7D,0x02,0x71,
        0xFE,0x0C,0xFA,0x7D,0x7D,0x7D,0x7D,0x7D,0x02,0x71,0xFD,0x8F,0x7D,0x02,0xEE,0x7D,
        0xFA,0x7D,0x00,0x00,0x00,0x02,0x00,0x00,0xFF,0x06,0x02,0x71,0x02,0x71,0x00,0x03,
        0x00,0x0D,0x00,0x00,0x05,0x23,0x15,0x33,0x35,0x33,0x35,0x33,0x35,0x21,0x11,0x23,
        0x11,0x21,0x01,0x77,0x7D,0x7D,0x7D,0x7D,0xFE,0x0C,0x7D,0x01,0x77,0x7D,0x7D,0x7D,
        0x7D,0x7D,0x01,0xF4,0xFD,0x8F,0x00,0x00,0x00,0x02,0x00,0x00,0xFF,0x06,0x02,0x71,
        0x02,0x71,0x00,0x03,0x00,0x0D,0x00,0x00,0x05,0x23,0x15,0x33,0x35,0x33,0x35,0x33,
        0x35,0x21,0x11,0x23,0x11,0x21,0x01,0x77,0x7D,0x7D,0x7D,0x7D,0xFE,0x0C,0x7D,0x01,
        0x77,0x7D,0x7D,0x7D,0x7D,0x7D,0x01,0xF4,0xFD,0x8F,0x00,0x00,0x00,0x04,0x00,0x00,
        0x00,0x00,0x02,0x71,0x03,0xE8,0x00,0x05,0x00,0x09,0x00,0x0D,0x00,0x11,0x00,0x00,
        0x13,0x23,0x11,0x21,0x35,0x21,0x13,0x23,0x15,0x3B,0x02,0x35,0x23,0x07,0x33,0x35,
        0x23,0x7D,0x7D,0x02,0x71,0xFE,0x0C,0x7D,0x7D,0x7D,0x7D,0x7D,0x7D,0x7D,0x7D,0x7D,
        0x02,0x71,0xFD,0x8F,0x7D,0x03,0x6B,0x7D,0x7D,0xFA,0x7D,0x00,0x00,0x04,0x00,0x00,
        0x00,0x00,0x02,0x71,0x03,0xE8,0x00,0x05,0x00,0x09,0x00,0x0D,0x00,0x11,0x00,0x00,
        0x13,0x23,0x11,0x21,0x35,0x21,0x13,0x23,0x15,0x3B,0x02,0x35,0x23,0x07,0x33,0x35,
        0x23,0x7D,0x7D,0x02,0x71,0xFE,0x0C,0x7D,0x7D,0x7D,0x7D,0x7D,0x7D,0x7D,0x7D,0x7D,
        0x02,0x71,0xFD,0x8F,0x7D,0x03,0x6B,0x7D,0x7D,0xFA,0x7D,0x00,0x00,0x02,0x00,0x00,
        0x00,0x00,0x02,0x71,0x03,0x6B,0x00,0x05,0x00,0x09,0x00,0x00,0x13,0x23,0x11,0x21,
        0x35,0x21,0x13,0x33,0x35,0x23,0x7D,0x7D,0x02,0x71,0xFE,0x0C,0x7D,0x7D,0x7D,0x02,
        0x71,0xFD,0x8F,0x7D,0x02,0x71,0x7D,0x00,0x00,0x02,0x00,0x00,0x00,0x00,0x02,0x71,
        0x03,0x6B,0x00,0x05,0x00,0x09,0x00,0x00,0x13,0x23,0x11,0x21,0x35,0x21,0x13,0x33,
        0x35,0x23,0x7D,0x7D,0x02,0x71,0xFE,0x0C,0x7D,0x7D,0x7D,0x02,0x71,0xFD,0x8F,0x7D,
        0x02,0x71,0x7D,0x00,0x00,0x05,0x00,0x00,0x00,0x00,0x02,0x71,0x03,0xE8,0x00,0x07,
        0x00,0x0B,0x00,0x13,0x00,0x17,0x00,0x1B,0x00,0x00,0x13,0x35,0x23,0x35,0x23,0x11,
        0x33,0x11,0x33,0x23,0x15,0x33,0x17,0x15,0x33,0x11,0x23,0x11,0x23,0x15,0x11,0x23,
        0x15,0x33,0x37,0x23,0x15,0x33,0xFA,0x7D,0x7D,0x7D,0xFA,0x7D,0x7D,0x7D,0x7D,0x7D,
        0x7D,0x7D,0x7D,0x7D,0x7D,0x7D,0x01,0x77,0x7D,0x7D,0xFD,0x8F,0x01,0x77,0x7D,0x7D,
        0x7D,0x02,0x71,0xFE,0x89,0x7D,0x02,0xEE,0x7D,0xFA,0x7D,0x00,0x00,0x05,0x00,0x00,
        0x00,0x00,0x02,0x71,0x03,0xE8,0x00,0x07,0x00,0x0B,0x00,0x13,0x00,0x17,0x00,0x1B,
        0x00,0x00,0x13,0x35,0x23,0x35,0x23,0x11,0x33,0x11,0x33,0x23,0x15,0x33,0x17,0x15,
        0x33,0x11,0x23,0x11,0x23,0x15,0x11,0x23,0x15,0x33,0x37,0x23,0x15,0x33,0xFA,0x7D,
        0x7D,0x7D,0xFA,0x7D,0x7D,0x7D,0x7D,0x7D,0x7D,0x7D,0x7D,0x7D,0x7D,0x7D,0x01,0x77,
        0x7D,0x7D,0xFD,0x8F,0x01,0x77,0x7D,0x7D,0x7D,0x02,0x71,0xFE,0x89,0x7D,0x02,0xEE,
        0x7D,0xFA,0x7D,0x00,0x00,0x05,0x00,0x00,0xFF,0x06,0x02,0x71,0x02,0x71,0x00,0x07,
        0x00,0x0B,0x00,0x13,0x00,0x17,0x00,0x1B,0x00,0x00,0x13,0x35,0x23,0x35,0x23,0x11,
        0x33,0x11,0x33,0x23,0x15,0x33,0x17,0x15,0x33,0x11,0x23,0x11,0x23,0x1D,0x01,0x23,
        0x15,0x33,0x35,0x33,0x35,0x23,0xFA,0x7D,0x7D,0x7D,0xFA,0x7D,0x7D,0x7D,0x7D,0x7D,
        0x7D,0x7D,0x7D,0x7D,0x7D,0x01,0x77,0x7D,0x7D,0xFD,0x8F,0x01,0x77,0x7D,0x7D,0x7D,
        0x02,0x71,0xFE,0x89,0x7D,0xFA,0x7D,0x7D,0x7D,0x00,0x00,0x00,0x00,0x05,0x00,0x00,
        0xFF,0x06,0x02,0x71,0x02,0x71,0x00,0x07,0x00,0x0B,0x00,0x13,0x00,0x17,0x00,0x1B,
        0x00,0x00,0x13,0x35,0x23,0x35,0x23,0x11,0x33,0x11,0x33,0x23,0x15,0x33,0x17,0x15,
        0x33,0x11,0x23,0x11,0x23,0x1D,0x01,0x23,0x15,0x33,0x35,0x33,0x35,0x23,0xFA,0x7D,
        0x7D,0x7D,0xFA,0x7D,0x7D,0x7D,0x7D,0x7D,0x7D,0x7D,0x7D,0x7D,0x7D,0x01,0x77,0x7D,
        0x7D,0xFD,0x8F,0x01,0x77,0x7D,0x7D,0x7D,0x02,0x71,0xFE,0x89,0x7D,0xFA,0x7D,0x7D,
        0x7D,0x00,0x00,0x00,0x00,0x06,0x00,0x00,0x00,0x00,0x02,0x71,0x03,0xE9,0x00,0x07,
        0x00,0x0B,0x00,0x13,0x00,0x17,0x00,0x1B,0x00,0x1F,0x00,0x00,0x13,0x35,0x23,0x35,
        0x23,0x11,0x33,0x11,0x33,0x23,0x15,0x33,0x17,0x15,0x33,0x11,0x23,0x11,0x23,0x15,
        0x11,0x23,0x15,0x33,0x37,0x23,0x15,0x33,0x27,0x23,0x15,0x33,0xFA,0x7D,0x7D,0x7D,
        0xFA,0x7D,0x7D,0x7D,0x7D,0x7D,0x7D,0x7D,0x7D,0x7D,0x7D,0x7D,0xFA,0x7D,0x7D,0x01,
        0x77,0x7D,0x7D,0xFD,0x8F,0x01,0x77,0x7D,0x7D,0x7D,0x02,0x71,0xFE,0x89,0x7D,0x02,
        0xEE,0x7D,0xFA,0x7D,0x7E,0x7D,0x00,0x00,0x00,0x06,0x00,0x00,0x00,0x00,0x02,0x71,
        0x03,0xE9,0x00,0x07,0x00,0x0B,0x00,0x13,0x00,0x17,0x00,0x1B,0x00,0x1F,0x00,0x00,
        0x13,0x35,0x23,0x35,0x23,0x11,0x33,0x11,0x33,0x23,0x15,0x33,0x17,0x15,0x33,0x11,
        0x23,0x11,0x23,0x15,0x11,0x23,0x15,0x33,0x37,0x23,0x15,0x33,0x27,0x23,0x15,0x33,
        0xFA,0x7D,0x7D,0x7D,0xFA,0x7D,0x7D,0x7D,0x7D,0x7D,0x7D,0x7D,0x7D,0x7D,0x7D,0x7D,
        0xFA,0x7D,0x7D,0x01,0x77,0x7D,0x7D,0xFD,0x8F,0x01,0x77,0x7D,0x7D,0x7D,0x02,0x71,
        0xFE,0x89,0x7D,0x02,0xEE,0x7D,0xFA,0x7D,0x7E,0x7D,0x00,0x00,0x00,0x04,0x00,0x00,
        0x00,0x01,0x02,0xEE,0x03,0xEA,0x00,0x07,0x00,0x0B,0x00,0x13,0x00,0x17,0x00,0x00,
        0x01,0x35,0x23,0x35,0x23,0x11,0x33,0x11,0x33,0x23,0x15,0x33,0x17,0x15,0x33,0x11,
        0x23,0x11,0x23,0x15,0x01,0x23,0x15,0x33,0x01,0x77,0x7D,0x7D,0x7D,0xFA,0x7D,0x7D,
        0x7D,0x7D,0x7D,0x7D,0xFE,0x89,0x7D,0x7D,0x01,0x78,0x7D,0x7D,0xFD,0x8F,0x01,0x77,
        0x7D,0x7D,0x7D,0x02,0x71,0xFE,0x89,0x7D,0x03,0x6C,0xFA,0x00,0x00,0x04,0x00,0x00,
        0x00,0x00,0x02,0x71,0x02,0x71,0x00,0x03,0x00,0x07,0x00,0x0B,0x00,0x0F,0x00,0x00,
        0x19,0x01,0x33,0x11,0x31,0x21,0x35,0x21,0x05,0x11,0x33,0x11,0x03,0x23,0x15,0x33,
        0x7D,0x01,0x77,0xFE,0x89,0x01,0x77,0x7D,0x7D,0x7D,0x7D,0x01,0xF4,0xFE,0x0C,0x01,
        0xF4,0x7D,0x7D,0xFE,0x89,0x01,0x77,0xFE,0x89,0x7D,0x00,0x00,0x00,0x04,0x00,0x00,
        0xFF,0x06,0x02,0x71,0x02,0x71,0x00,0x03,0x00,0x07,0x00,0x0B,0x00,0x0F,0x00,0x00,
        0x19,0x01,0x33,0x11,0x31,0x21,0x35,0x21,0x05,0x11,0x33,0x11,0x03,0x23,0x15,0x33,
        0x7D,0x01,0x77,0xFE,0x89,0x01,0x77,0x7D,0x7D,0x7D,0x7D,0x01,0xF4,0xFE,0x0C,0x01,
        0xF4,0x7D,0x7D,0xFD,0x8F,0x02,0x71,0xFD,0x8F,0x7D,0x00,0x00,0x00,0x05,0x00,0x00,
        0x00,0x00,0x02,0x71,0x03,0x6B,0x00,0x03,0x00,0x07,0x00,0x0B,0x00,0x0F,0x00,0x13,
        0x00,0x00,0x19,0x01,0x33,0x11,0x31,0x21,0x35,0x21,0x11,0x21,0x35,0x21,0x01,0x11,
        0x33,0x11,0x27,0x35,0x21,0x15,0x7D,0x01,0x77,0xFE,0x89,0x01,0x77,0xFE,0x89,0x01,
        0x77,0x7D,0x7D,0xFE,0x89,0x01,0xF4,0xFE,0x89,0x01,0x77,0x7D,0xFD,0x8F,0x7D,0x01,
        0x77,0xFE,0x89,0x01,0x77,0xFA,0x7D,0x7D,0x00,0x05,0x00,0x00,0x00,0x00,0x02,0x71,
        0x03,0x6B,0x00,0x03,0x00,0x07,0x00,0x0B,0x00,0x0F,0x00,0x13,0x00,0x00,0x19,0x01,
        0x33,0x11,0x31,0x21,0x35,0x21,0x11,0x21,0x35,0x21,0x01,0x11,0x33,0x11,0x27,0x35,
        0x21,0x15,0x7D,0x01,0x77,0xFE,0x89,0x01,0x77,0xFE,0x89,0x01,0x77,0x7D,0x7D,0xFE,
        0x89,0x01,0xF4,0xFE,0x89,0x01,0x77,0x7D,0xFD,0x8F,0x7D,0x01,0x77,0xFE,0x89,0x01,
        0x77,0xFA,0x7D,0x7D,0x00,0x07,0x00,0x00,0x00,0x00,0x02,0x71,0x03,0xE8,0x00,0x03,
        0x00,0x07,0x00,0x0B,0x00,0x0F,0x00,0x13,0x00,0x17,0x00,0x1B,0x00,0x00,0x19,0x01,
        0x33,0x11,0x31,0x21,0x35,0x21,0x11,0x21,0x35,0x21,0x01,0x11,0x33,0x11,0x25,0x33,
        0x35,0x23,0x25,0x23,0x15,0x33,0x25,0x23,0x15,0x33,0x7D,0x01,0x77,0xFE,0x89,0x01,
        0x77,0xFE,0x89,0x01,0x77,0x7D,0xFE,0x4A,0xFA,0xFA,0x01,0x77,0x7D,0x7D,0xFE,0x89,
        0x7D,0x7D,0x01,0xF4,0xFE,0x89,0x01,0x77,0x7D,0xFD,0x8F,0x7D,0x01,0x77,0xFE,0x89,
        0x01,0x77,0xFA,0x7D,0x7D,0x7D,0x7D,0x7D,0x00,0x07,0x00,0x00,0x00,0x00,0x02,0x71,
        0x03,0xE8,0x00,0x03,0x00,0x07,0x00,0x0B,0x00,0x0F,0x00,0x13,0x00,0x17,0x00,0x1B,
        0x00,0x00,0x19,0x01,0x33,0x11,0x31,0x21,0x35,0x21,0x11,0x21,0x35,0x21,0x01,0x11,
        0x33,0x11,0x25,0x33,0x35,0x23,0x25,0x23,0x15,0x33,0x25,0x23,0x15,0x33,0x7D,0x01,
        0x77,0xFE,0x89,0x01,0x77,0xFE,0x89,0x01,0x77,0x7D,0xFE,0x4A,0xFA,0xFA,0x01,0x77,
        0x7D,0x7D,0xFE,0x89,0x7D,0x7D,0x01,0xF4,0xFE,0x89,0x01,0x77,0x7D,0xFD,0x8F,0x7D,
        0x01,0x77,0xFE,0x89,0x01,0x77,0xFA,0x7D,0x7D,0x7D,0x7D,0x7D,0x00,0x08,0x00,0x00,
        0x00,0x00,0x02,0x71,0x03,0xE8,0x00,0x03,0x00,0x07,0x00,0x0B,0x00,0x0F,0x00,0x13,
        0x00,0x17,0x00,0x1B,0x00,0x1F,0x00,0x00,0x13,0x23,0x15,0x33,0x37,0x23,0x15,0x3B,
        0x01,0x23,0x15,0x33,0x37,0x23,0x15,0x33,0x01,0x11,0x33,0x11,0x31,0x21,0x35,0x21,
        0x11,0x21,0x35,0x21,0x01,0x11,0x33,0x11,0x7D,0x7D,0x7D,0x7D,0x7D,0x7D,0xFA,0x7D,
        0x7D,0x7D,0x7D,0x7D,0xFD,0x8F,0x7D,0x01,0x77,0xFE,0x89,0x01,0x77,0xFE,0x89,0x01,
        0x77,0x7D,0x03,0x6B,0x7D,0xFA,0x7D,0x7D,0xFA,0x7D,0xFE,0x89,0xFE,0x89,0x01,0x77,
        0x7D,0xFD,0x8F,0x7D,0x01,0x77,0xFE,0x89,0x01,0x77,0x00,0x00,0x00,0x08,0x00,0x00,
        0x00,0x00,0x02,0x71,0x03,0xE8,0x00,0x03,0x00,0x07,0x00,0x0B,0x00,0x0F,0x00,0x13,
        0x00,0x17,0x00,0x1B,0x00,0x1F,0x00,0x00,0x13,0x23,0x15,0x33,0x37,0x23,0x15,0x3B,
        0x01,0x23,0x15,0x33,0x37,0x23,0x15,0x33,0x01,0x11,0x33,0x11,0x31,0x21,0x35,0x21,
        0x11,0x21,0x35,0x21,0x01,0x11,0x33,0x11,0x7D,0x7D,0x7D,0x7D,0x7D,0x7D,0xFA,0x7D,
        0x7D,0x7D,0x7D,0x7D,0xFD,0x8F,0x7D,0x01,0x77,0xFE,0x89,0x01,0x77,0xFE,0x89,0x01,
        0x77,0x7D,0x03,0x6B,0x7D,0xFA,0x7D,0x7D,0xFA,0x7D,0xFE,0x89,0xFE,0x89,0x01,0x77,
        0x7D,0xFD,0x8F,0x7D,0x01,0x77,0xFE,0x89,0x01,0x77,0x00,0x00,0x00,0x05,0x00,0x00,
        0x00,0x00,0x02,0x71,0x03,0xE8,0x00,0x03,0x00,0x07,0x00,0x11,0x00,0x15,0x00,0x19,
        0x00,0x00,0x25,0x23,0x15,0x33,0x11,0x23,0x15,0x33,0x07,0x35,0x21,0x35,0x21,0x35,
        0x21,0x11,0x33,0x35,0x13,0x23,0x15,0x33,0x37,0x23,0x15,0x33,0x02,0x71,0x7D,0x7D,
        0x7D,0x7D,0x7D,0xFE,0x89,0x01,0x77,0xFE,0x0C,0x7D,0xFA,0x7D,0x7D,0x7D,0x7D,0x7D,
        0xFA,0xFA,0x01,0xF4,0x7D,0x7D,0x7D,0x7D,0x7D,0xFD,0x8F,0xFA,0x02,0x71,0x7D,0xFA,
        0x7D,0x00,0x00,0x00,0x00,0x05,0x00,0x00,0x00,0x00,0x02,0x71,0x03,0xE8,0x00,0x03,
        0x00,0x07,0x00,0x11,0x00,0x15,0x00,0x19,0x00,0x00,0x25,0x23,0x15,0x33,0x11,0x23,
        0x15,0x33,0x07,0x35,0x21,0x35,0x21,0x35,0x21,0x11,0x33,0x35,0x13,0x23,0x15,0x33,
        0x37,0x23,0x15,0x33,0x02,0x71,0x7D,0x7D,0x7D,0x7D,0x7D,0xFE,0x89,0x01,0x77,0xFE,
        0x0C,0x7D,0xFA,0x7D,0x7D,0x7D,0x7D,0x7D,0xFA,0xFA,0x01,0xF4,0x7D,0x7D,0x7D,0x7D,
        0x7D,0xFD,0x8F,0xFA,0x02,0x71,0x7D,0xFA,0x7D,0x00,0x00,0x00,0x00,0x05,0x00,0x00,
        0xFF,0x06,0x02,0x71,0x02,0x71,0x00,0x03,0x00,0x07,0x00,0x11,0x00,0x15,0x00,0x19,
        0x00,0x00,0x25,0x23,0x15,0x33,0x11,0x23,0x15,0x33,0x07,0x35,0x21,0x35,0x21,0x35,
        0x21,0x11,0x33,0x35,0x13,0x23,0x15,0x33,0x35,0x33,0x35,0x23,0x02,0x71,0x7D,0x7D,
        0x7D,0x7D,0x7D,0xFE,0x89,0x01,0x77,0xFE,0x0C,0x7D,0xFA,0x7D,0x7D,0x7D,0x7D,0xFA,
        0xFA,0x01,0xF4,0x7D,0x7D,0x7D,0x7D,0x7D,0xFD,0x8F,0xFA,0xFE,0x89,0x7D,0x7D,0x7D,
        0x00,0x05,0x00,0x00,0xFF,0x06,0x02,0x71,0x02,0x71,0x00,0x03,0x00,0x07,0x00,0x11,
        0x00,0x15,0x00,0x19,0x00,0x00,0x25,0x23,0x15,0x33,0x11,0x23,0x15,0x33,0x07,0x35,
        0x21,0x35,0x21,0x35,0x21,0x11,0x33,0x35,0x13,0x23,0x15,0x33,0x35,0x33,0x35,0x23,
        0x02,0x71,0x7D,0x7D,0x7D,0x7D,0x7D,0xFE,0x89,0x01,0x77,0xFE,0x0C,0x7D,0xFA,0x7D,
        0x7D,0x7D,0x7D,0xFA,0xFA,0x01,0xF4,0x7D,0x7D,0x7D,0x7D,0x7D,0xFD,0x8F,0xFA,0xFE,
        0x89,0x7D,0x7D,0x7D,0x00,0x06,0x00,0x00,0x00,0x00,0x02,0x71,0x03,0xE9,0x00,0x03,
        0x00,0x07,0x00,0x11,0x00,0x15,0x00,0x19,0x00,0x1D,0x00,0x00,0x25,0x23,0x15,0x33,
        0x11,0x23,0x15,0x33,0x07,0x35,0x21,0x35,0x21,0x35,0x21,0x11,0x33,0x35,0x13,0x23,
        0x15,0x33,0x37,0x23,0x15,0x33,0x27,0x23,0x15,0x33,0x02,0x71,0x7D,0x7D,0x7D,0x7D,
        0x7D,0xFE,0x89,0x01,0x77,0xFE,0x0C,0x7D,0xFA,0x7D,0x7D,0x7D,0x7D,0x7D,0xFA,0x7D,
        0x7D,0xFA,0xFA,0x01,0xF4,0x7D,0x7D,0x7D,0x7D,0x7D,0xFD,0x8F,0xFA,0x02,0x71,0x7D,
        0xFA,0x7D,0x7E,0x7D,0x00,0x06,0x00,0x00,0x00,0x00,0x02,0x71,0x03,0xE9,0x00,0x03,
        0x00,0x07,0x00,0x11,0x00,0x15,0x00,0x19,0x00,0x1D,0x00,0x00,0x25,0x23,0x15,0x33,
        0x11,0x23,0x15,0x33,0x07,0x35,0x21,0x35,0x21,0x35,0x21,0x11,0x33,0x35,0x13,0x23,
        0x15,0x33,0x37,0x23,0x15,0x33,0x27,0x23,0x15,0x33,0x02,0x71,0x7D,0x7D,0x7D,0x7D,
        0x7D,0xFE,0x89,0x01,0x77,0xFE,0x0C,0x7D,0xFA,0x7D,0x7D,0x7D,0x7D,0x7D,0xFA,0x7D,
        0x7D,0xFA,0xFA,0x01,0xF4,0x7D,0x7D,0x7D,0x7D,0x7D,0xFD,0x8F,0xFA,0x02,0x71,0x7D,
        0xFA,0x7D,0x7E,0x7D,0x00,0x03,0x00,0x00,0x00,0x00,0x02,0x71,0x03,0xE8,0x00,0x0B,
        0x00,0x0F,0x00,0x13,0x00,0x00,0x01,0x21,0x35,0x21,0x35,0x21,0x11,0x21,0x15,0x21,
        0x15,0x21,0x03,0x23,0x15,0x33,0x37,0x23,0x15,0x33,0x02,0x71,0xFE,0x0C,0x01,0xF4,
        0xFD,0x8F,0x01,0xF4,0xFE,0x0C,0x02,0x71,0xFA,0x7D,0x7D,0x7D,0x7D,0x7D,0x01,0x77,
        0x7D,0x7D,0xFE,0x89,0x7D,0x7D,0x03,0x6B,0x7D,0xFA,0x7D,0x00,0x00,0x03,0x00,0x00,
        0x00,0x00,0x02,0x71,0x03,0xE8,0x00,0x0B,0x00,0x0F,0x00,0x13,0x00,0x00,0x01,0x21,
        0x35,0x21,0x35,0x21,0x11,0x21,0x15,0x21,0x15,0x21,0x03,0x23,0x15,0x33,0x37,0x23,
        0x15,0x33,0x02,0x71,0xFE,0x0C,0x01,0xF4,0xFD,0x8F,0x01,0xF4,0xFE,0x0C,0x02,0x71,
        0xFA,0x7D,0x7D,0x7D,0x7D,0x7D,0x01,0x77,0x7D,0x7D,0xFE,0x89,0x7D,0x7D,0x03,0x6B,
        0x7D,0xFA,0x7D,0x00,0x00,0x04,0x00,0x00,0x00,0x00,0x02,0x71,0x03,0xE9,0x00,0x0B,
        0x00,0x0F,0x00,0x13,0x00,0x17,0x00,0x00,0x01,0x21,0x35,0x21,0x35,0x21,0x11,0x21,
        0x15,0x21,0x15,0x21,0x03,0x23,0x15,0x3B,0x01,0x23,0x15,0x33,0x27,0x23,0x15,0x33,
        0x02,0x71,0xFE,0x0C,0x01,0xF4,0xFD,0x8F,0x01,0xF4,0xFE,0x0C,0x02,0x71,0xFA,0x7D,
        0x7D,0x7D,0x7D,0x7D,0xFA,0x7D,0x7D,0x01,0x77,0x7D,0x7D,0xFE,0x89,0x7D,0x7D,0x03,
        0xE9,0x7D,0x7D,0x7C,0x7D,0x00,0x00,0x00,0x00,0x04,0x00,0x00,0x00,0x00,0x02,0x71,
        0x03,0xE9,0x00,0x0B,0x00,0x0F,0x00,0x13,0x00,0x17,0x00,0x00,0x01,0x21,0x35,0x21,
        0x35,0x21,0x11,0x21,0x15,0x21,0x15,0x21,0x03,0x23,0x15,0x3B,0x01,0x23,0x15,0x33,
        0x27,0x23,0x15,0x33,0x02,0x71,0xFE,0x0C,0x01,0xF4,0xFD,0x8F,0x01,0xF4,0xFE,0x0C,
        0x02,0x71,0xFA,0x7D,0x7D,0x7D,0x7D,0x7D,0xFA,0x7D,0x7D,0x01,0x77,0x7D,0x7D,0xFE,
        0x89,0x7D,0x7D,0x03,0xE9,0x7D,0x7D,0x7C,0x7D,0x00,0x00,0x00,0x00,0x03,0x00,0x00,
        0xFF,0x06,0x02,0x71,0x02,0x71,0x00,0x07,0x00,0x0B,0x00,0x0F,0x00,0x00,0x01,0x33,
        0x35,0x21,0x15,0x33,0x11,0x33,0x15,0x23,0x15,0x33,0x35,0x33,0x35,0x23,0x01,0x77,
        0xFA,0xFD,0x8F,0xFA,0x7D,0x7D,0x7D,0x7D,0x7D,0x01,0xF4,0x7D,0x7D,0xFE,0x0C,0x7D,
        0x7D,0x7D,0x7D,0x00,0x00,0x03,0x00,0x00,0xFF,0x06,0x02,0x71,0x02,0x71,0x00,0x07,
        0x00,0x0B,0x00,0x0F,0x00,0x00,0x01,0x33,0x35,0x21,0x15,0x33,0x11,0x33,0x15,0x23,
        0x15,0x33,0x35,0x33,0x35,0x23,0x01,0x77,0xFA,0xFD,0x8F,0xFA,0x7D,0x7D,0x7D,0x7D,
        0x7D,0x01,0xF4,0x7D,0x7D,0xFE,0x0C,0x7D,0x7D,0x7D,0x7D,0x00,0x00,0x04,0x00,0x00,
        0x00,0x00,0x02,0x71,0x03,0xE9,0x00,0x07,0x00,0x0B,0x00,0x0F,0x00,0x13,0x00,0x00,
        0x01,0x33,0x35,0x21,0x15,0x33,0x11,0x33,0x11,0x23,0x15,0x33,0x37,0x23,0x15,0x33,
        0x27,0x23,0x15,0x33,0x01,0x77,0xFA,0xFD,0x8F,0xFA,0x7D,0x7D,0x7D,0x7D,0x7D,0x7D,
        0xFA,0x7D,0x7D,0x01,0xF4,0x7D,0x7D,0xFE,0x0C,0x03,0x6B,0x7D,0xFA,0x7D,0x7E,0x7D,
        0x00,0x04,0x00,0x00,0x00,0x00,0x02,0x71,0x03,0xE9,0x00,0x07,0x00,0x0B,0x00,0x0F,
        0x00,0x13,0x00,0x00,0x01,0x33,0x35,0x21,0x15,0x33,0x11,0x33,0x11,0x23,0x15,0x33,
        0x37,0x23,0x15,0x33,0x27,0x23,0x15,0x33,0x01,0x77,0xFA,0xFD,0x8F,0xFA,0x7D,0x7D,
        0x7D,0x7D,0x7D,0x7D,0xFA,0x7D,0x7D,0x01,0xF4,0x7D,0x7D,0xFE,0x0C,0x03,0x6B,0x7D,
        0xFA,0x7D,0x7E,0x7D,0x00,0x01,0x00,0x00,0x00,0x00,0x02,0x71,0x02,0x71,0x00,0x0F,
        0x00,0x00,0x01,0x33,0x35,0x21,0x15,0x33,0x15,0x23,0x15,0x33,0x15,0x33,0x35,0x33,
        0x35,0x23,0x01,0x77,0xFA,0xFD,0x8F,0xFA,0x7D,0x7D,0x7D,0x7D,0x7D,0x01,0xF4,0x7D,
        0x7D,0x7D,0x7D,0xFA,0xFA,0x7D,0x00,0x00,0x00,0x01,0x00,0x00,0x00,0x00,0x02,0x71,
        0x02,0x71,0x00,0x0F,0x00,0x00,0x01,0x33,0x35,0x21,0x15,0x33,0x15,0x23,0x15,0x33,
        0x15,0x33,0x35,0x33,0x35,0x23,0x01,0x77,0xFA,0xFD,0x8F,0xFA,0x7D,0x7D,0x7D,0x7D,
        0x7D,0x01,0xF4,0x7D,0x7D,0x7D,0x7D,0xFA,0xFA,0x7D,0x00,0x00,0x00,0x05,0x00,0x00,
        0x00,0x00,0x02,0x71,0x03,0xE8,0x00,0x07,0x00,0x0B,0x00,0x0F,0x00,0x13,0x00,0x17,
        0x00,0x00,0x21,0x11,0x23,0x11,0x21,0x11,0x23,0x11,0x01,0x33,0x35,0x23,0x07,0x33,
        0x35,0x2B,0x01,0x33,0x35,0x23,0x07,0x33,0x35,0x23,0x02,0x71,0x7D,0xFE,0x89,0x7D,
        0x01,0xB5,0x7D,0x7D,0x7D,0x7D,0x7D,0x7D,0x7D,0x7D,0x7D,0x7D,0x7D,0x02,0x71,0xFE,
        0x0C,0x01,0xF4,0xFD,0x8F,0x03,0x6B,0x7D,0xFA,0x7D,0x7D,0xFA,0x7D,0x00,0x00,0x00,
        0x00,0x05,0x00,0x00,0x00,0x00,0x02,0x71,0x03,0xE8,0x00,0x07,0x00,0x0B,0x00,0x0F,
        0x00,0x13,0x00,0x17,0x00,0x00,0x21,0x11,0x23,0x11,0x21,0x11,0x23,0x11,0x01,0x33,
        0x35,0x23,0x07,0x33,0x35,0x2B,0x01,0x33,0x35,0x23,0x07,0x33,0x35,0x23,0x02,0x71,
        0x7D,0xFE,0x89,0x7D,0x01,0xB5,0x7D,0x7D,0x7D,0x7D,0x7D,0x7D,0x7D,0x7D,0x7D,0x7D,
        0x7D,0x02,0x71,0xFE,0x0C,0x01,0xF4,0xFD,0x8F,0x03,0x6B,0x7D,0xFA,0x7D,0x7D,0xFA,
        0x7D,0x00,0x00,0x00,0x00,0x02,0x00,0x00,0x00,0x00,0x02,0x71,0x03,0x6B,0x00,0x07,
        0x00,0x0B,0x00,0x00,0x21,0x11,0x23,0x11,0x21,0x11,0x23,0x11,0x01,0x35,0x21,0x15,
        0x02,0x71,0x7D,0xFE,0x89,0x7D,0x01,0xF4,0xFE,0x89,0x02,0x71,0xFE,0x0C,0x01,0xF4,
        0xFD,0x8F,0x02,0xEE,0x7D,0x7D,0x00,0x00,0x00,0x02,0x00,0x00,0x00,0x00,0x02,0x71,
        0x03,0x6B,0x00,0x07,0x00,0x0B,0x00,0x00,0x21,0x11,0x23,0x11,0x21,0x11,0x23,0x11,
        0x01,0x35,0x21,0x15,0x02,0x71,0x7D,0xFE,0x89,0x7D,0x01,0xF4,0xFE,0x89,0x02,0x71,
        0xFE,0x0C,0x01,0xF4,0xFD,0x8F,0x02,0xEE,0x7D,0x7D,0x00,0x00,0x00,0x04,0x00,0x00,
        0x00,0x00,0x02,0x71,0x03,0xE8,0x00,0x07,0x00,0x0B,0x00,0x0F,0x00,0x13,0x00,0x00,
        0x21,0x11,0x23,0x11,0x21,0x11,0x23,0x11,0x13,0x33,0x35,0x23,0x25,0x23,0x15,0x33,
        0x25,0x23,0x15,0x33,0x02,0x71,0x7D,0xFE,0x89,0x7D,0xBB,0xFA,0xFA,0x01,0x77,0x7D,
        0x7D,0xFE,0x89,0x7D,0x7D,0x02,0x71,0xFE,0x0C,0x01,0xF4,0xFD,0x8F,0x02,0xEE,0x7D,
        0x7D,0x7D,0x7D,0x7D,0x00,0x04,0x00,0x00,0x00,0x00,0x02,0x71,0x03,0xE8,0x00,0x07,
        0x00,0x0B,0x00,0x0F,0x00,0x13,0x00,0x00,0x21,0x11,0x23,0x11,0x21,0x11,0x23,0x11,
        0x13,0x33,0x35,0x23,0x25,0x23,0x15,0x33,0x25,0x23,0x15,0x33,0x02,0x71,0x7D,0xFE,
        0x89,0x7D,0xBB,0xFA,0xFA,0x01,0x77,0x7D,0x7D,0xFE,0x89,0x7D,0x7D,0x02,0x71,0xFE,
        0x0C,0x01,0xF4,0xFD,0x8F,0x02,0xEE,0x7D,0x7D,0x7D,0x7D,0x7D,0x00,0x02,0x00,0x00,
        0x00,0x00,0x02,0x71,0x03,0x6B,0x00,0x03,0x00,0x0B,0x00,0x00,0x01,0x23,0x15,0x33,
        0x13,0x11,0x23,0x11,0x21,0x11,0x23,0x11,0x01,0x77,0x7D,0x7D,0xFA,0x7D,0xFE,0x89,
        0x7D,0x03,0x6B,0x7D,0xFD,0x12,0x02,0x71,0xFE,0x0C,0x01,0xF4,0xFD,0x8F,0x00,0x00,
        0x00,0x02,0x00,0x00,0x00,0x00,0x02,0x71,0x03,0x6B,0x00,0x03,0x00,0x0B,0x00,0x00,
        0x01,0x23,0x15,0x33,0x13,0x11,0x23,0x11,0x21,0x11,0x23,0x11,0x01,0x77,0x7D,0x7D,
        0xFA,0x7D,0xFE,0x89,0x7D,0x03,0x6B,0x7D,0xFD,0x12,0x02,0x71,0xFE,0x0C,0x01,0xF4,
        0xFD,0x8F,0x00,0x00,0x00,0x05,0x00,0x00,0x00,0x00,0x02,0x71,0x03,0xE8,0x00,0x07,
        0x00,0x0B,0x00,0x0F,0x00,0x13,0x00,0x17,0x00,0x00,0x21,0x11,0x23,0x11,0x21,0x11,
        0x23,0x11,0x13,0x23,0x15,0x33,0x37,0x23,0x15,0x3B,0x01,0x23,0x15,0x33,0x37,0x23,
        0x15,0x33,0x02,0x71,0x7D,0xFE,0x89,0x7D,0x7D,0x7D,0x7D,0x7D,0x7D,0x7D,0xFA,0x7D,
        0x7D,0x7D,0x7D,0x7D,0x02,0x71,0xFE,0x0C,0x01,0xF4,0xFD,0x8F,0x03,0x6B,0x7D,0xFA,
        0x7D,0x7D,0xFA,0x7D,0x00,0x05,0x00,0x00,0x00,0x00,0x02,0x71,0x03,0xE8,0x00,0x07,
        0x00,0x0B,0x00,0x0F,0x00,0x13,0x00,0x17,0x00,0x00,0x21,0x11,0x23,0x11,0x21,0x11,
        0x23,0x11,0x13,0x23,0x15,0x33,0x37,0x23,0x15,0x3B,0x01,0x23,0x15,0x33,0x37,0x23,
        0x15,0x33,0x02,0x71,0x7D,0xFE,0x89,0x7D,0x7D,0x7D,0x7D,0x7D,0x7D,0x7D,0xFA,0x7D,
        0x7D,0x7D,0x7D,0x7D,0x02,0x71,0xFE,0x0C,0x01,0xF4,0xFD,0x8F,0x03,0x6B,0x7D,0xFA,
        0x7D,0x7D,0xFA,0x7D,0x00,0x02,0x00,0x00,0xFF,0x06,0x02,0x71,0x02,0x71,0x00,0x03,
        0x00,0x0F,0x00,0x00,0x05,0x33,0x35,0x23,0x27,0x11,0x23,0x11,0x33,0x15,0x33,0x35,
        0x33,0x11,0x23,0x11,0x01,0x77,0xFA,0xFA,0xFA,0x7D,0xFA,0x7D,0xFA,0x7D,0xFA,0x7D,
        0xFA,0x01,0xF4,0xFD,0x8F,0x7D,0x7D,0x02,0x71,0xFE,0x0C,0x00,0x00,0x02,0x00,0x00,
        0xFF,0x06,0x02,0x71,0x02,0x71,0x00,0x03,0x00,0x0F,0x00,0x00,0x05,0x33,0x35,0x23,
        0x27,0x11,0x23,0x11,0x33,0x15,0x33,0x35,0x33,0x11,0x23,0x11,0x01,0x77,0xFA,0xFA,
        0xFA,0x7D,0xFA,0x7D,0xFA,0x7D,0xFA,0x7D,0xFA,0x01,0xF4,0xFD,0x8F,0x7D,0x7D,0x02,
        0x71,0xFE,0x0C,0x00,0x00,0x08,0x00,0x00,0x00,0x00,0x02,0x71,0x03,0xE8,0x00,0x03,
        0x00,0x07,0x00,0x0B,0x00,0x0F,0x00,0x13,0x00,0x17,0x00,0x1B,0x00,0x1F,0x00,0x00,
        0x13,0x23,0x11,0x3B,0x01,0x23,0x15,0x33,0x35,0x33,0x35,0x23,0x17,0x23,0x15,0x33,
        0x13,0x23,0x11,0x33,0x01,0x23,0x15,0x33,0x35,0x33,0x35,0x23,0x17,0x23,0x15,0x33,
        0x7D,0x7D,0x7D,0x7D,0x7D,0x7D,0x7D,0x7D,0xFA,0x7D,0x7D,0x7D,0x7D,0x7D,0xFE,0x89,
        0x7D,0x7D,0x7D,0x7D,0xFA,0x7D,0x7D,0x02,0x71,0xFE,0x0C,0x7D,0x7D,0xFA,0xFA,0x7D,
        0x02,0x71,0xFE,0x0C,0x02,0xEE,0x7D,0x7D,0x7D,0x7D,0x7D,0x00,0x00,0x08,0x00,0x00,
        0x00,0x00,0x02,0x71,0x03,0xE8,0x00,0x03,0x00,0x07,0x00,0x0B,0x00,0x0F,0x00,0x13,
        0x00,0x17,0x00,0x1B,0x00,0x1F,0x00,0x00,0x13,0x23,0x11,0x3B,0x01,0x23,0x15,0x33,
        0x35,0x33,0x35,0x23,0x17,0x23,0x15,0x33,0x13,0x23,0x11,0x33,0x01,0x23,0x15,0x33,
        0x35,0x33,0x35,0x23,0x17,0x23,0x15,0x33,0x7D,0x7D,0x7D,0x7D,0x7D,0x7D,0x7D,0x7D,
        0xFA,0x7D,0x7D,0x7D,0x7D,0x7D,0xFE,0x89,0x7D,0x7D,0x7D,0x7D,0xFA,0x7D,0x7D,0x02,
        0x71,0xFE,0x0C,0x7D,0x7D,0xFA,0xFA,0x7D,0x02,0x71,0xFE,0x0C,0x02,0xEE,0x7D,0x7D,
        0x7D,0x7D,0x7D,0x00,0x00,0x09,0x00,0x00,0x00,0x00,0x02,0x71,0x03,0xE8,0x00,0x03,
        0x00,0x07,0x00,0x0B,0x00,0x0F,0x00,0x13,0x00,0x17,0x00,0x1B,0x00,0x1F,0x00,0x23,
        0x00,0x00,0x3B,0x01,0x35,0x23,0x3B,0x01,0x35,0x23,0x3B,0x01,0x35,0x23,0x03,0x23,
        0x15,0x33,0x03,0x23,0x15,0x33,0x03,0x23,0x15,0x33,0x13,0x23,0x15,0x33,0x35,0x33,
        0x35,0x23,0x17,0x23,0x15,0x33,0xFA,0x7D,0x7D,0x7D,0x7D,0x7D,0x7D,0x7D,0x7D,0x7D,
        0x7D,0x7D,0x7D,0x7D,0x7D,0x7D,0x7D,0x7D,0x7D,0x7D,0x7D,0x7D,0x7D,0xFA,0x7D,0x7D,
        0xFA,0x7D,0xFA,0xFE,0x89,0xFA,0x01,0x77,0x7D,0x01,0x77,0xFA,0x01,0xF4,0x7D,0x7D,
        0x7D,0x7D,0x7D,0x00,0x00,0x09,0x00,0x00,0x00,0x00,0x02,0x71,0x03,0xE8,0x00,0x03,
        0x00,0x07,0x00,0x0B,0x00,0x0F,0x00,0x13,0x00,0x17,0x00,0x1B,0x00,0x1F,0x00,0x23,
        0x00,0x00,0x3B,0x01,0x35,0x23,0x3B,0x01,0x35,0x23,0x3B,0x01,0x35,0x23,0x03,0x23,
        0x15,0x33,0x03,0x23,0x15,0x33,0x03,0x23,0x15,0x33,0x13,0x23,0x15,0x33,0x35,0x33,
        0x35,0x23,0x17,0x23,0x15,0x33,0xFA,0x7D,0x7D,0x7D,0x7D,0x7D,0x7D,0x7D,0x7D,0x7D,
        0x7D,0x7D,0x7D,0x7D,0x7D,0x7D,0x7D,0x7D,0x7D,0x7D,0x7D,0x7D,0x7D,0xFA,0x7D,0x7D,
        0xFA,0x7D,0xFA,0xFE,0x89,0xFA,0x01,0x77,0x7D,0x01,0x77,0xFA,0x01,0xF4,0x7D,0x7D,
        0x7D,0x7D,0x7D,0x00,0x00,0x05,0x00,0x00,0x00,0x00,0x02,0x71,0x03,0xE8,0x00,0x07,
        0x00,0x0B,0x00,0x13,0x00,0x17,0x00,0x1B,0x00,0x00,0x37,0x23,0x15,0x23,0x15,0x21,
        0x35,0x21,0x35,0x15,0x33,0x35,0x37,0x33,0x35,0x21,0x15,0x21,0x15,0x33,0x03,0x23,
        0x15,0x33,0x37,0x23,0x15,0x33,0xFA,0x7D,0x7D,0x02,0x71,0xFE,0x89,0x7D,0x7D,0x7D,
        0xFD,0x8F,0x01,0x77,0x7D,0x7D,0x7D,0x7D,0x7D,0x7D,0x7D,0xFA,0x7D,0x7D,0x7D,0xFA,
        0x7D,0x7D,0x7D,0x7D,0x7D,0x7D,0x01,0xF4,0x7D,0xFA,0x7D,0x00,0x00,0x05,0x00,0x00,
        0x00,0x00,0x02,0x71,0x03,0xE8,0x00,0x07,0x00,0x0B,0x00,0x13,0x00,0x17,0x00,0x1B,
        0x00,0x00,0x37,0x23,0x15,0x23,0x15,0x21,0x35,0x21,0x35,0x15,0x33,0x35,0x37,0x33,
        0x35,0x21,0x15,0x21,0x15,0x33,0x03,0x23,0x15,0x33,0x37,0x23,0x15,0x33,0xFA,0x7D,
        0x7D,0x02,0x71,0xFE,0x89,0x7D,0x7D,0x7D,0xFD,0x8F,0x01,0x77,0x7D,0x7D,0x7D,0x7D,
        0x7D,0x7D,0x7D,0xFA,0x7D,0x7D,0x7D,0xFA,0x7D,0x7D,0x7D,0x7D,0x7D,0x7D,0x01,0xF4,
        0x7D,0xFA,0x7D,0x00,0x00,0x04,0x00,0x00,0x00,0x00,0x02,0x71,0x03,0x6B,0x00,0x07,
        0x00,0x0B,0x00,0x13,0x00,0x17,0x00,0x00,0x37,0x23,0x15,0x23,0x15,0x21,0x35,0x21,
        0x35,0x15,0x33,0x35,0x37,0x33,0x35,0x21,0x15,0x21,0x15,0x33,0x03,0x23,0x15,0x33,
        0xFA,0x7D,0x7D,0x02,0x71,0xFE,0x89,0x7D,0x7D,0x7D,0xFD,0x8F,0x01,0x77,0x7D,0x7D,
        0x7D,0x7D,0xFA,0x7D,0x7D,0x7D,0xFA,0x7D,0x7D,0x7D,0x7D,0x7D,0x7D,0x01,0xF4,0x7D,
        0x00,0x04,0x00,0x00,0x00,0x00,0x02,0x71,0x03,0x6B,0x00,0x07,0x00,0x0B,0x00,0x13,
        0x00,0x17,0x00,0x00,0x37,0x23,0x15,0x23,0x15,0x21,0x35,0x21,0x35,0x15,0x33,0x35,
        0x37,0x33,0x35,0x21,0x15,0x21,0x15,0x33,0x03,0x23,0x15,0x33,0xFA,0x7D,0x7D,0x02,
        0x71,0xFE,0x89,0x7D,0x7D,0x7D,0xFD,0x8F,0x01,0x77,0x7D,0x7D,0x7D,0x7D,0xFA,0x7D,
        0x7D,0x7D,0xFA,0x7D,0x7D,0x7D,0x7D,0x7D,0x7D,0x01,0xF4,0x7D,0x00,0x02,0x00,0x00,
        0x00,0x00,0x01,0x77,0x02,0xEE,0x00,0x03,0x00,0x07,0x00,0x00,0x13,0x23,0x11,0x33,
        0x11,0x15,0x33,0x35,0x7D,0x7D,0x7D,0xFA,0x02,0x71,0xFD,0x8F,0x02,0xEE,0x7D,0x7D,
        0x00,0x05,0x00,0x00,0x00,0x00,0x02,0x71,0x04,0xE2,0x00,0x07,0x00,0x0B,0x00,0x0F,
        0x00,0x13,0x00,0x17,0x00,0x00,0x25,0x15,0x33,0x11,0x21,0x11,0x33,0x35,0x01,0x15,
        0x21,0x35,0x13,0x23,0x15,0x33,0x11,0x23,0x15,0x33,0x37,0x23,0x15,0x33,0x01,0xF4,
        0x7D,0xFD,0x8F,0x7D,0x01,0x77,0xFE,0x89,0xFA,0x7D,0x7D,0x7D,0x7D,0x7D,0x7D,0x7D,
        0x7D,0x7D,0x02,0x71,0xFD,0x8F,0x7D,0x01,0x77,0xFA,0xFA,0x01,0x77,0x7D,0x01,0x77,
        0x7D,0xFA,0x7D,0x00,0x00,0x05,0x00,0x00,0x00,0x00,0x02,0x71,0x04,0xE2,0x00,0x07,
        0x00,0x0B,0x00,0x0F,0x00,0x13,0x00,0x17,0x00,0x00,0x25,0x15,0x33,0x11,0x21,0x11,
        0x33,0x35,0x01,0x15,0x21,0x35,0x13,0x23,0x15,0x33,0x11,0x23,0x15,0x33,0x37,0x23,
        0x15,0x33,0x01,0xF4,0x7D,0xFD,0x8F,0x7D,0x01,0x77,0xFE,0x89,0xFA,0x7D,0x7D,0x7D,
        0x7D,0x7D,0x7D,0x7D,0x7D,0x7D,0x02,0x71,0xFD,0x8F,0x7D,0x01,0x77,0xFA,0xFA,0x01,
        0x77,0x7D,0x01,0x77,0x7D,0xFA,0x7D,0x00,0x00,0x04,0x00,0x00,0x00,0x00,0x04,0x65,
        0x03,0xE8,0x00,0x03,0x00,0x13,0x00,0x17,0x00,0x1B,0x00,0x00,0x01,0x15,0x21,0x35,
        0x01,0x21,0x35,0x21,0x35,0x21,0x35,0x21,0x35,0x21,0x35,0x21,0x11,0x33,0x35,0x21,
        0x11,0x23,0x15,0x33,0x37,0x23,0x15,0x33,0x01,0xF4,0xFE,0x89,0x01,0x77,0x02,0x71,
        0xFE,0x0C,0x01,0x77,0xFE,0x89,0x01,0xF4,0xFB,0x9B,0x7D,0x01,0x77,0x7D,0x7D,0x7D,
        0x7D,0x7D,0x01,0xF4,0xFA,0xFA,0xFE,0x0C,0x7D,0x7D,0x7D,0x7D,0x7D,0xFD,0x8F,0x7D,
        0x02,0xEE,0x7D,0xFA,0x7D,0x00,0x00,0x00,0x00,0x04,0x00,0x00,0x00,0x00,0x04,0x65,
        0x03,0xE8,0x00,0x03,0x00,0x13,0x00,0x17,0x00,0x1B,0x00,0x00,0x01,0x15,0x21,0x35,
        0x01,0x21,0x35,0x21,0x35,0x21,0x35,0x21,0x35,0x21,0x35,0x21,0x11,0x33,0x35,0x21,
        0x11,0x23,0x15,0x33,0x37,0x23,0x15,0x33,0x01,0xF4,0xFE,0x89,0x01,0x77,0x02,0x71,
        0xFE,0x0C,0x01,0x77,0xFE,0x89,0x01,0xF4,0xFB,0x9B,0x7D,0x01,0x77,0x7D,0x7D,0x7D,
        0x7D,0x7D,0x01,0xF4,0xFA,0xFA,0xFE,0x0C,0x7D,0x7D,0x7D,0x7D,0x7D,0xFD,0x8F,0x7D,
        0x02,0xEE,0x7D,0xFA,0x7D,0x00,0x00,0x00,0x00,0x07,0x00,0x00,0xFF,0x83,0x03,0x6B,
        0x03,0xE8,0x00,0x07,0x00,0x0B,0x00,0x0F,0x00,0x13,0x00,0x1B,0x00,0x1F,0x00,0x23,
        0x00,0x00,0x33,0x21,0x35,0x23,0x35,0x23,0x35,0x23,0x25,0x23,0x15,0x33,0x01,0x23,
        0x15,0x33,0x13,0x33,0x35,0x23,0x3B,0x01,0x15,0x33,0x11,0x21,0x15,0x33,0x11,0x23,
        0x15,0x33,0x37,0x23,0x15,0x33,0x7D,0x01,0xF4,0xFA,0x7D,0x7D,0x02,0xEE,0x7D,0x7D,
        0xFD,0x12,0x7D,0x7D,0xFA,0x7D,0x7D,0x7D,0x7D,0x7D,0xFE,0x0C,0xFA,0x7D,0x7D,0x7D,
        0x7D,0x7D,0x7D,0x7D,0xFA,0xFA,0x7D,0xFD,0x8F,0x7D,0x01,0x77,0x7D,0xFA,0x01,0xF4,
        0x7D,0x01,0x77,0x7D,0xFA,0x7D,0x00,0x00,0x00,0x07,0x00,0x00,0xFF,0x83,0x03,0x6B,
        0x03,0xE8,0x00,0x07,0x00,0x0B,0x00,0x0F,0x00,0x13,0x00,0x1B,0x00,0x1F,0x00,0x23,
        0x00,0x00,0x33,0x21,0x35,0x23,0x35,0x23,0x35,0x23,0x25,0x23,0x15,0x33,0x01,0x23,
        0x15,0x33,0x13,0x33,0x35,0x23,0x3B,0x01,0x15,0x33,0x11,0x21,0x15,0x33,0x11,0x23,
        0x15,0x33,0x37,0x23,0x15,0x33,0x7D,0x01,0xF4,0xFA,0x7D,0x7D,0x02,0xEE,0x7D,0x7D,
        0xFD,0x12,0x7D,0x7D,0xFA,0x7D,0x7D,0x7D,0x7D,0x7D,0xFE,0x0C,0xFA,0x7D,0x7D,0x7D,
        0x7D,0x7D,0x7D,0x7D,0xFA,0xFA,0x7D,0xFD,0x8F,0x7D,0x01,0x77,0x7D,0xFA,0x01,0xF4,
        0x7D,0x01,0x77,0x7D,0xFA,0x7D,0x00,0x00,0x00,0x02,0x00,0x00,0x01,0xF4,0x00,0xFA,
        0x02,0xEE,0x00,0x03,0x00,0x07,0x00,0x00,0x13,0x23,0x15,0x33,0x37,0x23,0x15,0x33,
        0x7D,0x7D,0x7D,0x7D,0x7D,0x7D,0x02,0x71,0x7D,0xFA,0x7D,0x00,0x00,0x04,0x00,0x00,
        0x02,0xEE,0x02,0x71,0x03,0xE8,0x00,0x03,0x00,0x07,0x00,0x0B,0x00,0x0F,0x00,0x00,
        0x13,0x23,0x15,0x33,0x25,0x23,0x15,0x33,0x25,0x23,0x15,0x33,0x37,0x23,0x15,0x33,
        0x7D,0x7D,0x7D,0x01,0xF4,0x7D,0x7D,0xFE,0xC7,0x7D,0x7D,0x7D,0x7D,0x7D,0x03,0x6B,
        0x7D,0x7E,0x7D,0x7C,0x7D,0xFA,0x7D,0x00,0x00,0x04,0x00,0x00,0x00,0x00,0x03,0x6B,
        0x02,0xEE,0x00,0x03,0x00,0x07,0x00,0x0F,0x00,0x13,0x00,0x00,0x13,0x23,0x15,0x33,
        0x37,0x23,0x15,0x33,0x01,0x15,0x33,0x11,0x21,0x11,0x33,0x35,0x01,0x15,0x21,0x35,
        0x7D,0x7D,0x7D,0x7D,0x7D,0x7D,0x01,0xF4,0x7D,0xFD,0x8F,0x7D,0x01,0x77,0xFE,0x89,
        0x02,0x71,0x7D,0xFA,0x7D,0xFE,0x0C,0x7D,0x02,0x71,0xFD,0x8F,0x7D,0x01,0x77,0xFA,
        0xFA,0x00,0x00,0x00,0x00,0x01,0x00,0x00,0x02,0x71,0x00,0x7D,0x02,0xEE,0x00,0x03,
        0x00,0x00,0x13,0x23,0x15,0x33,0x7D,0x7D,0x7D,0x02,0xEE,0x7D,0x00,0x03,0x00,0x00,
        0x00,0x00,0x03,0x6B,0x02,0xEE,0x00,0x0B,0x00,0x0F,0x00,0x13,0x00,0x00,0x25,0x35,
        0x21,0x35,0x21,0x35,0x21,0x11,0x21,0x35,0x21,0x35,0x03,0x23,0x15,0x33,0x37,0x23,
        0x15,0x33,0x02,0xEE,0xFE,0x89,0x01,0xF4,0xFD,0x8F,0x02,0x71,0xFE,0x0C,0xFA,0x7D,
        0x7D,0x7D,0x7D,0x7D,0xFA,0x7D,0x7D,0x7D,0xFD,0x8F,0x7D,0x7D,0x01,0x77,0x7D,0xFA,
        0x7D,0x00,0x00,0x00,0x00,0x03,0x00,0x00,0x00,0x00,0x03,0x6B,0x02,0xEE,0x00,0x0B,
        0x00,0x0F,0x00,0x13,0x00,0x00,0x01,0x35,0x23,0x11,0x33,0x35,0x21,0x15,0x33,0x11,
        0x23,0x15,0x25,0x23,0x15,0x33,0x37,0x23,0x15,0x33,0x01,0x77,0x7D,0x7D,0x01,0x77,
        0x7D,0x7D,0xFD,0x8F,0x7D,0x7D,0x7D,0x7D,0x7D,0x01,0x77,0xFA,0xFD,0x8F,0xFA,0xFA,
        0x02,0x71,0xFA,0xFA,0x7D,0xFA,0x7D,0x00,0x00,0x03,0x00,0x00,0x00,0x00,0x03,0x6B,
        0x02,0xEE,0x00,0x0B,0x00,0x0F,0x00,0x13,0x00,0x00,0x25,0x23,0x15,0x21,0x35,0x23,
        0x11,0x33,0x35,0x21,0x15,0x33,0x25,0x23,0x15,0x33,0x37,0x23,0x15,0x33,0x01,0xF4,
        0xFA,0x02,0x71,0xFA,0xFA,0xFD,0x8F,0xFA,0xFE,0x89,0x7D,0x7D,0x7D,0x7D,0x7D,0x7D,
        0x7D,0x7D,0x01,0x77,0x7D,0x7D,0x7D,0x7D,0xFA,0x7D,0x00,0x00,0x00,0x06,0x00,0x00,
        0x00,0x01,0x03,0x6B,0x02,0xEE,0x00,0x03,0x00,0x07,0x00,0x0B,0x00,0x0F,0x00,0x13,
        0x00,0x17,0x00,0x00,0x13,0x23,0x15,0x33,0x37,0x23,0x15,0x33,0x15,0x11,0x33,0x11,
        0x31,0x21,0x35,0x21,0x11,0x21,0x35,0x21,0x01,0x11,0x33,0x11,0x7D,0x7D,0x7D,0x7D,
        0x7D,0x7D,0x7D,0x01,0x77,0xFE,0x89,0x01,0x77,0xFE,0x89,0x01,0x77,0x7D,0x02,0x71,
        0x7D,0xFA,0x7D,0x7C,0xFE,0x89,0x01,0x77,0x7D,0xFD,0x8F,0x7D,0x01,0x77,0xFE,0x89,
        0x01,0x77,0x00,0x00,0x00,0x07,0x00,0x00,0x00,0x01,0x03,0x6B,0x02,0xEE,0x00,0x03,
        0x00,0x07,0x00,0x0B,0x00,0x0F,0x00,0x13,0x00,0x17,0x00,0x1B,0x00,0x00,0x25,0x33,
        0x35,0x23,0x3B,0x01,0x35,0x23,0x03,0x23,0x15,0x33,0x03,0x23,0x15,0x33,0x03,0x23,
        0x15,0x33,0x27,0x23,0x15,0x33,0x37,0x23,0x15,0x33,0x02,0x71,0x7D,0x7D,0x7D,0x7D,
        0x7D,0x7D,0x7D,0x7D,0x7D,0x7D,0x7D,0x7D,0x7D,0x7D,0xFA,0x7D,0x7D,0x7D,0x7D,0x7D,
        0xFB,0x7D,0xFA,0xFE,0x89,0xFA,0x01,0x77,0x7D,0x01,0x77,0xFA,0xF9,0x7D,0xFA,0x7D,
        0x00,0x07,0x00,0x00,0x00,0x00,0x03,0x6B,0x02,0xEE,0x00,0x05,0x00,0x0B,0x00,0x0F,
        0x00,0x13,0x00,0x17,0x00,0x1B,0x00,0x1F,0x00,0x00,0x25,0x23,0x15,0x33,0x35,0x23,
        0x21,0x23,0x15,0x33,0x35,0x23,0x01,0x11,0x33,0x11,0x31,0x21,0x35,0x21,0x05,0x11,
        0x33,0x11,0x21,0x23,0x15,0x33,0x37,0x23,0x15,0x33,0x01,0x77,0x7D,0xFA,0x7D,0x01,
        0x77,0x7D,0xFA,0x7D,0xFE,0x0C,0x7D,0x01,0x77,0xFE,0x89,0x01,0x77,0x7D,0xFD,0x12,
        0x7D,0x7D,0x7D,0x7D,0x7D,0x7D,0x7D,0xFA,0xFA,0x7D,0x01,0xF4,0xFE,0x89,0x01,0x77,
        0x7D,0x7D,0xFE,0x89,0x01,0x77,0x7D,0xFA,0x7D,0x00,0x00,0x00,0x00,0x05,0x00,0x00,
        0x00,0x00,0x02,0x71,0x03,0xE8,0x00,0x03,0x00,0x07,0x00,0x0B,0x00,0x0F,0x00,0x1B,
        0x00,0x00,0x13,0x23,0x15,0x33,0x25,0x23,0x15,0x33,0x25,0x23,0x15,0x33,0x37,0x23,
        0x15,0x33,0x03,0x33,0x35,0x21,0x15,0x33,0x11,0x23,0x15,0x21,0x35,0x23,0x7D,0x7D,
        0x7D,0x01,0xF4,0x7D,0x7D,0xFE,0xC7,0x7D,0x7D,0x7D,0x7D,0x7D,0x3E,0xFA,0xFD,0x8F,
        0xFA,0xFA,0x02,0x71,0xFA,0x03,0x6B,0x7D,0x7E,0x7D,0x7C,0x7D,0xFA,0x7D,0xFE,0x89,
        0x7D,0x7D,0xFE,0x89,0x7D,0x7D,0x00,0x00,0x00,0x02,0x00,0x00,0x00,0x00,0x02,0x71,
        0x02,0x71,0x00,0x07,0x00,0x0B,0x00,0x00,0x25,0x15,0x33,0x11,0x21,0x11,0x33,0x35,
        0x01,0x15,0x21,0x35,0x01,0xF4,0x7D,0xFD,0x8F,0x7D,0x01,0x77,0xFE,0x89,0x7D,0x7D,
        0x02,0x71,0xFD,0x8F,0x7D,0x01,0x77,0xFA,0xFA,0x00,0x00,0x00,0x00,0x03,0x00,0x00,
        0x00,0x00,0x02,0x71,0x02,0x71,0x00,0x07,0x00,0x0B,0x00,0x0F,0x00,0x00,0x01,0x35,
        0x21,0x11,0x21,0x35,0x23,0x35,0x21,0x35,0x21,0x1D,0x01,0x21,0x35,0x21,0x02,0x71,
        0xFD,0x8F,0x02,0x71,0x7D,0xFE,0x89,0x01,0x77,0xFE,0x89,0x01,0x77,0x01,0x77,0xFA,
        0xFD,0x8F,0xFA,0x7D,0x7D,0x7D,0xFA,0x7D,0x00,0x01,0x00,0x00,0x00,0x00,0x02,0x71,
        0x02,0x71,0x00,0x05,0x00,0x00,0x13,0x21,0x35,0x21,0x11,0x33,0x7D,0x01,0xF4,0xFD,
        0x8F,0x7D,0x01,0xF4,0x7D,0xFD,0x8F,0x00,0x00,0x04,0x00,0x00,0x00,0x00,0x02,0x71,
        0x02,0x71,0x00,0x03,0x00,0x0B,0x00,0x0F,0x00,0x13,0x00,0x00,0x01,0x23,0x15,0x33,
        0x01,0x21,0x35,0x23,0x15,0x21,0x35,0x23,0x21,0x33,0x35,0x2B,0x02,0x15,0x33,0x01,
        0x77,0x7D,0x7D,0xFE,0x89,0x02,0x71,0x7D,0xFE,0x89,0x7D,0x01,0x77,0x7D,0x7D,0x7D,
        0x7D,0x7D,0x02,0x71,0x7D,0xFE,0x0C,0xFA,0x7D,0x7D,0xFA,0xFA,0x00,0x01,0x00,0x00,
        0x00,0x00,0x02,0x71,0x02,0x71,0x00,0x0B,0x00,0x00,0x25,0x35,0x21,0x35,0x21,0x35,
        0x21,0x11,0x21,0x35,0x21,0x35,0x01,0xF4,0xFE,0x89,0x01,0xF4,0xFD,0x8F,0x02,0x71,
        0xFE,0x0C,0xFA,0x7D,0x7D,0x7D,0xFD,0x8F,0x7D,0x7D,0x00,0x00,0x00,0x03,0x00,0x00,
        0x00,0x00,0x02,0x71,0x02,0x71,0x00,0x07,0x00,0x0B,0x00,0x13,0x00,0x00,0x37,0x23,
        0x15,0x23,0x15,0x21,0x35,0x21,0x35,0x15,0x33,0x35,0x37,0x33,0x35,0x21,0x15,0x21,
        0x15,0x33,0xFA,0x7D,0x7D,0x02,0x71,0xFE,0x89,0x7D,0x7D,0x7D,0xFD,0x8F,0x01,0x77,
        0x7D,0xFA,0x7D,0x7D,0x7D,0xFA,0x7D,0x7D,0x7D,0x7D,0x7D,0x7D,0x00,0x01,0x00,0x00,
        0x00,0x00,0x02,0x71,0x02,0x71,0x00,0x0B,0x00,0x00,0x13,0x35,0x23,0x11,0x33,0x35,
        0x21,0x15,0x33,0x11,0x23,0x15,0x7D,0x7D,0x7D,0x01,0x77,0x7D,0x7D,0x01,0x77,0xFA,
        0xFD,0x8F,0xFA,0xFA,0x02,0x71,0xFA,0x00,0x00,0x03,0x00,0x00,0x00,0x00,0x02,0x71,
        0x02,0x71,0x00,0x03,0x00,0x07,0x00,0x13,0x00,0x00,0x13,0x21,0x35,0x21,0x11,0x21,
        0x35,0x21,0x25,0x15,0x33,0x11,0x23,0x15,0x21,0x35,0x23,0x11,0x33,0x35,0x7D,0x01,
        0x77,0xFE,0x89,0x01,0x77,0xFE,0x89,0x01,0x77,0x7D,0x7D,0xFE,0x89,0x7D,0x7D,0x01,
        0xF4,0x7D,0xFD,0x8F,0x7D,0x7D,0x7D,0x01,0x77,0x7D,0x7D,0xFE,0x89,0x7D,0x00,0x00,
        0x00,0x01,0x00,0x00,0x00,0x00,0x02,0x71,0x02,0x71,0x00,0x0B,0x00,0x00,0x37,0x23,
        0x15,0x21,0x35,0x23,0x11,0x33,0x35,0x21,0x15,0x33,0xFA,0xFA,0x02,0x71,0xFA,0xFA,
        0xFD,0x8F,0xFA,0x7D,0x7D,0x7D,0x01,0x77,0x7D,0x7D,0x00,0x00,0x00,0x05,0x00,0x00,
        0x00,0x00,0x02,0x71,0x02,0x71,0x00,0x07,0x00,0x0B,0x00,0x0F,0x00,0x13,0x00,0x17,
        0x00,0x00,0x25,0x35,0x23,0x35,0x23,0x11,0x33,0x35,0x01,0x23,0x15,0x33,0x2B,0x01,
        0x15,0x33,0x17,0x23,0x15,0x33,0x27,0x23,0x15,0x33,0x01,0x77,0xFA,0x7D,0x7D,0x01,
        0xF4,0x7D,0x7D,0x7D,0x7D,0x7D,0x7D,0x7D,0x7D,0x7D,0x7D,0x7D,0xFA,0x7D,0xFA,0xFD,
        0x8F,0xFA,0x01,0x77,0x7D,0x7D,0xFA,0x7D,0xFA,0x7D,0x00,0x00,0x00,0x05,0x00,0x00,
        0x00,0x00,0x02,0x71,0x02,0x71,0x00,0x03,0x00,0x07,0x00,0x0B,0x00,0x0F,0x00,0x13,
        0x00,0x00,0x01,0x23,0x15,0x33,0x2B,0x01,0x15,0x33,0x2B,0x01,0x15,0x33,0x37,0x33,
        0x35,0x23,0x13,0x33,0x35,0x23,0x01,0x77,0x7D,0x7D,0x7D,0x7D,0x7D,0x7D,0x7D,0x7D,
        0xFA,0x7D,0x7D,0x7D,0x7D,0x7D,0x02,0x71,0x7D,0xFA,0xFA,0xFA,0xFA,0xFE,0x0C,0xFA,
        0x00,0x03,0x00,0x00,0x00,0x00,0x02,0x71,0x02,0x71,0x00,0x07,0x00,0x0B,0x00,0x13,
        0x00,0x00,0x13,0x35,0x23,0x35,0x23,0x11,0x33,0x11,0x33,0x23,0x15,0x33,0x35,0x15,
        0x33,0x11,0x33,0x11,0x23,0x15,0xFA,0x7D,0x7D,0x7D,0xFA,0x7D,0x7D,0x7D,0x7D,0x7D,
        0x01,0x77,0x7D,0x7D,0xFD,0x8F,0x01,0x77,0x7D,0xFA,0x7D,0xFE,0x89,0x02,0x71,0x7D,
        0x00,0x03,0x00,0x00,0x00,0x00,0x02,0x71,0x02,0x71,0x00,0x07,0x00,0x0B,0x00,0x13,
        0x00,0x00,0x13,0x35,0x23,0x35,0x23,0x11,0x33,0x11,0x33,0x23,0x15,0x33,0x17,0x15,
        0x33,0x11,0x23,0x11,0x23,0x15,0xFA,0x7D,0x7D,0x7D,0xFA,0x7D,0x7D,0x7D,0x7D,0x7D,
        0x7D,0x01,0x77,0x7D,0x7D,0xFD,0x8F,0x01,0x77,0x7D,0x7D,0x7D,0x02,0x71,0xFE,0x89,
        0x7D,0x00,0x00,0x00,0x00,0x03,0x00,0x00,0x00,0x00,0x02,0x71,0x02,0x71,0x00,0x03,
        0x00,0x07,0x00,0x0B,0x00,0x00,0x01,0x35,0x21,0x15,0x11,0x15,0x21,0x35,0x27,0x35,
        0x21,0x15,0x02,0x71,0xFD,0x8F,0x02,0x71,0x7D,0xFE,0x89,0x01,0xF4,0x7D,0x7D,0xFE,
        0x89,0x7D,0x7D,0x7D,0x7D,0x7D,0x00,0x00,0x00,0x04,0x00,0x00,0x00,0x01,0x02,0x71,
        0x02,0x72,0x00,0x03,0x00,0x07,0x00,0x0B,0x00,0x0F,0x00,0x00,0x19,0x01,0x33,0x11,
        0x31,0x21,0x35,0x21,0x11,0x21,0x35,0x21,0x01,0x11,0x33,0x11,0x7D,0x01,0x77,0xFE,
        0x89,0x01,0x77,0xFE,0x89,0x01,0x77,0x7D,0x01,0xF5,0xFE,0x89,0x01,0x77,0x7D,0xFD,
        0x8F,0x7D,0x01,0x77,0xFE,0x89,0x01,0x77,0x00,0x01,0x00,0x00,0x00,0x00,0x02,0x71,
        0x02,0x71,0x00,0x07,0x00,0x00,0x19,0x01,0x33,0x11,0x21,0x11,0x33,0x11,0x7D,0x01,
        0x77,0x7D,0x02,0x71,0xFD,0x8F,0x01,0xF4,0xFE,0x0C,0x02,0x71,0x00,0x02,0x00,0x00,
        0x00,0x00,0x02,0x71,0x02,0x71,0x00,0x09,0x00,0x0D,0x00,0x00,0x25,0x35,0x21,0x35,
        0x21,0x35,0x21,0x11,0x33,0x35,0x25,0x23,0x15,0x33,0x01,0xF4,0xFE,0x89,0x01,0x77,
        0xFE,0x0C,0x7D,0x01,0xF4,0x7D,0x7D,0xFA,0x7D,0x7D,0x7D,0xFD,0x8F,0xFA,0xFA,0x7D,
        0x00,0x03,0x00,0x00,0x00,0x00,0x02,0x71,0x02,0x71,0x00,0x07,0x00,0x0B,0x00,0x13,
        0x00,0x00,0x37,0x23,0x15,0x23,0x15,0x21,0x35,0x21,0x35,0x15,0x33,0x35,0x23,0x33,
        0x35,0x21,0x35,0x21,0x15,0x33,0xFA,0x7D,0x7D,0x02,0x71,0xFE,0x89,0x7D,0xFA,0x7D,
        0x01,0x77,0xFD,0x8F,0x7D,0xFA,0x7D,0x7D,0x7D,0xFA,0x7D,0x7D,0x7D,0x7D,0x7D,0x00,
        0x00,0x01,0x00,0x00,0x00,0x00,0x02,0x71,0x02,0x71,0x00,0x07,0x00,0x00,0x01,0x33,
        0x35,0x21,0x15,0x33,0x11,0x33,0x01,0x77,0xFA,0xFD,0x8F,0xFA,0x7D,0x01,0xF4,0x7D,
        0x7D,0xFE,0x0C,0x00,0x00,0x05,0x00,0x00,0x00,0x00,0x02,0x71,0x02,0x71,0x00,0x03,
        0x00,0x07,0x00,0x0B,0x00,0x0F,0x00,0x13,0x00,0x00,0x3B,0x01,0x35,0x23,0x3B,0x01,
        0x35,0x23,0x3B,0x01,0x35,0x23,0x07,0x23,0x15,0x33,0x03,0x23,0x15,0x33,0xFA,0x7D,
        0x7D,0x7D,0x7D,0x7D,0x7D,0x7D,0x7D,0xFA,0x7D,0x7D,0x7D,0x7D,0x7D,0xFA,0x7D,0xFA,
        0xFA,0x7D,0x01,0x77,0xFA,0x00,0x00,0x00,0x00,0x03,0x00,0x00,0x00,0x00,0x02,0x71,
        0x02,0x71,0x00,0x03,0x00,0x07,0x00,0x1B,0x00,0x00,0x11,0x15,0x33,0x35,0x21,0x15,
        0x33,0x35,0x05,0x23,0x15,0x33,0x15,0x33,0x35,0x33,0x35,0x23,0x35,0x33,0x35,0x23,
        0x35,0x23,0x15,0x23,0x15,0x33,0x7D,0x01,0x77,0x7D,0xFE,0x89,0x7D,0x7D,0x7D,0x7D,
        0x7D,0x7D,0x7D,0x7D,0x7D,0x7D,0x01,0x77,0x7D,0x7D,0x7D,0x7D,0x7D,0x7D,0x7D,0x7D,
        0x7D,0x7D,0x7D,0x7D,0x7D,0x7D,0x00,0x00,0x00,0x09,0x00,0x00,0x00,0x00,0x02,0x71,
        0x02,0x71,0x00,0x03,0x00,0x07,0x00,0x0B,0x00,0x0F,0x00,0x13,0x00,0x17,0x00,0x1B,
        0x00,0x1F,0x00,0x23,0x00,0x00,0x37,0x23,0x15,0x33,0x37,0x23,0x15,0x33,0x13,0x23,
        0x15,0x33,0x37,0x23,0x15,0x33,0x03,0x33,0x35,0x2B,0x01,0x33,0x35,0x2B,0x01,0x33,
        0x35,0x2B,0x01,0x33,0x35,0x2B,0x01,0x33,0x35,0x23,0x7D,0x7D,0x7D,0x7D,0x7D,0x7D,
        0xFA,0x7D,0x7D,0x7D,0x7D,0x7D,0x7D,0x7D,0x7D,0x7D,0x7D,0x7D,0x7D,0x7D,0x7D,0x7D,
        0x7D,0x7D,0x7D,0x7D,0x7D,0x7D,0x7D,0xFA,0x7D,0x01,0x77,0x7D,0xFA,0x7D,0xFE,0x0C,
        0x7D,0x7D,0x7D,0x7D,0x7D,0x00,0x00,0x00,0x00,0x03,0x00,0x00,0x00,0x00,0x02,0x71,
        0x02,0x71,0x00,0x03,0x00,0x07,0x00,0x13,0x00,0x00,0x01,0x33,0x35,0x23,0x21,0x23,
        0x15,0x33,0x37,0x23,0x15,0x23,0x15,0x33,0x15,0x33,0x35,0x33,0x35,0x23,0x01,0xF4,
        0x7D,0x7D,0xFE,0x89,0x7D,0x7D,0xFA,0x7D,0x7D,0x7D,0x7D,0x7D,0x7D,0x01,0x77,0xFA,
        0xFA,0xFA,0xFA,0x7D,0xFA,0xFA,0x7D,0x00,0x00,0x05,0x00,0x00,0x00,0x00,0x02,0x71,
        0x02,0xEE,0x00,0x05,0x00,0x0B,0x00,0x0F,0x00,0x13,0x00,0x17,0x00,0x00,0x37,0x23,
        0x15,0x33,0x35,0x23,0x21,0x23,0x15,0x33,0x35,0x23,0x01,0x11,0x33,0x11,0x31,0x21,
        0x35,0x21,0x05,0x11,0x33,0x11,0x7D,0x7D,0xFA,0x7D,0x01,0x77,0x7D,0xFA,0x7D,0xFE,
        0x0C,0x7D,0x01,0x77,0xFE,0x89,0x01,0x77,0x7D,0x7D,0x7D,0xFA,0xFA,0x7D,0x01,0xF4,
        0xFE,0x89,0x01,0x77,0x7D,0x7D,0xFE,0x89,0x01,0x77,0x00,0x00,0x00,0x03,0x00,0x00,
        0x00,0x00,0x02,0x71,0x03,0x6B,0x00,0x0B,0x00,0x0F,0x00,0x13,0x00,0x00,0x37,0x23,
        0x15,0x21,0x35,0x23,0x11,0x33,0x35,0x21,0x15,0x33,0x11,0x23,0x15,0x33,0x37,0x23,
        0x15,0x33,0xFA,0xFA,0x02,0x71,0xFA,0xFA,0xFD,0x8F,0xFA,0x7D,0x7D,0xFA,0x7D,0x7D,
        0x7D,0x7D,0x7D,0x01,0x77,0x7D,0x7D,0x01,0x77,0x7D,0x7D,0x7D,0x00,0x07,0x00,0x00,
        0x00,0x00,0x02,0x71,0x03,0x6B,0x00,0x03,0x00,0x07,0x00,0x0B,0x00,0x0F,0x00,0x13,
        0x00,0x17,0x00,0x1B,0x00,0x00,0x3B,0x01,0x35,0x23,0x3B,0x01,0x35,0x23,0x3B,0x01,
        0x35,0x23,0x07,0x23,0x15,0x33,0x03,0x23,0x15,0x33,0x13,0x23,0x15,0x33,0x37,0x23,
        0x15,0x33,0xFA,0x7D,0x7D,0x7D,0x7D,0x7D,0x7D,0x7D,0x7D,0xFA,0x7D,0x7D,0x7D,0x7D,
        0x7D,0x7D,0x7D,0x7D,0xFA,0x7D,0x7D,0xFA,0x7D,0xFA,0xFA,0x7D,0x01,0x77,0xFA,0x01,
        0xF4,0x7D,0x7D,0x7D,0x00,0x04,0x00,0x00,0x00,0x00,0x03,0x6B,0x02,0xEE,0x00,0x03,
        0x00,0x07,0x00,0x0F,0x00,0x13,0x00,0x00,0x13,0x23,0x15,0x33,0x37,0x23,0x15,0x33,
        0x01,0x15,0x33,0x11,0x21,0x11,0x33,0x35,0x01,0x15,0x21,0x35,0x7D,0x7D,0x7D,0x7D,
        0x7D,0x7D,0x01,0xF4,0x7D,0xFD,0x8F,0x7D,0x01,0x77,0xFE,0x89,0x02,0x71,0x7D,0xFA,
        0x7D,0xFE,0x0C,0x7D,0x02,0x71,0xFD,0x8F,0x7D,0x01,0x77,0xFA,0xFA,0x00,0x00,0x00,
        0x00,0x03,0x00,0x00,0x00,0x00,0x03,0x6B,0x02,0xEE,0x00,0x0B,0x00,0x0F,0x00,0x13,
        0x00,0x00,0x25,0x35,0x21,0x35,0x21,0x35,0x21,0x11,0x21,0x35,0x21,0x35,0x03,0x23,
        0x15,0x33,0x37,0x23,0x15,0x33,0x02,0xEE,0xFE,0x89,0x01,0xF4,0xFD,0x8F,0x02,0x71,
        0xFE,0x0C,0xFA,0x7D,0x7D,0x7D,0x7D,0x7D,0xFA,0x7D,0x7D,0x7D,0xFD,0x8F,0x7D,0x7D,
        0x01,0x77,0x7D,0xFA,0x7D,0x00,0x00,0x00,0x00,0x03,0x00,0x00,0x00,0x00,0x03,0x6B,
        0x02,0xEE,0x00,0x0B,0x00,0x0F,0x00,0x13,0x00,0x00,0x01,0x35,0x23,0x11,0x33,0x35,
        0x21,0x15,0x33,0x11,0x23,0x15,0x25,0x23,0x15,0x33,0x37,0x23,0x15,0x33,0x01,0x77,
        0x7D,0x7D,0x01,0x77,0x7D,0x7D,0xFD,0x8F,0x7D,0x7D,0x7D,0x7D,0x7D,0x01,0x77,0xFA,
        0xFD,0x8F,0xFA,0xFA,0x02,0x71,0xFA,0xFA,0x7D,0xFA,0x7D,0x00,0x00,0x03,0x00,0x00,
        0x00,0x00,0x03,0x6B,0x02,0xEE,0x00,0x0B,0x00,0x0F,0x00,0x13,0x00,0x00,0x25,0x23,
        0x15,0x21,0x35,0x23,0x11,0x33,0x35,0x21,0x15,0x33,0x25,0x23,0x15,0x33,0x37,0x23,
        0x15,0x33,0x01,0xF4,0xFA,0x02,0x71,0xFA,0xFA,0xFD,0x8F,0xFA,0xFE,0x89,0x7D,0x7D,
        0x7D,0x7D,0x7D,0x7D,0x7D,0x7D,0x01,0x77,0x7D,0x7D,0x7D,0x7D,0xFA,0x7D,0x00,0x00,
        0x00,0x05,0x00,0x00,0x00,0x00,0x02,0x71,0x03,0xE8,0x00,0x03,0x00,0x07,0x00,0x0B,
        0x00,0x0F,0x00,0x17,0x00,0x00,0x13,0x23,0x15,0x33,0x25,0x23,0x15,0x33,0x25,0x23,
        0x15,0x33,0x37,0x23,0x15,0x33,0x13,0x11,0x23,0x11,0x21,0x11,0x23,0x11,0x7D,0x7D,
        0x7D,0x01,0xF4,0x7D,0x7D,0xFE,0xC7,0x7D,0x7D,0x7D,0x7D,0x7D,0xBC,0x7D,0xFE,0x89,
        0x7D,0x03,0x6B,0x7D,0x7E,0x7D,0x7C,0x7D,0xFA,0x7D,0xFC,0x95,0x02,0x71,0xFE,0x0C,
        0x01,0xF4,0xFD,0x8F,0x00,0x02,0x00,0x00,0x00,0x00,0x02,0x71,0x02,0x71,0x00,0x07,
        0x00,0x0B,0x00,0x00,0x25,0x15,0x33,0x11,0x21,0x11,0x33,0x35,0x01,0x15,0x21,0x35,
        0x01,0xF4,0x7D,0xFD,0x8F,0x7D,0x01,0x77,0xFE,0x89,0x7D,0x7D,0x02,0x71,0xFD,0x8F,
        0x7D,0x01,0x77,0xFA,0xFA,0x00,0x00,0x00,0x00,0x03,0x00,0x00,0x00,0x00,0x02,0x71,
        0x02,0x71,0x00,0x07,0x00,0x0B,0x00,0x0F,0x00,0x00,0x01,0x35,0x21,0x11,0x21,0x35,
        0x23,0x35,0x21,0x35,0x21,0x1D,0x01,0x21,0x35,0x21,0x02,0x71,0xFD,0x8F,0x02,0x71,
        0x7D,0xFE,0x89,0x01,0x77,0xFE,0x89,0x01,0x77,0x01,0x77,0xFA,0xFD,0x8F,0xFA,0x7D,
        0x7D,0x7D,0xFA,0x7D,0x00,0x01,0x00,0x00,0x00,0x00,0x02,0x71,0x02,0x71,0x00,0x05,
        0x00,0x00,0x13,0x21,0x35,0x21,0x11,0x33,0x7D,0x01,0xF4,0xFD,0x8F,0x7D,0x01,0xF4,
        0x7D,0xFD,0x8F,0x00,0x00,0x04,0x00,0x00,0x00,0x00,0x02,0x71,0x02,0x71,0x00,0x03,
        0x00,0x0B,0x00,0x0F,0x00,0x13,0x00,0x00,0x01,0x23,0x15,0x33,0x01,0x21,0x35,0x23,
        0x15,0x21,0x35,0x23,0x21,0x33,0x35,0x2B,0x02,0x15,0x33,0x01,0x77,0x7D,0x7D,0xFE,
        0x89,0x02,0x71,0x7D,0xFE,0x89,0x7D,0x01,0x77,0x7D,0x7D,0x7D,0x7D,0x7D,0x02,0x71,
        0x7D,0xFE,0x0C,0xFA,0x7D,0x7D,0xFA,0xFA,0x00,0x01,0x00,0x00,0x00,0x00,0x02,0x71,
        0x02,0x71,0x00,0x0B,0x00,0x00,0x25,0x35,0x21,0x35,0x21,0x35,0x21,0x11,0x21,0x35,
        0x21,0x35,0x01,0xF4,0xFE,0x89,0x01,0xF4,0xFD,0x8F,0x02,0x71,0xFE,0x0C,0xFA,0x7D,
        0x7D,0x7D,0xFD,0x8F,0x7D,0x7D,0x00,0x00,0x00,0x03,0x00,0x00,0x00,0x00,0x02,0x71,
        0x02,0x71,0x00,0x07,0x00,0x0B,0x00,0x13,0x00,0x00,0x37,0x23,0x15,0x23,0x15,0x21,
        0x35,0x21,0x35,0x15,0x33,0x35,0x37,0x33,0x35,0x21,0x15,0x21,0x15,0x33,0xFA,0x7D,
        0x7D,0x02,0x71,0xFE,0x89,0x7D,0x7D,0x7D,0xFD,0x8F,0x01,0x77,0x7D,0xFA,0x7D,0x7D,
        0x7D,0xFA,0x7D,0x7D,0x7D,0x7D,0x7D,0x7D,0x00,0x01,0x00,0x00,0x00,0x00,0x02,0x71,
        0x02,0x71,0x00,0x0B,0x00,0x00,0x13,0x35,0x23,0x11,0x33,0x35,0x21,0x15,0x33,0x11,
        0x23,0x15,0x7D,0x7D,0x7D,0x01,0x77,0x7D,0x7D,0x01,0x77,0xFA,0xFD,0x8F,0xFA,0xFA,
        0x02,0x71,0xFA,0x00,0x00,0x03,0x00,0x00,0x00,0x00,0x02,0x71,0x02,0x71,0x00,0x03,
        0x00,0x07,0x00,0x13,0x00,0x00,0x13,0x21,0x35,0x21,0x11,0x21,0x35,0x21,0x25,0x15,
        0x33,0x11,0x23,0x15,0x21,0x35,0x23,0x11,0x33,0x35,0x7D,0x01,0x77,0xFE,0x89,0x01,
        0x77,0xFE,0x89,0x01,0x77,0x7D,0x7D,0xFE,0x89,0x7D,0x7D,0x01,0xF4,0x7D,0xFD,0x8F,
        0x7D,0x7D,0x7D,0x01,0x77,0x7D,0x7D,0xFE,0x89,0x7D,0x00,0x00,0x00,0x01,0x00,0x00,
        0x00,0x00,0x02,0x71,0x02,0x71,0x00,0x0B,0x00,0x00,0x37,0x23,0x15,0x21,0x35,0x23,
        0x11,0x33,0x35,0x21,0x15,0x33,0xFA,0xFA,0x02,0x71,0xFA,0xFA,0xFD,0x8F,0xFA,0x7D,
        0x7D,0x7D,0x01,0x77,0x7D,0x7D,0x00,0x00,0x00,0x05,0x00,0x00,0x00,0x00,0x02,0x71,
        0x02,0x71,0x00,0x07,0x00,0x0B,0x00,0x0F,0x00,0x13,0x00,0x17,0x00,0x00,0x25,0x35,
        0x23,0x35,0x23,0x11,0x33,0x35,0x01,0x23,0x15,0x33,0x2B,0x01,0x15,0x33,0x17,0x23,
        0x15,0x33,0x27,0x23,0x15,0x33,0x01,0x77,0xFA,0x7D,0x7D,0x01,0xF4,0x7D,0x7D,0x7D,
        0x7D,0x7D,0x7D,0x7D,0x7D,0x7D,0x7D,0x7D,0xFA,0x7D,0xFA,0xFD,0x8F,0xFA,0x01,0x77,
        0x7D,0x7D,0xFA,0x7D,0xFA,0x7D,0x00,0x00,0x00,0x05,0x00,0x00,0x00,0x00,0x02,0x71,
        0x02,0x71,0x00,0x03,0x00,0x07,0x00,0x0B,0x00,0x0F,0x00,0x13,0x00,0x00,0x01,0x23,
        0x15,0x33,0x2B,0x01,0x15,0x33,0x2B,0x01,0x15,0x33,0x37,0x33,0x35,0x23,0x13,0x33,
        0x35,0x23,0x01,0x77,0x7D,0x7D,0x7D,0x7D,0x7D,0x7D,0x7D,0x7D,0xFA,0x7D,0x7D,0x7D,
        0x7D,0x7D,0x02,0x71,0x7D,0xFA,0xFA,0xFA,0xFA,0xFE,0x0C,0xFA,0x00,0x03,0x00,0x00,
        0x00,0x00,0x02,0x71,0x02,0x71,0x00,0x07,0x00,0x0B,0x00,0x13,0x00,0x00,0x13,0x35,
        0x23,0x35,0x23,0x11,0x33,0x11,0x33,0x23,0x15,0x33,0x35,0x15,0x33,0x11,0x33,0x11,
        0x23,0x15,0xFA,0x7D,0x7D,0x7D,0xFA,0x7D,0x7D,0x7D,0x7D,0x7D,0x01,0x77,0x7D,0x7D,
        0xFD,0x8F,0x01,0x77,0x7D,0xFA,0x7D,0xFE,0x89,0x02,0x71,0x7D,0x00,0x03,0x00,0x00,
        0x00,0x00,0x02,0x71,0x02,0x71,0x00,0x07,0x00,0x0B,0x00,0x13,0x00,0x00,0x13,0x35,
        0x23,0x35,0x23,0x11,0x33,0x11,0x33,0x23,0x15,0x33,0x17,0x15,0x33,0x11,0x23,0x11,
        0x23,0x15,0xFA,0x7D,0x7D,0x7D,0xFA,0x7D,0x7D,0x7D,0x7D,0x7D,0x7D,0x01,0x77,0x7D,
        0x7D,0xFD,0x8F,0x01,0x77,0x7D,0x7D,0x7D,0x02,0x71,0xFE,0x89,0x7D,0x00,0x00,0x00,
        0x00,0x03,0x00,0x00,0x00,0x00,0x02,0x71,0x02,0x71,0x00,0x03,0x00,0x07,0x00,0x0B,
        0x00,0x00,0x01,0x35,0x21,0x15,0x11,0x15,0x21,0x35,0x27,0x35,0x21,0x15,0x02,0x71,
        0xFD,0x8F,0x02,0x71,0x7D,0xFE,0x89,0x01,0xF4,0x7D,0x7D,0xFE,0x89,0x7D,0x7D,0x7D,
        0x7D,0x7D,0x00,0x00,0x00,0x04,0x00,0x00,0x00,0x01,0x02,0x71,0x02,0x72,0x00,0x03,
        0x00,0x07,0x00,0x0B,0x00,0x0F,0x00,0x00,0x19,0x01,0x33,0x11,0x31,0x21,0x35,0x21,
        0x11,0x21,0x35,0x21,0x01,0x11,0x33,0x11,0x7D,0x01,0x77,0xFE,0x89,0x01,0x77,0xFE,
        0x89,0x01,0x77,0x7D,0x01,0xF5,0xFE,0x89,0x01,0x77,0x7D,0xFD,0x8F,0x7D,0x01,0x77,
        0xFE,0x89,0x01,0x77,0x00,0x01,0x00,0x00,0x00,0x00,0x02,0x71,0x02,0x71,0x00,0x07,
        0x00,0x00,0x19,0x01,0x33,0x11,0x21,0x11,0x33,0x11,0x7D,0x01,0x77,0x7D,0x02,0x71,
        0xFD,0x8F,0x01,0xF4,0xFE,0x0C,0x02,0x71,0x00,0x02,0x00,0x00,0x00,0x00,0x02,0x71,
        0x02,0x71,0x00,0x09,0x00,0x0D,0x00,0x00,0x25,0x35,0x21,0x35,0x21,0x35,0x21,0x11,
        0x33,0x35,0x25,0x23,0x15,0x33,0x01,0xF4,0xFE,0x89,0x01,0x77,0xFE,0x0C,0x7D,0x01,
        0xF4,0x7D,0x7D,0xFA,0x7D,0x7D,0x7D,0xFD,0x8F,0xFA,0xFA,0x7D,0x00,0x03,0x00,0x00,
        0x00,0x00,0x02,0x71,0x02,0x71,0x00,0x07,0x00,0x0B,0x00,0x13,0x00,0x00,0x37,0x23,
        0x15,0x23,0x15,0x21,0x35,0x21,0x35,0x15,0x33,0x35,0x23,0x33,0x35,0x21,0x35,0x21,
        0x15,0x33,0xFA,0x7D,0x7D,0x02,0x71,0xFE,0x89,0x7D,0xFA,0x7D,0x01,0x77,0xFD,0x8F,
        0x7D,0xFA,0x7D,0x7D,0x7D,0xFA,0x7D,0x7D,0x7D,0x7D,0x7D,0x00,0x00,0x03,0x00,0x00,
        0x00,0x00,0x02,0x71,0x02,0x71,0x00,0x07,0x00,0x0B,0x00,0x13,0x00,0x00,0x37,0x23,
        0x15,0x23,0x15,0x21,0x35,0x21,0x35,0x15,0x33,0x35,0x23,0x33,0x35,0x21,0x35,0x21,
        0x15,0x33,0xFA,0x7D,0x7D,0x02,0x71,0xFE,0x89,0x7D,0xFA,0x7D,0x01,0x77,0xFD,0x8F,
        0x7D,0xFA,0x7D,0x7D,0x7D,0xFA,0x7D,0x7D,0x7D,0x7D,0x7D,0x00,0x00,0x01,0x00,0x00,
        0x00,0x00,0x02,0x71,0x02,0x71,0x00,0x07,0x00,0x00,0x01,0x33,0x35,0x21,0x15,0x33,
        0x11,0x33,0x01,0x77,0xFA,0xFD,0x8F,0xFA,0x7D,0x01,0xF4,0x7D,0x7D,0xFE,0x0C,0x00,
        0x00,0x05,0x00,0x00,0x00,0x00,0x02,0x71,0x02,0x71,0x00,0x03,0x00,0x07,0x00,0x0B,
        0x00,0x0F,0x00,0x13,0x00,0x00,0x3B,0x01,0x35,0x23,0x3B,0x01,0x35,0x23,0x3B,0x01,
        0x35,0x23,0x07,0x23,0x15,0x33,0x03,0x23,0x15,0x33,0xFA,0x7D,0x7D,0x7D,0x7D,0x7D,
        0x7D,0x7D,0x7D,0xFA,0x7D,0x7D,0x7D,0x7D,0x7D,0xFA,0x7D,0xFA,0xFA,0x7D,0x01,0x77,
        0xFA,0x00,0x00,0x00,0x00,0x03,0x00,0x00,0x00,0x00,0x02,0x71,0x02,0x71,0x00,0x03,
        0x00,0x07,0x00,0x1B,0x00,0x00,0x11,0x15,0x33,0x35,0x21,0x15,0x33,0x35,0x05,0x23,
        0x15,0x33,0x15,0x33,0x35,0x33,0x35,0x23,0x35,0x33,0x35,0x23,0x35,0x23,0x15,0x23,
        0x15,0x33,0x7D,0x01,0x77,0x7D,0xFE,0x89,0x7D,0x7D,0x7D,0x7D,0x7D,0x7D,0x7D,0x7D,
        0x7D,0x7D,0x01,0x77,0x7D,0x7D,0x7D,0x7D,0x7D,0x7D,0x7D,0x7D,0x7D,0x7D,0x7D,0x7D,
        0x7D,0x7D,0x00,0x00,0x00,0x09,0x00,0x00,0x00,0x00,0x02,0x71,0x02,0x71,0x00,0x03,
        0x00,0x07,0x00,0x0B,0x00,0x0F,0x00,0x13,0x00,0x17,0x00,0x1B,0x00,0x1F,0x00,0x23,
        0x00,0x00,0x37,0x23,0x15,0x33,0x37,0x23,0x15,0x33,0x13,0x23,0x15,0x33,0x37,0x23,
        0x15,0x33,0x03,0x33,0x35,0x2B,0x01,0x33,0x35,0x2B,0x01,0x33,0x35,0x2B,0x01,0x33,
        0x35,0x2B,0x01,0x33,0x35,0x23,0x7D,0x7D,0x7D,0x7D,0x7D,0x7D,0xFA,0x7D,0x7D,0x7D,
        0x7D,0x7D,0x7D,0x7D,0x7D,0x7D,0x7D,0x7D,0x7D,0x7D,0x7D,0x7D,0x7D,0x7D,0x7D,0x7D,
        0x7D,0x7D,0x7D,0xFA,0x7D,0x01,0x77,0x7D,0xFA,0x7D,0xFE,0x0C,0x7D,0x7D,0x7D,0x7D,
        0x7D,0x00,0x00,0x00,0x00,0x03,0x00,0x00,0x00,0x00,0x02,0x71,0x02,0x71,0x00,0x03,
        0x00,0x07,0x00,0x13,0x00,0x00,0x01,0x33,0x35,0x23,0x21,0x23,0x15,0x33,0x37,0x23,
        0x15,0x23,0x15,0x33,0x15,0x33,0x35,0x33,0x35,0x23,0x01,0xF4,0x7D,0x7D,0xFE,0x89,
        0x7D,0x7D,0xFA,0x7D,0x7D,0x7D,0x7D,0x7D,0x7D,0x01,0x77,0xFA,0xFA,0xFA,0xFA,0x7D,
        0xFA,0xFA,0x7D,0x00,0x00,0x05,0x00,0x00,0x00,0x00,0x02,0x71,0x02,0xEE,0x00,0x05,
        0x00,0x0B,0x00,0x0F,0x00,0x13,0x00,0x17,0x00,0x00,0x37,0x23,0x15,0x33,0x35,0x23,
        0x21,0x23,0x15,0x33,0x35,0x23,0x01,0x11,0x33,0x11,0x31,0x21,0x35,0x21,0x05,0x11,
        0x33,0x11,0x7D,0x7D,0xFA,0x7D,0x01,0x77,0x7D,0xFA,0x7D,0xFE,0x0C,0x7D,0x01,0x77,
        0xFE,0x89,0x01,0x77,0x7D,0x7D,0x7D,0xFA,0xFA,0x7D,0x01,0xF4,0xFE,0x89,0x01,0x77,
        0x7D,0x7D,0xFE,0x89,0x01,0x77,0x00,0x00,0x00,0x03,0x00,0x00,0x00,0x00,0x02,0x71,
        0x03,0x6B,0x00,0x0B,0x00,0x0F,0x00,0x13,0x00,0x00,0x37,0x23,0x15,0x21,0x35,0x23,
        0x11,0x33,0x35,0x21,0x15,0x33,0x11,0x23,0x15,0x33,0x37,0x23,0x15,0x33,0xFA,0xFA,
        0x02,0x71,0xFA,0xFA,0xFD,0x8F,0xFA,0x7D,0x7D,0xFA,0x7D,0x7D,0x7D,0x7D,0x7D,0x01,
        0x77,0x7D,0x7D,0x01,0x77,0x7D,0x7D,0x7D,0x00,0x07,0x00,0x00,0x00,0x00,0x02,0x71,
        0x03,0x6B,0x00,0x03,0x00,0x07,0x00,0x0B,0x00,0x0F,0x00,0x13,0x00,0x17,0x00,0x1B,
        0x00,0x00,0x3B,0x01,0x35,0x23,0x3B,0x01,0x35,0x23,0x3B,0x01,0x35,0x23,0x07,0x23,
        0x15,0x33,0x03,0x23,0x15,0x33,0x13,0x23,0x15,0x33,0x37,0x23,0x15,0x33,0xFA,0x7D,
        0x7D,0x7D,0x7D,0x7D,0x7D,0x7D,0x7D,0xFA,0x7D,0x7D,0x7D,0x7D,0x7D,0x7D,0x7D,0x7D,
        0xFA,0x7D,0x7D,0xFA,0x7D,0xFA,0xFA,0x7D,0x01,0x77,0xFA,0x01,0xF4,0x7D,0x7D,0x7D,
        0x00,0x06,0x00,0x00,0x00,0x01,0x03,0x6B,0x02,0xEE,0x00,0x03,0x00,0x07,0x00,0x0B,
        0x00,0x0F,0x00,0x13,0x00,0x17,0x00,0x00,0x13,0x23,0x15,0x33,0x37,0x23,0x15,0x33,
        0x15,0x11,0x33,0x11,0x31,0x21,0x35,0x21,0x11,0x21,0x35,0x21,0x01,0x11,0x33,0x11,
        0x7D,0x7D,0x7D,0x7D,0x7D,0x7D,0x7D,0x01,0x77,0xFE,0x89,0x01,0x77,0xFE,0x89,0x01,
        0x77,0x7D,0x02,0x71,0x7D,0xFA,0x7D,0x7C,0xFE,0x89,0x01,0x77,0x7D,0xFD,0x8F,0x7D,
        0x01,0x77,0xFE,0x89,0x01,0x77,0x00,0x00,0x00,0x07,0x00,0x00,0x00,0x01,0x03,0x6B,
        0x02,0xEE,0x00,0x03,0x00,0x07,0x00,0x0B,0x00,0x0F,0x00,0x13,0x00,0x17,0x00,0x1B,
        0x00,0x00,0x25,0x33,0x35,0x23,0x3B,0x01,0x35,0x23,0x03,0x23,0x15,0x33,0x03,0x23,
        0x15,0x33,0x03,0x23,0x15,0x33,0x27,0x23,0x15,0x33,0x37,0x23,0x15,0x33,0x02,0x71,
        0x7D,0x7D,0x7D,0x7D,0x7D,0x7D,0x7D,0x7D,0x7D,0x7D,0x7D,0x7D,0x7D,0x7D,0xFA,0x7D,
        0x7D,0x7D,0x7D,0x7D,0xFB,0x7D,0xFA,0xFE,0x89,0xFA,0x01,0x77,0x7D,0x01,0x77,0xFA,
        0xF9,0x7D,0xFA,0x7D,0x00,0x07,0x00,0x00,0x00,0x00,0x03,0x6B,0x02,0xEE,0x00,0x05,
        0x00,0x0B,0x00,0x0F,0x00,0x13,0x00,0x17,0x00,0x1B,0x00,0x1F,0x00,0x00,0x25,0x23,
        0x15,0x33,0x35,0x23,0x21,0x23,0x15,0x33,0x35,0x23,0x01,0x11,0x33,0x11,0x31,0x21,
        0x35,0x21,0x05,0x11,0x33,0x11,0x21,0x23,0x15,0x33,0x37,0x23,0x15,0x33,0x01,0x77,
        0x7D,0xFA,0x7D,0x01,0x77,0x7D,0xFA,0x7D,0xFE,0x0C,0x7D,0x01,0x77,0xFE,0x89,0x01,
        0x77,0x7D,0xFD,0x12,0x7D,0x7D,0x7D,0x7D,0x7D,0x7D,0x7D,0xFA,0xFA,0x7D,0x01,0xF4,
        0xFE,0x89,0x01,0x77,0x7D,0x7D,0xFE,0x89,0x01,0x77,0x7D,0xFA,0x7D,0x00,0x00,0x00,
        0x00,0x03,0x00,0x00,0x00,0x00,0x02,0x71,0x03,0x6B,0x00,0x0B,0x00,0x0F,0x00,0x13,
        0x00,0x00,0x25,0x35,0x21,0x35,0x21,0x35,0x21,0x11,0x21,0x35,0x21,0x35,0x13,0x23,
        0x15,0x33,0x37,0x23,0x15,0x33,0x01,0xF4,0xFE,0x89,0x01,0xF4,0xFD,0x8F,0x02,0x71,
        0xFE,0x0C,0x7D,0x7D,0x7D,0xFA,0x7D,0x7D,0xFA,0x7D,0x7D,0x7D,0xFD,0x8F,0x7D,0x7D,
        0x02,0x71,0x7D,0x7D,0x7D,0x00,0x00,0x00,0x00,0x02,0x00,0x00,0x00,0x00,0x03,0x6B,
        0x02,0xEE,0x00,0x0B,0x00,0x0F,0x00,0x00,0x3B,0x01,0x35,0x21,0x35,0x21,0x35,0x33,
        0x35,0x21,0x15,0x33,0x01,0x33,0x35,0x23,0xFA,0x7D,0x01,0x77,0xFE,0x89,0xFA,0xFD,
        0x8F,0xFA,0x01,0xF4,0x7D,0x7D,0xFA,0x7D,0xFA,0x7D,0x7D,0xFD,0x8F,0xFA,0x00,0x00,
        0x00,0x03,0x00,0x00,0x00,0x00,0x02,0x71,0x03,0xE8,0x00,0x05,0x00,0x09,0x00,0x0D,
        0x00,0x00,0x13,0x21,0x35,0x21,0x11,0x33,0x13,0x23,0x15,0x33,0x37,0x23,0x15,0x33,
        0x7D,0x01,0xF4,0xFD,0x8F,0x7D,0xFA,0x7D,0x7D,0x7D,0x7D,0x7D,0x01,0xF4,0x7D,0xFD,
        0x8F,0x03,0x6B,0x7D,0xFA,0x7D,0x00,0x00,0x00,0x03,0x00,0x00,0x00,0x00,0x02,0x71,
        0x02,0x71,0x00,0x03,0x00,0x0B,0x00,0x0F,0x00,0x00,0x13,0x21,0x35,0x21,0x01,0x35,
        0x21,0x35,0x23,0x11,0x33,0x35,0x15,0x21,0x35,0x21,0x7D,0x01,0xF4,0xFE,0x0C,0x01,
        0x77,0xFE,0x89,0x7D,0x7D,0x01,0xF4,0xFE,0x0C,0x01,0xF4,0x7D,0xFE,0x89,0x7D,0x7D,
        0xFE,0x89,0x7D,0xFA,0x7D,0x00,0x00,0x00,0x00,0x01,0x00,0x00,0x00,0x00,0x02,0x71,
        0x02,0x71,0x00,0x0B,0x00,0x00,0x01,0x21,0x35,0x21,0x35,0x21,0x11,0x21,0x15,0x21,
        0x15,0x21,0x02,0x71,0xFE,0x0C,0x01,0xF4,0xFD,0x8F,0x01,0xF4,0xFE,0x0C,0x02,0x71,
        0x01,0x77,0x7D,0x7D,0xFE,0x89,0x7D,0x7D,0x00,0x01,0x00,0x00,0x00,0x00,0x00,0x7D,
        0x02,0x71,0x00,0x03,0x00,0x00,0x13,0x23,0x11,0x33,0x7D,0x7D,0x7D,0x02,0x71,0xFD,
        0x8F,0x00,0x00,0x00,0x00,0x03,0x00,0x00,0x00,0x00,0x01,0x77,0x03,0x6B,0x00,0x03,
        0x00,0x07,0x00,0x0B,0x00,0x00,0x13,0x23,0x11,0x33,0x03,0x23,0x15,0x33,0x37,0x23,
        0x15,0x33,0xFA,0x7D,0x7D,0x7D,0x7D,0x7D,0xFA,0x7D,0x7D,0x02,0x71,0xFD,0x8F,0x03,
        0x6B,0x7D,0x7D,0x7D,0x00,0x03,0x00,0x00,0x00,0x00,0x02,0x71,0x02,0x71,0x00,0x03,
        0x00,0x07,0x00,0x0B,0x00,0x00,0x37,0x35,0x23,0x15,0x21,0x33,0x11,0x23,0x11,0x21,
        0x15,0x21,0x7D,0x7D,0x01,0xF4,0x7D,0x7D,0xFE,0x89,0x01,0x77,0x7D,0x7D,0x7D,0x01,
        0xF4,0xFE,0x0C,0x7D,0x00,0x02,0x00,0x00,0x00,0x00,0x04,0xE2,0x02,0x71,0x00,0x03,
        0x00,0x13,0x00,0x00,0x25,0x23,0x15,0x33,0x21,0x15,0x33,0x11,0x21,0x11,0x21,0x35,
        0x21,0x35,0x21,0x35,0x21,0x35,0x21,0x11,0x04,0xE2,0x7D,0x7D,0xFB,0x1E,0xFA,0x01,
        0x77,0x01,0xF4,0xFE,0x89,0x01,0x77,0xFE,0x89,0xFD,0x8F,0xFA,0x7D,0x7D,0x01,0xF4,
        0xFE,0x0C,0x7D,0x7D,0x7D,0xFA,0xFE,0x0C,0x00,0x02,0x00,0x00,0x00,0x00,0x04,0x65,
        0x02,0x71,0x00,0x03,0x00,0x15,0x00,0x00,0x25,0x23,0x15,0x33,0x01,0x23,0x15,0x21,
        0x35,0x23,0x11,0x33,0x35,0x21,0x15,0x21,0x35,0x21,0x35,0x21,0x35,0x21,0x04,0x65,
        0x7D,0x7D,0xFE,0x0C,0x7D,0xFE,0x89,0x7D,0x7D,0x01,0x77,0x01,0xF4,0xFE,0x89,0x01,
        0x77,0xFE,0x89,0xFA,0x7D,0x01,0xF4,0xFA,0xFA,0xFD,0x8F,0xFA,0xFA,0x7D,0x7D,0x7D,
        0x00,0x02,0x00,0x00,0x00,0x00,0x03,0x6B,0x02,0xEE,0x00,0x0B,0x00,0x0F,0x00,0x00,
        0x3B,0x01,0x35,0x21,0x35,0x21,0x35,0x33,0x35,0x21,0x15,0x33,0x01,0x33,0x35,0x23,
        0xFA,0x7D,0x01,0x77,0xFE,0x89,0xFA,0xFD,0x8F,0xFA,0x01,0xF4,0x7D,0x7D,0xFA,0x7D,
        0xFA,0x7D,0x7D,0xFD,0x8F,0xFA,0x00,0x00,0x00,0x07,0x00,0x00,0x00,0x00,0x02,0x71,
        0x03,0xE8,0x00,0x07,0x00,0x0B,0x00,0x0F,0x00,0x13,0x00,0x17,0x00,0x1B,0x00,0x1F,
        0x00,0x00,0x25,0x35,0x23,0x35,0x23,0x11,0x33,0x35,0x01,0x23,0x15,0x33,0x2B,0x01,
        0x15,0x33,0x17,0x23,0x15,0x33,0x27,0x23,0x15,0x33,0x03,0x23,0x15,0x33,0x37,0x23,
        0x15,0x33,0x01,0x77,0xFA,0x7D,0x7D,0x01,0xF4,0x7D,0x7D,0x7D,0x7D,0x7D,0x7D,0x7D,
        0x7D,0x7D,0x7D,0x7D,0x7D,0x7D,0x7D,0x7D,0x7D,0x7D,0xFA,0x7D,0xFA,0xFD,0x8F,0xFA,
        0x01,0x77,0x7D,0x7D,0xFA,0x7D,0xFA,0x7D,0x02,0xEE,0x7D,0xFA,0x7D,0x00,0x00,0x00,
        0x00,0x08,0x00,0x00,0x00,0x00,0x02,0x71,0x03,0xE8,0x00,0x03,0x00,0x07,0x00,0x0B,
        0x00,0x0F,0x00,0x13,0x00,0x17,0x00,0x1B,0x00,0x1F,0x00,0x00,0x3B,0x01,0x35,0x23,
        0x3B,0x01,0x35,0x23,0x3B,0x01,0x35,0x23,0x07,0x23,0x15,0x33,0x03,0x23,0x15,0x33,
        0x13,0x33,0x35,0x23,0x25,0x23,0x15,0x33,0x25,0x23,0x15,0x33,0xFA,0x7D,0x7D,0x7D,
        0x7D,0x7D,0x7D,0x7D,0x7D,0xFA,0x7D,0x7D,0x7D,0x7D,0x7D,0x3E,0xFA,0xFA,0x01,0x77,
        0x7D,0x7D,0xFE,0x89,0x7D,0x7D,0xFA,0x7D,0xFA,0xFA,0x7D,0x01,0x77,0xFA,0x01,0x77,
        0x7D,0x7D,0x7D,0x7D,0x7D,0x00,0x00,0x00,0x00,0x01,0x00,0x00,0x00,0x00,0x02,0x71,
        0x02,0x71,0x00,0x0B,0x00,0x00,0x25,0x11,0x23,0x11,0x21,0x11,0x23,0x11,0x33,0x15,
        0x33,0x35,0x02,0x71,0x7D,0xFE,0x89,0x7D,0xFA,0x7D,0x7D,0x01,0xF4,0xFE,0x89,0x01,
        0x77,0xFE,0x0C,0x7D,0x7D,0x00,0x00,0x00,0x00,0x02,0x00,0x00,0x00,0x00,0x02,0x71,
        0x02,0x71,0x00,0x07,0x00,0x0B,0x00,0x00,0x25,0x15,0x33,0x11,0x21,0x11,0x33,0x35,
        0x01,0x15,0x21,0x35,0x01,0xF4,0x7D,0xFD,0x8F,0x7D,0x01,0x77,0xFE,0x89,0x7D,0x7D,
        0x02,0x71,0xFD,0x8F,0x7D,0x01,0x77,0xFA,0xFA,0x00,0x00,0x00,0x00,0x02,0x00,0x00,
        0x00,0x00,0x02,0x71,0x02,0x71,0x00,0x03,0x00,0x0F,0x00,0x00,0x25,0x23,0x15,0x33,
        0x03,0x35,0x21,0x11,0x21,0x35,0x21,0x35,0x21,0x35,0x21,0x35,0x02,0x71,0x7D,0x7D,
        0x7D,0xFE,0x0C,0x01,0xF4,0xFE,0x89,0x01,0x77,0xFE,0x89,0xFA,0x7D,0x01,0x77,0x7D,
        0xFD,0x8F,0x7D,0x7D,0x7D,0x7D,0x00,0x00,0x00,0x03,0x00,0x00,0x00,0x00,0x02,0x71,
        0x02,0x71,0x00,0x07,0x00,0x0B,0x00,0x0F,0x00,0x00,0x01,0x35,0x21,0x11,0x21,0x35,
        0x23,0x35,0x21,0x35,0x21,0x1D,0x01,0x21,0x35,0x21,0x02,0x71,0xFD,0x8F,0x02,0x71,
        0x7D,0xFE,0x89,0x01,0x77,0xFE,0x89,0x01,0x77,0x01,0x77,0xFA,0xFD,0x8F,0xFA,0x7D,
        0x7D,0x7D,0xFA,0x7D,0x00,0x01,0x00,0x00,0x00,0x00,0x02,0x71,0x02,0x71,0x00,0x05,
        0x00,0x00,0x13,0x21,0x35,0x21,0x11,0x33,0x7D,0x01,0xF4,0xFD,0x8F,0x7D,0x01,0xF4,
        0x7D,0xFD,0x8F,0x00,0x00,0x02,0x00,0x00,0x00,0x00,0x02,0x71,0x02,0x71,0x00,0x0B,
        0x00,0x11,0x00,0x00,0x19,0x01,0x33,0x35,0x21,0x15,0x33,0x35,0x23,0x11,0x21,0x15,
        0x33,0x35,0x33,0x15,0x23,0x35,0x7D,0x01,0x77,0x7D,0x7D,0xFE,0x89,0x7D,0x7D,0xFA,
        0x01,0x77,0xFE,0x89,0x7D,0x7D,0xFA,0x01,0x77,0xFA,0x7D,0xFA,0x7D,0x00,0x00,0x00,
        0x00,0x01,0x00,0x00,0x00,0x00,0x02,0x71,0x02,0x71,0x00,0x0B,0x00,0x00,0x25,0x35,
        0x21,0x35,0x21,0x35,0x21,0x11,0x21,0x35,0x21,0x35,0x01,0xF4,0xFE,0x89,0x01,0xF4,
        0xFD,0x8F,0x02,0x71,0xFE,0x0C,0xFA,0x7D,0x7D,0x7D,0xFD,0x8F,0x7D,0x7D,0x00,0x00,
        0x00,0x05,0x00,0x00,0x00,0x00,0x02,0x71,0x02,0x71,0x00,0x03,0x00,0x07,0x00,0x13,
        0x00,0x17,0x00,0x1B,0x00,0x00,0x01,0x33,0x35,0x23,0x21,0x23,0x15,0x33,0x37,0x23,
        0x15,0x23,0x15,0x33,0x15,0x33,0x35,0x33,0x35,0x23,0x13,0x33,0x35,0x23,0x21,0x23,
        0x15,0x33,0x01,0xF4,0x7D,0x7D,0xFE,0x89,0x7D,0x7D,0xFA,0x7D,0x7D,0x7D,0x7D,0x7D,
        0x7D,0x7D,0x7D,0x7D,0xFE,0x89,0x7D,0x7D,0x01,0x77,0xFA,0xFA,0xFA,0xFA,0x7D,0xFA,
        0xFA,0x7D,0xFE,0x89,0xFA,0xFA,0x00,0x00,0x00,0x03,0x00,0x00,0x00,0x00,0x02,0x71,
        0x02,0x71,0x00,0x05,0x00,0x0B,0x00,0x0F,0x00,0x00,0x01,0x35,0x21,0x15,0x21,0x1D,
        0x02,0x21,0x15,0x21,0x35,0x23,0x35,0x21,0x15,0x02,0x71,0xFD,0x8F,0x01,0xF4,0xFE,
        0x0C,0x02,0x71,0x7D,0xFE,0x89,0x01,0x77,0xFA,0x7D,0x7D,0x7D,0x7D,0x7D,0xFA,0x7D,
        0x7D,0x00,0x00,0x00,0x00,0x03,0x00,0x00,0x00,0x00,0x02,0x71,0x02,0x71,0x00,0x07,
        0x00,0x0B,0x00,0x13,0x00,0x00,0x01,0x11,0x33,0x11,0x23,0x15,0x23,0x15,0x07,0x33,
        0x35,0x23,0x15,0x35,0x23,0x11,0x23,0x11,0x33,0x35,0x01,0xF4,0x7D,0x7D,0x7D,0x7D,
        0x7D,0x7D,0x7D,0x7D,0x7D,0x01,0x77,0xFE,0x89,0x02,0x71,0x7D,0x7D,0x7D,0x7D,0xFA,
        0x7D,0x01,0x77,0xFD,0x8F,0x7D,0x00,0x00,0x00,0x06,0x00,0x00,0x00,0x00,0x02,0x71,
        0x03,0xE8,0x00,0x07,0x00,0x0B,0x00,0x13,0x00,0x17,0x00,0x1B,0x00,0x1F,0x00,0x00,
        0x01,0x11,0x33,0x11,0x23,0x15,0x23,0x15,0x07,0x33,0x35,0x23,0x15,0x35,0x23,0x11,
        0x23,0x11,0x33,0x35,0x13,0x33,0x35,0x23,0x25,0x23,0x15,0x33,0x25,0x23,0x15,0x33,
        0x01,0xF4,0x7D,0x7D,0x7D,0x7D,0x7D,0x7D,0x7D,0x7D,0x7D,0x3E,0xFA,0xFA,0x01,0x77,
        0x7D,0x7D,0xFE,0x89,0x7D,0x7D,0x01,0x77,0xFE,0x89,0x02,0x71,0x7D,0x7D,0x7D,0x7D,
        0xFA,0x7D,0x01,0x77,0xFD,0x8F,0x7D,0x02,0x71,0x7D,0x7D,0x7D,0x7D,0x7D,0x00,0x00,
        0x00,0x05,0x00,0x00,0x00,0x00,0x02,0x71,0x02,0x71,0x00,0x07,0x00,0x0B,0x00,0x0F,
        0x00,0x13,0x00,0x17,0x00,0x00,0x25,0x35,0x23,0x35,0x23,0x11,0x33,0x35,0x01,0x23,
        0x15,0x33,0x2B,0x01,0x15,0x33,0x17,0x23,0x15,0x33,0x27,0x23,0x15,0x33,0x01,0x77,
        0xFA,0x7D,0x7D,0x01,0xF4,0x7D,0x7D,0x7D,0x7D,0x7D,0x7D,0x7D,0x7D,0x7D,0x7D,0x7D,
        0xFA,0x7D,0xFA,0xFD,0x8F,0xFA,0x01,0x77,0x7D,0x7D,0xFA,0x7D,0xFA,0x7D,0x00,0x00,
        0x00,0x01,0x00,0x00,0x00,0x00,0x02,0xEE,0x02,0x71,0x00,0x09,0x00,0x00,0x35,0x15,
        0x33,0x11,0x21,0x11,0x33,0x11,0x21,0x11,0xFA,0x01,0x77,0x7D,0xFD,0x8F,0x7D,0x7D,
        0x01,0xF4,0xFE,0x0C,0x02,0x71,0xFE,0x0C,0x00,0x03,0x00,0x00,0x00,0x00,0x02,0x71,
        0x02,0x71,0x00,0x07,0x00,0x0B,0x00,0x13,0x00,0x00,0x13,0x35,0x23,0x35,0x23,0x11,
        0x33,0x11,0x33,0x23,0x15,0x33,0x35,0x15,0x33,0x11,0x33,0x11,0x23,0x15,0xFA,0x7D,
        0x7D,0x7D,0xFA,0x7D,0x7D,0x7D,0x7D,0x7D,0x01,0x77,0x7D,0x7D,0xFD,0x8F,0x01,0x77,
        0x7D,0xFA,0x7D,0xFE,0x89,0x02,0x71,0x7D,0x00,0x01,0x00,0x00,0x00,0x00,0x02,0x71,
        0x02,0x71,0x00,0x0B,0x00,0x00,0x13,0x35,0x23,0x11,0x33,0x35,0x21,0x15,0x33,0x11,
        0x23,0x15,0x7D,0x7D,0x7D,0x01,0x77,0x7D,0x7D,0x01,0x77,0xFA,0xFD,0x8F,0xFA,0xFA,
        0x02,0x71,0xFA,0x00,0x00,0x04,0x00,0x00,0x00,0x01,0x02,0x71,0x02,0x72,0x00,0x03,
        0x00,0x07,0x00,0x0B,0x00,0x0F,0x00,0x00,0x19,0x01,0x33,0x11,0x31,0x21,0x35,0x21,
        0x11,0x21,0x35,0x21,0x01,0x11,0x33,0x11,0x7D,0x01,0x77,0xFE,0x89,0x01,0x77,0xFE,
        0x89,0x01,0x77,0x7D,0x01,0xF5,0xFE,0x89,0x01,0x77,0x7D,0xFD,0x8F,0x7D,0x01,0x77,
        0xFE,0x89,0x01,0x77,0x00,0x01,0x00,0x00,0x00,0x00,0x02,0x71,0x02,0x71,0x00,0x07,
        0x00,0x00,0x19,0x01,0x33,0x11,0x21,0x11,0x33,0x11,0x7D,0x01,0x77,0x7D,0x02,0x71,
        0xFD,0x8F,0x01,0xF4,0xFE,0x0C,0x02,0x71,0x00,0x02,0x00,0x00,0x00,0x00,0x02,0x71,
        0x02,0x71,0x00,0x09,0x00,0x0D,0x00,0x00,0x25,0x35,0x21,0x35,0x21,0x35,0x21,0x11,
        0x33,0x35,0x25,0x23,0x15,0x33,0x01,0xF4,0xFE,0x89,0x01,0x77,0xFE,0x0C,0x7D,0x01,
        0xF4,0x7D,0x7D,0xFA,0x7D,0x7D,0x7D,0xFD,0x8F,0xFA,0xFA,0x7D,0x00,0x03,0x00,0x00,
        0x00,0x01,0x02,0x71,0x02,0x72,0x00,0x03,0x00,0x07,0x00,0x0B,0x00,0x00,0x19,0x01,
        0x33,0x11,0x31,0x21,0x35,0x21,0x11,0x21,0x35,0x21,0x7D,0x01,0xF4,0xFE,0x0C,0x01,
        0xF4,0xFE,0x0C,0x01,0xF5,0xFE,0x89,0x01,0x77,0x7D,0xFD,0x8F,0x7D,0x00,0x00,0x00,
        0x00,0x01,0x00,0x00,0x00,0x00,0x02,0x71,0x02,0x71,0x00,0x07,0x00,0x00,0x01,0x33,
        0x35,0x21,0x15,0x33,0x11,0x33,0x01,0x77,0xFA,0xFD,0x8F,0xFA,0x7D,0x01,0xF4,0x7D,
        0x7D,0xFE,0x0C,0x00,0x00,0x05,0x00,0x00,0x00,0x00,0x02,0x71,0x02,0x71,0x00,0x03,
        0x00,0x07,0x00,0x0B,0x00,0x0F,0x00,0x13,0x00,0x00,0x3B,0x01,0x35,0x23,0x3B,0x01,
        0x35,0x23,0x3B,0x01,0x35,0x23,0x07,0x23,0x15,0x33,0x03,0x23,0x15,0x33,0xFA,0x7D,
        0x7D,0x7D,0x7D,0x7D,0x7D,0x7D,0x7D,0xFA,0x7D,0x7D,0x7D,0x7D,0x7D,0xFA,0x7D,0xFA,
        0xFA,0x7D,0x01,0x77,0xFA,0x00,0x00,0x00,0x00,0x03,0x00,0x00,0x00,0x00,0x02,0x71,
        0x02,0x71,0x00,0x03,0x00,0x07,0x00,0x1B,0x00,0x00,0x11,0x15,0x33,0x35,0x21,0x15,
        0x33,0x35,0x05,0x23,0x15,0x33,0x15,0x33,0x35,0x33,0x35,0x23,0x35,0x33,0x35,0x23,
        0x35,0x23,0x15,0x23,0x15,0x33,0x7D,0x01,0x77,0x7D,0xFE,0x89,0x7D,0x7D,0x7D,0x7D,
        0x7D,0x7D,0x7D,0x7D,0x7D,0x7D,0x01,0x77,0x7D,0x7D,0x7D,0x7D,0x7D,0x7D,0x7D,0x7D,
        0x7D,0x7D,0x7D,0x7D,0x7D,0x7D,0x00,0x00,0x00,0x09,0x00,0x00,0x00,0x00,0x02,0x71,
        0x02,0x71,0x00,0x03,0x00,0x07,0x00,0x0B,0x00,0x0F,0x00,0x13,0x00,0x17,0x00,0x1B,
        0x00,0x1F,0x00,0x23,0x00,0x00,0x37,0x23,0x15,0x33,0x37,0x23,0x15,0x33,0x13,0x23,
        0x15,0x33,0x37,0x23,0x15,0x33,0x03,0x33,0x35,0x2B,0x01,0x33,0x35,0x2B,0x01,0x33,
        0x35,0x2B,0x01,0x33,0x35,0x2B,0x01,0x33,0x35,0x23,0x7D,0x7D,0x7D,0x7D,0x7D,0x7D,
        0xFA,0x7D,0x7D,0x7D,0x7D,0x7D,0x7D,0x7D,0x7D,0x7D,0x7D,0x7D,0x7D,0x7D,0x7D,0x7D,
        0x7D,0x7D,0x7D,0x7D,0x7D,0x7D,0x7D,0xFA,0x7D,0x01,0x77,0x7D,0xFA,0x7D,0xFE,0x0C,
        0x7D,0x7D,0x7D,0x7D,0x7D,0x00,0x00,0x00,0x00,0x01,0x00,0x00,0xFF,0x83,0x02,0xEE,
        0x02,0x71,0x00,0x0B,0x00,0x00,0x05,0x33,0x35,0x23,0x11,0x23,0x11,0x21,0x11,0x23,
        0x11,0x21,0x02,0x71,0x7D,0x7D,0x7D,0xFE,0x89,0x7D,0x02,0x71,0x7D,0xFA,0x01,0xF4,
        0xFE,0x0C,0x01,0xF4,0xFD,0x8F,0x00,0x00,0x00,0x01,0x00,0x00,0x00,0x00,0x02,0x71,
        0x02,0x71,0x00,0x09,0x00,0x00,0x13,0x35,0x23,0x11,0x21,0x15,0x33,0x11,0x23,0x15,
        0x7D,0x7D,0x01,0xF4,0x7D,0x7D,0x01,0x77,0xFA,0xFE,0x89,0xFA,0x02,0x71,0xFA,0x00,
        0x00,0x01,0x00,0x00,0x00,0x00,0x02,0x71,0x02,0x71,0x00,0x0B,0x00,0x00,0x01,0x23,
        0x11,0x23,0x11,0x23,0x11,0x21,0x11,0x23,0x11,0x23,0x01,0x77,0x7D,0x7D,0x7D,0x02,
        0x71,0x7D,0x7D,0x02,0x71,0xFE,0x0C,0x01,0xF4,0xFD,0x8F,0x02,0x71,0xFE,0x0C,0x00,
        0x00,0x01,0x00,0x00,0xFF,0x83,0x02,0xEE,0x02,0x71,0x00,0x0F,0x00,0x00,0x05,0x33,
        0x35,0x23,0x11,0x23,0x11,0x23,0x11,0x23,0x11,0x23,0x11,0x23,0x11,0x21,0x02,0x71,
        0x7D,0x7D,0x7D,0x7D,0x7D,0x7D,0x7D,0x02,0x71,0x7D,0xFA,0x01,0xF4,0xFE,0x0C,0x01,
        0xF4,0xFE,0x0C,0x01,0xF4,0xFD,0x8F,0x00,0x00,0x02,0x00,0x00,0x00,0x00,0x03,0x6B,
        0x02,0x71,0x00,0x03,0x00,0x0F,0x00,0x00,0x25,0x23,0x15,0x33,0x01,0x33,0x11,0x21,
        0x35,0x21,0x35,0x21,0x35,0x21,0x35,0x21,0x03,0x6B,0x7D,0x7D,0xFC,0x95,0xFA,0x01,
        0xF4,0xFE,0x89,0x01,0x77,0xFE,0x89,0xFE,0x89,0xFA,0x7D,0x01,0x77,0xFE,0x0C,0x7D,
        0x7D,0x7D,0xFA,0x00,0x00,0x03,0x00,0x00,0x00,0x00,0x03,0x6B,0x02,0x71,0x00,0x09,
        0x00,0x0D,0x00,0x11,0x00,0x00,0x13,0x35,0x23,0x11,0x21,0x35,0x21,0x35,0x21,0x35,
        0x17,0x23,0x15,0x33,0x13,0x23,0x11,0x33,0x7D,0x7D,0x01,0xF4,0xFE,0x89,0x01,0x77,
        0x7D,0x7D,0x7D,0xFA,0x7D,0x7D,0x01,0x77,0xFA,0xFD,0x8F,0x7D,0x7D,0x7D,0x7D,0x7D,
        0x01,0xF4,0xFD,0x8F,0x00,0x02,0x00,0x00,0x00,0x00,0x02,0x71,0x02,0x71,0x00,0x09,
        0x00,0x0D,0x00,0x00,0x13,0x35,0x23,0x11,0x21,0x35,0x21,0x35,0x21,0x35,0x17,0x23,
        0x15,0x33,0x7D,0x7D,0x01,0xF4,0xFE,0x89,0x01,0x77,0x7D,0x7D,0x7D,0x01,0x77,0xFA,
        0xFD,0x8F,0x7D,0x7D,0x7D,0x7D,0x7D,0x00,0x00,0x03,0x00,0x00,0x00,0x00,0x02,0x71,
        0x02,0x71,0x00,0x03,0x00,0x0B,0x00,0x0F,0x00,0x00,0x01,0x21,0x15,0x21,0x1D,0x01,
        0x33,0x11,0x23,0x15,0x21,0x15,0x05,0x21,0x15,0x21,0x01,0xF4,0xFE,0x0C,0x01,0xF4,
        0x7D,0x7D,0xFE,0x89,0x01,0x77,0xFE,0x0C,0x01,0xF4,0x02,0x71,0x7D,0xFA,0x7D,0x01,
        0x77,0x7D,0x7D,0x7D,0x7D,0x00,0x00,0x00,0x00,0x04,0x00,0x00,0x00,0x00,0x03,0x6B,
        0x02,0x71,0x00,0x03,0x00,0x07,0x00,0x0B,0x00,0x17,0x00,0x00,0x01,0x21,0x35,0x21,
        0x11,0x21,0x35,0x21,0x01,0x11,0x33,0x11,0x05,0x35,0x23,0x11,0x33,0x35,0x33,0x15,
        0x33,0x11,0x23,0x15,0x01,0x77,0x01,0x77,0xFE,0x89,0x01,0x77,0xFE,0x89,0x01,0x77,
        0x7D,0xFD,0x12,0x7D,0x7D,0x7D,0x7D,0x7D,0x01,0xF4,0x7D,0xFD,0x8F,0x7D,0x01,0x77,
        0xFE,0x89,0x01,0x77,0x7D,0xFA,0xFD,0x8F,0xFA,0x7D,0x01,0x77,0x7D,0x00,0x00,0x00,
        0x00,0x03,0x00,0x00,0x00,0x00,0x02,0x71,0x02,0x71,0x00,0x03,0x00,0x07,0x00,0x11,
        0x00,0x00,0x31,0x33,0x35,0x23,0x35,0x33,0x35,0x23,0x05,0x15,0x33,0x11,0x21,0x15,
        0x21,0x15,0x21,0x15,0x7D,0x7D,0x7D,0x7D,0x01,0xF4,0x7D,0xFE,0x0C,0x01,0x77,0xFE,
        0x89,0xFA,0x7D,0x7D,0xFA,0xFA,0x02,0x71,0x7D,0x7D,0x7D,0x00,0x00,0x02,0x00,0x00,
        0x00,0x00,0x02,0x71,0x02,0x71,0x00,0x07,0x00,0x0B,0x00,0x00,0x25,0x15,0x33,0x11,
        0x21,0x11,0x33,0x35,0x01,0x15,0x21,0x35,0x01,0xF4,0x7D,0xFD,0x8F,0x7D,0x01,0x77,
        0xFE,0x89,0x7D,0x7D,0x02,0x71,0xFD,0x8F,0x7D,0x01,0x77,0xFA,0xFA,0x00,0x00,0x00,
        0x00,0x02,0x00,0x00,0x00,0x00,0x02,0x71,0x02,0x71,0x00,0x03,0x00,0x0F,0x00,0x00,
        0x25,0x23,0x15,0x33,0x03,0x35,0x21,0x11,0x21,0x35,0x21,0x35,0x21,0x35,0x21,0x35,
        0x02,0x71,0x7D,0x7D,0x7D,0xFE,0x0C,0x01,0xF4,0xFE,0x89,0x01,0x77,0xFE,0x89,0xFA,
        0x7D,0x01,0x77,0x7D,0xFD,0x8F,0x7D,0x7D,0x7D,0x7D,0x00,0x00,0x00,0x03,0x00,0x00,
        0x00,0x00,0x02,0x71,0x02,0x71,0x00,0x07,0x00,0x0B,0x00,0x0F,0x00,0x00,0x01,0x35,
        0x21,0x11,0x21,0x35,0x23,0x35,0x21,0x35,0x21,0x1D,0x01,0x21,0x35,0x21,0x02,0x71,
        0xFD,0x8F,0x02,0x71,0x7D,0xFE,0x89,0x01,0x77,0xFE,0x89,0x01,0x77,0x01,0x77,0xFA,
        0xFD,0x8F,0xFA,0x7D,0x7D,0x7D,0xFA,0x7D,0x00,0x01,0x00,0x00,0x00,0x00,0x02,0x71,
        0x02,0x71,0x00,0x05,0x00,0x00,0x13,0x21,0x35,0x21,0x11,0x33,0x7D,0x01,0xF4,0xFD,
        0x8F,0x7D,0x01,0xF4,0x7D,0xFD,0x8F,0x00,0x00,0x02,0x00,0x00,0x00,0x00,0x02,0x71,
        0x02,0x71,0x00,0x0B,0x00,0x11,0x00,0x00,0x19,0x01,0x33,0x35,0x21,0x15,0x33,0x35,
        0x23,0x11,0x21,0x15,0x33,0x35,0x33,0x15,0x23,0x35,0x7D,0x01,0x77,0x7D,0x7D,0xFE,
        0x89,0x7D,0x7D,0xFA,0x01,0x77,0xFE,0x89,0x7D,0x7D,0xFA,0x01,0x77,0xFA,0x7D,0xFA,
        0x7D,0x00,0x00,0x00,0x00,0x03,0x00,0x00,0x00,0x00,0x02,0x71,0x02,0x71,0x00,0x03,
        0x00,0x0B,0x00,0x0F,0x00,0x00,0x13,0x21,0x35,0x21,0x01,0x35,0x21,0x35,0x23,0x11,
        0x33,0x35,0x15,0x21,0x35,0x21,0x7D,0x01,0xF4,0xFE,0x0C,0x01,0x77,0xFE,0x89,0x7D,
        0x7D,0x01,0xF4,0xFE,0x0C,0x01,0xF4,0x7D,0xFE,0x89,0x7D,0x7D,0xFE,0x89,0x7D,0xFA,
        0x7D,0x00,0x00,0x00,0x00,0x05,0x00,0x00,0x00,0x00,0x02,0x71,0x02,0x71,0x00,0x03,
        0x00,0x07,0x00,0x13,0x00,0x17,0x00,0x1B,0x00,0x00,0x01,0x33,0x35,0x23,0x21,0x23,
        0x15,0x33,0x37,0x23,0x15,0x23,0x15,0x33,0x15,0x33,0x35,0x33,0x35,0x23,0x13,0x33,
        0x35,0x23,0x21,0x23,0x15,0x33,0x01,0xF4,0x7D,0x7D,0xFE,0x89,0x7D,0x7D,0xFA,0x7D,
        0x7D,0x7D,0x7D,0x7D,0x7D,0x7D,0x7D,0x7D,0xFE,0x89,0x7D,0x7D,0x01,0x77,0xFA,0xFA,
        0xFA,0xFA,0x7D,0xFA,0xFA,0x7D,0xFE,0x89,0xFA,0xFA,0x00,0x00,0x00,0x03,0x00,0x00,
        0x00,0x00,0x02,0x71,0x02,0x71,0x00,0x05,0x00,0x0B,0x00,0x0F,0x00,0x00,0x01,0x35,
        0x21,0x15,0x21,0x1D,0x02,0x21,0x15,0x21,0x35,0x23,0x35,0x21,0x15,0x02,0x71,0xFD,
        0x8F,0x01,0xF4,0xFE,0x0C,0x02,0x71,0x7D,0xFE,0x89,0x01,0x77,0xFA,0x7D,0x7D,0x7D,
        0x7D,0x7D,0xFA,0x7D,0x7D,0x00,0x00,0x00,0x00,0x03,0x00,0x00,0x00,0x00,0x02,0x71,
        0x02,0x71,0x00,0x07,0x00,0x0B,0x00,0x13,0x00,0x00,0x01,0x11,0x33,0x11,0x23,0x15,
        0x23,0x15,0x07,0x33,0x35,0x23,0x15,0x35,0x23,0x11,0x23,0x11,0x33,0x35,0x01,0xF4,
        0x7D,0x7D,0x7D,0x7D,0x7D,0x7D,0x7D,0x7D,0x7D,0x01,0x77,0xFE,0x89,0x02,0x71,0x7D,
        0x7D,0x7D,0x7D,0xFA,0x7D,0x01,0x77,0xFD,0x8F,0x7D,0x00,0x00,0x00,0x06,0x00,0x00,
        0x00,0x00,0x02,0x71,0x03,0xE8,0x00,0x07,0x00,0x0B,0x00,0x13,0x00,0x17,0x00,0x1B,
        0x00,0x1F,0x00,0x00,0x01,0x11,0x33,0x11,0x23,0x15,0x23,0x15,0x07,0x33,0x35,0x23,
        0x15,0x35,0x23,0x11,0x23,0x11,0x33,0x35,0x13,0x33,0x35,0x23,0x25,0x23,0x15,0x33,
        0x25,0x23,0x15,0x33,0x01,0xF4,0x7D,0x7D,0x7D,0x7D,0x7D,0x7D,0x7D,0x7D,0x7D,0x3E,
        0xFA,0xFA,0x01,0x77,0x7D,0x7D,0xFE,0x89,0x7D,0x7D,0x01,0x77,0xFE,0x89,0x02,0x71,
        0x7D,0x7D,0x7D,0x7D,0xFA,0x7D,0x01,0x77,0xFD,0x8F,0x7D,0x02,0x71,0x7D,0x7D,0x7D,
        0x7D,0x7D,0x00,0x00,0x00,0x05,0x00,0x00,0x00,0x00,0x02,0x71,0x02,0x71,0x00,0x07,
        0x00,0x0B,0x00,0x0F,0x00,0x13,0x00,0x17,0x00,0x00,0x25,0x35,0x23,0x35,0x23,0x11,
        0x33,0x35,0x01,0x23,0x15,0x33,0x2B,0x01,0x15,0x33,0x17,0x23,0x15,0x33,0x27,0x23,
        0x15,0x33,0x01,0x77,0xFA,0x7D,0x7D,0x01,0xF4,0x7D,0x7D,0x7D,0x7D,0x7D,0x7D,0x7D,
        0x7D,0x7D,0x7D,0x7D,0xFA,0x7D,0xFA,0xFD,0x8F,0xFA,0x01,0x77,0x7D,0x7D,0xFA,0x7D,
        0xFA,0x7D,0x00,0x00,0x00,0x01,0x00,0x00,0x00,0x00,0x02,0xEE,0x02,0x71,0x00,0x09,
        0x00,0x00,0x35,0x15,0x33,0x11,0x21,0x11,0x33,0x11,0x21,0x11,0xFA,0x01,0x77,0x7D,
        0xFD,0x8F,0x7D,0x7D,0x01,0xF4,0xFE,0x0C,0x02,0x71,0xFE,0x0C,0x00,0x03,0x00,0x00,
        0x00,0x00,0x02,0x71,0x02,0x71,0x00,0x07,0x00,0x0B,0x00,0x13,0x00,0x00,0x13,0x35,
        0x23,0x35,0x23,0x11,0x33,0x11,0x33,0x23,0x15,0x33,0x35,0x15,0x33,0x11,0x33,0x11,
        0x23,0x15,0xFA,0x7D,0x7D,0x7D,0xFA,0x7D,0x7D,0x7D,0x7D,0x7D,0x01,0x77,0x7D,0x7D,
        0xFD,0x8F,0x01,0x77,0x7D,0xFA,0x7D,0xFE,0x89,0x02,0x71,0x7D,0x00,0x01,0x00,0x00,
        0x00,0x00,0x02,0x71,0x02,0x71,0x00,0x0B,0x00,0x00,0x13,0x35,0x23,0x11,0x33,0x35,
        0x21,0x15,0x33,0x11,0x23,0x15,0x7D,0x7D,0x7D,0x01,0x77,0x7D,0x7D,0x01,0x77,0xFA,
        0xFD,0x8F,0xFA,0xFA,0x02,0x71,0xFA,0x00,0x00,0x04,0x00,0x00,0x00,0x01,0x02,0x71,
        0x02,0x72,0x00,0x03,0x00,0x07,0x00,0x0B,0x00,0x0F,0x00,0x00,0x19,0x01,0x33,0x11,
        0x31,0x21,0x35,0x21,0x11,0x21,0x35,0x21,0x01,0x11,0x33,0x11,0x7D,0x01,0x77,0xFE,
        0x89,0x01,0x77,0xFE,0x89,0x01,0x77,0x7D,0x01,0xF5,0xFE,0x89,0x01,0x77,0x7D,0xFD,
        0x8F,0x7D,0x01,0x77,0xFE,0x89,0x01,0x77,0x00,0x01,0x00,0x00,0x00,0x00,0x02,0x71,
        0x02,0x71,0x00,0x07,0x00,0x00,0x19,0x01,0x33,0x11,0x21,0x11,0x33,0x11,0x7D,0x01,
        0x77,0x7D,0x02,0x71,0xFD,0x8F,0x01,0xF4,0xFE,0x0C,0x02,0x71,0x00,0x02,0x00,0x00,
        0x00,0x00,0x02,0x71,0x02,0x71,0x00,0x09,0x00,0x0D,0x00,0x00,0x25,0x35,0x21,0x35,
        0x21,0x35,0x21,0x11,0x33,0x35,0x25,0x23,0x15,0x33,0x01,0xF4,0xFE,0x89,0x01,0x77,
        0xFE,0x0C,0x7D,0x01,0xF4,0x7D,0x7D,0xFA,0x7D,0x7D,0x7D,0xFD,0x8F,0xFA,0xFA,0x7D,
        0x00,0x03,0x00,0x00,0x00,0x01,0x02,0x71,0x02,0x72,0x00,0x03,0x00,0x07,0x00,0x0B,
        0x00,0x00,0x19,0x01,0x33,0x11,0x31,0x21,0x35,0x21,0x11,0x21,0x35,0x21,0x7D,0x01,
        0xF4,0xFE,0x0C,0x01,0xF4,0xFE,0x0C,0x01,0xF5,0xFE,0x89,0x01,0x77,0x7D,0xFD,0x8F,
        0x7D,0x00,0x00,0x00,0x00,0x01,0x00,0x00,0x00,0x00,0x02,0x71,0x02,0x71,0x00,0x07,
        0x00,0x00,0x01,0x33,0x35,0x21,0x15,0x33,0x11,0x33,0x01,0x77,0xFA,0xFD,0x8F,0xFA,
        0x7D,0x01,0xF4,0x7D,0x7D,0xFE,0x0C,0x00,0x00,0x05,0x00,0x00,0x00,0x00,0x02,0x71,
        0x02,0x71,0x00,0x03,0x00,0x07,0x00,0x0B,0x00,0x0F,0x00,0x13,0x00,0x00,0x3B,0x01,
        0x35,0x23,0x3B,0x01,0x35,0x23,0x3B,0x01,0x35,0x23,0x07,0x23,0x15,0x33,0x03,0x23,
        0x15,0x33,0xFA,0x7D,0x7D,0x7D,0x7D,0x7D,0x7D,0x7D,0x7D,0xFA,0x7D,0x7D,0x7D,0x7D,
        0x7D,0xFA,0x7D,0xFA,0xFA,0x7D,0x01,0x77,0xFA,0x00,0x00,0x00,0x00,0x03,0x00,0x00,
        0x00,0x00,0x02,0x71,0x02,0x71,0x00,0x03,0x00,0x07,0x00,0x1B,0x00,0x00,0x11,0x15,
        0x33,0x35,0x21,0x15,0x33,0x35,0x05,0x23,0x15,0x33,0x15,0x33,0x35,0x33,0x35,0x23,
        0x35,0x33,0x35,0x23,0x35,0x23,0x15,0x23,0x15,0x33,0x7D,0x01,0x77,0x7D,0xFE,0x89,
        0x7D,0x7D,0x7D,0x7D,0x7D,0x7D,0x7D,0x7D,0x7D,0x7D,0x01,0x77,0x7D,0x7D,0x7D,0x7D,
        0x7D,0x7D,0x7D,0x7D,0x7D,0x7D,0x7D,0x7D,0x7D,0x7D,0x00,0x00,0x00,0x09,0x00,0x00,
        0x00,0x00,0x02,0x71,0x02,0x71,0x00,0x03,0x00,0x07,0x00,0x0B,0x00,0x0F,0x00,0x13,
        0x00,0x17,0x00,0x1B,0x00,0x1F,0x00,0x23,0x00,0x00,0x37,0x23,0x15,0x33,0x37,0x23,
        0x15,0x33,0x13,0x23,0x15,0x33,0x37,0x23,0x15,0x33,0x03,0x33,0x35,0x2B,0x01,0x33,
        0x35,0x2B,0x01,0x33,0x35,0x2B,0x01,0x33,0x35,0x2B,0x01,0x33,0x35,0x23,0x7D,0x7D,
        0x7D,0x7D,0x7D,0x7D,0xFA,0x7D,0x7D,0x7D,0x7D,0x7D,0x7D,0x7D,0x7D,0x7D,0x7D,0x7D,
        0x7D,0x7D,0x7D,0x7D,0x7D,0x7D,0x7D,0x7D,0x7D,0x7D,0x7D,0xFA,0x7D,0x01,0x77,0x7D,
        0xFA,0x7D,0xFE,0x0C,0x7D,0x7D,0x7D,0x7D,0x7D,0x00,0x00,0x00,0x00,0x01,0x00,0x00,
        0xFF,0x83,0x02,0xEE,0x02,0x71,0x00,0x0B,0x00,0x00,0x05,0x33,0x35,0x23,0x11,0x23,
        0x11,0x21,0x11,0x23,0x11,0x21,0x02,0x71,0x7D,0x7D,0x7D,0xFE,0x89,0x7D,0x02,0x71,
        0x7D,0xFA,0x01,0xF4,0xFE,0x0C,0x01,0xF4,0xFD,0x8F,0x00,0x00,0x00,0x01,0x00,0x00,
        0x00,0x00,0x02,0x71,0x02,0x71,0x00,0x09,0x00,0x00,0x13,0x35,0x23,0x11,0x21,0x15,
        0x33,0x11,0x23,0x15,0x7D,0x7D,0x01,0xF4,0x7D,0x7D,0x01,0x77,0xFA,0xFE,0x89,0xFA,
        0x02,0x71,0xFA,0x00,0x00,0x01,0x00,0x00,0x00,0x00,0x02,0x71,0x02,0x71,0x00,0x0B,
        0x00,0x00,0x01,0x23,0x11,0x23,0x11,0x23,0x11,0x21,0x11,0x23,0x11,0x23,0x01,0x77,
        0x7D,0x7D,0x7D,0x02,0x71,0x7D,0x7D,0x02,0x71,0xFE,0x0C,0x01,0xF4,0xFD,0x8F,0x02,
        0x71,0xFE,0x0C,0x00,0x00,0x01,0x00,0x00,0xFF,0x83,0x02,0xEE,0x02,0x71,0x00,0x0F,
        0x00,0x00,0x05,0x33,0x35,0x23,0x11,0x23,0x11,0x23,0x11,0x23,0x11,0x23,0x11,0x23,
        0x11,0x21,0x02,0x71,0x7D,0x7D,0x7D,0x7D,0x7D,0x7D,0x7D,0x02,0x71,0x7D,0xFA,0x01,
        0xF4,0xFE,0x0C,0x01,0xF4,0xFE,0x0C,0x01,0xF4,0xFD,0x8F,0x00,0x00,0x02,0x00,0x00,
        0x00,0x00,0x03,0x6B,0x02,0x71,0x00,0x03,0x00,0x0F,0x00,0x00,0x25,0x23,0x15,0x33,
        0x01,0x33,0x11,0x21,0x35,0x21,0x35,0x21,0x35,0x21,0x35,0x21,0x03,0x6B,0x7D,0x7D,
        0xFC,0x95,0xFA,0x01,0xF4,0xFE,0x89,0x01,0x77,0xFE,0x89,0xFE,0x89,0xFA,0x7D,0x01,
        0x77,0xFE,0x0C,0x7D,0x7D,0x7D,0xFA,0x00,0x00,0x03,0x00,0x00,0x00,0x00,0x03,0x6B,
        0x02,0x71,0x00,0x09,0x00,0x0D,0x00,0x11,0x00,0x00,0x13,0x35,0x23,0x11,0x21,0x35,
        0x21,0x35,0x21,0x35,0x17,0x23,0x15,0x33,0x13,0x23,0x11,0x33,0x7D,0x7D,0x01,0xF4,
        0xFE,0x89,0x01,0x77,0x7D,0x7D,0x7D,0xFA,0x7D,0x7D,0x01,0x77,0xFA,0xFD,0x8F,0x7D,
        0x7D,0x7D,0x7D,0x7D,0x01,0xF4,0xFD,0x8F,0x00,0x02,0x00,0x00,0x00,0x00,0x02,0x71,
        0x02,0x71,0x00,0x09,0x00,0x0D,0x00,0x00,0x13,0x35,0x23,0x11,0x21,0x35,0x21,0x35,
        0x21,0x35,0x17,0x23,0x15,0x33,0x7D,0x7D,0x01,0xF4,0xFE,0x89,0x01,0x77,0x7D,0x7D,
        0x7D,0x01,0x77,0xFA,0xFD,0x8F,0x7D,0x7D,0x7D,0x7D,0x7D,0x00,0x00,0x03,0x00,0x00,
        0x00,0x00,0x02,0x71,0x02,0x71,0x00,0x03,0x00,0x0B,0x00,0x0F,0x00,0x00,0x01,0x21,
        0x15,0x21,0x1D,0x01,0x33,0x11,0x23,0x15,0x21,0x15,0x05,0x21,0x15,0x21,0x01,0xF4,
        0xFE,0x0C,0x01,0xF4,0x7D,0x7D,0xFE,0x89,0x01,0x77,0xFE,0x0C,0x01,0xF4,0x02,0x71,
        0x7D,0xFA,0x7D,0x01,0x77,0x7D,0x7D,0x7D,0x7D,0x00,0x00,0x00,0x00,0x04,0x00,0x00,
        0x00,0x00,0x03,0x6B,0x02,0x71,0x00,0x03,0x00,0x07,0x00,0x0B,0x00,0x17,0x00,0x00,
        0x01,0x21,0x35,0x21,0x11,0x21,0x35,0x21,0x01,0x11,0x33,0x11,0x05,0x35,0x23,0x11,
        0x33,0x35,0x33,0x15,0x33,0x11,0x23,0x15,0x01,0x77,0x01,0x77,0xFE,0x89,0x01,0x77,
        0xFE,0x89,0x01,0x77,0x7D,0xFD,0x12,0x7D,0x7D,0x7D,0x7D,0x7D,0x01,0xF4,0x7D,0xFD,
        0x8F,0x7D,0x01,0x77,0xFE,0x89,0x01,0x77,0x7D,0xFA,0xFD,0x8F,0xFA,0x7D,0x01,0x77,
        0x7D,0x00,0x00,0x00,0x00,0x03,0x00,0x00,0x00,0x00,0x02,0x71,0x02,0x71,0x00,0x03,
        0x00,0x07,0x00,0x11,0x00,0x00,0x31,0x33,0x35,0x23,0x35,0x33,0x35,0x23,0x05,0x15,
        0x33,0x11,0x21,0x15,0x21,0x15,0x21,0x15,0x7D,0x7D,0x7D,0x7D,0x01,0xF4,0x7D,0xFE,
        0x0C,0x01,0x77,0xFE,0x89,0xFA,0x7D,0x7D,0xFA,0xFA,0x02,0x71,0x7D,0x7D,0x7D,0x00,
        0x00,0x03,0x00,0x00,0x00,0x00,0x02,0x71,0x03,0x6B,0x00,0x0B,0x00,0x0F,0x00,0x13,
        0x00,0x00,0x25,0x35,0x21,0x35,0x21,0x35,0x21,0x11,0x21,0x35,0x21,0x35,0x13,0x23,
        0x15,0x33,0x37,0x23,0x15,0x33,0x01,0xF4,0xFE,0x89,0x01,0xF4,0xFD,0x8F,0x02,0x71,
        0xFE,0x0C,0x7D,0x7D,0x7D,0xFA,0x7D,0x7D,0xFA,0x7D,0x7D,0x7D,0xFD,0x8F,0x7D,0x7D,
        0x02,0x71,0x7D,0x7D,0x7D,0x00,0x00,0x00,0x00,0x02,0x00,0x00,0xFF,0x83,0x02,0xEE,
        0x03,0x6B,0x00,0x03,0x00,0x15,0x00,0x00,0x21,0x23,0x15,0x33,0x01,0x33,0x35,0x23,
        0x35,0x23,0x15,0x23,0x15,0x33,0x11,0x33,0x35,0x21,0x15,0x33,0x11,0x21,0x02,0x71,
        0x7D,0x7D,0xFE,0x89,0x7D,0x7D,0x7D,0x7D,0x7D,0x7D,0x01,0x77,0x7D,0xFE,0x0C,0x7D,
        0x02,0xEE,0x7D,0x7D,0x7D,0x7D,0xFD,0x8F,0xFA,0xFA,0x01,0x77,0x00,0x03,0x00,0x00,
        0x00,0x00,0x02,0x71,0x03,0xE8,0x00,0x05,0x00,0x09,0x00,0x0D,0x00,0x00,0x13,0x21,
        0x35,0x21,0x11,0x33,0x13,0x23,0x15,0x33,0x37,0x23,0x15,0x33,0x7D,0x01,0xF4,0xFD,
        0x8F,0x7D,0xFA,0x7D,0x7D,0x7D,0x7D,0x7D,0x01,0xF4,0x7D,0xFD,0x8F,0x03,0x6B,0x7D,
        0xFA,0x7D,0x00,0x00,0x00,0x03,0x00,0x00,0x00,0x00,0x02,0x71,0x02,0x71,0x00,0x03,
        0x00,0x0B,0x00,0x0F,0x00,0x00,0x13,0x21,0x35,0x21,0x01,0x35,0x21,0x35,0x23,0x11,
        0x33,0x35,0x15,0x21,0x35,0x21,0x7D,0x01,0xF4,0xFE,0x0C,0x01,0x77,0xFE,0x89,0x7D,
        0x7D,0x01,0xF4,0xFE,0x0C,0x01,0xF4,0x7D,0xFE,0x89,0x7D,0x7D,0xFE,0x89,0x7D,0xFA,
        0x7D,0x00,0x00,0x00,0x00,0x01,0x00,0x00,0x00,0x00,0x02,0x71,0x02,0x71,0x00,0x0B,
        0x00,0x00,0x01,0x21,0x35,0x21,0x35,0x21,0x11,0x21,0x15,0x21,0x15,0x21,0x02,0x71,
        0xFE,0x0C,0x01,0xF4,0xFD,0x8F,0x01,0xF4,0xFE,0x0C,0x02,0x71,0x01,0x77,0x7D,0x7D,
        0xFE,0x89,0x7D,0x7D,0x00,0x01,0x00,0x00,0x00,0x00,0x00,0x7D,0x02,0x71,0x00,0x03,
        0x00,0x00,0x13,0x23,0x11,0x33,0x7D,0x7D,0x7D,0x02,0x71,0xFD,0x8F,0x00,0x00,0x00,
        0x00,0x03,0x00,0x00,0x00,0x00,0x01,0x77,0x03,0x6B,0x00,0x03,0x00,0x07,0x00,0x0B,
        0x00,0x00,0x13,0x23,0x11,0x33,0x03,0x23,0x15,0x33,0x37,0x23,0x15,0x33,0xFA,0x7D,
        0x7D,0x7D,0x7D,0x7D,0xFA,0x7D,0x7D,0x02,0x71,0xFD,0x8F,0x03,0x6B,0x7D,0x7D,0x7D,
        0x00,0x03,0x00,0x00,0x00,0x00,0x02,0x71,0x02,0x71,0x00,0x03,0x00,0x07,0x00,0x0B,
        0x00,0x00,0x37,0x35,0x23,0x15,0x21,0x33,0x11,0x23,0x11,0x21,0x15,0x21,0x7D,0x7D,
        0x01,0xF4,0x7D,0x7D,0xFE,0x89,0x01,0x77,0x7D,0x7D,0x7D,0x01,0xF4,0xFE,0x0C,0x7D,
        0x00,0x02,0x00,0x00,0x00,0x00,0x04,0xE2,0x02,0x71,0x00,0x03,0x00,0x13,0x00,0x00,
        0x25,0x23,0x15,0x33,0x21,0x15,0x33,0x11,0x21,0x11,0x21,0x35,0x21,0x35,0x21,0x35,
        0x21,0x35,0x21,0x11,0x04,0xE2,0x7D,0x7D,0xFB,0x1E,0xFA,0x01,0x77,0x01,0xF4,0xFE,
        0x89,0x01,0x77,0xFE,0x89,0xFD,0x8F,0xFA,0x7D,0x7D,0x01,0xF4,0xFE,0x0C,0x7D,0x7D,
        0x7D,0xFA,0xFE,0x0C,0x00,0x02,0x00,0x00,0x00,0x00,0x04,0x65,0x02,0x71,0x00,0x03,
        0x00,0x15,0x00,0x00,0x25,0x23,0x15,0x33,0x01,0x23,0x15,0x21,0x35,0x23,0x11,0x33,
        0x35,0x21,0x15,0x21,0x35,0x21,0x35,0x21,0x35,0x21,0x04,0x65,0x7D,0x7D,0xFE,0x0C,
        0x7D,0xFE,0x89,0x7D,0x7D,0x01,0x77,0x01,0xF4,0xFE,0x89,0x01,0x77,0xFE,0x89,0xFA,
        0x7D,0x01,0xF4,0xFA,0xFA,0xFD,0x8F,0xFA,0xFA,0x7D,0x7D,0x7D,0x00,0x02,0x00,0x00,
        0xFF,0x83,0x02,0xEE,0x03,0x6B,0x00,0x03,0x00,0x15,0x00,0x00,0x21,0x23,0x15,0x33,
        0x01,0x33,0x35,0x23,0x35,0x23,0x15,0x23,0x15,0x33,0x11,0x33,0x35,0x21,0x15,0x33,
        0x11,0x21,0x02,0x71,0x7D,0x7D,0xFE,0x89,0x7D,0x7D,0x7D,0x7D,0x7D,0x7D,0x01,0x77,
        0x7D,0xFE,0x0C,0x7D,0x02,0xEE,0x7D,0x7D,0x7D,0x7D,0xFD,0x8F,0xFA,0xFA,0x01,0x77,
        0x00,0x07,0x00,0x00,0x00,0x00,0x02,0x71,0x03,0xE8,0x00,0x07,0x00,0x0B,0x00,0x0F,
        0x00,0x13,0x00,0x17,0x00,0x1B,0x00,0x1F,0x00,0x00,0x25,0x35,0x23,0x35,0x23,0x11,
        0x33,0x35,0x01,0x23,0x15,0x33,0x2B,0x01,0x15,0x33,0x17,0x23,0x15,0x33,0x27,0x23,
        0x15,0x33,0x03,0x23,0x15,0x33,0x37,0x23,0x15,0x33,0x01,0x77,0xFA,0x7D,0x7D,0x01,
        0xF4,0x7D,0x7D,0x7D,0x7D,0x7D,0x7D,0x7D,0x7D,0x7D,0x7D,0x7D,0x7D,0x7D,0x7D,0x7D,
        0x7D,0x7D,0xFA,0x7D,0xFA,0xFD,0x8F,0xFA,0x01,0x77,0x7D,0x7D,0xFA,0x7D,0xFA,0x7D,
        0x02,0xEE,0x7D,0xFA,0x7D,0x00,0x00,0x00,0x00,0x08,0x00,0x00,0x00,0x00,0x02,0x71,
        0x03,0xE8,0x00,0x03,0x00,0x07,0x00,0x0B,0x00,0x0F,0x00,0x13,0x00,0x17,0x00,0x1B,
        0x00,0x1F,0x00,0x00,0x3B,0x01,0x35,0x23,0x3B,0x01,0x35,0x23,0x3B,0x01,0x35,0x23,
        0x07,0x23,0x15,0x33,0x03,0x23,0x15,0x33,0x13,0x33,0x35,0x23,0x25,0x23,0x15,0x33,
        0x25,0x23,0x15,0x33,0xFA,0x7D,0x7D,0x7D,0x7D,0x7D,0x7D,0x7D,0x7D,0xFA,0x7D,0x7D,
        0x7D,0x7D,0x7D,0x3E,0xFA,0xFA,0x01,0x77,0x7D,0x7D,0xFE,0x89,0x7D,0x7D,0xFA,0x7D,
        0xFA,0xFA,0x7D,0x01,0x77,0xFA,0x01,0x77,0x7D,0x7D,0x7D,0x7D,0x7D,0x00,0x00,0x00,
        0x00,0x01,0x00,0x00,0x00,0x00,0x02,0x71,0x02,0x71,0x00,0x0B,0x00,0x00,0x25,0x11,
        0x23,0x11,0x21,0x11,0x23,0x11,0x33,0x15,0x33,0x35,0x02,0x71,0x7D,0xFE,0x89,0x7D,
        0xFA,0x7D,0x7D,0x01,0xF4,0xFE,0x89,0x01,0x77,0xFE,0x0C,0x7D,0x7D,0x00,0x00,0x00,
        0x00,0x01,0x00,0x00,0x00,0x00,0x02,0x71,0x03,0x6B,0x00,0x07,0x00,0x00,0x01,0x23,
        0x15,0x21,0x11,0x33,0x11,0x21,0x02,0x71,0x7D,0xFE,0x0C,0x7D,0x01,0xF4,0x03,0x6B,
        0xFA,0xFD,0x8F,0x01,0xF4,0x00,0x00,0x00,0x00,0x01,0x00,0x00,0x00,0x00,0x02,0x71,
        0x03,0x6B,0x00,0x07,0x00,0x00,0x01,0x23,0x15,0x21,0x11,0x33,0x11,0x21,0x02,0x71,
        0x7D,0xFE,0x0C,0x7D,0x01,0xF4,0x03,0x6B,0xFA,0xFD,0x8F,0x01,0xF4,0x00,0x00,0x00,
        0x00,0x07,0x00,0x00,0x00,0x00,0x02,0x71,0x03,0xE8,0x00,0x03,0x00,0x07,0x00,0x0B,
        0x00,0x0F,0x00,0x13,0x00,0x17,0x00,0x1B,0x00,0x00,0x13,0x23,0x11,0x3B,0x01,0x23,
        0x15,0x33,0x35,0x33,0x35,0x23,0x17,0x23,0x15,0x33,0x13,0x23,0x11,0x33,0x01,0x33,
        0x35,0x2B,0x01,0x33,0x35,0x23,0x7D,0x7D,0x7D,0x7D,0x7D,0x7D,0x7D,0x7D,0xFA,0x7D,
        0x7D,0x7D,0x7D,0x7D,0xFE,0x89,0x7D,0x7D,0x7D,0x7D,0x7D,0x02,0x71,0xFE,0x0C,0x7D,
        0x7D,0xFA,0xFA,0x7D,0x02,0x71,0xFE,0x0C,0x02,0x71,0x7D,0x7D,0x00,0x07,0x00,0x00,
        0x00,0x00,0x02,0x71,0x03,0xE8,0x00,0x03,0x00,0x07,0x00,0x0B,0x00,0x0F,0x00,0x13,
        0x00,0x17,0x00,0x1B,0x00,0x00,0x13,0x23,0x11,0x3B,0x01,0x23,0x15,0x33,0x35,0x33,
        0x35,0x23,0x17,0x23,0x15,0x33,0x13,0x23,0x11,0x33,0x01,0x33,0x35,0x2B,0x01,0x33,
        0x35,0x23,0x7D,0x7D,0x7D,0x7D,0x7D,0x7D,0x7D,0x7D,0xFA,0x7D,0x7D,0x7D,0x7D,0x7D,
        0xFE,0x89,0x7D,0x7D,0x7D,0x7D,0x7D,0x02,0x71,0xFE,0x0C,0x7D,0x7D,0xFA,0xFA,0x7D,
        0x02,0x71,0xFE,0x0C,0x02,0x71,0x7D,0x7D,0x00,0x07,0x00,0x00,0x00,0x00,0x02,0x71,
        0x03,0xE8,0x00,0x03,0x00,0x07,0x00,0x0B,0x00,0x0F,0x00,0x13,0x00,0x17,0x00,0x1B,
        0x00,0x00,0x13,0x23,0x11,0x3B,0x01,0x23,0x15,0x33,0x35,0x33,0x35,0x23,0x17,0x23,
        0x15,0x33,0x13,0x23,0x11,0x33,0x03,0x23,0x15,0x33,0x37,0x23,0x15,0x33,0x7D,0x7D,
        0x7D,0x7D,0x7D,0x7D,0x7D,0x7D,0xFA,0x7D,0x7D,0x7D,0x7D,0x7D,0xFA,0x7D,0x7D,0x7D,
        0x7D,0x7D,0x02,0x71,0xFE,0x0C,0x7D,0x7D,0xFA,0xFA,0x7D,0x02,0x71,0xFE,0x0C,0x02,
        0xEE,0x7D,0xFA,0x7D,0x00,0x07,0x00,0x00,0x00,0x00,0x02,0x71,0x03,0xE8,0x00,0x03,
        0x00,0x07,0x00,0x0B,0x00,0x0F,0x00,0x13,0x00,0x17,0x00,0x1B,0x00,0x00,0x13,0x23,
        0x11,0x3B,0x01,0x23,0x15,0x33,0x35,0x33,0x35,0x23,0x17,0x23,0x15,0x33,0x13,0x23,
        0x11,0x33,0x03,0x23,0x15,0x33,0x37,0x23,0x15,0x33,0x7D,0x7D,0x7D,0x7D,0x7D,0x7D,
        0x7D,0x7D,0xFA,0x7D,0x7D,0x7D,0x7D,0x7D,0xFA,0x7D,0x7D,0x7D,0x7D,0x7D,0x02,0x71,
        0xFE,0x0C,0x7D,0x7D,0xFA,0xFA,0x7D,0x02,0x71,0xFE,0x0C,0x02,0xEE,0x7D,0xFA,0x7D,
        0x00,0x07,0x00,0x00,0x00,0x00,0x02,0x71,0x03,0x6B,0x00,0x03,0x00,0x07,0x00,0x0B,
        0x00,0x0F,0x00,0x13,0x00,0x17,0x00,0x1B,0x00,0x00,0x13,0x23,0x11,0x3B,0x01,0x23,
        0x15,0x33,0x35,0x33,0x35,0x23,0x17,0x23,0x15,0x33,0x13,0x23,0x11,0x33,0x01,0x23,
        0x15,0x33,0x37,0x23,0x15,0x33,0x7D,0x7D,0x7D,0x7D,0x7D,0x7D,0x7D,0x7D,0xFA,0x7D,
        0x7D,0x7D,0x7D,0x7D,0xFE,0x89,0x7D,0x7D,0xFA,0x7D,0x7D,0x02,0x71,0xFE,0x0C,0x7D,
        0x7D,0xFA,0xFA,0x7D,0x02,0x71,0xFE,0x0C,0x02,0xEE,0x7D,0x7D,0x7D,0x00,0x00,0x00,
        0x00,0x07,0x00,0x00,0x00,0x00,0x02,0x71,0x03,0x6B,0x00,0x03,0x00,0x07,0x00,0x0B,
        0x00,0x0F,0x00,0x13,0x00,0x17,0x00,0x1B,0x00,0x00,0x13,0x23,0x11,0x3B,0x01,0x23,
        0x15,0x33,0x35,0x33,0x35,0x23,0x17,0x23,0x15,0x33,0x13,0x23,0x11,0x33,0x01,0x23,
        0x15,0x33,0x37,0x23,0x15,0x33,0x7D,0x7D,0x7D,0x7D,0x7D,0x7D,0x7D,0x7D,0xFA,0x7D,
        0x7D,0x7D,0x7D,0x7D,0xFE,0x89,0x7D,0x7D,0xFA,0x7D,0x7D,0x02,0x71,0xFE,0x0C,0x7D,
        0x7D,0xFA,0xFA,0x7D,0x02,0x71,0xFE,0x0C,0x02,0xEE,0x7D,0x7D,0x7D,0x00,0x00,0x00,
        0x00,0x07,0x00,0x00,0x00,0x00,0x02,0x71,0x03,0xE8,0x00,0x03,0x00,0x07,0x00,0x0B,
        0x00,0x0F,0x00,0x13,0x00,0x17,0x00,0x1B,0x00,0x00,0x3B,0x01,0x35,0x23,0x3B,0x01,
        0x35,0x23,0x3B,0x01,0x35,0x23,0x07,0x23,0x15,0x33,0x03,0x23,0x15,0x33,0x13,0x33,
        0x35,0x2B,0x01,0x33,0x35,0x23,0xFA,0x7D,0x7D,0x7D,0x7D,0x7D,0x7D,0x7D,0x7D,0xFA,
        0x7D,0x7D,0x7D,0x7D,0x7D,0x7D,0x7D,0x7D,0x7D,0x7D,0x7D,0xFA,0x7D,0xFA,0xFA,0x7D,
        0x01,0x77,0xFA,0x01,0x77,0x7D,0x7D,0x00,0x00,0x07,0x00,0x00,0x00,0x00,0x02,0x71,
        0x03,0xE8,0x00,0x03,0x00,0x07,0x00,0x0B,0x00,0x0F,0x00,0x13,0x00,0x17,0x00,0x1B,
        0x00,0x00,0x3B,0x01,0x35,0x23,0x3B,0x01,0x35,0x23,0x3B,0x01,0x35,0x23,0x07,0x23,
        0x15,0x33,0x03,0x23,0x15,0x33,0x13,0x33,0x35,0x2B,0x01,0x33,0x35,0x23,0xFA,0x7D,
        0x7D,0x7D,0x7D,0x7D,0x7D,0x7D,0x7D,0xFA,0x7D,0x7D,0x7D,0x7D,0x7D,0x7D,0x7D,0x7D,
        0x7D,0x7D,0x7D,0xFA,0x7D,0xFA,0xFA,0x7D,0x01,0x77,0xFA,0x01,0x77,0x7D,0x7D,0x00,
        0x00,0x01,0x00,0x00,0x00,0xFA,0x03,0x6B,0x01,0x77,0x00,0x03,0x00,0x00,0x11,0x15,
        0x21,0x35,0x03,0x6B,0x01,0x77,0x7D,0x7D,0x00,0x01,0x00,0x00,0xFF,0x83,0x02,0x71,
        0x00,0x00,0x00,0x03,0x00,0x00,0x31,0x15,0x21,0x35,0x02,0x71,0x7D,0x7D,0x00,0x00,
        0x00,0x02,0x00,0x00,0x02,0x71,0x00,0xFA,0x03,0x6B,0x00,0x03,0x00,0x07,0x00,0x00,
        0x13,0x33,0x35,0x2B,0x01,0x33,0x35,0x23,0x7D,0x7D,0x7D,0x7D,0x7D,0x7D,0x02,0x71,
        0x7D,0x7D,0x00,0x00,0x00,0x01,0x00,0x00,0x02,0x71,0x00,0x7D,0x03,0x6B,0x00,0x03,
        0x00,0x00,0x13,0x23,0x15,0x33,0x7D,0x7D,0x7D,0x03,0x6B,0xFA,0x00,0x02,0x00,0x00,
        0x02,0x71,0x01,0x77,0x03,0x6B,0x00,0x03,0x00,0x07,0x00,0x00,0x13,0x23,0x15,0x33,
        0x37,0x23,0x15,0x33,0x7D,0x7D,0x7D,0xFA,0x7D,0x7D,0x03,0x6B,0xFA,0xFA,0xFA,0x00,
        0x00,0x04,0x00,0x00,0x00,0x00,0x01,0x77,0x02,0x72,0x00,0x03,0x00,0x07,0x00,0x0B,
        0x00,0x0F,0x00,0x00,0x37,0x23,0x15,0x33,0x11,0x23,0x11,0x33,0x17,0x23,0x15,0x33,
        0x11,0x23,0x11,0x33,0x7D,0x7D,0x7D,0x7D,0x7D,0xFA,0x7D,0x7D,0x7D,0x7D,0x7D,0x7D,
        0x02,0x71,0xFE,0x89,0x7C,0x7D,0x02,0x71,0xFE,0x89,0x00,0x00,0x00,0x01,0x00,0x00,
        0x02,0x71,0x02,0x71,0x02,0xEE,0x00,0x03,0x00,0x00,0x11,0x15,0x21,0x35,0x02,0x71,
        0x02,0xEE,0x7D,0x7D,0x00,0x01,0x00,0x00,0x00,0x7D,0x01,0x77,0x01,0xF4,0x00,0x07,
        0x00,0x00,0x13,0x15,0x33,0x11,0x21,0x11,0x33,0x35,0xFA,0x7D,0xFE,0x89,0x7D,0x01,
        0x77,0xFA,0x01,0x77,0xFE,0x89,0xFA,0x00,0x00,0x03,0x00,0x00,0x00,0x00,0x02,0x71,
        0x03,0x6B,0x00,0x03,0x00,0x07,0x00,0x1F,0x00,0x00,0x01,0x23,0x15,0x33,0x15,0x33,
        0x35,0x23,0x01,0x15,0x33,0x15,0x23,0x15,0x21,0x35,0x21,0x35,0x33,0x35,0x23,0x35,
        0x33,0x35,0x23,0x35,0x23,0x15,0x23,0x15,0x33,0x15,0x01,0xF4,0xFA,0xFA,0x7D,0x7D,
        0xFE,0x0C,0x7D,0x7D,0x02,0x71,0xFE,0x89,0x7D,0x7D,0x7D,0x7D,0x7D,0x7D,0x7D,0x03,
        0x6B,0x7D,0x7D,0x7D,0xFE,0x89,0x7D,0x7D,0x7D,0x7D,0x7D,0x7D,0x7D,0x7D,0x7D,0x7D,
        0x7D,0x7D,0x00,0x00,0x00,0x03,0x00,0x00,0x00,0x00,0x07,0x53,0x02,0x71,0x00,0x09,
        0x00,0x0D,0x00,0x1F,0x00,0x00,0x25,0x35,0x21,0x35,0x21,0x35,0x21,0x11,0x33,0x35,
        0x25,0x23,0x15,0x33,0x05,0x21,0x15,0x21,0x15,0x21,0x11,0x21,0x35,0x21,0x35,0x21,
        0x15,0x33,0x11,0x33,0x11,0x33,0x01,0xF4,0xFE,0x89,0x01,0x77,0xFE,0x0C,0x7D,0x01,
        0xF4,0x7D,0x7D,0x02,0x71,0x01,0xF4,0xFE,0x0C,0x02,0x71,0xFE,0x0C,0x01,0xF4,0xFB,
        0x1E,0xFA,0x7D,0xFA,0xFA,0x7D,0x7D,0x7D,0xFD,0x8F,0xFA,0xFA,0x7D,0x7D,0x7D,0x7D,
        0x01,0x77,0x7D,0x7D,0x7D,0xFE,0x0C,0x01,0xF4,0x00,0x00,0x00,0x00,0x0A,0x00,0x00,
        0x00,0x00,0x03,0x6B,0x02,0x71,0x00,0x03,0x00,0x07,0x00,0x0B,0x00,0x0F,0x00,0x13,
        0x00,0x1B,0x00,0x1F,0x00,0x23,0x00,0x27,0x00,0x2B,0x00,0x00,0x37,0x23,0x15,0x33,
        0x37,0x23,0x15,0x33,0x13,0x23,0x15,0x33,0x37,0x23,0x15,0x33,0x05,0x33,0x35,0x23,
        0x25,0x11,0x21,0x35,0x23,0x35,0x33,0x35,0x01,0x23,0x15,0x33,0x31,0x15,0x33,0x35,
        0x27,0x15,0x33,0x35,0x17,0x23,0x15,0x33,0xFA,0x7D,0x7D,0x7D,0x7D,0x7D,0xFA,0x7D,
        0x7D,0x7D,0x7D,0x7D,0xFE,0x89,0x7D,0x7D,0xFE,0x89,0x01,0x39,0xFA,0xFA,0x01,0x38,
        0x3E,0x3E,0xBC,0xBC,0xBC,0x3E,0x3E,0x3E,0x7D,0x7D,0xFA,0x7D,0x01,0x77,0x7D,0xFA,
        0x7D,0xFA,0x7D,0xFA,0xFE,0xC8,0x3E,0xBC,0x3E,0xFE,0x89,0xBB,0x3F,0x3F,0xFA,0x3F,
        0x3F,0x3F,0xBB,0x00,0x00,0x02,0x00,0x00,0x00,0x00,0x01,0xF4,0x02,0xEE,0x00,0x03,
        0x00,0x0F,0x00,0x00,0x25,0x23,0x15,0x33,0x25,0x33,0x35,0x33,0x35,0x23,0x35,0x23,
        0x11,0x23,0x15,0x33,0x01,0xF4,0xFA,0xFA,0xFE,0x89,0x7D,0x7D,0x7D,0x7D,0x7D,0x7D,
        0x7D,0x7D,0x7D,0xFA,0xFA,0x7D,0xFE,0x89,0x7D,0x00,0x00,0x00,0x00,0x06,0x00,0x00,
        0x00,0x00,0x04,0x65,0x02,0x71,0x00,0x07,0x00,0x0B,0x00,0x13,0x00,0x17,0x00,0x1B,
        0x00,0x1F,0x00,0x00,0x13,0x35,0x23,0x35,0x23,0x11,0x33,0x11,0x33,0x23,0x15,0x33,
        0x17,0x15,0x33,0x11,0x23,0x11,0x23,0x15,0x25,0x21,0x11,0x21,0x17,0x15,0x23,0x35,
        0x03,0x21,0x35,0x21,0xFA,0x7D,0x7D,0x7D,0xFA,0x7D,0x7D,0x7D,0x7D,0x7D,0x7D,0x01,
        0x77,0x01,0x77,0xFE,0x89,0xFA,0x7D,0x7D,0x01,0x77,0xFE,0x89,0x01,0x77,0x7D,0x7D,
        0xFD,0x8F,0x01,0x77,0x7D,0x7D,0x7D,0x02,0x71,0xFE,0x89,0x7D,0x7D,0x01,0x77,0x7D,
        0x7D,0x7D,0xFE,0x0C,0x7D,0x00,0x00,0x00,0x00,0x03,0x00,0x00,0x00,0x00,0x02,0x71,
        0x02,0x71,0x00,0x03,0x00,0x0B,0x00,0x0F,0x00,0x00,0x13,0x21,0x35,0x21,0x01,0x35,
        0x21,0x35,0x23,0x11,0x33,0x35,0x15,0x21,0x35,0x21,0x7D,0x01,0xF4,0xFE,0x0C,0x01,
        0x77,0xFE,0x89,0x7D,0x7D,0x01,0xF4,0xFE,0x0C,0x01,0xF4,0x7D,0xFE,0x89,0x7D,0x7D,
        0xFE,0x89,0x7D,0xFA,0x7D,0x00,0x00,0x00,0x00,0x09,0x00,0x00,0xFF,0xC2,0x02,0xEE,
        0x02,0xB0,0x00,0x03,0x00,0x07,0x00,0x0B,0x00,0x0F,0x00,0x13,0x00,0x1F,0x00,0x23,
        0x00,0x27,0x00,0x2B,0x00,0x00,0x37,0x23,0x15,0x33,0x37,0x23,0x15,0x33,0x13,0x23,
        0x15,0x33,0x37,0x23,0x15,0x33,0x05,0x33,0x35,0x23,0x27,0x15,0x33,0x35,0x23,0x35,
        0x23,0x15,0x23,0x15,0x33,0x15,0x01,0x35,0x33,0x15,0x07,0x21,0x11,0x21,0x17,0x33,
        0x15,0x23,0x7D,0x7D,0x7D,0x7D,0x7D,0x7D,0xFA,0x7D,0x7D,0x7D,0x7D,0x7D,0xFE,0x89,
        0x7D,0x7D,0xFA,0xBC,0x3F,0x3E,0x3F,0x3F,0x01,0xB5,0xBC,0xFA,0x01,0x38,0xFE,0xC8,
        0x3E,0xBC,0xBC,0x7D,0x7D,0xFA,0x7D,0x01,0x77,0x7D,0xFA,0x7D,0xFA,0x7D,0x3F,0x3F,
        0x3F,0xFA,0x3F,0x3E,0x7D,0xFE,0xC8,0x3E,0x3E,0xBC,0x01,0x39,0xBC,0x3E,0x00,0x00,
        0x00,0x0B,0x00,0x00,0xFF,0xC2,0x02,0xEE,0x02,0xEE,0x00,0x03,0x00,0x07,0x00,0x0B,
        0x00,0x0F,0x00,0x13,0x00,0x17,0x00,0x1B,0x00,0x1F,0x00,0x25,0x00,0x2B,0x00,0x2F,
        0x00,0x00,0x37,0x23,0x15,0x33,0x37,0x23,0x15,0x33,0x13,0x23,0x15,0x33,0x37,0x23,
        0x15,0x33,0x05,0x33,0x35,0x23,0x17,0x35,0x33,0x15,0x07,0x21,0x11,0x21,0x17,0x33,
        0x15,0x23,0x03,0x35,0x21,0x15,0x33,0x1D,0x02,0x23,0x15,0x21,0x35,0x23,0x35,0x23,
        0x15,0x7D,0x7D,0x7D,0x7D,0x7D,0x7D,0xFA,0x7D,0x7D,0x7D,0x7D,0x7D,0xFE,0x89,0x7D,
        0x7D,0xFA,0xBC,0xFA,0x01,0x38,0xFE,0xC8,0x3E,0xBC,0xBC,0xBB,0xFE,0xC8,0xFA,0xFA,
        0x01,0x38,0x3E,0xBC,0x7D,0x7D,0xFA,0x7D,0x01,0x77,0x7D,0xFA,0x7D,0xFA,0x7D,0xF9,
        0x3E,0x3E,0xBC,0x01,0x39,0xBC,0x3E,0x02,0x70,0x7D,0x3E,0x3F,0x3E,0x3F,0x3E,0x7D,
        0x3E,0x3E,0x00,0x00,0x00,0x0B,0x00,0x00,0xFF,0xC2,0x02,0xEE,0x02,0xEE,0x00,0x03,
        0x00,0x07,0x00,0x0B,0x00,0x0F,0x00,0x13,0x00,0x17,0x00,0x1B,0x00,0x1F,0x00,0x27,
        0x00,0x2B,0x00,0x2F,0x00,0x00,0x37,0x23,0x15,0x33,0x37,0x23,0x15,0x33,0x13,0x23,
        0x15,0x33,0x37,0x23,0x15,0x33,0x05,0x33,0x35,0x23,0x17,0x35,0x33,0x15,0x07,0x21,
        0x11,0x21,0x17,0x33,0x15,0x23,0x03,0x23,0x35,0x33,0x35,0x21,0x15,0x3B,0x01,0x23,
        0x15,0x33,0x2B,0x01,0x15,0x33,0x7D,0x7D,0x7D,0x7D,0x7D,0x7D,0xFA,0x7D,0x7D,0x7D,
        0x7D,0x7D,0xFE,0x89,0x7D,0x7D,0xFA,0xBC,0xFA,0x01,0x38,0xFE,0xC8,0x3E,0xBC,0xBC,
        0xFA,0xBB,0xFA,0xFE,0xC7,0xFA,0x3F,0x3F,0x3F,0x3F,0xFA,0xFA,0x7D,0x7D,0xFA,0x7D,
        0x01,0x77,0x7D,0xFA,0x7D,0xFA,0x7D,0xF9,0x3E,0x3E,0xBC,0x01,0x39,0xBC,0x3E,0x02,
        0x70,0x3F,0x3E,0xBB,0x3F,0x3E,0x00,0x00,0x00,0x0B,0x00,0x00,0xFF,0xC2,0x02,0xEE,
        0x02,0xEE,0x00,0x03,0x00,0x07,0x00,0x0B,0x00,0x0F,0x00,0x13,0x00,0x17,0x00,0x1B,
        0x00,0x1F,0x00,0x23,0x00,0x29,0x00,0x2D,0x00,0x00,0x37,0x23,0x15,0x33,0x37,0x23,
        0x15,0x33,0x13,0x23,0x15,0x33,0x37,0x23,0x15,0x33,0x05,0x33,0x35,0x23,0x17,0x35,
        0x33,0x15,0x07,0x21,0x11,0x21,0x17,0x33,0x15,0x23,0x01,0x33,0x35,0x23,0x3B,0x01,
        0x35,0x21,0x15,0x33,0x07,0x23,0x15,0x33,0x7D,0x7D,0x7D,0x7D,0x7D,0x7D,0xFA,0x7D,
        0x7D,0x7D,0x7D,0x7D,0xFE,0x89,0x7D,0x7D,0xFA,0xBC,0xFA,0x01,0x38,0xFE,0xC8,0x3E,
        0xBC,0xBC,0xFE,0xC8,0x3E,0x3E,0x3E,0x3F,0xFE,0xC7,0xFA,0x3E,0x3F,0x3F,0x7D,0x7D,
        0xFA,0x7D,0x01,0x77,0x7D,0xFA,0x7D,0xFA,0x7D,0xF9,0x3E,0x3E,0xBC,0x01,0x39,0xBC,
        0x3E,0x02,0x32,0x3E,0x7D,0x3E,0x7D,0x7D,0x00,0x01,0x00,0x00,0x00,0x7D,0x03,0x6B,
        0x01,0xF4,0x00,0x0B,0x00,0x00,0x37,0x33,0x35,0x21,0x35,0x21,0x35,0x23,0x15,0x23,
        0x15,0x33,0x7D,0x7D,0x02,0x71,0xFD,0x8F,0x7D,0x7D,0x7D,0x7D,0x7D,0x7D,0x7D,0x7D,
        0x7D,0x00,0x00,0x00,0x00,0x01,0x00,0x00,0xFF,0x83,0x01,0x77,0x02,0xEE,0x00,0x0B,
        0x00,0x00,0x11,0x15,0x33,0x11,0x33,0x11,0x33,0x35,0x23,0x35,0x23,0x15,0x7D,0x7D,
        0x7D,0x7D,0x7D,0x02,0x71,0x7D,0xFD,0x8F,0x02,0x71,0x7D,0x7D,0x7D,0x00,0x00,0x00,
        0x00,0x01,0x00,0x00,0x00,0x7D,0x03,0x6B,0x01,0xF4,0x00,0x0B,0x00,0x00,0x25,0x33,
        0x35,0x23,0x35,0x23,0x15,0x21,0x15,0x21,0x15,0x33,0x02,0xEE,0x7D,0x7D,0x7D,0xFD,
        0x8F,0x02,0x71,0x7D,0xFA,0x7D,0x7D,0x7D,0x7D,0x7D,0x00,0x00,0x00,0x01,0x00,0x00,
        0xFF,0x83,0x01,0x77,0x02,0xEE,0x00,0x0B,0x00,0x00,0x21,0x35,0x23,0x11,0x23,0x11,
        0x23,0x15,0x33,0x15,0x33,0x35,0x01,0x77,0x7D,0x7D,0x7D,0x7D,0x7D,0x7D,0x02,0x71,
        0xFD,0x8F,0x7D,0x7D,0x7D,0x00,0x00,0x00,0x00,0x01,0x00,0x00,0x00,0x7D,0x03,0xE8,
        0x01,0xF5,0x00,0x13,0x00,0x00,0x25,0x33,0x35,0x23,0x35,0x23,0x15,0x21,0x35,0x23,
        0x15,0x23,0x15,0x33,0x15,0x33,0x35,0x21,0x15,0x33,0x03,0x6B,0x7D,0x7D,0x7D,0xFE,
        0x0C,0x7D,0x7D,0x7D,0x7D,0x01,0xF4,0x7D,0xFB,0x7D,0x7D,0x7D,0x7C,0x7D,0x7D,0x7D,
        0x7D,0x7C,0x00,0x00,0x00,0x01,0x00,0x00,0xFF,0x83,0x01,0x78,0x03,0x6B,0x00,0x13,
        0x00,0x00,0x13,0x35,0x23,0x15,0x23,0x15,0x33,0x11,0x23,0x15,0x33,0x15,0x33,0x35,
        0x33,0x35,0x23,0x11,0x33,0x35,0xFA,0x7D,0x7D,0x7D,0x7C,0x7D,0x7D,0x7D,0x7D,0x7C,
        0x02,0xEE,0x7D,0x7D,0x7D,0xFE,0x0C,0x7D,0x7D,0x7D,0x7D,0x01,0xF4,0x7D,0x00,0x00,
        0x00,0x01,0x00,0x00,0xFF,0x83,0x01,0x78,0x03,0x6B,0x00,0x13,0x00,0x00,0x13,0x35,
        0x23,0x15,0x23,0x15,0x33,0x11,0x23,0x15,0x33,0x15,0x33,0x35,0x33,0x35,0x23,0x11,
        0x33,0x35,0xFA,0x7D,0x7D,0x7D,0x7C,0x7D,0x7D,0x7D,0x7D,0x7C,0x02,0xEE,0x7D,0x7D,
        0x7D,0xFE,0x0C,0x7D,0x7D,0x7D,0x7D,0x01,0xF4,0x7D,0x00,0x00,0x00,0x01,0x00,0x00,
        0x00,0x00,0x02,0x71,0x02,0x71,0x00,0x05,0x00,0x00,0x37,0x11,0x23,0x11,0x21,0x35,
        0x7D,0x7D,0x02,0x71,0x7D,0x01,0xF4,0xFD,0x8F,0x7D,0x00,0x00,0x00,0x03,0x00,0x00,
        0x00,0x01,0x02,0x71,0x02,0x72,0x00,0x03,0x00,0x07,0x00,0x0B,0x00,0x00,0x01,0x21,
        0x15,0x21,0x31,0x11,0x33,0x11,0x21,0x11,0x33,0x11,0x01,0xF4,0xFE,0x89,0x01,0x77,
        0x7D,0xFD,0x8F,0x7D,0x02,0x72,0x7D,0xFE,0x0C,0x01,0xF4,0xFE,0x0C,0x01,0xF4,0x00,
        0x00,0x03,0x00,0x00,0x00,0x00,0x02,0x71,0x02,0x71,0x00,0x03,0x00,0x07,0x00,0x0B,
        0x00,0x00,0x35,0x15,0x21,0x35,0x25,0x15,0x21,0x35,0x25,0x15,0x21,0x35,0x02,0x71,
        0xFD,0x8F,0x02,0x71,0xFD,0x8F,0x02,0x71,0x7D,0x7D,0x7D,0xFA,0x7D,0x7D,0xFA,0x7D,
        0x7D,0x00,0x00,0x00,0x00,0x01,0x00,0x00,0xFF,0x06,0x01,0x77,0x04,0x65,0x00,0x0B,
        0x00,0x00,0x13,0x23,0x11,0x23,0x15,0x33,0x11,0x33,0x11,0x33,0x35,0x23,0xFA,0x7D,
        0x7D,0x7D,0x7D,0x7D,0x7D,0x04,0x65,0xFE,0x0C,0x7D,0xFD,0x12,0x02,0xEE,0x7D,0x00,
        0x00,0x02,0x00,0x00,0x00,0xFA,0x02,0x71,0x02,0x71,0x00,0x03,0x00,0x07,0x00,0x00,
        0x11,0x15,0x21,0x35,0x25,0x15,0x21,0x35,0x02,0x71,0xFD,0x8F,0x02,0x71,0x01,0x77,
        0x7D,0x7D,0xFA,0x7D,0x7D,0x00,0x00,0x00,0x00,0x02,0x00,0x7D,0xFF,0x06,0x01,0xF4,
        0x04,0x65,0x00,0x03,0x00,0x07,0x00,0x00,0x05,0x33,0x11,0x23,0x03,0x33,0x11,0x23,
        0x01,0x77,0x7D,0x7D,0xFA,0x7D,0x7D,0xFA,0x05,0x5F,0xFA,0xA1,0x05,0x5F,0x00,0x00,
        0x00,0x02,0x00,0x00,0x00,0xFA,0x02,0x71,0x02,0x71,0x00,0x03,0x00,0x07,0x00,0x00,
        0x11,0x15,0x21,0x35,0x25,0x15,0x21,0x35,0x02,0x71,0xFD,0x8F,0x02,0x71,0x01,0x77,
        0x7D,0x7D,0xFA,0x7D,0x7D,0x00,0x00,0x00,0x00,0x01,0x00,0x7D,0xFF,0x06,0x02,0x71,
        0x02,0x71,0x00,0x09,0x00,0x00,0x01,0x35,0x21,0x11,0x33,0x11,0x33,0x11,0x33,0x11,
        0x02,0x71,0xFE,0x0C,0x7D,0x7D,0x7D,0x01,0xF4,0x7D,0xFC,0x95,0x02,0xEE,0xFD,0x12,
        0x02,0xEE,0x00,0x00,0x00,0x02,0x00,0x7D,0xFF,0x06,0x02,0x71,0x02,0x71,0x00,0x05,
        0x00,0x0B,0x00,0x00,0x01,0x35,0x21,0x11,0x33,0x11,0x05,0x35,0x23,0x11,0x33,0x11,
        0x02,0x71,0xFE,0x0C,0x7D,0x01,0x77,0xFA,0x7D,0x01,0xF4,0x7D,0xFC,0x95,0x02,0xEE,
        0xFA,0x7D,0xFD,0x8F,0x01,0xF4,0x00,0x00,0x00,0x01,0x00,0x00,0xFF,0x06,0x02,0x71,
        0x02,0x71,0x00,0x09,0x00,0x00,0x05,0x33,0x11,0x21,0x15,0x21,0x15,0x21,0x15,0x21,
        0x01,0xF4,0x7D,0xFD,0x8F,0x01,0xF4,0xFE,0x0C,0x01,0xF4,0xFA,0x03,0x6B,0x7D,0x7D,
        0x7D,0x00,0x00,0x00,0x00,0x01,0x00,0x00,0xFF,0x06,0x02,0x71,0x02,0x71,0x00,0x09,
        0x00,0x00,0x13,0x11,0x33,0x11,0x33,0x11,0x33,0x11,0x21,0x15,0xFA,0x7D,0x7D,0x7D,
        0xFD,0x8F,0x01,0xF4,0xFD,0x12,0x02,0xEE,0xFD,0x12,0x03,0x6B,0x7D,0x00,0x00,0x00,
        0x00,0x02,0x00,0x00,0xFF,0x06,0x01,0xF4,0x02,0x71,0x00,0x05,0x00,0x0B,0x00,0x00,
        0x01,0x11,0x33,0x11,0x21,0x15,0x17,0x11,0x33,0x11,0x23,0x15,0x01,0x77,0x7D,0xFE,
        0x0C,0x7D,0x7D,0xFA,0x01,0xF4,0xFD,0x12,0x03,0x6B,0x7D,0xFA,0xFE,0x0C,0x02,0x71,
        0x7D,0x00,0x00,0x00,0x00,0x01,0x01,0xF4,0x00,0xFA,0x04,0x65,0x04,0x65,0x00,0x09,
        0x00,0x00,0x01,0x23,0x11,0x21,0x35,0x21,0x35,0x21,0x35,0x21,0x02,0x71,0x7D,0x02,
        0x71,0xFE,0x0C,0x01,0xF4,0xFE,0x0C,0x04,0x65,0xFC,0x95,0x7D,0x7D,0x7D,0x00,0x00,
        0x00,0x01,0x00,0xFA,0x01,0xF4,0x03,0x6B,0x04,0x65,0x00,0x09,0x00,0x00,0x01,0x11,
        0x23,0x11,0x23,0x11,0x23,0x11,0x21,0x35,0x02,0x71,0x7D,0x7D,0x7D,0x02,0x71,0x02,
        0x71,0x01,0xF4,0xFE,0x0C,0x01,0xF4,0xFD,0x8F,0x7D,0x00,0x00,0x00,0x02,0x00,0xFA,
        0x00,0xFA,0x03,0x6B,0x04,0x65,0x00,0x05,0x00,0x0B,0x00,0x00,0x01,0x11,0x23,0x11,
        0x21,0x35,0x27,0x11,0x23,0x11,0x21,0x35,0x01,0x77,0x7D,0x02,0x71,0xFA,0x7D,0x01,
        0x77,0x01,0x77,0x02,0xEE,0xFC,0x95,0x7D,0xFA,0x01,0xF4,0xFD,0x8F,0x7D,0x00,0x00,
        0x00,0x01,0x00,0x00,0x00,0xFA,0x02,0x71,0x04,0x65,0x00,0x09,0x00,0x00,0x01,0x21,
        0x15,0x21,0x15,0x21,0x15,0x21,0x11,0x23,0x01,0xF4,0xFE,0x0C,0x01,0xF4,0xFE,0x0C,
        0x02,0x71,0x7D,0x02,0x71,0x7D,0x7D,0x7D,0x03,0x6B,0x00,0x00,0x00,0x01,0x00,0x00,
        0x01,0xF4,0x02,0x71,0x04,0x65,0x00,0x09,0x00,0x00,0x11,0x15,0x21,0x11,0x23,0x11,
        0x23,0x11,0x23,0x11,0x02,0x71,0x7D,0x7D,0x7D,0x02,0x71,0x7D,0x02,0x71,0xFE,0x0C,
        0x01,0xF4,0xFE,0x0C,0x00,0x02,0x00,0x00,0x00,0xFA,0x01,0xF4,0x04,0x65,0x00,0x05,
        0x00,0x0B,0x00,0x00,0x11,0x15,0x21,0x11,0x23,0x11,0x25,0x15,0x33,0x11,0x23,0x11,
        0x01,0xF4,0x7D,0xFE,0x89,0xFA,0x7D,0x01,0x77,0x7D,0x03,0x6B,0xFD,0x12,0xFA,0x7D,
        0x02,0x71,0xFE,0x0C,0x00,0x01,0x00,0x7D,0xFF,0x06,0x02,0x71,0x04,0x65,0x00,0x0B,
        0x00,0x00,0x25,0x35,0x21,0x35,0x21,0x35,0x21,0x11,0x23,0x11,0x33,0x11,0x02,0x71,
        0xFE,0x89,0x01,0x77,0xFE,0x89,0x7D,0x7D,0xFA,0x7D,0x7D,0x7D,0x01,0xF4,0xFA,0xA1,
        0x01,0xF4,0x00,0x00,0x00,0x02,0x00,0x00,0xFF,0x06,0x01,0x77,0x04,0x65,0x00,0x03,
        0x00,0x07,0x00,0x00,0x17,0x33,0x11,0x23,0x03,0x33,0x11,0x23,0xFA,0x7D,0x7D,0xFA,
        0x7D,0x7D,0xFA,0x05,0x5F,0xFA,0xA1,0x05,0x5F,0x00,0x00,0x00,0x00,0x03,0x00,0x7D,
        0xFF,0x06,0x02,0x71,0x04,0x65,0x00,0x03,0x00,0x09,0x00,0x0F,0x00,0x00,0x17,0x33,
        0x11,0x23,0x21,0x23,0x11,0x33,0x35,0x23,0x03,0x33,0x11,0x33,0x35,0x23,0x7D,0x7D,
        0x7D,0x01,0x77,0x7D,0xFA,0x7D,0x7D,0x7D,0x7D,0xFA,0xFA,0x05,0x5F,0xFD,0x8F,0x7D,
        0xFC,0x95,0x01,0xF4,0x7D,0x00,0x00,0x00,0x00,0x01,0x00,0x00,0xFF,0x06,0x01,0xF4,
        0x04,0x65,0x00,0x0B,0x00,0x00,0x25,0x11,0x33,0x11,0x23,0x11,0x21,0x15,0x21,0x15,
        0x21,0x15,0x01,0x77,0x7D,0x7D,0xFE,0x89,0x01,0x77,0xFE,0x89,0xFA,0xFE,0x0C,0x05,
        0x5F,0xFE,0x0C,0x7D,0x7D,0x7D,0x00,0x00,0x00,0x02,0x00,0x00,0xFF,0x06,0x01,0xF4,
        0x04,0x65,0x00,0x03,0x00,0x0B,0x00,0x00,0x05,0x33,0x11,0x2B,0x02,0x11,0x23,0x15,
        0x33,0x11,0x33,0x01,0x77,0x7D,0x7D,0x7D,0x7D,0x7D,0x7D,0x7D,0xFA,0x05,0x5F,0xFE,
        0x0C,0x7D,0xFD,0x12,0x00,0x03,0x00,0x00,0xFF,0x06,0x01,0xF4,0x04,0x65,0x00,0x03,
        0x00,0x09,0x00,0x0F,0x00,0x00,0x01,0x23,0x11,0x33,0x01,0x23,0x15,0x33,0x11,0x23,
        0x13,0x23,0x15,0x33,0x11,0x33,0x01,0xF4,0x7D,0x7D,0xFE,0x89,0x7D,0xFA,0x7D,0x7D,
        0xFA,0x7D,0x7D,0x04,0x65,0xFA,0xA1,0x03,0x6B,0x7D,0x02,0x71,0xFD,0x12,0x7D,0xFE,
        0x0C,0x00,0x00,0x00,0x00,0x02,0x00,0x00,0xFF,0x06,0x03,0x6B,0x02,0x71,0x00,0x03,
        0x00,0x0B,0x00,0x00,0x11,0x15,0x21,0x35,0x01,0x33,0x11,0x21,0x35,0x21,0x15,0x21,
        0x03,0x6B,0xFE,0x0C,0x7D,0x01,0x77,0xFC,0x95,0x01,0x77,0x02,0x71,0x7D,0x7D,0xFC,
        0x95,0x01,0xF4,0x7D,0x7D,0x00,0x00,0x00,0x00,0x00,0x00,0x28,0x01,0xE6,0x00,0x01,
        0x00,0x00,0x00,0x00,0x00,0x00,0x00,0x34,0x00,0x00,0x00,0x01,0x00,0x00,0x00,0x00,
        0x00,0x01,0x00,0x03,0x00,0x3B,0x00,0x01,0x00,0x00,0x00,0x00,0x00,0x02,0x00,0x07,
        0x00,0x34,0x00,0x01,0x00,0x00,0x00,0x00,0x00,0x03,0x00,0x10,0x00,0x3B,0x00,0x01,
        0x00,0x00,0x00,0x00,0x00,0x04,0x00,0x03,0x00,0x3B,0x00,0x01,0x00,0x00,0x00,0x00,
        0x00,0x05,0x00,0x2D,0x00,0x4B,0x00,0x01,0x00,0x00,0x00,0x00,0x00,0x06,0x00,0x03,
        0x00,0x3B,0x00,0x01,0x00,0x00,0x00,0x00,0x00,0x0A,0x00,0x40,0x00,0x78,0x00,0x03,
        0x00,0x01,0x04,0x03,0x00,0x02,0x00,0x0C,0x02,0x8A,0x00,0x03,0x00,0x01,0x04,0x05,
        0x00,0x02,0x00,0x10,0x00,0xB8,0x00,0x03,0x00,0x01,0x04,0x06,0x00,0x02,0x00,0x0C,
        0x00,0xC8,0x00,0x03,0x00,0x01,0x04,0x07,0x00,0x02,0x00,0x10,0x00,0xD4,0x00,0x03,
        0x00,0x01,0x04,0x08,0x00,0x02,0x00,0x10,0x00,0xE4,0x00,0x03,0x00,0x01,0x04,0x09,
        0x00,0x00,0x00,0x5E,0x00,0xF4,0x00,0x03,0x00,0x01,0x04,0x09,0x00,0x01,0x00,0x06,
        0x00,0xF4,0x00,0x03,0x00,0x01,0x04,0x09,0x00,0x02,0x00,0x0E,0x01,0x52,0x00,0x03,
        0x00,0x01,0x04,0x09,0x00,0x03,0x00,0x20,0x01,0x60,0x00,0x03,0x00,0x01,0x04,0x09,
        0x00,0x04,0x00,0x06,0x00,0xF4,0x00,0x03,0x00,0x01,0x04,0x09,0x00,0x05,0x00,0x5A,
        0x01,0x80,0x00,0x03,0x00,0x01,0x04,0x09,0x00,0x06,0x00,0x06,0x00,0xF4,0x00,0x03,
        0x00,0x01,0x04,0x09,0x00,0x0A,0x00,0x80,0x01,0xDA,0x00,0x03,0x00,0x01,0x04,0x0A,
        0x00,0x02,0x00,0x0C,0x02,0x8A,0x00,0x03,0x00,0x01,0x04,0x0B,0x00,0x02,0x00,0x10,
        0x02,0x5A,0x00,0x03,0x00,0x01,0x04,0x0C,0x00,0x02,0x00,0x0C,0x02,0x8A,0x00,0x03,
        0x00,0x01,0x04,0x0E,0x00,0x02,0x00,0x0C,0x02,0xA8,0x00,0x03,0x00,0x01,0x04,0x10,
        0x00,0x02,0x00,0x0E,0x02,0x6A,0x00,0x03,0x00,0x01,0x04,0x13,0x00,0x02,0x00,0x12,
        0x02,0x78,0x00,0x03,0x00,0x01,0x04,0x14,0x00,0x02,0x00,0x0C,0x02,0x8A,0x00,0x03,
        0x00,0x01,0x04,0x15,0x00,0x02,0x00,0x10,0x02,0x8A,0x00,0x03,0x00,0x01,0x04,0x16,
        0x00,0x02,0x00,0x0C,0x02,0x8A,0x00,0x03,0x00,0x01,0x04,0x19,0x00,0x02,0x00,0x0E,
        0x02,0x9A,0x00,0x03,0x00,0x01,0x04,0x1B,0x00,0x02,0x00,0x10,0x02,0xA8,0x00,0x03,
        0x00,0x01,0x04,0x1D,0x00,0x02,0x00,0x0C,0x02,0x8A,0x00,0x03,0x00,0x01,0x04,0x1F,
        0x00,0x02,0x00,0x0C,0x02,0x8A,0x00,0x03,0x00,0x01,0x04,0x24,0x00,0x02,0x00,0x0E,
        0x02,0xB8,0x00,0x03,0x00,0x01,0x04,0x2D,0x00,0x02,0x00,0x0E,0x02,0xC6,0x00,0x03,
        0x00,0x01,0x08,0x0A,0x00,0x02,0x00,0x0C,0x02,0x8A,0x00,0x03,0x00,0x01,0x08,0x16,
        0x00,0x02,0x00,0x0C,0x02,0x8A,0x00,0x03,0x00,0x01,0x0C,0x0A,0x00,0x02,0x00,0x0C,
        0x02,0x8A,0x00,0x03,0x00,0x01,0x0C,0x0C,0x00,0x02,0x00,0x0C,0x02,0x8A,0x54,0x79,
        0x70,0x65,0x66,0x61,0x63,0x65,0x20,0xA9,0x20,0x28,0x79,0x6F,0x75,0x72,0x20,0x63,
        0x6F,0x6D,0x70,0x61,0x6E,0x79,0x29,0x2E,0x20,0x32,0x30,0x30,0x36,0x2E,0x20,0x41,
        0x6C,0x6C,0x20,0x52,0x69,0x67,0x68,0x74,0x73,0x20,0x52,0x65,0x73,0x65,0x72,0x76,
        0x65,0x64,0x52,0x65,0x67,0x75,0x6C,0x61,0x72,0x35,0x58,0x35,0x3A,0x56,0x65,0x72,
        0x73,0x69,0x6F,0x6E,0x20,0x31,0x2E,0x30,0x30,0x56,0x65,0x72,0x73,0x69,0x6F,0x6E,
        0x20,0x31,0x2E,0x30,0x30,0x20,0x41,0x75,0x67,0x75,0x73,0x74,0x20,0x32,0x38,0x2C,
        0x20,0x32,0x30,0x30,0x36,0x2C,0x20,0x69,0x6E,0x69,0x74,0x69,0x61,0x6C,0x20,0x72,
        0x65,0x6C,0x65,0x61,0x73,0x65,0x54,0x68,0x69,0x73,0x20,0x66,0x6F,0x6E,0x74,0x20,
        0x77,0x61,0x73,0x20,0x63,0x72,0x65,0x61,0x74,0x65,0x64,0x20,0x75,0x73,0x69,0x6E,
        0x67,0x20,0x46,0x6F,0x6E,0x74,0x20,0x43,0x72,0x65,0x61,0x74,0x6F,0x72,0x20,0x35,
        0x2E,0x30,0x20,0x66,0x72,0x6F,0x6D,0x20,0x48,0x69,0x67,0x68,0x2D,0x4C,0x6F,0x67,
        0x69,0x63,0x2E,0x63,0x6F,0x6D,0x00,0x6F,0x00,0x62,0x00,0x79,0x01,0x0D,0x00,0x65,
        0x00,0x6A,0x00,0x6E,0x00,0xE9,0x00,0x6E,0x00,0x6F,0x00,0x72,0x00,0x6D,0x00,0x61,
        0x00,0x6C,0x00,0x53,0x00,0x74,0x00,0x61,0x00,0x6E,0x00,0x64,0x00,0x61,0x00,0x72,
        0x00,0x64,0x03,0x9A,0x03,0xB1,0x03,0xBD,0x03,0xBF,0x03,0xBD,0x03,0xB9,0x03,0xBA,
        0x03,0xAC,0x00,0x35,0x00,0xD7,0x00,0x35,0x00,0x20,0x00,0xA9,0x00,0x20,0x00,0x54,
        0x00,0x72,0x00,0x6F,0x00,0x6C,0x00,0x6C,0x00,0x61,0x00,0x78,0x00,0x20,0x00,0x4B,
        0x00,0x69,0x00,0x6E,0x00,0x6F,0x00,0x72,0x00,0x61,0x00,0x2E,0x00,0x20,0x00,0x32,
        0x00,0x30,0x00,0x30,0x00,0x36,0x00,0x2E,0x00,0x20,0x00,0x41,0x00,0x6C,0x00,0x6C,
        0x00,0x20,0x00,0x52,0x00,0x69,0x00,0x67,0x00,0x68,0x00,0x74,0x00,0x73,0x00,0x20,
        0x00,0x52,0x00,0x65,0x00,0x73,0x00,0x65,0x00,0x72,0x00,0x76,0x00,0x65,0x00,0x64,
        0x00,0x52,0x00,0x65,0x00,0x67,0x00,0x75,0x00,0x6C,0x00,0x61,0x00,0x72,0x00,0x35,
        0x00,0xD7,0x00,0x35,0x00,0x3A,0x00,0x56,0x00,0x65,0x00,0x72,0x00,0x73,0x00,0x69,
        0x00,0x6F,0x00,0x6E,0x00,0x20,0x00,0x31,0x00,0x2E,0x00,0x30,0x00,0x30,0x00,0x56,
        0x00,0x65,0x00,0x72,0x00,0x73,0x00,0x69,0x00,0x6F,0x00,0x6E,0x00,0x20,0x00,0x31,
        0x00,0x2E,0x00,0x30,0x00,0x30,0x00,0x20,0x00,0x41,0x00,0x75,0x00,0x67,0x00,0x75,
        0x00,0x73,0x00,0x74,0x00,0x20,0x00,0x32,0x00,0x38,0x00,0x2C,0x00,0x20,0x00,0x32,
        0x00,0x30,0x00,0x30,0x00,0x36,0x00,0x2C,0x00,0x20,0x00,0x69,0x00,0x6E,0x00,0x69,
        0x00,0x74,0x00,0x69,0x00,0x61,0x00,0x6C,0x00,0x20,0x00,0x72,0x00,0x65,0x00,0x6C,
        0x00,0x65,0x00,0x61,0x00,0x73,0x00,0x65,0x00,0x54,0x00,0x68,0x00,0x69,0x00,0x73,
        0x00,0x20,0x00,0x66,0x00,0x6F,0x00,0x6E,0x00,0x74,0x00,0x20,0x00,0x77,0x00,0x61,
        0x00,0x73,0x00,0x20,0x00,0x63,0x00,0x72,0x00,0x65,0x00,0x61,0x00,0x74,0x00,0x65,
        0x00,0x64,0x00,0x20,0x00,0x75,0x00,0x73,0x00,0x69,0x00,0x6E,0x00,0x67,0x00,0x20,
        0x00,0x46,0x00,0x6F,0x00,0x6E,0x00,0x74,0x00,0x20,0x00,0x43,0x00,0x72,0x00,0x65,
        0x00,0x61,0x00,0x74,0x00,0x6F,0x00,0x72,0x00,0x20,0x00,0x35,0x00,0x2E,0x00,0x30,
        0x00,0x20,0x00,0x66,0x00,0x72,0x00,0x6F,0x00,0x6D,0x00,0x20,0x00,0x48,0x00,0x69,
        0x00,0x67,0x00,0x68,0x00,0x2D,0x00,0x4C,0x00,0x6F,0x00,0x67,0x00,0x69,0x00,0x63,
        0x00,0x2E,0x00,0x63,0x00,0x6F,0x00,0x6D,0x00,0x4E,0x00,0x6F,0x00,0x72,0x00,0x6D,
        0x00,0x61,0x00,0x61,0x00,0x6C,0x00,0x69,0x00,0x4E,0x00,0x6F,0x00,0x72,0x00,0x6D,
        0x00,0x61,0x00,0x6C,0x00,0x65,0x00,0x53,0x00,0x74,0x00,0x61,0x00,0x6E,0x00,0x64,
        0x00,0x61,0x00,0x61,0x00,0x72,0x00,0x64,0x00,0x4E,0x00,0x6F,0x00,0x72,0x00,0x6D,
        0x00,0x61,0x00,0x6C,0x00,0x6E,0x00,0x79,0x04,0x1E,0x04,0x31,0x04,0x4B,0x04,0x47,
        0x04,0x3D,0x04,0x4B,0x04,0x39,0x00,0x4E,0x00,0x6F,0x00,0x72,0x00,0x6D,0x00,0xE1,
        0x00,0x6C,0x00,0x6E,0x00,0x65,0x00,0x4E,0x00,0x61,0x00,0x76,0x00,0x61,0x00,0x64,
        0x00,0x6E,0x00,0x6F,0x00,0x41,0x00,0x72,0x00,0x72,0x00,0x75,0x00,0x6E,0x00,0x74,
        0x00,0x61,0x00,0x00,0x00,0x02,0x00,0x00,0x00,0x00,0x00,0x00,0xFF,0x83,0x00,0x7D,
        0x00,0x00,0x00,0x00,0x00,0x00,0x00,0x00,0x00,0x00,0x00,0x00,0x00,0x00,0x00,0x00,
        0x00,0x00,0x00,0x00,0x02,0x8D,0x00,0x00,0x01,0x02,0x01,0x03,0x00,0x03,0x00,0x04,
        0x00,0x05,0x00,0x06,0x00,0x07,0x00,0x08,0x00,0x09,0x00,0x0A,0x00,0x0B,0x00,0x0C,
        0x00,0x0D,0x00,0x0E,0x00,0x0F,0x00,0x10,0x00,0x11,0x00,0x12,0x00,0x13,0x00,0x14,
        0x00,0x15,0x00,0x16,0x00,0x17,0x00,0x18,0x00,0x19,0x00,0x1A,0x00,0x1B,0x00,0x1C,
        0x00,0x1D,0x00,0x1E,0x00,0x1F,0x00,0x20,0x00,0x21,0x00,0x22,0x00,0x23,0x00,0x24,
        0x00,0x25,0x00,0x26,0x00,0x27,0x00,0x28,0x00,0x29,0x00,0x2A,0x00,0x2B,0x00,0x2C,
        0x00,0x2D,0x00,0x2E,0x00,0x2F,0x00,0x30,0x00,0x31,0x00,0x32,0x00,0x33,0x00,0x34,
        0x00,0x35,0x00,0x36,0x00,0x37,0x00,0x38,0x00,0x39,0x00,0x3A,0x00,0x3B,0x00,0x3C,
        0x00,0x3D,0x00,0x3E,0x00,0x3F,0x00,0x40,0x00,0x41,0x00,0x42,0x00,0x43,0x00,0x44,
        0x00,0x45,0x00,0x46,0x00,0x47,0x00,0x48,0x00,0x49,0x00,0x4A,0x00,0x4B,0x00,0x4C,
        0x00,0x4D,0x00,0x4E,0x00,0x4F,0x00,0x50,0x00,0x51,0x00,0x52,0x00,0x53,0x00,0x54,
        0x00,0x55,0x00,0x56,0x00,0x57,0x00,0x58,0x00,0x59,0x00,0x5A,0x00,0x5B,0x00,0x5C,
        0x00,0x5D,0x00,0x5E,0x00,0x5F,0x00,0x60,0x00,0x61,0x00,0x62,0x00,0x63,0x00,0x64,
        0x00,0x65,0x00,0x66,0x00,0x67,0x00,0x68,0x00,0x69,0x00,0x6A,0x00,0x6B,0x00,0x6C,
        0x00,0x6D,0x00,0x6E,0x00,0x6F,0x00,0x70,0x00,0x71,0x00,0x72,0x00,0x73,0x00,0x74,
        0x00,0x75,0x00,0x76,0x00,0x77,0x00,0x78,0x00,0x79,0x00,0x7A,0x00,0x7B,0x00,0x7C,
        0x00,0x7D,0x00,0x7E,0x00,0x7F,0x00,0x80,0x00,0x81,0x00,0x82,0x00,0x83,0x00,0x84,
        0x00,0x85,0x00,0x86,0x00,0x87,0x00,0x88,0x00,0x89,0x00,0x8A,0x00,0x8B,0x00,0x8C,
        0x00,0x8D,0x00,0x8E,0x00,0x8F,0x00,0x90,0x00,0x91,0x00,0x92,0x00,0x93,0x00,0x94,
        0x00,0x95,0x00,0x96,0x00,0x97,0x00,0x98,0x00,0x99,0x00,0x9A,0x01,0x04,0x00,0x9C,
        0x00,0x9D,0x00,0x9E,0x00,0x9F,0x00,0xA0,0x00,0xA1,0x00,0xA2,0x00,0xA3,0x00,0xA4,
        0x00,0xA5,0x00,0xA6,0x00,0xA7,0x00,0xA8,0x00,0xA9,0x00,0xAA,0x00,0xAB,0x00,0xAD,
        0x00,0xAE,0x00,0xAF,0x00,0xB0,0x00,0xB1,0x00,0xB2,0x00,0xB3,0x00,0xB4,0x00,0xB5,
        0x00,0xB6,0x00,0xB7,0x00,0xB8,0x00,0xB9,0x00,0xBA,0x00,0xBB,0x00,0xBC,0x01,0x05,
        0x00,0xBE,0x00,0xBF,0x01,0x06,0x01,0x07,0x00,0xC2,0x00,0xC3,0x00,0xC4,0x00,0xC5,
        0x00,0xC6,0x00,0xC7,0x00,0xC8,0x00,0xC9,0x00,0xCA,0x00,0xCB,0x00,0xCC,0x00,0xCD,
        0x00,0xCE,0x00,0xCF,0x00,0xD0,0x00,0xD1,0x00,0xD3,0x00,0xD4,0x00,0xD5,0x00,0xD6,
        0x00,0xD7,0x00,0xD8,0x00,0xD9,0x01,0x08,0x00,0xDB,0x00,0xDC,0x00,0xDD,0x00,0xDE,
        0x00,0xDF,0x00,0xE0,0x00,0xE1,0x00,0xE2,0x00,0xE3,0x00,0xE4,0x00,0xE5,0x00,0xE6,
        0x00,0xE7,0x00,0xE8,0x00,0xE9,0x00,0xEA,0x00,0xEB,0x00,0xEC,0x00,0xED,0x00,0xEE,
        0x00,0xEF,0x00,0xF0,0x01,0x09,0x01,0x0A,0x01,0x0B,0x00,0xF4,0x00,0xF5,0x00,0xF6,
        0x00,0xF7,0x00,0xF8,0x00,0xF9,0x01,0x0C,0x00,0xFB,0x00,0xFC,0x00,0xFD,0x00,0xFE,
        0x00,0xFF,0x01,0x00,0x01,0x01,0x00,0xBD,0x00,0xDA,0x01,0x0D,0x01,0x0E,0x01,0x0F,
        0x01,0x10,0x01,0x11,0x01,0x12,0x01,0x13,0x01,0x14,0x01,0x15,0x01,0x16,0x01,0x17,
        0x01,0x18,0x01,0x19,0x01,0x1A,0x01,0x1B,0x01,0x1C,0x01,0x1D,0x01,0x1E,0x01,0x1F,
        0x01,0x20,0x01,0x21,0x01,0x22,0x01,0x23,0x01,0x24,0x01,0x25,0x01,0x26,0x01,0x27,
        0x01,0x28,0x01,0x29,0x01,0x2A,0x01,0x2B,0x01,0x2C,0x01,0x2D,0x01,0x2E,0x01,0x2F,
        0x01,0x30,0x01,0x31,0x01,0x32,0x01,0x33,0x01,0x34,0x01,0x35,0x01,0x36,0x01,0x37,
        0x01,0x38,0x01,0x39,0x01,0x3A,0x01,0x3B,0x01,0x3C,0x01,0x3D,0x01,0x3E,0x01,0x3F,
        0x01,0x40,0x01,0x41,0x01,0x42,0x01,0x43,0x01,0x44,0x01,0x45,0x01,0x46,0x01,0x47,
        0x01,0x48,0x01,0x49,0x01,0x4A,0x01,0x4B,0x01,0x4C,0x01,0x4D,0x01,0x4E,0x01,0x4F,
        0x01,0x50,0x01,0x51,0x01,0x52,0x01,0x53,0x01,0x54,0x01,0x55,0x01,0x56,0x01,0x57,
        0x01,0x58,0x01,0x59,0x01,0x5A,0x01,0x5B,0x01,0x5C,0x01,0x5D,0x01,0x5E,0x01,0x5F,
        0x01,0x60,0x01,0x61,0x01,0x62,0x01,0x63,0x01,0x64,0x01,0x65,0x01,0x66,0x01,0x67,
        0x01,0x68,0x01,0x69,0x01,0x6A,0x01,0x6B,0x01,0x6C,0x01,0x6D,0x01,0x6E,0x01,0x6F,
        0x01,0x70,0x01,0x71,0x01,0x72,0x01,0x73,0x01,0x74,0x01,0x75,0x01,0x76,0x01,0x77,
        0x01,0x78,0x01,0x79,0x01,0x7A,0x01,0x7B,0x01,0x7C,0x01,0x7D,0x01,0x7E,0x01,0x7F,
        0x01,0x80,0x01,0x81,0x01,0x82,0x01,0x83,0x01,0x84,0x01,0x85,0x01,0x86,0x01,0x87,
        0x01,0x88,0x01,0x89,0x01,0x8A,0x01,0x8B,0x01,0x8C,0x01,0x8D,0x01,0x8E,0x01,0x8F,
        0x01,0x90,0x01,0x91,0x01,0x92,0x01,0x93,0x01,0x94,0x01,0x95,0x01,0x96,0x01,0x97,
        0x01,0x98,0x01,0x99,0x01,0x9A,0x01,0x9B,0x01,0x9C,0x01,0x9D,0x01,0x9E,0x01,0x9F,
        0x01,0xA0,0x01,0xA1,0x01,0xA2,0x01,0xA3,0x01,0xA4,0x01,0xA5,0x01,0xA6,0x01,0xA7,
        0x01,0xA8,0x01,0xA9,0x01,0xAA,0x01,0xAB,0x01,0xAC,0x01,0xAD,0x01,0xAE,0x01,0xAF,
        0x01,0xB0,0x01,0xB1,0x01,0xB2,0x01,0xB3,0x01,0xB4,0x01,0xB5,0x01,0xB6,0x01,0xB7,
        0x00,0x9B,0x01,0xB8,0x01,0xB9,0x01,0xBA,0x01,0xBB,0x01,0xBC,0x01,0xBD,0x01,0xBE,
        0x01,0xBF,0x01,0xC0,0x01,0xC1,0x01,0xC2,0x01,0xC3,0x01,0xC4,0x01,0xC5,0x01,0xC6,
        0x01,0xC7,0x01,0xC8,0x01,0xC9,0x01,0xCA,0x01,0xCB,0x01,0xCC,0x01,0xCD,0x01,0xCE,
        0x01,0xCF,0x01,0xD0,0x01,0xD1,0x01,0xD2,0x01,0xD3,0x01,0xD4,0x01,0xD5,0x01,0xD6,
        0x01,0xD7,0x01,0xD8,0x01,0xD9,0x01,0xDA,0x01,0xDB,0x01,0xDC,0x01,0xDD,0x01,0xDE,
        0x01,0xDF,0x01,0xE0,0x01,0xE1,0x01,0xE2,0x01,0xE3,0x01,0xE4,0x01,0xE5,0x01,0xE6,
        0x01,0xE7,0x01,0xE8,0x01,0xE9,0x01,0xEA,0x01,0xEB,0x01,0xEC,0x01,0xED,0x01,0xEE,
        0x01,0xEF,0x01,0xF0,0x01,0xF1,0x01,0xF2,0x01,0xF3,0x01,0xF4,0x01,0xF5,0x01,0xF6,
        0x01,0xF7,0x01,0xF8,0x01,0xF9,0x01,0xFA,0x01,0xFB,0x01,0xFC,0x01,0xFD,0x01,0xFE,
        0x01,0xFF,0x02,0x00,0x02,0x01,0x02,0x02,0x02,0x03,0x02,0x04,0x02,0x05,0x02,0x06,
        0x02,0x07,0x02,0x08,0x02,0x09,0x02,0x0A,0x02,0x0B,0x02,0x0C,0x02,0x0D,0x02,0x0E,
        0x02,0x0F,0x02,0x10,0x02,0x11,0x02,0x12,0x02,0x13,0x02,0x14,0x02,0x15,0x02,0x16,
        0x02,0x17,0x02,0x18,0x02,0x19,0x02,0x1A,0x02,0x1B,0x02,0x1C,0x02,0x1D,0x02,0x1E,
        0x02,0x1F,0x02,0x20,0x02,0x21,0x02,0x22,0x02,0x23,0x02,0x24,0x02,0x25,0x02,0x26,
        0x02,0x27,0x02,0x28,0x02,0x29,0x02,0x2A,0x02,0x2B,0x02,0x2C,0x02,0x2D,0x02,0x2E,
        0x02,0x2F,0x02,0x30,0x02,0x31,0x02,0x32,0x02,0x33,0x02,0x34,0x02,0x35,0x02,0x36,
        0x02,0x37,0x02,0x38,0x02,0x39,0x02,0x3A,0x02,0x3B,0x02,0x3C,0x02,0x3D,0x02,0x3E,
        0x02,0x3F,0x02,0x40,0x02,0x41,0x02,0x42,0x02,0x43,0x02,0x44,0x02,0x45,0x02,0x46,
        0x02,0x47,0x02,0x48,0x02,0x49,0x02,0x4A,0x02,0x4B,0x02,0x4C,0x02,0x4D,0x02,0x4E,
        0x02,0x4F,0x02,0x50,0x02,0x51,0x02,0x52,0x02,0x53,0x02,0x54,0x02,0x55,0x02,0x56,
        0x02,0x57,0x02,0x58,0x02,0x59,0x02,0x5A,0x02,0x5B,0x02,0x5C,0x02,0x5D,0x02,0x5E,
        0x02,0x5F,0x02,0x60,0x02,0x61,0x02,0x62,0x02,0x63,0x02,0x64,0x02,0x65,0x02,0x66,
        0x02,0x67,0x02,0x68,0x02,0x69,0x02,0x6A,0x02,0x6B,0x02,0x6C,0x02,0x6D,0x02,0x6E,
        0x02,0x6F,0x02,0x70,0x02,0x71,0x02,0x72,0x02,0x73,0x02,0x74,0x02,0x75,0x02,0x76,
        0x02,0x77,0x02,0x78,0x02,0x79,0x02,0x7A,0x02,0x7B,0x02,0x7C,0x02,0x7D,0x02,0x7E,
        0x02,0x7F,0x02,0x80,0x02,0x81,0x02,0x82,0x02,0x83,0x02,0x84,0x02,0x85,0x02,0x86,
        0x02,0x87,0x02,0x88,0x02,0x89,0x02,0x8A,0x02,0x8B,0x02,0x8C,0x02,0x8D,0x02,0x8E,
        0x02,0x8F,0x02,0x90,0x02,0x91,0x02,0x92,0x02,0x93,0x02,0x94,0x02,0x95,0x02,0x96,
        0x05,0x2E,0x6E,0x75,0x6C,0x6C,0x10,0x6E,0x6F,0x6E,0x6D,0x61,0x72,0x6B,0x69,0x6E,
        0x67,0x72,0x65,0x74,0x75,0x72,0x6E,0x00,0x04,0x45,0x75,0x72,0x6F,0x07,0x75,0x6E,
        0x69,0x46,0x30,0x30,0x31,0x07,0x75,0x6E,0x69,0x46,0x30,0x30,0x32,0x07,0x75,0x6E,
        0x69,0x30,0x32,0x43,0x39,0x07,0x75,0x6E,0x69,0x30,0x30,0x42,0x39,0x07,0x75,0x6E,
        0x69,0x30,0x30,0x42,0x32,0x07,0x75,0x6E,0x69,0x30,0x30,0x42,0x33,0x0A,0x49,0x64,
        0x6F,0x74,0x61,0x63,0x63,0x65,0x6E,0x74,0x07,0x41,0x6D,0x61,0x63,0x72,0x6F,0x6E,
        0x07,0x61,0x6D,0x61,0x63,0x72,0x6F,0x6E,0x06,0x41,0x62,0x72,0x65,0x76,0x65,0x06,
        0x61,0x62,0x72,0x65,0x76,0x65,0x07,0x41,0x6F,0x67,0x6F,0x6E,0x65,0x6B,0x07,0x61,
        0x6F,0x67,0x6F,0x6E,0x65,0x6B,0x0B,0x43,0x63,0x69,0x72,0x63,0x75,0x6D,0x66,0x6C,
        0x65,0x78,0x0B,0x63,0x63,0x69,0x72,0x63,0x75,0x6D,0x66,0x6C,0x65,0x78,0x0A,0x43,
        0x64,0x6F,0x74,0x61,0x63,0x63,0x65,0x6E,0x74,0x0A,0x63,0x64,0x6F,0x74,0x61,0x63,
        0x63,0x65,0x6E,0x74,0x06,0x44,0x63,0x61,0x72,0x6F,0x6E,0x06,0x64,0x63,0x61,0x72,
        0x6F,0x6E,0x06,0x44,0x63,0x72,0x6F,0x61,0x74,0x07,0x45,0x6D,0x61,0x63,0x72,0x6F,
        0x6E,0x07,0x65,0x6D,0x61,0x63,0x72,0x6F,0x6E,0x06,0x45,0x62,0x72,0x65,0x76,0x65,
        0x06,0x65,0x62,0x72,0x65,0x76,0x65,0x0A,0x45,0x64,0x6F,0x74,0x61,0x63,0x63,0x65,
        0x6E,0x74,0x0A,0x65,0x64,0x6F,0x74,0x61,0x63,0x63,0x65,0x6E,0x74,0x07,0x45,0x6F,
        0x67,0x6F,0x6E,0x65,0x6B,0x07,0x65,0x6F,0x67,0x6F,0x6E,0x65,0x6B,0x06,0x45,0x63,
        0x61,0x72,0x6F,0x6E,0x06,0x65,0x63,0x61,0x72,0x6F,0x6E,0x0B,0x47,0x63,0x69,0x72,
        0x63,0x75,0x6D,0x66,0x6C,0x65,0x78,0x0B,0x67,0x63,0x69,0x72,0x63,0x75,0x6D,0x66,
        0x6C,0x65,0x78,0x0A,0x47,0x64,0x6F,0x74,0x61,0x63,0x63,0x65,0x6E,0x74,0x0A,0x67,
        0x64,0x6F,0x74,0x61,0x63,0x63,0x65,0x6E,0x74,0x0C,0x47,0x63,0x6F,0x6D,0x6D,0x61,
        0x61,0x63,0x63,0x65,0x6E,0x74,0x0C,0x67,0x63,0x6F,0x6D,0x6D,0x61,0x61,0x63,0x63,
        0x65,0x6E,0x74,0x0B,0x48,0x63,0x69,0x72,0x63,0x75,0x6D,0x66,0x6C,0x65,0x78,0x0B,
        0x68,0x63,0x69,0x72,0x63,0x75,0x6D,0x66,0x6C,0x65,0x78,0x04,0x48,0x62,0x61,0x72,
        0x04,0x68,0x62,0x61,0x72,0x06,0x49,0x74,0x69,0x6C,0x64,0x65,0x06,0x69,0x74,0x69,
        0x6C,0x64,0x65,0x07,0x49,0x6D,0x61,0x63,0x72,0x6F,0x6E,0x07,0x69,0x6D,0x61,0x63,
        0x72,0x6F,0x6E,0x06,0x49,0x62,0x72,0x65,0x76,0x65,0x06,0x69,0x62,0x72,0x65,0x76,
        0x65,0x07,0x49,0x6F,0x67,0x6F,0x6E,0x65,0x6B,0x07,0x69,0x6F,0x67,0x6F,0x6E,0x65,
        0x6B,0x02,0x49,0x4A,0x02,0x69,0x6A,0x0B,0x4A,0x63,0x69,0x72,0x63,0x75,0x6D,0x66,
        0x6C,0x65,0x78,0x0B,0x6A,0x63,0x69,0x72,0x63,0x75,0x6D,0x66,0x6C,0x65,0x78,0x0C,
        0x4B,0x63,0x6F,0x6D,0x6D,0x61,0x61,0x63,0x63,0x65,0x6E,0x74,0x0C,0x6B,0x63,0x6F,
        0x6D,0x6D,0x61,0x61,0x63,0x63,0x65,0x6E,0x74,0x0C,0x6B,0x67,0x72,0x65,0x65,0x6E,
        0x6C,0x61,0x6E,0x64,0x69,0x63,0x06,0x4C,0x61,0x63,0x75,0x74,0x65,0x06,0x6C,0x61,
        0x63,0x75,0x74,0x65,0x0C,0x4C,0x63,0x6F,0x6D,0x6D,0x61,0x61,0x63,0x63,0x65,0x6E,
        0x74,0x0C,0x6C,0x63,0x6F,0x6D,0x6D,0x61,0x61,0x63,0x63,0x65,0x6E,0x74,0x06,0x4C,
        0x63,0x61,0x72,0x6F,0x6E,0x06,0x6C,0x63,0x61,0x72,0x6F,0x6E,0x04,0x4C,0x64,0x6F,
        0x74,0x04,0x6C,0x64,0x6F,0x74,0x06,0x4E,0x61,0x63,0x75,0x74,0x65,0x06,0x6E,0x61,
        0x63,0x75,0x74,0x65,0x0C,0x4E,0x63,0x6F,0x6D,0x6D,0x61,0x61,0x63,0x63,0x65,0x6E,
        0x74,0x0C,0x6E,0x63,0x6F,0x6D,0x6D,0x61,0x61,0x63,0x63,0x65,0x6E,0x74,0x06,0x4E,
        0x63,0x61,0x72,0x6F,0x6E,0x06,0x6E,0x63,0x61,0x72,0x6F,0x6E,0x0B,0x6E,0x61,0x70,
        0x6F,0x73,0x74,0x72,0x6F,0x70,0x68,0x65,0x03,0x45,0x6E,0x67,0x03,0x65,0x6E,0x67,
        0x07,0x4F,0x6D,0x61,0x63,0x72,0x6F,0x6E,0x07,0x6F,0x6D,0x61,0x63,0x72,0x6F,0x6E,
        0x06,0x4F,0x62,0x72,0x65,0x76,0x65,0x06,0x6F,0x62,0x72,0x65,0x76,0x65,0x0D,0x4F,
        0x68,0x75,0x6E,0x67,0x61,0x72,0x75,0x6D,0x6C,0x61,0x75,0x74,0x0D,0x6F,0x68,0x75,
        0x6E,0x67,0x61,0x72,0x75,0x6D,0x6C,0x61,0x75,0x74,0x06,0x52,0x61,0x63,0x75,0x74,
        0x65,0x06,0x72,0x61,0x63,0x75,0x74,0x65,0x0C,0x52,0x63,0x6F,0x6D,0x6D,0x61,0x61,
        0x63,0x63,0x65,0x6E,0x74,0x0C,0x72,0x63,0x6F,0x6D,0x6D,0x61,0x61,0x63,0x63,0x65,
        0x6E,0x74,0x06,0x52,0x63,0x61,0x72,0x6F,0x6E,0x06,0x72,0x63,0x61,0x72,0x6F,0x6E,
        0x06,0x53,0x61,0x63,0x75,0x74,0x65,0x06,0x73,0x61,0x63,0x75,0x74,0x65,0x0B,0x53,
        0x63,0x69,0x72,0x63,0x75,0x6D,0x66,0x6C,0x65,0x78,0x0B,0x73,0x63,0x69,0x72,0x63,
        0x75,0x6D,0x66,0x6C,0x65,0x78,0x0C,0x54,0x63,0x6F,0x6D,0x6D,0x61,0x61,0x63,0x63,
        0x65,0x6E,0x74,0x0C,0x74,0x63,0x6F,0x6D,0x6D,0x61,0x61,0x63,0x63,0x65,0x6E,0x74,
        0x06,0x54,0x63,0x61,0x72,0x6F,0x6E,0x06,0x74,0x63,0x61,0x72,0x6F,0x6E,0x04,0x54,
        0x62,0x61,0x72,0x04,0x74,0x62,0x61,0x72,0x06,0x55,0x74,0x69,0x6C,0x64,0x65,0x06,
        0x75,0x74,0x69,0x6C,0x64,0x65,0x07,0x55,0x6D,0x61,0x63,0x72,0x6F,0x6E,0x07,0x75,
        0x6D,0x61,0x63,0x72,0x6F,0x6E,0x06,0x55,0x62,0x72,0x65,0x76,0x65,0x06,0x75,0x62,
        0x72,0x65,0x76,0x65,0x05,0x55,0x72,0x69,0x6E,0x67,0x05,0x75,0x72,0x69,0x6E,0x67,
        0x0D,0x55,0x68,0x75,0x6E,0x67,0x61,0x72,0x75,0x6D,0x6C,0x61,0x75,0x74,0x0D,0x75,
        0x68,0x75,0x6E,0x67,0x61,0x72,0x75,0x6D,0x6C,0x61,0x75,0x74,0x07,0x55,0x6F,0x67,
        0x6F,0x6E,0x65,0x6B,0x07,0x75,0x6F,0x67,0x6F,0x6E,0x65,0x6B,0x0B,0x57,0x63,0x69,
        0x72,0x63,0x75,0x6D,0x66,0x6C,0x65,0x78,0x0B,0x77,0x63,0x69,0x72,0x63,0x75,0x6D,
        0x66,0x6C,0x65,0x78,0x0B,0x59,0x63,0x69,0x72,0x63,0x75,0x6D,0x66,0x6C,0x65,0x78,
        0x0B,0x79,0x63,0x69,0x72,0x63,0x75,0x6D,0x66,0x6C,0x65,0x78,0x06,0x5A,0x61,0x63,
        0x75,0x74,0x65,0x06,0x7A,0x61,0x63,0x75,0x74,0x65,0x0A,0x5A,0x64,0x6F,0x74,0x61,
        0x63,0x63,0x65,0x6E,0x74,0x0A,0x7A,0x64,0x6F,0x74,0x61,0x63,0x63,0x65,0x6E,0x74,
        0x05,0x6C,0x6F,0x6E,0x67,0x73,0x0A,0x41,0x72,0x69,0x6E,0x67,0x61,0x63,0x75,0x74,
        0x65,0x0A,0x61,0x72,0x69,0x6E,0x67,0x61,0x63,0x75,0x74,0x65,0x07,0x41,0x45,0x61,
        0x63,0x75,0x74,0x65,0x07,0x61,0x65,0x61,0x63,0x75,0x74,0x65,0x0B,0x4F,0x73,0x6C,
        0x61,0x73,0x68,0x61,0x63,0x75,0x74,0x65,0x0B,0x6F,0x73,0x6C,0x61,0x73,0x68,0x61,
        0x63,0x75,0x74,0x65,0x05,0x74,0x6F,0x6E,0x6F,0x73,0x0D,0x64,0x69,0x65,0x72,0x65,
        0x73,0x69,0x73,0x74,0x6F,0x6E,0x6F,0x73,0x0A,0x41,0x6C,0x70,0x68,0x61,0x74,0x6F,
        0x6E,0x6F,0x73,0x09,0x61,0x6E,0x6F,0x74,0x65,0x6C,0x65,0x69,0x61,0x0C,0x45,0x70,
        0x73,0x69,0x6C,0x6F,0x6E,0x74,0x6F,0x6E,0x6F,0x73,0x08,0x45,0x74,0x61,0x74,0x6F,
        0x6E,0x6F,0x73,0x09,0x49,0x6F,0x74,0x61,0x74,0x6F,0x6E,0x6F,0x73,0x0C,0x4F,0x6D,
        0x69,0x63,0x72,0x6F,0x6E,0x74,0x6F,0x6E,0x6F,0x73,0x0C,0x55,0x70,0x73,0x69,0x6C,
        0x6F,0x6E,0x74,0x6F,0x6E,0x6F,0x73,0x0A,0x4F,0x6D,0x65,0x67,0x61,0x74,0x6F,0x6E,
        0x6F,0x73,0x11,0x69,0x6F,0x74,0x61,0x64,0x69,0x65,0x72,0x65,0x73,0x69,0x73,0x74,
        0x6F,0x6E,0x6F,0x73,0x05,0x41,0x6C,0x70,0x68,0x61,0x04,0x42,0x65,0x74,0x61,0x05,
        0x47,0x61,0x6D,0x6D,0x61,0x07,0x75,0x6E,0x69,0x30,0x33,0x39,0x34,0x07,0x45,0x70,
        0x73,0x69,0x6C,0x6F,0x6E,0x04,0x5A,0x65,0x74,0x61,0x03,0x45,0x74,0x61,0x05,0x54,
        0x68,0x65,0x74,0x61,0x04,0x49,0x6F,0x74,0x61,0x05,0x4B,0x61,0x70,0x70,0x61,0x06,
        0x4C,0x61,0x6D,0x62,0x64,0x61,0x02,0x4D,0x75,0x02,0x4E,0x75,0x02,0x58,0x69,0x07,
        0x4F,0x6D,0x69,0x63,0x72,0x6F,0x6E,0x02,0x50,0x69,0x03,0x52,0x68,0x6F,0x05,0x53,
        0x69,0x67,0x6D,0x61,0x03,0x54,0x61,0x75,0x07,0x55,0x70,0x73,0x69,0x6C,0x6F,0x6E,
        0x03,0x50,0x68,0x69,0x03,0x43,0x68,0x69,0x03,0x50,0x73,0x69,0x07,0x75,0x6E,0x69,
        0x30,0x33,0x41,0x39,0x0C,0x49,0x6F,0x74,0x61,0x64,0x69,0x65,0x72,0x65,0x73,0x69,
        0x73,0x0F,0x55,0x70,0x73,0x69,0x6C,0x6F,0x6E,0x64,0x69,0x65,0x72,0x65,0x73,0x69,
        0x73,0x0A,0x61,0x6C,0x70,0x68,0x61,0x74,0x6F,0x6E,0x6F,0x73,0x0C,0x65,0x70,0x73,
        0x69,0x6C,0x6F,0x6E,0x74,0x6F,0x6E,0x6F,0x73,0x08,0x65,0x74,0x61,0x74,0x6F,0x6E,
        0x6F,0x73,0x09,0x69,0x6F,0x74,0x61,0x74,0x6F,0x6E,0x6F,0x73,0x14,0x75,0x70,0x73,
        0x69,0x6C,0x6F,0x6E,0x64,0x69,0x65,0x72,0x65,0x73,0x69,0x73,0x74,0x6F,0x6E,0x6F,
        0x73,0x05,0x61,0x6C,0x70,0x68,0x61,0x04,0x62,0x65,0x74,0x61,0x05,0x67,0x61,0x6D,
        0x6D,0x61,0x05,0x64,0x65,0x6C,0x74,0x61,0x07,0x65,0x70,0x73,0x69,0x6C,0x6F,0x6E,
        0x04,0x7A,0x65,0x74,0x61,0x03,0x65,0x74,0x61,0x05,0x74,0x68,0x65,0x74,0x61,0x04,
        0x69,0x6F,0x74,0x61,0x05,0x6B,0x61,0x70,0x70,0x61,0x06,0x6C,0x61,0x6D,0x62,0x64,
        0x61,0x07,0x75,0x6E,0x69,0x30,0x33,0x42,0x43,0x02,0x6E,0x75,0x02,0x78,0x69,0x07,
        0x6F,0x6D,0x69,0x63,0x72,0x6F,0x6E,0x03,0x72,0x68,0x6F,0x06,0x73,0x69,0x67,0x6D,
        0x61,0x31,0x05,0x73,0x69,0x67,0x6D,0x61,0x03,0x74,0x61,0x75,0x07,0x75,0x70,0x73,
        0x69,0x6C,0x6F,0x6E,0x03,0x70,0x68,0x69,0x03,0x63,0x68,0x69,0x03,0x70,0x73,0x69,
        0x05,0x6F,0x6D,0x65,0x67,0x61,0x0C,0x69,0x6F,0x74,0x61,0x64,0x69,0x65,0x72,0x65,
        0x73,0x69,0x73,0x0F,0x75,0x70,0x73,0x69,0x6C,0x6F,0x6E,0x64,0x69,0x65,0x72,0x65,
        0x73,0x69,0x73,0x0C,0x6F,0x6D,0x69,0x63,0x72,0x6F,0x6E,0x74,0x6F,0x6E,0x6F,0x73,
        0x0C,0x75,0x70,0x73,0x69,0x6C,0x6F,0x6E,0x74,0x6F,0x6E,0x6F,0x73,0x0A,0x6F,0x6D,
        0x65,0x67,0x61,0x74,0x6F,0x6E,0x6F,0x73,0x09,0x61,0x66,0x69,0x69,0x31,0x30,0x30,
        0x32,0x33,0x09,0x61,0x66,0x69,0x69,0x31,0x30,0x30,0x35,0x31,0x09,0x61,0x66,0x69,
        0x69,0x31,0x30,0x30,0x35,0x32,0x09,0x61,0x66,0x69,0x69,0x31,0x30,0x30,0x35,0x33,
        0x09,0x61,0x66,0x69,0x69,0x31,0x30,0x30,0x35,0x34,0x09,0x61,0x66,0x69,0x69,0x31,
        0x30,0x30,0x35,0x35,0x09,0x61,0x66,0x69,0x69,0x31,0x30,0x30,0x35,0x36,0x09,0x61,
        0x66,0x69,0x69,0x31,0x30,0x30,0x35,0x37,0x09,0x61,0x66,0x69,0x69,0x31,0x30,0x30,
        0x35,0x38,0x09,0x61,0x66,0x69,0x69,0x31,0x30,0x30,0x35,0x39,0x09,0x61,0x66,0x69,
        0x69,0x31,0x30,0x30,0x36,0x30,0x09,0x61,0x66,0x69,0x69,0x31,0x30,0x30,0x36,0x31,
        0x09,0x61,0x66,0x69,0x69,0x31,0x30,0x30,0x36,0x32,0x09,0x61,0x66,0x69,0x69,0x31,
        0x30,0x31,0x34,0x35,0x09,0x61,0x66,0x69,0x69,0x31,0x30,0x30,0x31,0x37,0x09,0x61,
        0x66,0x69,0x69,0x31,0x30,0x30,0x31,0x38,0x09,0x61,0x66,0x69,0x69,0x31,0x30,0x30,
        0x31,0x39,0x09,0x61,0x66,0x69,0x69,0x31,0x30,0x30,0x32,0x30,0x09,0x61,0x66,0x69,
        0x69,0x31,0x30,0x30,0x32,0x31,0x09,0x61,0x66,0x69,0x69,0x31,0x30,0x30,0x32,0x32,
        0x09,0x61,0x66,0x69,0x69,0x31,0x30,0x30,0x32,0x34,0x09,0x61,0x66,0x69,0x69,0x31,
        0x30,0x30,0x32,0x35,0x09,0x61,0x66,0x69,0x69,0x31,0x30,0x30,0x32,0x36,0x09,0x61,
        0x66,0x69,0x69,0x31,0x30,0x30,0x32,0x37,0x09,0x61,0x66,0x69,0x69,0x31,0x30,0x30,
        0x32,0x38,0x09,0x61,0x66,0x69,0x69,0x31,0x30,0x30,0x32,0x39,0x09,0x61,0x66,0x69,
        0x69,0x31,0x30,0x30,0x33,0x30,0x09,0x61,0x66,0x69,0x69,0x31,0x30,0x30,0x33,0x31,
        0x09,0x61,0x66,0x69,0x69,0x31,0x30,0x30,0x33,0x32,0x09,0x61,0x66,0x69,0x69,0x31,
        0x30,0x30,0x33,0x33,0x09,0x61,0x66,0x69,0x69,0x31,0x30,0x30,0x33,0x34,0x09,0x61,
        0x66,0x69,0x69,0x31,0x30,0x30,0x33,0x35,0x09,0x61,0x66,0x69,0x69,0x31,0x30,0x30,
        0x33,0x36,0x09,0x61,0x66,0x69,0x69,0x31,0x30,0x30,0x33,0x37,0x09,0x61,0x66,0x69,
        0x69,0x31,0x30,0x30,0x33,0x38,0x09,0x61,0x66,0x69,0x69,0x31,0x30,0x30,0x33,0x39,
        0x09,0x61,0x66,0x69,0x69,0x31,0x30,0x30,0x34,0x30,0x09,0x61,0x66,0x69,0x69,0x31,
        0x30,0x30,0x34,0x31,0x09,0x61,0x66,0x69,0x69,0x31,0x30,0x30,0x34,0x32,0x09,0x61,
        0x66,0x69,0x69,0x31,0x30,0x30,0x34,0x33,0x09,0x61,0x66,0x69,0x69,0x31,0x30,0x30,
        0x34,0x34,0x09,0x61,0x66,0x69,0x69,0x31,0x30,0x30,0x34,0x35,0x09,0x61,0x66,0x69,
        0x69,0x31,0x30,0x30,0x34,0x36,0x09,0x61,0x66,0x69,0x69,0x31,0x30,0x30,0x34,0x37,
        0x09,0x61,0x66,0x69,0x69,0x31,0x30,0x30,0x34,0x38,0x09,0x61,0x66,0x69,0x69,0x31,
        0x30,0x30,0x34,0x39,0x09,0x61,0x66,0x69,0x69,0x31,0x30,0x30,0x36,0x35,0x09,0x61,
        0x66,0x69,0x69,0x31,0x30,0x30,0x36,0x36,0x09,0x61,0x66,0x69,0x69,0x31,0x30,0x30,
        0x36,0x37,0x09,0x61,0x66,0x69,0x69,0x31,0x30,0x30,0x36,0x38,0x09,0x61,0x66,0x69,
        0x69,0x31,0x30,0x30,0x36,0x39,0x09,0x61,0x66,0x69,0x69,0x31,0x30,0x30,0x37,0x30,
        0x09,0x61,0x66,0x69,0x69,0x31,0x30,0x30,0x37,0x32,0x09,0x61,0x66,0x69,0x69,0x31,
        0x30,0x30,0x37,0x33,0x09,0x61,0x66,0x69,0x69,0x31,0x30,0x30,0x37,0x34,0x09,0x61,
        0x66,0x69,0x69,0x31,0x30,0x30,0x37,0x35,0x09,0x61,0x66,0x69,0x69,0x31,0x30,0x30,
        0x37,0x36,0x09,0x61,0x66,0x69,0x69,0x31,0x30,0x30,0x37,0x37,0x09,0x61,0x66,0x69,
        0x69,0x31,0x30,0x30,0x37,0x38,0x09,0x61,0x66,0x69,0x69,0x31,0x30,0x30,0x37,0x39,
        0x09,0x61,0x66,0x69,0x69,0x31,0x30,0x30,0x38,0x30,0x09,0x61,0x66,0x69,0x69,0x31,
        0x30,0x30,0x38,0x31,0x09,0x61,0x66,0x69,0x69,0x31,0x30,0x30,0x38,0x32,0x09,0x61,
        0x66,0x69,0x69,0x31,0x30,0x30,0x38,0x33,0x09,0x61,0x66,0x69,0x69,0x31,0x30,0x30,
        0x38,0x34,0x09,0x61,0x66,0x69,0x69,0x31,0x30,0x30,0x38,0x35,0x09,0x61,0x66,0x69,
        0x69,0x31,0x30,0x30,0x38,0x36,0x09,0x61,0x66,0x69,0x69,0x31,0x30,0x30,0x38,0x37,
        0x09,0x61,0x66,0x69,0x69,0x31,0x30,0x30,0x38,0x38,0x09,0x61,0x66,0x69,0x69,0x31,
        0x30,0x30,0x38,0x39,0x09,0x61,0x66,0x69,0x69,0x31,0x30,0x30,0x39,0x30,0x09,0x61,
        0x66,0x69,0x69,0x31,0x30,0x30,0x39,0x31,0x09,0x61,0x66,0x69,0x69,0x31,0x30,0x30,
        0x39,0x32,0x09,0x61,0x66,0x69,0x69,0x31,0x30,0x30,0x39,0x33,0x09,0x61,0x66,0x69,
        0x69,0x31,0x30,0x30,0x39,0x34,0x09,0x61,0x66,0x69,0x69,0x31,0x30,0x30,0x39,0x35,
        0x09,0x61,0x66,0x69,0x69,0x31,0x30,0x30,0x39,0x36,0x09,0x61,0x66,0x69,0x69,0x31,
        0x30,0x30,0x39,0x37,0x09,0x61,0x66,0x69,0x69,0x31,0x30,0x30,0x37,0x31,0x09,0x61,
        0x66,0x69,0x69,0x31,0x30,0x30,0x39,0x39,0x09,0x61,0x66,0x69,0x69,0x31,0x30,0x31,
        0x30,0x30,0x09,0x61,0x66,0x69,0x69,0x31,0x30,0x31,0x30,0x31,0x09,0x61,0x66,0x69,
        0x69,0x31,0x30,0x31,0x30,0x32,0x09,0x61,0x66,0x69,0x69,0x31,0x30,0x31,0x30,0x33,
        0x09,0x61,0x66,0x69,0x69,0x31,0x30,0x31,0x30,0x34,0x09,0x61,0x66,0x69,0x69,0x31,
        0x30,0x31,0x30,0x35,0x09,0x61,0x66,0x69,0x69,0x31,0x30,0x31,0x30,0x36,0x09,0x61,
        0x66,0x69,0x69,0x31,0x30,0x31,0x30,0x37,0x09,0x61,0x66,0x69,0x69,0x31,0x30,0x31,
        0x30,0x38,0x09,0x61,0x66,0x69,0x69,0x31,0x30,0x31,0x30,0x39,0x09,0x61,0x66,0x69,
        0x69,0x31,0x30,0x31,0x31,0x30,0x09,0x61,0x66,0x69,0x69,0x31,0x30,0x31,0x39,0x33,
        0x09,0x61,0x66,0x69,0x69,0x31,0x30,0x30,0x35,0x30,0x09,0x61,0x66,0x69,0x69,0x31,
        0x30,0x30,0x39,0x38,0x06,0x57,0x67,0x72,0x61,0x76,0x65,0x06,0x77,0x67,0x72,0x61,
        0x76,0x65,0x06,0x57,0x61,0x63,0x75,0x74,0x65,0x06,0x77,0x61,0x63,0x75,0x74,0x65,
        0x09,0x57,0x64,0x69,0x65,0x72,0x65,0x73,0x69,0x73,0x09,0x77,0x64,0x69,0x65,0x72,
        0x65,0x73,0x69,0x73,0x06,0x59,0x67,0x72,0x61,0x76,0x65,0x06,0x79,0x67,0x72,0x61,
        0x76,0x65,0x09,0x61,0x66,0x69,0x69,0x30,0x30,0x32,0x30,0x38,0x0D,0x75,0x6E,0x64,
        0x65,0x72,0x73,0x63,0x6F,0x72,0x65,0x64,0x62,0x6C,0x0D,0x71,0x75,0x6F,0x74,0x65,
        0x72,0x65,0x76,0x65,0x72,0x73,0x65,0x64,0x06,0x6D,0x69,0x6E,0x75,0x74,0x65,0x06,
        0x73,0x65,0x63,0x6F,0x6E,0x64,0x09,0x65,0x78,0x63,0x6C,0x61,0x6D,0x64,0x62,0x6C,
        0x07,0x75,0x6E,0x69,0x32,0x30,0x33,0x45,0x07,0x75,0x6E,0x69,0x32,0x30,0x37,0x46,
        0x04,0x6C,0x69,0x72,0x61,0x06,0x70,0x65,0x73,0x65,0x74,0x61,0x09,0x61,0x66,0x69,
        0x69,0x36,0x31,0x32,0x34,0x38,0x09,0x61,0x66,0x69,0x69,0x36,0x31,0x32,0x38,0x39,
        0x09,0x61,0x66,0x69,0x69,0x36,0x31,0x33,0x35,0x32,0x09,0x65,0x73,0x74,0x69,0x6D,
        0x61,0x74,0x65,0x64,0x09,0x6F,0x6E,0x65,0x65,0x69,0x67,0x68,0x74,0x68,0x0C,0x74,
        0x68,0x72,0x65,0x65,0x65,0x69,0x67,0x68,0x74,0x68,0x73,0x0B,0x66,0x69,0x76,0x65,
        0x65,0x69,0x67,0x68,0x74,0x68,0x73,0x0C,0x73,0x65,0x76,0x65,0x6E,0x65,0x69,0x67,
        0x68,0x74,0x68,0x73,0x09,0x61,0x72,0x72,0x6F,0x77,0x6C,0x65,0x66,0x74,0x07,0x61,
        0x72,0x72,0x6F,0x77,0x75,0x70,0x0A,0x61,0x72,0x72,0x6F,0x77,0x72,0x69,0x67,0x68,
        0x74,0x09,0x61,0x72,0x72,0x6F,0x77,0x64,0x6F,0x77,0x6E,0x09,0x61,0x72,0x72,0x6F,
        0x77,0x62,0x6F,0x74,0x68,0x09,0x61,0x72,0x72,0x6F,0x77,0x75,0x70,0x64,0x6E,0x0C,
        0x61,0x72,0x72,0x6F,0x77,0x75,0x70,0x64,0x6E,0x62,0x73,0x65,0x0A,0x6F,0x72,0x74,
        0x68,0x6F,0x67,0x6F,0x6E,0x61,0x6C,0x0C,0x69,0x6E,0x74,0x65,0x72,0x73,0x65,0x63,
        0x74,0x69,0x6F,0x6E,0x0B,0x65,0x71,0x75,0x69,0x76,0x61,0x6C,0x65,0x6E,0x63,0x65,
        0x05,0x68,0x6F,0x75,0x73,0x65,0x0D,0x72,0x65,0x76,0x6C,0x6F,0x67,0x69,0x63,0x61,
        0x6C,0x6E,0x6F,0x74,0x0A,0x69,0x6E,0x74,0x65,0x67,0x72,0x61,0x6C,0x74,0x70,0x0A,
        0x69,0x6E,0x74,0x65,0x67,0x72,0x61,0x6C,0x62,0x74,0x08,0x53,0x46,0x31,0x30,0x30,
        0x30,0x30,0x30,0x08,0x53,0x46,0x31,0x31,0x30,0x30,0x30,0x30,0x08,0x53,0x46,0x30,
        0x31,0x30,0x30,0x30,0x30,0x08,0x53,0x46,0x30,0x33,0x30,0x30,0x30,0x30,0x08,0x53,
        0x46,0x30,0x32,0x30,0x30,0x30,0x30,0x08,0x53,0x46,0x30,0x34,0x30,0x30,0x30,0x30,
        0x08,0x53,0x46,0x30,0x38,0x30,0x30,0x30,0x30,0x08,0x53,0x46,0x30,0x39,0x30,0x30,
        0x30,0x30,0x08,0x53,0x46,0x30,0x36,0x30,0x30,0x30,0x30,0x08,0x53,0x46,0x30,0x37,
        0x30,0x30,0x30,0x30,0x08,0x53,0x46,0x30,0x35,0x30,0x30,0x30,0x30,0x08,0x53,0x46,
        0x34,0x33,0x30,0x30,0x30,0x30,0x08,0x53,0x46,0x32,0x34,0x30,0x30,0x30,0x30,0x08,
        0x53,0x46,0x35,0x31,0x30,0x30,0x30,0x30,0x08,0x53,0x46,0x35,0x32,0x30,0x30,0x30,
        0x30,0x08,0x53,0x46,0x33,0x39,0x30,0x30,0x30,0x30,0x08,0x53,0x46,0x32,0x32,0x30,
        0x30,0x30,0x30,0x08,0x53,0x46,0x32,0x31,0x30,0x30,0x30,0x30,0x08,0x53,0x46,0x32,
        0x35,0x30,0x30,0x30,0x30,0x08,0x53,0x46,0x35,0x30,0x30,0x30,0x30,0x30,0x08,0x53,
        0x46,0x34,0x39,0x30,0x30,0x30,0x30,0x08,0x53,0x46,0x33,0x38,0x30,0x30,0x30,0x30,
        0x08,0x53,0x46,0x32,0x38,0x30,0x30,0x30,0x30,0x08,0x53,0x46,0x32,0x37,0x30,0x30,
        0x30,0x30,0x08,0x53,0x46,0x32,0x36,0x30,0x30,0x30,0x30,0x08,0x53,0x46,0x33,0x36,
        0x30,0x30,0x30,0x30,0x08,0x53,0x46,0x33,0x37,0x30,0x30,0x30,0x30,0x08,0x53,0x46,
        0x34,0x32,0x30,0x30,0x30,0x30,0x08,0x53,0x46,0x31,0x39,0x30,0x30,0x30,0x30,0x08,
        0x53,0x46,0x32,0x30,0x30,0x30,0x30,0x30,0x08,0x53,0x46,0x32,0x33,0x30,0x30,0x30,
        0x30,0x08,0x53,0x46,0x34,0x37,0x30,0x30,0x30,0x30,0x08,0x53,0x46,0x34,0x38,0x30,
        0x30,0x30,0x30,0x08,0x53,0x46,0x34,0x31,0x30,0x30,0x30,0x30,0x08,0x53,0x46,0x34,
        0x35,0x30,0x30,0x30,0x30,0x08,0x53,0x46,0x34,0x36,0x30,0x30,0x30,0x30,0x08,0x53,
        0x46,0x34,0x30,0x30,0x30,0x30,0x30,0x08,0x53,0x46,0x35,0x34,0x30,0x30,0x30,0x30,
        0x08,0x53,0x46,0x35,0x33,0x30,0x30,0x30,0x30,0x08,0x53,0x46,0x34,0x34,0x30,0x30,
        0x30,0x30,0x07,0x75,0x70,0x62,0x6C,0x6F,0x63,0x6B,0x07,0x64,0x6E,0x62,0x6C,0x6F,
        0x63,0x6B,0x05,0x62,0x6C,0x6F,0x63,0x6B,0x07,0x6C,0x66,0x62,0x6C,0x6F,0x63,0x6B,
        0x07,0x72,0x74,0x62,0x6C,0x6F,0x63,0x6B,0x07,0x6C,0x74,0x73,0x68,0x61,0x64,0x65,
        0x05,0x73,0x68,0x61,0x64,0x65,0x07,0x64,0x6B,0x73,0x68,0x61,0x64,0x65,0x09,0x66,
        0x69,0x6C,0x6C,0x65,0x64,0x62,0x6F,0x78,0x06,0x48,0x32,0x32,0x30,0x37,0x33,0x06,
        0x48,0x31,0x38,0x35,0x34,0x33,0x06,0x48,0x31,0x38,0x35,0x35,0x31,0x0A,0x66,0x69,
        0x6C,0x6C,0x65,0x64,0x72,0x65,0x63,0x74,0x07,0x74,0x72,0x69,0x61,0x67,0x75,0x70,
        0x07,0x74,0x72,0x69,0x61,0x67,0x72,0x74,0x07,0x74,0x72,0x69,0x61,0x67,0x64,0x6E,
        0x07,0x74,0x72,0x69,0x61,0x67,0x6C,0x66,0x06,0x63,0x69,0x72,0x63,0x6C,0x65,0x06,
        0x48,0x31,0x38,0x35,0x33,0x33,0x09,0x69,0x6E,0x76,0x62,0x75,0x6C,0x6C,0x65,0x74,
        0x09,0x69,0x6E,0x76,0x63,0x69,0x72,0x63,0x6C,0x65,0x0A,0x6F,0x70,0x65,0x6E,0x62,
        0x75,0x6C,0x6C,0x65,0x74,0x09,0x73,0x6D,0x69,0x6C,0x65,0x66,0x61,0x63,0x65,0x0C,
        0x69,0x6E,0x76,0x73,0x6D,0x69,0x6C,0x65,0x66,0x61,0x63,0x65,0x03,0x73,0x75,0x6E,
        0x06,0x66,0x65,0x6D,0x61,0x6C,0x65,0x04,0x6D,0x61,0x6C,0x65,0x05,0x73,0x70,0x61,
        0x64,0x65,0x04,0x63,0x6C,0x75,0x62,0x05,0x68,0x65,0x61,0x72,0x74,0x07,0x64,0x69,
        0x61,0x6D,0x6F,0x6E,0x64,0x0B,0x6D,0x75,0x73,0x69,0x63,0x61,0x6C,0x6E,0x6F,0x74,
        0x65,0x0E,0x6D,0x75,0x73,0x69,0x63,0x61,0x6C,0x6E,0x6F,0x74,0x65,0x64,0x62,0x6C,
        0x07,0x75,0x6E,0x69,0x46,0x30,0x30,0x34,0x07,0x75,0x6E,0x69,0x46,0x30,0x30,0x35,
        0x00,0x00,0x00,0x01,0xFF,0xFF,0x00,0x02
    };
    inline int font_size = 50536;
}
